ts,open,high,low,close,volume
2026-02-19 18:00:00+00:00,0.2696,0.2734,0.2692,0.273,414596.1
2026-02-19 19:00:00+00:00,0.273,0.274,0.2715,0.2728,378603.24
2026-02-19 20:00:00+00:00,0.2728,0.2733,0.2717,0.2728,344134.49
2026-02-19 21:00:00+00:00,0.2728,0.2734,0.2721,0.2722,1207756.55
2026-02-19 22:00:00+00:00,0.2722,0.2728,0.2708,0.2723,331711.72
2026-02-19 23:00:00+00:00,0.2723,0.2731,0.2721,0.273,209835.91
2026-02-20 00:00:00+00:00,0.273,0.2752,0.2724,0.2741,327081.3
2026-02-20 01:00:00+00:00,0.2741,0.2745,0.2735,0.274,167083.1
2026-02-20 02:00:00+00:00,0.274,0.2749,0.2738,0.2738,271279.67
2026-02-20 03:00:00+00:00,0.2738,0.2749,0.2735,0.2739,311663.27
2026-02-20 04:00:00+00:00,0.2739,0.274,0.2711,0.2725,1014343.31
2026-02-20 05:00:00+00:00,0.2725,0.276,0.2719,0.2749,1050951.05
2026-02-20 06:00:00+00:00,0.2749,0.275,0.2737,0.2747,348390.53
2026-02-20 07:00:00+00:00,0.2747,0.2749,0.2734,0.2736,392872.06
2026-02-20 08:00:00+00:00,0.2736,0.275,0.2734,0.2747,410793.41
2026-02-20 09:00:00+00:00,0.2747,0.2777,0.2746,0.2775,560342.74
2026-02-20 10:00:00+00:00,0.2775,0.28,0.2773,0.2786,593092.74
2026-02-20 11:00:00+00:00,0.2786,0.2787,0.2766,0.2768,707727.56
2026-02-20 12:00:00+00:00,0.2768,0.2784,0.2761,0.2769,802001.04
2026-02-20 13:00:00+00:00,0.2769,0.2769,0.2698,0.2718,1392783.36
2026-02-20 14:00:00+00:00,0.2718,0.2789,0.2716,0.2773,1351174.49
2026-02-20 15:00:00+00:00,0.2773,0.2888,0.2773,0.2888,4309881.55
2026-02-20 16:00:00+00:00,0.2888,0.2937,0.2857,0.2882,2931248.68
2026-02-20 17:00:00+00:00,0.2882,0.2882,0.2801,0.2856,1987020.73
2026-02-20 18:00:00+00:00,0.2856,0.2856,0.2812,0.2833,6022141.26
2026-02-20 19:00:00+00:00,0.2833,0.2843,0.2819,0.283,450811.01
2026-02-20 20:00:00+00:00,0.283,0.2848,0.2824,0.2842,597839.24
2026-02-20 21:00:00+00:00,0.2842,0.2848,0.2833,0.2846,480986.72
2026-02-20 22:00:00+00:00,0.2846,0.2856,0.2832,0.2855,528120.31
2026-02-20 23:00:00+00:00,0.2855,0.286,0.2844,0.2849,392414.02
2026-02-21 00:00:00+00:00,0.2849,0.2854,0.2825,0.283,455469.84
2026-02-21 01:00:00+00:00,0.283,0.2838,0.2822,0.2835,284191.92
2026-02-21 02:00:00+00:00,0.2835,0.2847,0.2827,0.284,413647.28
2026-02-21 03:00:00+00:00,0.284,0.284,0.2823,0.2831,440577.2
2026-02-21 04:00:00+00:00,0.2831,0.2835,0.2822,0.2834,404210.72
2026-02-21 05:00:00+00:00,0.2834,0.2844,0.2833,0.2835,356434.62
2026-02-21 06:00:00+00:00,0.2835,0.2835,0.281,0.2817,742042.23
2026-02-21 07:00:00+00:00,0.2817,0.282,0.2809,0.2814,985238.17
2026-02-21 08:00:00+00:00,0.2814,0.284,0.2812,0.2839,626849.64
2026-02-21 09:00:00+00:00,0.2839,0.2865,0.2835,0.2842,345297.04
2026-02-21 10:00:00+00:00,0.2842,0.2851,0.2835,0.2839,434978.0
2026-02-21 11:00:00+00:00,0.2839,0.2849,0.2832,0.2836,332174.83
2026-02-21 12:00:00+00:00,0.2836,0.2836,0.2818,0.2828,124990.41
2026-02-21 13:00:00+00:00,0.2828,0.2834,0.2821,0.2834,164588.47
2026-02-21 14:00:00+00:00,0.2834,0.2852,0.2829,0.2829,618864.73
2026-02-21 15:00:00+00:00,0.2829,0.2836,0.2822,0.2825,445063.38
2026-02-21 16:00:00+00:00,0.2825,0.2829,0.2796,0.2807,621129.26
2026-02-21 17:00:00+00:00,0.2807,0.2812,0.2797,0.281,295514.72
2026-02-21 18:00:00+00:00,0.281,0.2823,0.281,0.2818,486462.93
2026-02-21 19:00:00+00:00,0.2818,0.282,0.2802,0.2803,134637.29
2026-02-21 20:00:00+00:00,0.2803,0.2814,0.2791,0.2794,335668.05
2026-02-21 21:00:00+00:00,0.2794,0.2814,0.279,0.2812,177344.55
2026-02-21 22:00:00+00:00,0.2812,0.2814,0.28,0.2802,421244.25
2026-02-21 23:00:00+00:00,0.2802,0.2807,0.2796,0.2801,126844.53
2026-02-22 00:00:00+00:00,0.2801,0.2802,0.2771,0.2787,889531.42
2026-02-22 01:00:00+00:00,0.2787,0.2795,0.2781,0.2793,348972.27
2026-02-22 02:00:00+00:00,0.2793,0.2799,0.2767,0.277,675678.65
2026-02-22 03:00:00+00:00,0.277,0.2778,0.2755,0.2773,1333629.59
2026-02-22 04:00:00+00:00,0.2773,0.2777,0.2763,0.2764,509494.89
2026-02-22 05:00:00+00:00,0.2764,0.2768,0.2754,0.2758,364137.52
2026-02-22 06:00:00+00:00,0.2758,0.2768,0.275,0.2766,480106.99
2026-02-22 07:00:00+00:00,0.2766,0.2768,0.2759,0.2759,248088.37
2026-02-22 08:00:00+00:00,0.2759,0.2762,0.2751,0.2754,148396.84
2026-02-22 09:00:00+00:00,0.2754,0.2765,0.2752,0.2764,257668.72
2026-02-22 10:00:00+00:00,0.2764,0.2775,0.276,0.2762,652162.82
2026-02-22 11:00:00+00:00,0.2762,0.2766,0.2758,0.2759,208891.74
2026-02-22 12:00:00+00:00,0.2759,0.2761,0.2728,0.2734,345957.35
2026-02-22 13:00:00+00:00,0.2734,0.2738,0.2721,0.2728,418989.53
2026-02-22 14:00:00+00:00,0.2728,0.2732,0.2712,0.272,521130.4
2026-02-22 15:00:00+00:00,0.272,0.2722,0.2703,0.2718,498878.84
2026-02-22 16:00:00+00:00,0.2718,0.2718,0.2698,0.2713,874208.66
2026-02-22 17:00:00+00:00,0.2713,0.2713,0.2697,0.2704,569239.08
2026-02-22 18:00:00+00:00,0.2704,0.2704,0.2689,0.27,668472.93
2026-02-22 19:00:00+00:00,0.27,0.2705,0.2691,0.2699,2032223.19
2026-02-22 20:00:00+00:00,0.2699,0.2701,0.2687,0.2692,1385455.52
2026-02-22 21:00:00+00:00,0.2692,0.2705,0.2691,0.2704,556941.94
2026-02-22 22:00:00+00:00,0.2704,0.2721,0.2703,0.2718,822571.52
2026-02-22 23:00:00+00:00,0.2718,0.272,0.2702,0.2717,488474.88
2026-02-23 00:00:00+00:00,0.2717,0.2718,0.2682,0.2684,748591.9
2026-02-23 01:00:00+00:00,0.2684,0.2684,0.2573,0.2585,9000035.63
2026-02-23 02:00:00+00:00,0.2585,0.2607,0.258,0.2603,1394837.87
2026-02-23 03:00:00+00:00,0.2603,0.262,0.2603,0.2611,784043.43
2026-02-23 04:00:00+00:00,0.2611,0.2612,0.2595,0.2608,789087.5
2026-02-23 05:00:00+00:00,0.2608,0.2629,0.2606,0.2618,740564.8
2026-02-23 06:00:00+00:00,0.2618,0.2665,0.2616,0.266,1052284.48
2026-02-23 07:00:00+00:00,0.266,0.2676,0.2658,0.2667,552939.23
2026-02-23 08:00:00+00:00,0.2667,0.2667,0.2649,0.2651,411850.63
2026-02-23 09:00:00+00:00,0.2651,0.2717,0.2651,0.271,914546.41
2026-02-23 10:00:00+00:00,0.271,0.272,0.27,0.2704,688815.88
2026-02-23 11:00:00+00:00,0.2704,0.272,0.2702,0.2714,656142.74
2026-02-23 12:00:00+00:00,0.2714,0.2754,0.2707,0.2737,1249689.31
2026-02-23 13:00:00+00:00,0.2737,0.2742,0.272,0.2721,650298.42
2026-02-23 14:00:00+00:00,0.2721,0.2728,0.2687,0.2705,935418.96
2026-02-23 15:00:00+00:00,0.2705,0.2711,0.2666,0.267,697281.11
2026-02-23 16:00:00+00:00,0.267,0.2685,0.2656,0.266,618522.33
2026-02-23 17:00:00+00:00,0.266,0.267,0.2603,0.2632,1061224.15
2026-02-23 18:00:00+00:00,0.2632,0.2658,0.2626,0.2634,477766.22
2026-02-23 19:00:00+00:00,0.2634,0.2638,0.2612,0.2619,908863.89
2026-02-23 20:00:00+00:00,0.2619,0.2636,0.2607,0.2631,301988.44
2026-02-23 21:00:00+00:00,0.2631,0.2641,0.2627,0.2635,258951.21
2026-02-23 22:00:00+00:00,0.2635,0.265,0.2633,0.2633,381163.35
2026-02-23 23:00:00+00:00,0.2633,0.2642,0.2621,0.2624,330518.29
2026-02-24 00:00:00+00:00,0.2624,0.2647,0.2624,0.2643,643493.55
2026-02-24 01:00:00+00:00,0.2643,0.2643,0.2578,0.261,1469519.44
2026-02-24 02:00:00+00:00,0.261,0.2624,0.2596,0.2604,653877.72
2026-02-24 03:00:00+00:00,0.2604,0.2604,0.2577,0.2586,1101372.54
2026-02-24 04:00:00+00:00,0.2586,0.259,0.2564,0.258,798887.53
2026-02-24 05:00:00+00:00,0.258,0.2592,0.2558,0.2573,551590.41
2026-02-24 06:00:00+00:00,0.2573,0.2575,0.2561,0.2564,544468.94
2026-02-24 07:00:00+00:00,0.2564,0.2578,0.2557,0.2576,310847.27
2026-02-24 08:00:00+00:00,0.2576,0.2587,0.2568,0.258,493579.72
2026-02-24 09:00:00+00:00,0.258,0.2582,0.2561,0.2571,397948.95
2026-02-24 10:00:00+00:00,0.2571,0.2579,0.2568,0.2575,442022.49
2026-02-24 11:00:00+00:00,0.2575,0.2577,0.2568,0.2574,332887.06
2026-02-24 12:00:00+00:00,0.2574,0.2579,0.2562,0.2566,440795.78
2026-02-24 13:00:00+00:00,0.2566,0.2568,0.2542,0.2563,977080.79
2026-02-24 14:00:00+00:00,0.2563,0.2591,0.2536,0.2578,790569.05
2026-02-24 15:00:00+00:00,0.2578,0.2612,0.2573,0.2596,447905.19
2026-02-24 16:00:00+00:00,0.2596,0.2624,0.2594,0.2618,549060.26
2026-02-24 17:00:00+00:00,0.2618,0.2627,0.2608,0.2614,804420.57
2026-02-24 18:00:00+00:00,0.2614,0.2627,0.2597,0.2613,472241.69
2026-02-24 19:00:00+00:00,0.2613,0.2621,0.2597,0.2605,516354.1
2026-02-24 20:00:00+00:00,0.2605,0.2611,0.2598,0.2607,389002.14
2026-02-24 21:00:00+00:00,0.2607,0.2607,0.259,0.2594,556283.98
2026-02-24 22:00:00+00:00,0.2594,0.2609,0.2591,0.2596,712747.09
2026-02-24 23:00:00+00:00,0.2596,0.2597,0.2577,0.2586,605683.72
2026-02-25 00:00:00+00:00,0.2586,0.2595,0.258,0.259,395151.84
2026-02-25 01:00:00+00:00,0.259,0.2699,0.259,0.2674,2671894.94
2026-02-25 02:00:00+00:00,0.2674,0.2715,0.2672,0.2688,2211622.93
2026-02-25 03:00:00+00:00,0.2688,0.2694,0.2658,0.2661,1058833.84
2026-02-25 04:00:00+00:00,0.2661,0.2668,0.2643,0.2659,839207.06
2026-02-25 05:00:00+00:00,0.2659,0.2662,0.2621,0.2639,729876.41
2026-02-25 06:00:00+00:00,0.2639,0.2655,0.2639,0.2645,256917.53
2026-02-25 07:00:00+00:00,0.2645,0.2664,0.2645,0.2661,965006.51
2026-02-25 08:00:00+00:00,0.2661,0.2689,0.2655,0.2687,506513.06
2026-02-25 09:00:00+00:00,0.2687,0.2704,0.2685,0.2702,716204.78
2026-02-25 10:00:00+00:00,0.2702,0.2712,0.2693,0.2697,488139.77
2026-02-25 11:00:00+00:00,0.2697,0.2713,0.2689,0.271,454505.62
2026-02-25 12:00:00+00:00,0.271,0.2784,0.271,0.2767,2719410.58
2026-02-25 13:00:00+00:00,0.2767,0.2801,0.2767,0.2787,1959345.0
2026-02-25 14:00:00+00:00,0.2787,0.2875,0.2787,0.2874,4359714.28
2026-02-25 15:00:00+00:00,0.2874,0.2925,0.2872,0.2906,10893557.81
2026-02-25 16:00:00+00:00,0.2906,0.2958,0.2906,0.2952,7867976.37
2026-02-25 17:00:00+00:00,0.2952,0.2981,0.2946,0.2964,4359822.74
2026-02-25 18:00:00+00:00,0.2964,0.2997,0.2941,0.299,3143315.37
2026-02-25 19:00:00+00:00,0.299,0.3038,0.2956,0.3027,4667103.61
2026-02-25 20:00:00+00:00,0.3027,0.3128,0.3027,0.3073,14135003.24
2026-02-25 21:00:00+00:00,0.3073,0.3136,0.3063,0.3094,5609640.69
2026-02-25 22:00:00+00:00,0.3094,0.3125,0.2997,0.3007,4261989.99
2026-02-25 23:00:00+00:00,0.3007,0.3036,0.2941,0.2972,3206408.35
2026-02-26 00:00:00+00:00,0.2972,0.301,0.2939,0.2957,2013196.75
2026-02-26 01:00:00+00:00,0.2957,0.2987,0.2952,0.2962,1216859.43
2026-02-26 02:00:00+00:00,0.2962,0.2975,0.2938,0.2967,990231.09
2026-02-26 03:00:00+00:00,0.2967,0.2974,0.2949,0.2953,691105.99
2026-02-26 04:00:00+00:00,0.2953,0.3001,0.2949,0.2974,918888.77
2026-02-26 05:00:00+00:00,0.2974,0.2974,0.293,0.2953,834082.89
2026-02-26 06:00:00+00:00,0.2953,0.2971,0.2936,0.2943,453696.55
2026-02-26 07:00:00+00:00,0.2943,0.2959,0.2929,0.2933,839957.6
2026-02-26 08:00:00+00:00,0.2933,0.2951,0.2917,0.292,1341040.25
2026-02-26 09:00:00+00:00,0.292,0.2958,0.2905,0.2948,1647014.45
2026-02-26 10:00:00+00:00,0.2948,0.295,0.2913,0.2921,989402.91
2026-02-26 11:00:00+00:00,0.2921,0.2926,0.2889,0.2894,1125624.3
2026-02-26 12:00:00+00:00,0.2894,0.293,0.2891,0.2926,840384.28
2026-02-26 13:00:00+00:00,0.2926,0.2938,0.2916,0.2922,679475.59
2026-02-26 14:00:00+00:00,0.2922,0.2949,0.2895,0.2921,1537334.33
2026-02-26 15:00:00+00:00,0.2921,0.2942,0.289,0.2916,2228648.58
2026-02-26 16:00:00+00:00,0.2916,0.2916,0.2835,0.2842,3039098.39
2026-02-26 17:00:00+00:00,0.2842,0.2862,0.283,0.2836,812539.52
2026-02-26 18:00:00+00:00,0.2836,0.2868,0.2822,0.2863,1028507.47
2026-02-26 19:00:00+00:00,0.2863,0.2906,0.2862,0.2884,1877052.16
2026-02-26 20:00:00+00:00,0.2884,0.2896,0.2843,0.2851,823658.55
2026-02-26 21:00:00+00:00,0.2851,0.2861,0.2842,0.2856,217072.99
2026-02-26 22:00:00+00:00,0.2856,0.2874,0.2853,0.2874,271939.14
2026-02-26 23:00:00+00:00,0.2874,0.2876,0.2863,0.287,184214.61
2026-02-27 00:00:00+00:00,0.287,0.2872,0.2849,0.2863,305188.38
2026-02-27 01:00:00+00:00,0.2863,0.2882,0.2853,0.2878,537830.24
2026-02-27 02:00:00+00:00,0.2878,0.2887,0.2869,0.2871,553316.99
2026-02-27 03:00:00+00:00,0.2871,0.2907,0.2867,0.2902,776254.05
2026-02-27 04:00:00+00:00,0.2902,0.2946,0.2901,0.2934,1063189.01
2026-02-27 05:00:00+00:00,0.2934,0.2962,0.2933,0.2949,800434.39
2026-02-27 06:00:00+00:00,0.2949,0.2951,0.2912,0.2924,848282.18
2026-02-27 07:00:00+00:00,0.2924,0.2925,0.2895,0.2904,1013100.91
2026-02-27 08:00:00+00:00,0.2904,0.2923,0.2903,0.2923,478730.11
2026-02-27 09:00:00+00:00,0.2923,0.2938,0.2897,0.2907,585544.01
2026-02-27 10:00:00+00:00,0.2907,0.2912,0.2853,0.2862,1582957.53
2026-02-27 11:00:00+00:00,0.2862,0.2869,0.2814,0.2818,1657082.33
2026-02-27 12:00:00+00:00,0.2818,0.2842,0.2807,0.2835,1022156.3
2026-02-27 13:00:00+00:00,0.2835,0.2848,0.2805,0.2839,1555873.12
2026-02-27 14:00:00+00:00,0.2839,0.2841,0.2813,0.2816,1006090.0
2026-02-27 15:00:00+00:00,0.2816,0.283,0.2795,0.2807,1895696.43
2026-02-27 16:00:00+00:00,0.2807,0.2807,0.277,0.2775,1553644.55
2026-02-27 17:00:00+00:00,0.2775,0.2782,0.2744,0.278,1099038.02
2026-02-27 18:00:00+00:00,0.278,0.2787,0.2768,0.2768,577017.97
2026-02-27 19:00:00+00:00,0.2768,0.2771,0.275,0.2756,608790.25
2026-02-27 20:00:00+00:00,0.2756,0.2783,0.2753,0.2774,554040.44
2026-02-27 21:00:00+00:00,0.2774,0.2785,0.2753,0.2761,355392.42
2026-02-27 22:00:00+00:00,0.2761,0.2767,0.2725,0.2766,1007419.25
2026-02-27 23:00:00+00:00,0.2766,0.2778,0.2765,0.2776,550252.71
2026-02-28 00:00:00+00:00,0.2776,0.2783,0.2769,0.2779,479979.81
2026-02-28 01:00:00+00:00,0.2779,0.2786,0.2771,0.2775,331048.62
2026-02-28 02:00:00+00:00,0.2775,0.2795,0.2769,0.2792,422190.11
2026-02-28 03:00:00+00:00,0.2792,0.2792,0.2765,0.2768,344320.94
2026-02-28 04:00:00+00:00,0.2768,0.2775,0.2755,0.2767,325787.22
2026-02-28 05:00:00+00:00,0.2767,0.2771,0.2748,0.2757,508013.74
2026-02-28 06:00:00+00:00,0.2757,0.2757,0.2626,0.2631,6320318.63
2026-02-28 07:00:00+00:00,0.2631,0.2702,0.2611,0.2651,5450940.04
2026-02-28 08:00:00+00:00,0.2651,0.2651,0.2607,0.261,1237995.57
2026-02-28 09:00:00+00:00,0.261,0.2626,0.2598,0.261,1123235.04
2026-02-28 10:00:00+00:00,0.261,0.2657,0.2594,0.2632,2681594.28
2026-02-28 11:00:00+00:00,0.2632,0.2651,0.2626,0.2627,786774.3
2026-02-28 12:00:00+00:00,0.2627,0.2639,0.2627,0.2634,507274.99
2026-02-28 13:00:00+00:00,0.2634,0.27,0.2627,0.2699,3095192.43
2026-02-28 14:00:00+00:00,0.2699,0.2718,0.2657,0.2664,2095498.53
2026-02-28 15:00:00+00:00,0.2664,0.2686,0.2654,0.2679,1279657.56
2026-02-28 16:00:00+00:00,0.2679,0.2691,0.2671,0.2691,633642.23
2026-02-28 17:00:00+00:00,0.2691,0.2693,0.2663,0.2689,655941.42
2026-02-28 18:00:00+00:00,0.2689,0.2748,0.2682,0.2739,1300690.0
2026-02-28 19:00:00+00:00,0.2739,0.2781,0.2718,0.2755,2113450.2
2026-02-28 20:00:00+00:00,0.2755,0.2811,0.2746,0.2807,1140720.88
2026-02-28 21:00:00+00:00,0.2807,0.281,0.2762,0.2781,959854.02
2026-02-28 22:00:00+00:00,0.2781,0.2845,0.2781,0.2805,1126405.92
2026-02-28 23:00:00+00:00,0.2805,0.2821,0.2805,0.281,401444.33
2026-03-01 00:00:00+00:00,0.281,0.2829,0.2784,0.2796,693656.43
2026-03-01 01:00:00+00:00,0.2796,0.2878,0.2776,0.2862,1838901.43
2026-03-01 02:00:00+00:00,0.2862,0.2922,0.2862,0.29,2723631.1
2026-03-01 03:00:00+00:00,0.29,0.2907,0.2861,0.287,735294.96
2026-03-01 04:00:00+00:00,0.287,0.2879,0.2841,0.2859,791707.23
2026-03-01 05:00:00+00:00,0.2859,0.2868,0.2855,0.2859,449169.85
2026-03-01 06:00:00+00:00,0.2859,0.286,0.2817,0.2826,965545.58
2026-03-01 07:00:00+00:00,0.2826,0.2835,0.2818,0.2827,313139.02
2026-03-01 08:00:00+00:00,0.2827,0.2836,0.2786,0.2789,1505853.69
2026-03-01 09:00:00+00:00,0.2789,0.2811,0.2781,0.2788,551406.63
2026-03-01 10:00:00+00:00,0.2788,0.2799,0.2773,0.2786,549035.12
2026-03-01 11:00:00+00:00,0.2786,0.2791,0.2776,0.278,456277.5
2026-03-01 12:00:00+00:00,0.278,0.2793,0.2761,0.2762,438123.27
2026-03-01 13:00:00+00:00,0.2762,0.2824,0.2749,0.2806,1106237.68
2026-03-01 14:00:00+00:00,0.2806,0.2836,0.2784,0.2792,762051.15
2026-03-01 15:00:00+00:00,0.2792,0.2825,0.2788,0.2802,506376.03
2026-03-01 16:00:00+00:00,0.2802,0.2821,0.2754,0.277,1081126.63
2026-03-01 17:00:00+00:00,0.277,0.2774,0.2737,0.275,781267.73
2026-03-01 18:00:00+00:00,0.275,0.2792,0.2748,0.2761,819883.02
2026-03-01 19:00:00+00:00,0.2761,0.2761,0.2728,0.2737,775302.44
2026-03-01 20:00:00+00:00,0.2737,0.2737,0.2692,0.2699,874376.99
2026-03-01 21:00:00+00:00,0.2699,0.2733,0.2698,0.273,546059.47
2026-03-01 22:00:00+00:00,0.273,0.2769,0.271,0.2718,1748739.39
2026-03-01 23:00:00+00:00,0.2718,0.2756,0.2714,0.2735,1031094.89
2026-03-02 00:00:00+00:00,0.2735,0.2771,0.2721,0.2765,1337634.87
2026-03-02 01:00:00+00:00,0.2765,0.2803,0.2762,0.2767,1037782.18
2026-03-02 02:00:00+00:00,0.2767,0.2777,0.2741,0.2758,717471.94
2026-03-02 03:00:00+00:00,0.2758,0.278,0.2743,0.2771,857710.56
2026-03-02 04:00:00+00:00,0.2771,0.2779,0.2758,0.2762,475901.05
2026-03-02 05:00:00+00:00,0.2762,0.2766,0.2744,0.275,515936.74
2026-03-02 06:00:00+00:00,0.275,0.275,0.2708,0.272,935040.99
2026-03-02 07:00:00+00:00,0.272,0.272,0.2691,0.2708,478113.22
2026-03-02 08:00:00+00:00,0.2708,0.2728,0.2685,0.2723,2422205.45
2026-03-02 09:00:00+00:00,0.2723,0.2746,0.2719,0.2719,802106.41
2026-03-02 10:00:00+00:00,0.2719,0.2725,0.271,0.2718,475697.08
2026-03-02 11:00:00+00:00,0.2718,0.273,0.2706,0.272,503682.96
2026-03-02 12:00:00+00:00,0.272,0.2723,0.2707,0.271,305029.63
2026-03-02 13:00:00+00:00,0.271,0.2724,0.2699,0.2702,419035.77
2026-03-02 14:00:00+00:00,0.2702,0.2784,0.2697,0.277,1796969.47
2026-03-02 15:00:00+00:00,0.277,0.2868,0.2766,0.2843,3251909.18
2026-03-02 16:00:00+00:00,0.2843,0.2886,0.283,0.2846,2046315.45
2026-03-02 17:00:00+00:00,0.2846,0.2849,0.2782,0.282,1748064.71
2026-03-02 18:00:00+00:00,0.282,0.2826,0.2795,0.2806,1317167.49
2026-03-02 19:00:00+00:00,0.2806,0.2812,0.2788,0.2805,1227284.93
2026-03-02 20:00:00+00:00,0.2805,0.2824,0.2786,0.2794,853456.36
2026-03-02 21:00:00+00:00,0.2794,0.28,0.2781,0.2795,470501.85
2026-03-02 22:00:00+00:00,0.2795,0.2815,0.2794,0.2805,469653.48
2026-03-02 23:00:00+00:00,0.2805,0.2806,0.2761,0.2771,813205.26
2026-03-03 00:00:00+00:00,0.2771,0.2772,0.2742,0.2762,827459.78
2026-03-03 01:00:00+00:00,0.2762,0.2766,0.2739,0.2744,413644.13
2026-03-03 02:00:00+00:00,0.2744,0.2747,0.2722,0.2738,759624.09
2026-03-03 03:00:00+00:00,0.2738,0.2744,0.2717,0.2735,538572.15
2026-03-03 04:00:00+00:00,0.2735,0.2738,0.271,0.2716,398235.38
2026-03-03 05:00:00+00:00,0.2716,0.2739,0.2697,0.2708,1503022.24
2026-03-03 06:00:00+00:00,0.2708,0.2711,0.2684,0.2691,5666040.92
2026-03-03 07:00:00+00:00,0.2691,0.2705,0.2678,0.2687,5608279.94
2026-03-03 08:00:00+00:00,0.2687,0.27,0.2658,0.266,1435589.4
2026-03-03 09:00:00+00:00,0.266,0.2671,0.2641,0.2649,1612123.38
2026-03-03 10:00:00+00:00,0.2649,0.2658,0.2636,0.2651,3410527.46
2026-03-03 11:00:00+00:00,0.2651,0.2653,0.2628,0.2647,1336990.74
2026-03-03 12:00:00+00:00,0.2647,0.2673,0.264,0.2652,1714719.21
2026-03-03 13:00:00+00:00,0.2652,0.2654,0.263,0.2638,1182197.32
2026-03-03 14:00:00+00:00,0.2638,0.2666,0.2615,0.2631,1635048.03
2026-03-03 15:00:00+00:00,0.2631,0.2665,0.2616,0.2653,2825188.16
2026-03-03 16:00:00+00:00,0.2653,0.2721,0.2644,0.2683,1889145.73
2026-03-03 17:00:00+00:00,0.2683,0.2686,0.2646,0.2678,1511516.54
2026-03-03 18:00:00+00:00,0.2678,0.2696,0.2656,0.267,1106700.08
2026-03-03 19:00:00+00:00,0.267,0.2672,0.2627,0.2635,2090642.67
2026-03-03 20:00:00+00:00,0.2635,0.2642,0.2606,0.2618,4433570.08
2026-03-03 21:00:00+00:00,0.2618,0.2625,0.2603,0.262,1467870.67
2026-03-03 22:00:00+00:00,0.262,0.2647,0.2619,0.2629,1177957.08
2026-03-03 23:00:00+00:00,0.2629,0.2647,0.2621,0.2626,1158275.79
2026-03-04 00:00:00+00:00,0.2626,0.2638,0.2613,0.2624,958018.69
2026-03-04 01:00:00+00:00,0.2624,0.2663,0.2614,0.264,2072922.5
2026-03-04 02:00:00+00:00,0.264,0.2647,0.2623,0.2642,1020718.62
2026-03-04 03:00:00+00:00,0.2642,0.2649,0.2609,0.2628,1426198.12
2026-03-04 04:00:00+00:00,0.2628,0.2635,0.2587,0.2607,5310667.56
2026-03-04 05:00:00+00:00,0.2607,0.262,0.2584,0.2608,4297627.68
2026-03-04 06:00:00+00:00,0.2608,0.2623,0.2595,0.2613,669779.35
2026-03-04 07:00:00+00:00,0.2613,0.2653,0.2604,0.265,2106717.65
2026-03-04 08:00:00+00:00,0.265,0.2727,0.2637,0.2716,5438624.72
2026-03-04 09:00:00+00:00,0.2716,0.2743,0.2702,0.2725,6550103.25
2026-03-04 10:00:00+00:00,0.2725,0.2741,0.2697,0.27,2597420.26
2026-03-04 11:00:00+00:00,0.27,0.2715,0.2676,0.2689,5816073.52
2026-03-04 12:00:00+00:00,0.2689,0.2693,0.2659,0.2692,1473363.44
2026-03-04 13:00:00+00:00,0.2692,0.2725,0.2691,0.2722,1088328.17
2026-03-04 14:00:00+00:00,0.2722,0.2778,0.2718,0.2729,3664336.14
2026-03-04 15:00:00+00:00,0.2729,0.2814,0.2728,0.2809,3969728.54
2026-03-04 16:00:00+00:00,0.2809,0.2843,0.2771,0.2805,2548685.99
2026-03-04 17:00:00+00:00,0.2805,0.2827,0.2782,0.2807,2388100.24
2026-03-04 18:00:00+00:00,0.2807,0.2818,0.2783,0.2817,4555283.54
2026-03-04 19:00:00+00:00,0.2817,0.2851,0.2806,0.2822,4024985.27
2026-03-04 20:00:00+00:00,0.2822,0.2829,0.2804,0.281,1299786.95
2026-03-04 21:00:00+00:00,0.281,0.2813,0.2785,0.2801,1609368.32
2026-03-04 22:00:00+00:00,0.2801,0.2819,0.2756,0.2761,1806105.58
2026-03-04 23:00:00+00:00,0.2761,0.2767,0.2738,0.2763,1475707.42
2026-03-05 00:00:00+00:00,0.2763,0.2764,0.2727,0.2742,1754591.51
2026-03-05 01:00:00+00:00,0.2742,0.2768,0.273,0.2733,1045032.12
2026-03-05 02:00:00+00:00,0.2733,0.2758,0.2727,0.2739,1565875.78
2026-03-05 03:00:00+00:00,0.2739,0.2747,0.2735,0.2742,700926.22
2026-03-05 04:00:00+00:00,0.2742,0.2761,0.274,0.2754,1233820.1
2026-03-05 05:00:00+00:00,0.2754,0.2764,0.2729,0.2733,692401.76
2026-03-05 06:00:00+00:00,0.2733,0.2744,0.2715,0.2742,1473374.62
2026-03-05 07:00:00+00:00,0.2742,0.2747,0.2708,0.2722,930884.92
2026-03-05 08:00:00+00:00,0.2722,0.2725,0.2703,0.2718,973995.47
2026-03-05 09:00:00+00:00,0.2718,0.274,0.2717,0.2733,927002.68
2026-03-05 10:00:00+00:00,0.2733,0.2777,0.2725,0.2767,1376888.52
2026-03-05 11:00:00+00:00,0.2767,0.2773,0.2729,0.2742,1010914.52
2026-03-05 12:00:00+00:00,0.2742,0.278,0.2733,0.2776,2546437.76
2026-03-05 13:00:00+00:00,0.2776,0.2776,0.2732,0.2748,1557231.73
2026-03-05 14:00:00+00:00,0.2748,0.2769,0.2733,0.2757,1529810.28
2026-03-05 15:00:00+00:00,0.2757,0.2761,0.2697,0.2712,2145744.57
2026-03-05 16:00:00+00:00,0.2712,0.2712,0.2651,0.2689,5267676.09
2026-03-05 17:00:00+00:00,0.2689,0.2705,0.2661,0.2666,1364074.24
2026-03-05 18:00:00+00:00,0.2666,0.2688,0.2661,0.2687,723737.09
2026-03-05 19:00:00+00:00,0.2687,0.272,0.2687,0.2694,743510.31
2026-03-05 20:00:00+00:00,0.2694,0.2721,0.2686,0.2712,913953.9
2026-03-05 21:00:00+00:00,0.2712,0.2719,0.2687,0.2691,609245.31
2026-03-05 22:00:00+00:00,0.2691,0.27,0.2678,0.2691,557208.02
2026-03-05 23:00:00+00:00,0.2691,0.27,0.2688,0.2691,388728.24
2026-03-06 00:00:00+00:00,0.2691,0.2695,0.2682,0.2685,583578.87
2026-03-06 01:00:00+00:00,0.2685,0.271,0.2672,0.2708,1087738.64
2026-03-06 02:00:00+00:00,0.2708,0.2715,0.2699,0.2701,846810.58
2026-03-06 03:00:00+00:00,0.2701,0.2708,0.2692,0.2706,309265.15
2026-03-06 04:00:00+00:00,0.2706,0.2708,0.2674,0.2688,490625.07
2026-03-06 05:00:00+00:00,0.2688,0.2697,0.2673,0.2686,599560.55
2026-03-06 06:00:00+00:00,0.2686,0.2697,0.2681,0.2687,486322.11
2026-03-06 07:00:00+00:00,0.2687,0.2719,0.2684,0.2715,1020681.29
2026-03-06 08:00:00+00:00,0.2715,0.2717,0.2685,0.2689,457639.34
2026-03-06 09:00:00+00:00,0.2689,0.2691,0.2657,0.267,798512.36
2026-03-06 10:00:00+00:00,0.267,0.2689,0.2669,0.2678,563071.96
2026-03-06 11:00:00+00:00,0.2678,0.2681,0.2661,0.2663,521359.79
2026-03-06 12:00:00+00:00,0.2663,0.2671,0.2644,0.2664,937106.71
2026-03-06 13:00:00+00:00,0.2664,0.2691,0.2637,0.2641,3492171.8
2026-03-06 14:00:00+00:00,0.2641,0.2642,0.2575,0.2586,4265537.56
2026-03-06 15:00:00+00:00,0.2586,0.2597,0.2558,0.2568,3421997.73
2026-03-06 16:00:00+00:00,0.2568,0.2593,0.2559,0.2572,2854305.08
2026-03-06 17:00:00+00:00,0.2572,0.2585,0.2554,0.257,2719081.42
2026-03-06 18:00:00+00:00,0.257,0.2592,0.2569,0.2588,1108758.67
2026-03-06 19:00:00+00:00,0.2588,0.2605,0.2586,0.2586,515693.18
2026-03-06 20:00:00+00:00,0.2586,0.2587,0.2573,0.2583,870658.02
2026-03-06 21:00:00+00:00,0.2583,0.2595,0.2581,0.2594,202838.75
2026-03-06 22:00:00+00:00,0.2594,0.2602,0.259,0.2598,206855.03
2026-03-06 23:00:00+00:00,0.2598,0.2598,0.2589,0.259,90431.36
2026-03-07 00:00:00+00:00,0.259,0.2599,0.259,0.2595,127345.46
2026-03-07 01:00:00+00:00,0.2595,0.2602,0.2593,0.2593,116308.55
2026-03-07 02:00:00+00:00,0.2593,0.2597,0.2586,0.2596,422688.64
2026-03-07 03:00:00+00:00,0.2596,0.2611,0.2587,0.2588,396484.61
2026-03-07 04:00:00+00:00,0.2588,0.2589,0.257,0.2587,852414.89
2026-03-07 05:00:00+00:00,0.2587,0.2592,0.2585,0.2591,182869.31
2026-03-07 06:00:00+00:00,0.2591,0.2591,0.2578,0.258,500570.82
2026-03-07 07:00:00+00:00,0.258,0.2585,0.2572,0.2583,565376.17
2026-03-07 08:00:00+00:00,0.2583,0.2591,0.2579,0.2581,301070.39
2026-03-07 09:00:00+00:00,0.2581,0.2586,0.2575,0.2583,420990.34
2026-03-07 10:00:00+00:00,0.2583,0.2586,0.2576,0.2578,299429.96
2026-03-07 11:00:00+00:00,0.2578,0.2594,0.2576,0.2589,316744.05
2026-03-07 12:00:00+00:00,0.2589,0.259,0.2571,0.2574,1491895.71
2026-03-07 13:00:00+00:00,0.2574,0.2585,0.2572,0.258,1223656.88
2026-03-07 14:00:00+00:00,0.258,0.258,0.2516,0.2557,10001698.58
2026-03-07 15:00:00+00:00,0.2557,0.256,0.2541,0.2549,921481.52
2026-03-07 16:00:00+00:00,0.2549,0.2559,0.2547,0.2556,992216.88
2026-03-07 17:00:00+00:00,0.2556,0.2573,0.2556,0.2569,379415.04
2026-03-07 18:00:00+00:00,0.2569,0.2569,0.2542,0.2556,2399489.27
2026-03-07 19:00:00+00:00,0.2556,0.2556,0.2535,0.2543,833884.66
2026-03-07 20:00:00+00:00,0.2543,0.2554,0.2543,0.255,684352.55
2026-03-07 21:00:00+00:00,0.255,0.2557,0.2546,0.2554,792210.15
2026-03-07 22:00:00+00:00,0.2554,0.2554,0.2529,0.2537,1073248.75
2026-03-07 23:00:00+00:00,0.2537,0.2549,0.2537,0.2544,364675.23
2026-03-08 00:00:00+00:00,0.2544,0.2547,0.2534,0.2538,502669.91
2026-03-08 01:00:00+00:00,0.2538,0.2547,0.2533,0.2544,730690.65
2026-03-08 02:00:00+00:00,0.2544,0.2545,0.2509,0.252,1257682.24
2026-03-08 03:00:00+00:00,0.252,0.253,0.2516,0.2521,497934.24
2026-03-08 04:00:00+00:00,0.2521,0.2527,0.2497,0.2505,1572667.92
2026-03-08 05:00:00+00:00,0.2505,0.2529,0.2505,0.2521,664480.76
2026-03-08 06:00:00+00:00,0.2521,0.2522,0.2509,0.2519,342033.76
2026-03-08 07:00:00+00:00,0.2519,0.2535,0.2518,0.2525,455465.53
2026-03-08 08:00:00+00:00,0.2525,0.2528,0.2508,0.2525,1352403.46
2026-03-08 09:00:00+00:00,0.2525,0.2542,0.2522,0.2541,1358193.12
2026-03-08 10:00:00+00:00,0.2541,0.2574,0.2541,0.2562,3397710.52
2026-03-08 11:00:00+00:00,0.2562,0.2563,0.2538,0.2549,559281.21
2026-03-08 12:00:00+00:00,0.2549,0.2552,0.2521,0.2541,866959.84
2026-03-08 13:00:00+00:00,0.2541,0.2544,0.2506,0.252,1304198.36
2026-03-08 14:00:00+00:00,0.252,0.2528,0.2507,0.2514,548134.01
2026-03-08 15:00:00+00:00,0.2514,0.2514,0.2481,0.2498,2495834.95
2026-03-08 16:00:00+00:00,0.2498,0.2499,0.2485,0.2497,941883.19
2026-03-08 17:00:00+00:00,0.2497,0.2514,0.2497,0.2504,451842.97
2026-03-08 18:00:00+00:00,0.2504,0.2505,0.249,0.2504,400917.0
2026-03-08 19:00:00+00:00,0.2504,0.2542,0.2503,0.2532,908661.54
2026-03-08 20:00:00+00:00,0.2532,0.2547,0.252,0.2531,924473.46
2026-03-08 21:00:00+00:00,0.2531,0.2533,0.2508,0.2521,441655.82
2026-03-08 22:00:00+00:00,0.2521,0.2522,0.2459,0.2506,3055498.8
2026-03-08 23:00:00+00:00,0.2506,0.2517,0.2486,0.2493,1138124.4
2026-03-09 00:00:00+00:00,0.2493,0.2536,0.2491,0.2515,762494.17
2026-03-09 01:00:00+00:00,0.2515,0.2525,0.2499,0.2499,886385.09
2026-03-09 02:00:00+00:00,0.2499,0.2525,0.2489,0.2516,1806095.75
2026-03-09 03:00:00+00:00,0.2516,0.2567,0.2513,0.2536,2052073.74
2026-03-09 04:00:00+00:00,0.2536,0.2554,0.2531,0.2532,316387.28
2026-03-09 05:00:00+00:00,0.2532,0.2594,0.2526,0.2577,1772553.96
2026-03-09 06:00:00+00:00,0.2577,0.2579,0.255,0.2553,623313.84
2026-03-09 07:00:00+00:00,0.2553,0.2555,0.2525,0.2551,844023.01
2026-03-09 08:00:00+00:00,0.2551,0.2573,0.2546,0.2562,627955.97
2026-03-09 09:00:00+00:00,0.2562,0.2588,0.2546,0.2563,977877.52
2026-03-09 10:00:00+00:00,0.2563,0.2567,0.2547,0.2553,552504.46
2026-03-09 11:00:00+00:00,0.2553,0.2557,0.2535,0.2549,350559.32
2026-03-09 12:00:00+00:00,0.2549,0.2569,0.2543,0.2558,1210941.56
2026-03-09 13:00:00+00:00,0.2558,0.2599,0.2553,0.2586,1678038.82
2026-03-09 14:00:00+00:00,0.2586,0.2601,0.2567,0.2579,3605004.5
2026-03-09 15:00:00+00:00,0.2579,0.2581,0.2547,0.2559,1547005.92
2026-03-09 16:00:00+00:00,0.2559,0.2577,0.2552,0.2568,1487971.07
2026-03-09 17:00:00+00:00,0.2568,0.2579,0.2556,0.2565,533005.18
2026-03-09 18:00:00+00:00,0.2565,0.2576,0.2551,0.2562,723410.08
2026-03-09 19:00:00+00:00,0.2562,0.2628,0.2554,0.2594,2939167.18
2026-03-09 20:00:00+00:00,0.2594,0.2601,0.2572,0.2585,810252.08
2026-03-09 21:00:00+00:00,0.2585,0.2595,0.2576,0.2587,346298.97
2026-03-09 22:00:00+00:00,0.2587,0.2588,0.2547,0.2551,1330863.23
2026-03-09 23:00:00+00:00,0.2551,0.2561,0.2548,0.2551,465119.96
2026-03-10 00:00:00+00:00,0.2551,0.2588,0.255,0.2577,943292.06
2026-03-10 01:00:00+00:00,0.2577,0.2588,0.2564,0.2582,569471.91
2026-03-10 02:00:00+00:00,0.2582,0.2637,0.2574,0.2621,1541935.62
2026-03-10 03:00:00+00:00,0.2621,0.2628,0.2581,0.2587,1041645.09
2026-03-10 04:00:00+00:00,0.2587,0.2616,0.2587,0.2605,388588.43
2026-03-10 05:00:00+00:00,0.2605,0.2618,0.2596,0.2599,454851.74
2026-03-10 06:00:00+00:00,0.2599,0.26,0.2583,0.2595,1155267.44
2026-03-10 07:00:00+00:00,0.2595,0.2611,0.2588,0.2603,2557185.1
2026-03-10 08:00:00+00:00,0.2603,0.2627,0.2603,0.2616,1805275.36
2026-03-10 09:00:00+00:00,0.2616,0.2676,0.2616,0.2671,2304717.05
2026-03-10 10:00:00+00:00,0.2671,0.2683,0.2654,0.2671,1733247.98
2026-03-10 11:00:00+00:00,0.2671,0.2671,0.2642,0.2642,1423578.44
2026-03-10 12:00:00+00:00,0.2642,0.2647,0.2626,0.2641,805288.26
2026-03-10 13:00:00+00:00,0.2641,0.2669,0.2616,0.2639,1872429.83
2026-03-10 14:00:00+00:00,0.2639,0.2726,0.2611,0.2719,2318032.72
2026-03-10 15:00:00+00:00,0.2719,0.2737,0.2686,0.2713,2359104.6
2026-03-10 16:00:00+00:00,0.2713,0.274,0.2695,0.2723,2237936.69
2026-03-10 17:00:00+00:00,0.2723,0.2728,0.2679,0.269,1809541.0
2026-03-10 18:00:00+00:00,0.269,0.269,0.2632,0.2637,1620413.89
2026-03-10 19:00:00+00:00,0.2637,0.2649,0.2621,0.2624,520432.58
2026-03-10 20:00:00+00:00,0.2624,0.2639,0.2624,0.2634,332691.62
2026-03-10 21:00:00+00:00,0.2634,0.2644,0.2606,0.2614,671119.89
2026-03-10 22:00:00+00:00,0.2614,0.2627,0.2604,0.2612,790890.2
2026-03-10 23:00:00+00:00,0.2612,0.2625,0.2611,0.262,924162.13
2026-03-11 00:00:00+00:00,0.262,0.2625,0.2605,0.2621,643184.35
2026-03-11 01:00:00+00:00,0.2621,0.2621,0.2601,0.2609,458649.49
2026-03-11 02:00:00+00:00,0.2609,0.261,0.2586,0.2602,947439.91
2026-03-11 03:00:00+00:00,0.2602,0.2609,0.2591,0.2598,445903.11
2026-03-11 04:00:00+00:00,0.2598,0.2623,0.2592,0.2621,574199.13
2026-03-11 05:00:00+00:00,0.2621,0.2623,0.2576,0.2584,645000.71
2026-03-11 06:00:00+00:00,0.2584,0.2598,0.2582,0.2587,520859.46
2026-03-11 07:00:00+00:00,0.2587,0.2595,0.2566,0.2574,497698.78
2026-03-11 08:00:00+00:00,0.2574,0.2585,0.2572,0.2583,834636.65
2026-03-11 09:00:00+00:00,0.2583,0.2585,0.257,0.2573,383680.93
2026-03-11 10:00:00+00:00,0.2573,0.2599,0.2572,0.2594,428742.6
2026-03-11 11:00:00+00:00,0.2594,0.2601,0.2585,0.2588,576028.5
2026-03-11 12:00:00+00:00,0.2588,0.2638,0.258,0.2613,1734000.64
2026-03-11 13:00:00+00:00,0.2613,0.2679,0.2612,0.263,2026848.61
2026-03-11 14:00:00+00:00,0.263,0.266,0.263,0.2636,1070942.71
2026-03-11 15:00:00+00:00,0.2636,0.2641,0.2593,0.2625,1088140.61
2026-03-11 16:00:00+00:00,0.2625,0.2643,0.2619,0.2636,1318762.15
2026-03-11 17:00:00+00:00,0.2636,0.2664,0.2625,0.265,1178133.44
2026-03-11 18:00:00+00:00,0.265,0.2668,0.2649,0.2662,574940.88
2026-03-11 19:00:00+00:00,0.2662,0.2668,0.265,0.2652,446066.84
2026-03-11 20:00:00+00:00,0.2652,0.2652,0.2633,0.2642,374995.38
2026-03-11 21:00:00+00:00,0.2642,0.2652,0.2637,0.2649,326109.77
2026-03-11 22:00:00+00:00,0.2649,0.2661,0.2631,0.2639,757605.65
2026-03-11 23:00:00+00:00,0.2639,0.2645,0.2617,0.2624,430755.51
2026-03-12 00:00:00+00:00,0.2624,0.2631,0.2615,0.2624,511356.46
2026-03-12 01:00:00+00:00,0.2624,0.2624,0.2604,0.2608,402358.01
2026-03-12 02:00:00+00:00,0.2608,0.2614,0.2588,0.259,1037984.03
2026-03-12 03:00:00+00:00,0.259,0.2603,0.2586,0.2591,288377.64
2026-03-12 04:00:00+00:00,0.2591,0.2599,0.2586,0.2588,411144.94
2026-03-12 05:00:00+00:00,0.2588,0.2594,0.2579,0.2591,322346.05
2026-03-12 06:00:00+00:00,0.2591,0.2597,0.2586,0.2593,262737.73
2026-03-12 07:00:00+00:00,0.2593,0.2609,0.2588,0.2607,432180.3
2026-03-12 08:00:00+00:00,0.2607,0.2625,0.2602,0.2609,765685.61
2026-03-12 09:00:00+00:00,0.2609,0.2634,0.2601,0.2617,452474.22
2026-03-12 10:00:00+00:00,0.2617,0.2639,0.2614,0.2633,567019.42
2026-03-12 11:00:00+00:00,0.2633,0.2633,0.2616,0.2621,494226.55
2026-03-12 12:00:00+00:00,0.2621,0.2643,0.2612,0.2632,1444427.84
2026-03-12 13:00:00+00:00,0.2632,0.2642,0.2604,0.2616,1254023.64
2026-03-12 14:00:00+00:00,0.2616,0.2637,0.2584,0.2599,1385599.15
2026-03-12 15:00:00+00:00,0.2599,0.2632,0.2591,0.2621,635572.03
2026-03-12 16:00:00+00:00,0.2621,0.2637,0.2602,0.2633,892243.27
2026-03-12 17:00:00+00:00,0.2633,0.2635,0.2618,0.2624,301185.21
2026-03-12 18:00:00+00:00,0.2624,0.2626,0.2609,0.2609,305715.79
2026-03-12 19:00:00+00:00,0.2609,0.2633,0.2603,0.2631,360964.83
2026-03-12 20:00:00+00:00,0.2631,0.2635,0.2616,0.2617,312665.96
2026-03-12 21:00:00+00:00,0.2617,0.2635,0.2617,0.2633,512648.95
2026-03-12 22:00:00+00:00,0.2633,0.2636,0.2625,0.2633,506826.09
2026-03-12 23:00:00+00:00,0.2633,0.2658,0.2624,0.2635,3321860.08
2026-03-13 00:00:00+00:00,0.2635,0.2729,0.2629,0.2693,3650164.49
2026-03-13 01:00:00+00:00,0.2693,0.2723,0.2692,0.272,1388926.53
2026-03-13 02:00:00+00:00,0.272,0.2722,0.2692,0.2699,1091392.7
2026-03-13 03:00:00+00:00,0.2699,0.2722,0.269,0.2716,1194467.06
2026-03-13 04:00:00+00:00,0.2716,0.2736,0.2703,0.2717,962905.42
2026-03-13 05:00:00+00:00,0.2717,0.2758,0.2708,0.274,1740459.44
2026-03-13 06:00:00+00:00,0.274,0.2744,0.2715,0.2722,1374344.55
2026-03-13 07:00:00+00:00,0.2722,0.2734,0.2713,0.2716,620583.21
2026-03-13 08:00:00+00:00,0.2716,0.2755,0.2707,0.2722,1839694.44
2026-03-13 09:00:00+00:00,0.2722,0.2748,0.2714,0.2743,913180.56
2026-03-13 10:00:00+00:00,0.2743,0.2758,0.2742,0.2749,1168868.25
2026-03-13 11:00:00+00:00,0.2749,0.2749,0.2732,0.2744,861684.04
2026-03-13 12:00:00+00:00,0.2744,0.2803,0.2743,0.2784,1977916.17
2026-03-13 13:00:00+00:00,0.2784,0.2815,0.2773,0.279,2987216.13
2026-03-13 14:00:00+00:00,0.279,0.2805,0.2727,0.2733,3674383.35
2026-03-13 15:00:00+00:00,0.2733,0.2751,0.2706,0.2716,1876068.98
2026-03-13 16:00:00+00:00,0.2716,0.273,0.2706,0.272,1847275.93
2026-03-13 17:00:00+00:00,0.272,0.2721,0.2665,0.2674,1526243.48
2026-03-13 18:00:00+00:00,0.2674,0.2681,0.266,0.2666,902459.78
2026-03-13 19:00:00+00:00,0.2666,0.2677,0.2662,0.2672,705942.21
2026-03-13 20:00:00+00:00,0.2672,0.268,0.2664,0.2676,1435321.15
2026-03-13 21:00:00+00:00,0.2676,0.2689,0.2665,0.267,261838.38
2026-03-13 22:00:00+00:00,0.267,0.267,0.2637,0.2651,1107946.67
2026-03-13 23:00:00+00:00,0.2651,0.266,0.2648,0.2656,550583.27
2026-03-14 00:00:00+00:00,0.2656,0.2656,0.2634,0.264,695323.35
2026-03-14 01:00:00+00:00,0.264,0.2653,0.2631,0.2649,546249.83
2026-03-14 02:00:00+00:00,0.2649,0.2665,0.2638,0.2648,2754664.52
2026-03-14 03:00:00+00:00,0.2648,0.2661,0.2646,0.2655,455114.9
2026-03-14 04:00:00+00:00,0.2655,0.2665,0.2648,0.2653,730511.28
2026-03-14 05:00:00+00:00,0.2653,0.2654,0.2631,0.264,640584.35
2026-03-14 06:00:00+00:00,0.264,0.264,0.2617,0.2624,1180607.02
2026-03-14 07:00:00+00:00,0.2624,0.2628,0.2612,0.2617,728025.62
2026-03-14 08:00:00+00:00,0.2617,0.2619,0.2597,0.2612,1671919.13
2026-03-14 09:00:00+00:00,0.2612,0.2617,0.2598,0.2602,951033.1
2026-03-14 10:00:00+00:00,0.2602,0.2602,0.2593,0.2598,1202959.46
2026-03-14 11:00:00+00:00,0.2598,0.2612,0.2596,0.2611,1121419.69
2026-03-14 12:00:00+00:00,0.2611,0.2611,0.2599,0.2609,1027155.41
2026-03-14 13:00:00+00:00,0.2609,0.2619,0.2606,0.2613,675753.7
2026-03-14 14:00:00+00:00,0.2613,0.2616,0.26,0.2603,664802.46
2026-03-14 15:00:00+00:00,0.2603,0.2609,0.26,0.2607,248281.15
2026-03-14 16:00:00+00:00,0.2607,0.2617,0.2605,0.2615,260344.49
2026-03-14 17:00:00+00:00,0.2615,0.2615,0.2598,0.2599,805767.98
2026-03-14 18:00:00+00:00,0.2599,0.2599,0.2585,0.2592,1325393.07
2026-03-14 19:00:00+00:00,0.2592,0.2598,0.2588,0.2592,635605.57
2026-03-14 20:00:00+00:00,0.2592,0.2599,0.259,0.2598,298590.61
2026-03-14 21:00:00+00:00,0.2598,0.2604,0.259,0.2603,479308.61
2026-03-14 22:00:00+00:00,0.2603,0.2608,0.2599,0.2604,426473.67
2026-03-14 23:00:00+00:00,0.2604,0.2638,0.2604,0.2636,1018111.48
2026-03-15 00:00:00+00:00,0.2636,0.2639,0.262,0.2624,656937.81
2026-03-15 01:00:00+00:00,0.2624,0.2625,0.2614,0.2617,313484.91
2026-03-15 02:00:00+00:00,0.2617,0.2661,0.2617,0.2652,1032530.98
2026-03-15 03:00:00+00:00,0.2652,0.2659,0.2638,0.265,643279.85
2026-03-15 04:00:00+00:00,0.265,0.2672,0.2643,0.2655,2525486.89
2026-03-15 05:00:00+00:00,0.2655,0.2672,0.2652,0.2653,704732.15
2026-03-15 06:00:00+00:00,0.2653,0.2658,0.2632,0.264,372914.79
2026-03-15 07:00:00+00:00,0.264,0.2656,0.2638,0.2647,313047.78
2026-03-15 08:00:00+00:00,0.2647,0.2659,0.2647,0.2658,499290.71
2026-03-15 09:00:00+00:00,0.2658,0.2665,0.2648,0.2649,352131.85
2026-03-15 10:00:00+00:00,0.2649,0.2659,0.2647,0.2656,224180.5
2026-03-15 11:00:00+00:00,0.2656,0.266,0.2652,0.2657,270110.06
2026-03-15 12:00:00+00:00,0.2657,0.2661,0.2649,0.2658,189243.01
2026-03-15 13:00:00+00:00,0.2658,0.2665,0.2623,0.2643,1185836.8
2026-03-15 14:00:00+00:00,0.2643,0.2648,0.2627,0.2642,547686.16
2026-03-15 15:00:00+00:00,0.2642,0.2648,0.2634,0.2638,432840.08
2026-03-15 16:00:00+00:00,0.2638,0.2645,0.2627,0.2629,399857.81
2026-03-15 17:00:00+00:00,0.2629,0.2655,0.2626,0.2647,827196.17
2026-03-15 18:00:00+00:00,0.2647,0.265,0.2621,0.2627,299005.82
2026-03-15 19:00:00+00:00,0.2627,0.2641,0.2626,0.2638,232303.47
2026-03-15 20:00:00+00:00,0.2638,0.2654,0.2627,0.2644,389592.54
2026-03-15 21:00:00+00:00,0.2644,0.2674,0.2639,0.2667,553839.92
2026-03-15 22:00:00+00:00,0.2667,0.2717,0.2648,0.2706,2337813.49
2026-03-15 23:00:00+00:00,0.2706,0.2719,0.2679,0.2702,1516366.74
2026-03-16 00:00:00+00:00,0.2702,0.2726,0.2696,0.2707,1110491.42
2026-03-16 01:00:00+00:00,0.2707,0.2723,0.2689,0.2716,729868.7
2026-03-16 02:00:00+00:00,0.2716,0.2722,0.2688,0.2712,1077820.85
2026-03-16 03:00:00+00:00,0.2712,0.2805,0.2704,0.2774,4778227.05
2026-03-16 04:00:00+00:00,0.2774,0.2843,0.2774,0.283,5038638.51
2026-03-16 05:00:00+00:00,0.283,0.2896,0.2821,0.2885,4428813.49
2026-03-16 06:00:00+00:00,0.2885,0.2915,0.2861,0.2899,5677325.39
2026-03-16 07:00:00+00:00,0.2899,0.2924,0.2891,0.2899,5109714.37
2026-03-16 08:00:00+00:00,0.2899,0.2935,0.2845,0.2847,4505715.55
2026-03-16 09:00:00+00:00,0.2847,0.2895,0.2845,0.2883,2367785.68
2026-03-16 10:00:00+00:00,0.2883,0.2888,0.2855,0.2869,1768099.13
2026-03-16 11:00:00+00:00,0.2869,0.2881,0.2843,0.2855,1262492.83
2026-03-16 12:00:00+00:00,0.2855,0.2869,0.2847,0.2849,1837670.18
2026-03-16 13:00:00+00:00,0.2849,0.2894,0.2844,0.2853,2838902.2
2026-03-16 14:00:00+00:00,0.2853,0.2875,0.2824,0.2865,1819464.37
2026-03-16 15:00:00+00:00,0.2865,0.2875,0.2835,0.2835,1076395.56
2026-03-16 16:00:00+00:00,0.2835,0.2875,0.2835,0.2875,809499.53
2026-03-16 17:00:00+00:00,0.2875,0.2876,0.2848,0.2868,861455.55
2026-03-16 18:00:00+00:00,0.2868,0.2888,0.2862,0.2866,1232017.28
2026-03-16 19:00:00+00:00,0.2866,0.2897,0.2862,0.2883,892324.18
2026-03-16 20:00:00+00:00,0.2883,0.289,0.2874,0.2878,764542.05
2026-03-16 21:00:00+00:00,0.2878,0.2905,0.2869,0.2875,2028114.56
2026-03-16 22:00:00+00:00,0.2875,0.2916,0.2875,0.2915,1182336.9
2026-03-16 23:00:00+00:00,0.2915,0.2918,0.2879,0.2904,2366824.66
2026-03-17 00:00:00+00:00,0.2904,0.2928,0.2884,0.2903,2138670.09
2026-03-17 01:00:00+00:00,0.2903,0.2926,0.289,0.291,1540182.1
2026-03-17 02:00:00+00:00,0.291,0.2932,0.2892,0.2916,1284730.99
2026-03-17 03:00:00+00:00,0.2916,0.2916,0.2842,0.2858,2114295.85
2026-03-17 04:00:00+00:00,0.2858,0.2866,0.2822,0.2843,1926384.12
2026-03-17 05:00:00+00:00,0.2843,0.2853,0.282,0.2835,1301366.2
2026-03-17 06:00:00+00:00,0.2835,0.2853,0.2825,0.2841,930916.55
2026-03-17 07:00:00+00:00,0.2841,0.2886,0.284,0.2866,655852.61
2026-03-17 08:00:00+00:00,0.2866,0.288,0.2857,0.2863,857564.44
2026-03-17 09:00:00+00:00,0.2863,0.288,0.2851,0.2866,839761.05
2026-03-17 10:00:00+00:00,0.2866,0.2868,0.2854,0.2866,1315783.3
2026-03-17 11:00:00+00:00,0.2866,0.2885,0.2865,0.2869,1214690.25
2026-03-17 12:00:00+00:00,0.2869,0.2875,0.2836,0.2844,1108689.27
2026-03-17 13:00:00+00:00,0.2844,0.2876,0.284,0.2852,1501445.77
2026-03-17 14:00:00+00:00,0.2852,0.2884,0.2843,0.287,970679.95
2026-03-17 15:00:00+00:00,0.287,0.2895,0.2844,0.2865,1027463.28
2026-03-17 16:00:00+00:00,0.2865,0.2887,0.2858,0.2868,793445.73
2026-03-17 17:00:00+00:00,0.2868,0.2895,0.2866,0.2894,425112.57
2026-03-17 18:00:00+00:00,0.2894,0.2915,0.2894,0.2902,926693.73
2026-03-17 19:00:00+00:00,0.2902,0.2903,0.2881,0.2884,3567907.06
2026-03-17 20:00:00+00:00,0.2884,0.2896,0.2878,0.2893,565183.03
2026-03-17 21:00:00+00:00,0.2893,0.2922,0.2893,0.2906,834796.12
2026-03-17 22:00:00+00:00,0.2906,0.292,0.2896,0.2914,1007535.53
2026-03-17 23:00:00+00:00,0.2914,0.2917,0.2884,0.289,536973.99
2026-03-18 00:00:00+00:00,0.289,0.2897,0.2866,0.2884,727539.31
2026-03-18 01:00:00+00:00,0.2884,0.2899,0.2882,0.2885,358822.3
2026-03-18 02:00:00+00:00,0.2885,0.2918,0.2883,0.2905,711983.2
2026-03-18 03:00:00+00:00,0.2905,0.2938,0.2901,0.2917,1572096.42
2026-03-18 04:00:00+00:00,0.2917,0.292,0.2902,0.2908,333643.79
2026-03-18 05:00:00+00:00,0.2908,0.2954,0.2894,0.2898,1870313.16
2026-03-18 06:00:00+00:00,0.2898,0.2914,0.2884,0.2885,471621.19
2026-03-18 07:00:00+00:00,0.2885,0.2888,0.2874,0.2885,1101621.5
2026-03-18 08:00:00+00:00,0.2885,0.2902,0.2885,0.2891,826683.11
2026-03-18 09:00:00+00:00,0.2891,0.2911,0.2888,0.291,273243.24
2026-03-18 10:00:00+00:00,0.291,0.2914,0.2879,0.2887,590486.19
2026-03-18 11:00:00+00:00,0.2887,0.2887,0.2786,0.2796,4632112.08
2026-03-18 12:00:00+00:00,0.2796,0.2798,0.2751,0.2766,1817789.17
2026-03-18 13:00:00+00:00,0.2766,0.2776,0.2752,0.2764,1216223.28
2026-03-18 14:00:00+00:00,0.2764,0.2765,0.2708,0.2713,2749706.57
2026-03-18 15:00:00+00:00,0.2713,0.2725,0.2697,0.2715,1748020.03
2026-03-18 16:00:00+00:00,0.2715,0.2715,0.2698,0.2709,3508907.67
2026-03-18 17:00:00+00:00,0.2709,0.2737,0.2699,0.2723,857994.27
2026-03-18 18:00:00+00:00,0.2723,0.2751,0.2711,0.2718,2105424.68
2026-03-18 19:00:00+00:00,0.2718,0.2736,0.2717,0.2724,766770.1
2026-03-18 20:00:00+00:00,0.2724,0.2739,0.2703,0.2733,1147578.68
2026-03-18 21:00:00+00:00,0.2733,0.2748,0.2732,0.2743,1099446.74
2026-03-18 22:00:00+00:00,0.2743,0.2743,0.273,0.2738,306551.48
2026-03-18 23:00:00+00:00,0.2738,0.2748,0.2732,0.2742,213287.75
2026-03-19 00:00:00+00:00,0.2742,0.2746,0.2729,0.273,227438.61
2026-03-19 01:00:00+00:00,0.273,0.2739,0.2724,0.2734,458112.84
2026-03-19 02:00:00+00:00,0.2734,0.2734,0.2713,0.2721,441383.69
2026-03-19 03:00:00+00:00,0.2721,0.2766,0.2721,0.2747,1013527.69
2026-03-19 04:00:00+00:00,0.2747,0.2749,0.2724,0.2725,426372.77
2026-03-19 05:00:00+00:00,0.2725,0.2729,0.2711,0.2715,625752.9
2026-03-19 06:00:00+00:00,0.2715,0.2723,0.2703,0.2714,617461.54
2026-03-19 07:00:00+00:00,0.2714,0.2715,0.2663,0.2684,3345832.97
2026-03-19 08:00:00+00:00,0.2684,0.2695,0.2674,0.2683,1048685.53
2026-03-19 09:00:00+00:00,0.2683,0.272,0.2683,0.2717,1816849.61
2026-03-19 10:00:00+00:00,0.2717,0.2719,0.2697,0.2697,364058.21
2026-03-19 11:00:00+00:00,0.2697,0.27,0.2685,0.2687,1421502.26
2026-03-19 12:00:00+00:00,0.2687,0.2687,0.2647,0.265,2921387.06
2026-03-19 13:00:00+00:00,0.265,0.2669,0.2631,0.2664,4028093.49
2026-03-19 14:00:00+00:00,0.2664,0.2677,0.2641,0.2662,1205839.07
2026-03-19 15:00:00+00:00,0.2662,0.2671,0.2633,0.2657,1067629.46
2026-03-19 16:00:00+00:00,0.2657,0.2657,0.2636,0.2644,699547.46
2026-03-19 17:00:00+00:00,0.2644,0.266,0.2626,0.2657,618893.94
2026-03-19 18:00:00+00:00,0.2657,0.2657,0.2645,0.2656,274872.97
2026-03-19 19:00:00+00:00,0.2656,0.2691,0.2655,0.2675,1379645.61
2026-03-19 20:00:00+00:00,0.2675,0.2689,0.267,0.2679,620009.54
2026-03-19 21:00:00+00:00,0.2679,0.2686,0.2671,0.2677,545537.21
2026-03-19 22:00:00+00:00,0.2677,0.2678,0.2657,0.2667,373716.89
2026-03-19 23:00:00+00:00,0.2667,0.268,0.2664,0.2676,335207.41
2026-03-20 00:00:00+00:00,0.2676,0.2697,0.2675,0.2696,491957.0
2026-03-20 01:00:00+00:00,0.2696,0.271,0.2694,0.2698,552025.73
2026-03-20 02:00:00+00:00,0.2698,0.2701,0.2682,0.2694,551021.1
2026-03-20 03:00:00+00:00,0.2694,0.2708,0.2691,0.2699,531948.53
2026-03-20 04:00:00+00:00,0.2699,0.2715,0.2689,0.2711,676387.14
2026-03-20 05:00:00+00:00,0.2711,0.273,0.2707,0.2718,630251.12
2026-03-20 06:00:00+00:00,0.2718,0.272,0.27,0.2704,714187.46
2026-03-20 07:00:00+00:00,0.2704,0.2704,0.2678,0.2701,744385.26
2026-03-20 08:00:00+00:00,0.2701,0.2726,0.2697,0.2706,684346.85
2026-03-20 09:00:00+00:00,0.2706,0.2706,0.2682,0.2686,533479.3
2026-03-20 10:00:00+00:00,0.2686,0.2697,0.2678,0.2691,487465.05
2026-03-20 11:00:00+00:00,0.2691,0.2701,0.2673,0.268,394983.28
2026-03-20 12:00:00+00:00,0.268,0.2691,0.2669,0.2673,394532.85
2026-03-20 13:00:00+00:00,0.2673,0.2686,0.2657,0.266,883430.58
2026-03-20 14:00:00+00:00,0.266,0.2677,0.2648,0.2655,1233877.85
2026-03-20 15:00:00+00:00,0.2655,0.2674,0.2646,0.2667,603641.59
2026-03-20 16:00:00+00:00,0.2667,0.2669,0.2647,0.2659,717496.78
2026-03-20 17:00:00+00:00,0.2659,0.2663,0.2641,0.2658,540215.5
2026-03-20 18:00:00+00:00,0.2658,0.2662,0.2633,0.2638,423959.04
2026-03-20 19:00:00+00:00,0.2638,0.2642,0.2617,0.264,771007.86
2026-03-20 20:00:00+00:00,0.264,0.2643,0.2623,0.2639,383422.02
2026-03-20 21:00:00+00:00,0.2639,0.2667,0.2635,0.266,704543.85
2026-03-20 22:00:00+00:00,0.266,0.2678,0.266,0.267,346260.42
2026-03-20 23:00:00+00:00,0.267,0.267,0.2651,0.2661,519818.17
2026-03-21 00:00:00+00:00,0.2661,0.2669,0.2659,0.2664,240587.19
2026-03-21 01:00:00+00:00,0.2664,0.2674,0.2657,0.2657,139301.93
2026-03-21 02:00:00+00:00,0.2657,0.2673,0.2656,0.2669,337138.73
2026-03-21 03:00:00+00:00,0.2669,0.267,0.2659,0.266,222847.16
2026-03-21 04:00:00+00:00,0.266,0.2665,0.2658,0.2661,251934.05
2026-03-21 05:00:00+00:00,0.2661,0.2669,0.2661,0.2661,199354.85
2026-03-21 06:00:00+00:00,0.2661,0.267,0.2658,0.2666,573451.55
2026-03-21 07:00:00+00:00,0.2666,0.2668,0.2649,0.2649,489209.43
2026-03-21 08:00:00+00:00,0.2649,0.2653,0.2645,0.2652,297329.35
2026-03-21 09:00:00+00:00,0.2652,0.2659,0.2641,0.2646,389753.64
2026-03-21 10:00:00+00:00,0.2646,0.2649,0.264,0.2645,546182.09
2026-03-21 11:00:00+00:00,0.2645,0.2647,0.2641,0.2647,161530.02
2026-03-21 12:00:00+00:00,0.2647,0.2652,0.2646,0.2647,167320.84
2026-03-21 13:00:00+00:00,0.2647,0.265,0.264,0.2643,247618.69
2026-03-21 14:00:00+00:00,0.2643,0.2655,0.2632,0.2634,952732.48
2026-03-21 15:00:00+00:00,0.2634,0.2649,0.263,0.2649,422876.4
2026-03-21 16:00:00+00:00,0.2649,0.2651,0.2636,0.2642,354845.96
2026-03-21 17:00:00+00:00,0.2642,0.2644,0.2636,0.2642,201532.33
2026-03-21 18:00:00+00:00,0.2642,0.2649,0.2641,0.2645,174703.19
2026-03-21 19:00:00+00:00,0.2645,0.265,0.2642,0.2649,73016.12
2026-03-21 20:00:00+00:00,0.2649,0.2664,0.2649,0.2662,318829.44
2026-03-21 21:00:00+00:00,0.2662,0.2664,0.265,0.2656,495283.07
2026-03-21 22:00:00+00:00,0.2656,0.2657,0.2646,0.2648,210915.61
2026-03-21 23:00:00+00:00,0.2648,0.2648,0.2555,0.2575,3915789.43
2026-03-22 00:00:00+00:00,0.2575,0.2585,0.2526,0.2571,5034278.48
2026-03-22 01:00:00+00:00,0.2571,0.2582,0.2555,0.2567,712507.78
2026-03-22 02:00:00+00:00,0.2567,0.2592,0.2567,0.2579,633128.2
2026-03-22 03:00:00+00:00,0.2579,0.2603,0.257,0.2584,771135.07
2026-03-22 04:00:00+00:00,0.2584,0.2592,0.2576,0.2587,629288.61
2026-03-22 05:00:00+00:00,0.2587,0.2587,0.2575,0.2576,481469.0
2026-03-22 06:00:00+00:00,0.2576,0.2578,0.257,0.2577,339352.51
2026-03-22 07:00:00+00:00,0.2577,0.2589,0.2567,0.2568,613987.33
2026-03-22 08:00:00+00:00,0.2568,0.2568,0.2549,0.2567,1058986.37
2026-03-22 09:00:00+00:00,0.2567,0.2574,0.2558,0.2563,535637.9
2026-03-22 10:00:00+00:00,0.2563,0.2563,0.2551,0.2553,530548.83
2026-03-22 11:00:00+00:00,0.2553,0.2559,0.2548,0.255,1108440.8
2026-03-22 12:00:00+00:00,0.255,0.2571,0.255,0.256,951898.22
2026-03-22 13:00:00+00:00,0.256,0.2572,0.2553,0.2562,1119662.87
2026-03-22 14:00:00+00:00,0.2562,0.2567,0.2553,0.2557,533863.3
2026-03-22 15:00:00+00:00,0.2557,0.2565,0.2551,0.2556,339251.94
2026-03-22 16:00:00+00:00,0.2556,0.2559,0.2533,0.2548,2230528.56
2026-03-22 17:00:00+00:00,0.2548,0.255,0.2541,0.2541,884941.64
2026-03-22 18:00:00+00:00,0.2541,0.2547,0.2522,0.2535,803119.88
2026-03-22 19:00:00+00:00,0.2535,0.2535,0.2508,0.2518,787561.76
2026-03-22 20:00:00+00:00,0.2518,0.2526,0.2511,0.2513,722364.43
2026-03-22 21:00:00+00:00,0.2513,0.2517,0.248,0.2504,2068857.29
2026-03-22 22:00:00+00:00,0.2504,0.2523,0.2486,0.2521,888182.51
2026-03-22 23:00:00+00:00,0.2521,0.253,0.2504,0.2507,587108.38
2026-03-23 00:00:00+00:00,0.2507,0.2519,0.2496,0.2515,1012884.47
2026-03-23 01:00:00+00:00,0.2515,0.2528,0.2509,0.2514,390453.18
2026-03-23 02:00:00+00:00,0.2514,0.2542,0.2506,0.2527,1087243.2
2026-03-23 03:00:00+00:00,0.2527,0.2538,0.251,0.2513,559714.37
2026-03-23 04:00:00+00:00,0.2513,0.2526,0.2512,0.2525,450988.86
2026-03-23 05:00:00+00:00,0.2525,0.253,0.2515,0.2526,1102847.5
2026-03-23 06:00:00+00:00,0.2526,0.2526,0.2486,0.2496,1860636.96
2026-03-23 07:00:00+00:00,0.2496,0.2508,0.2478,0.2501,2245890.74
2026-03-23 08:00:00+00:00,0.2501,0.2511,0.2491,0.2493,652227.44
2026-03-23 09:00:00+00:00,0.2493,0.2503,0.2479,0.2502,817018.22
2026-03-23 10:00:00+00:00,0.2502,0.2518,0.2498,0.2505,321870.41
2026-03-23 11:00:00+00:00,0.2505,0.2646,0.2505,0.2586,21244420.6
2026-03-23 12:00:00+00:00,0.2586,0.2616,0.257,0.2605,1559263.98
2026-03-23 13:00:00+00:00,0.2605,0.2641,0.2594,0.2633,1151567.37
2026-03-23 14:00:00+00:00,0.2633,0.2653,0.2627,0.2643,1041176.52
2026-03-23 15:00:00+00:00,0.2643,0.2669,0.2608,0.2609,2496611.77
2026-03-23 16:00:00+00:00,0.2609,0.2621,0.2586,0.2612,914492.38
2026-03-23 17:00:00+00:00,0.2612,0.2638,0.2599,0.262,773204.63
2026-03-23 18:00:00+00:00,0.262,0.2626,0.2606,0.2625,569391.3
2026-03-23 19:00:00+00:00,0.2625,0.2636,0.2607,0.2608,523098.12
2026-03-23 20:00:00+00:00,0.2608,0.2632,0.2603,0.2628,316890.68
2026-03-23 21:00:00+00:00,0.2628,0.2646,0.2628,0.2629,489161.39
2026-03-23 22:00:00+00:00,0.2629,0.2631,0.2611,0.2617,311844.26
2026-03-23 23:00:00+00:00,0.2617,0.262,0.2603,0.2617,306536.49
2026-03-24 00:00:00+00:00,0.2617,0.2625,0.2591,0.2603,842431.5
2026-03-24 01:00:00+00:00,0.2603,0.2603,0.2582,0.2594,804540.08
2026-03-24 02:00:00+00:00,0.2594,0.2608,0.2586,0.2588,564005.68
2026-03-24 03:00:00+00:00,0.2588,0.2618,0.2587,0.2616,336888.14
2026-03-24 04:00:00+00:00,0.2616,0.2627,0.2598,0.2609,482282.67
2026-03-24 05:00:00+00:00,0.2609,0.2614,0.2597,0.2608,327205.66
2026-03-24 06:00:00+00:00,0.2608,0.2614,0.2601,0.2612,289682.96
2026-03-24 07:00:00+00:00,0.2612,0.2659,0.2611,0.2658,2246246.93
2026-03-24 08:00:00+00:00,0.2658,0.2685,0.2657,0.2668,2012063.65
2026-03-24 09:00:00+00:00,0.2668,0.2669,0.2644,0.2654,1223203.77
2026-03-24 10:00:00+00:00,0.2654,0.2654,0.2631,0.2637,514429.54
2026-03-24 11:00:00+00:00,0.2637,0.2643,0.2621,0.2636,647523.86
2026-03-24 12:00:00+00:00,0.2636,0.2638,0.2628,0.263,252756.62
2026-03-24 13:00:00+00:00,0.263,0.2638,0.2605,0.2613,1144517.94
2026-03-24 14:00:00+00:00,0.2613,0.2625,0.259,0.2612,1413251.07
2026-03-24 15:00:00+00:00,0.2612,0.2629,0.261,0.2611,643427.44
2026-03-24 16:00:00+00:00,0.2611,0.2611,0.2592,0.2599,581893.8
2026-03-24 17:00:00+00:00,0.2599,0.26,0.2582,0.2592,1136122.02
2026-03-24 18:00:00+00:00,0.2592,0.2619,0.259,0.2603,520438.7
2026-03-24 19:00:00+00:00,0.2603,0.2615,0.2597,0.2601,450497.63
2026-03-24 20:00:00+00:00,0.2601,0.2656,0.26,0.2647,2059072.83
2026-03-24 21:00:00+00:00,0.2647,0.2658,0.2636,0.2655,899429.09
2026-03-24 22:00:00+00:00,0.2655,0.2671,0.2649,0.2653,1000667.89
2026-03-24 23:00:00+00:00,0.2653,0.2668,0.2652,0.2664,532690.33
2026-03-25 00:00:00+00:00,0.2664,0.2688,0.266,0.2676,1230107.63
2026-03-25 01:00:00+00:00,0.2676,0.2692,0.267,0.268,1196273.11
2026-03-25 02:00:00+00:00,0.268,0.2685,0.2664,0.2666,728671.99
2026-03-25 03:00:00+00:00,0.2666,0.2682,0.2657,0.2678,709854.6
2026-03-25 04:00:00+00:00,0.2678,0.2687,0.267,0.2682,313365.32
2026-03-25 05:00:00+00:00,0.2682,0.2696,0.2678,0.2681,1127538.64
2026-03-25 06:00:00+00:00,0.2681,0.2704,0.2681,0.2694,669628.99
2026-03-25 07:00:00+00:00,0.2694,0.2717,0.2689,0.2694,787019.31
2026-03-25 08:00:00+00:00,0.2694,0.2724,0.2694,0.2717,1179156.3
2026-03-25 09:00:00+00:00,0.2717,0.2723,0.2709,0.272,1376332.98
2026-03-25 10:00:00+00:00,0.272,0.2734,0.272,0.2723,736410.59
2026-03-25 11:00:00+00:00,0.2723,0.2747,0.2713,0.273,1737119.08
2026-03-25 12:00:00+00:00,0.273,0.276,0.2718,0.2746,2067199.97
2026-03-25 13:00:00+00:00,0.2746,0.2768,0.2724,0.2733,1371333.66
2026-03-25 14:00:00+00:00,0.2733,0.2737,0.2714,0.2716,1664296.38
2026-03-25 15:00:00+00:00,0.2716,0.2723,0.2687,0.2702,1839280.65
2026-03-25 16:00:00+00:00,0.2702,0.2727,0.2696,0.2714,1705547.36
2026-03-25 17:00:00+00:00,0.2714,0.2723,0.2703,0.2705,890797.49
2026-03-25 18:00:00+00:00,0.2705,0.2712,0.2695,0.2701,2608217.16
2026-03-25 19:00:00+00:00,0.2701,0.2713,0.2696,0.2705,425446.68
2026-03-25 20:00:00+00:00,0.2705,0.2706,0.2682,0.2696,1183045.17
2026-03-25 21:00:00+00:00,0.2696,0.27,0.2688,0.2694,524574.31
2026-03-25 22:00:00+00:00,0.2694,0.2713,0.2687,0.2706,752457.42
2026-03-25 23:00:00+00:00,0.2706,0.2707,0.2696,0.2704,577490.49
2026-03-26 00:00:00+00:00,0.2704,0.2708,0.2691,0.2695,516272.94
2026-03-26 01:00:00+00:00,0.2695,0.2704,0.2687,0.269,724727.62
2026-03-26 02:00:00+00:00,0.269,0.269,0.2666,0.2677,842967.04
2026-03-26 03:00:00+00:00,0.2677,0.2677,0.2658,0.2664,1180022.53
2026-03-26 04:00:00+00:00,0.2664,0.2666,0.2654,0.2657,438053.65
2026-03-26 05:00:00+00:00,0.2657,0.2658,0.2622,0.2624,1351860.65
2026-03-26 06:00:00+00:00,0.2624,0.2627,0.2612,0.2618,409108.45
2026-03-26 07:00:00+00:00,0.2618,0.2625,0.261,0.2621,451947.43
2026-03-26 08:00:00+00:00,0.2621,0.2621,0.2598,0.2602,828595.02
2026-03-26 09:00:00+00:00,0.2602,0.2608,0.2569,0.2576,847645.12
2026-03-26 10:00:00+00:00,0.2576,0.2586,0.2568,0.2584,760413.66
2026-03-26 11:00:00+00:00,0.2584,0.259,0.2573,0.2573,865036.47
2026-03-26 12:00:00+00:00,0.2573,0.2582,0.2567,0.258,527553.19
2026-03-26 13:00:00+00:00,0.258,0.2599,0.2572,0.2588,1420537.7
2026-03-26 14:00:00+00:00,0.2588,0.2593,0.2568,0.2572,1101181.76
2026-03-26 15:00:00+00:00,0.2572,0.2573,0.2545,0.2561,1737724.33
2026-03-26 16:00:00+00:00,0.2561,0.2567,0.2555,0.2557,463008.23
2026-03-26 17:00:00+00:00,0.2557,0.2564,0.2539,0.2544,638351.84
2026-03-26 18:00:00+00:00,0.2544,0.2549,0.2532,0.2539,779911.77
2026-03-26 19:00:00+00:00,0.2539,0.254,0.2532,0.2536,468099.19
2026-03-26 20:00:00+00:00,0.2536,0.2572,0.2527,0.2548,2880229.91
2026-03-26 21:00:00+00:00,0.2548,0.2575,0.2546,0.2559,1199834.16
2026-03-26 22:00:00+00:00,0.2559,0.256,0.2541,0.2553,1108123.11
2026-03-26 23:00:00+00:00,0.2553,0.2556,0.2539,0.2548,668050.01
2026-03-27 00:00:00+00:00,0.2548,0.2552,0.2536,0.2545,788814.58
2026-03-27 01:00:00+00:00,0.2545,0.2561,0.2542,0.2558,502947.44
2026-03-27 02:00:00+00:00,0.2558,0.2563,0.2551,0.2552,553265.73
2026-03-27 03:00:00+00:00,0.2552,0.2554,0.2541,0.2545,531945.96
2026-03-27 04:00:00+00:00,0.2545,0.2546,0.2527,0.2542,751166.7
2026-03-27 05:00:00+00:00,0.2542,0.2558,0.2534,0.2536,890434.66
2026-03-27 06:00:00+00:00,0.2536,0.2543,0.2533,0.2538,950327.27
2026-03-27 07:00:00+00:00,0.2538,0.2553,0.2537,0.2548,974407.01
2026-03-27 08:00:00+00:00,0.2548,0.2553,0.2503,0.2522,2489533.83
2026-03-27 09:00:00+00:00,0.2522,0.2522,0.25,0.251,660588.56
2026-03-27 10:00:00+00:00,0.251,0.2515,0.2454,0.2461,4314926.23
2026-03-27 11:00:00+00:00,0.2461,0.248,0.2442,0.2474,2205499.89
2026-03-27 12:00:00+00:00,0.2474,0.2474,0.246,0.247,718743.02
2026-03-27 13:00:00+00:00,0.247,0.2487,0.2461,0.2474,1123611.84
2026-03-27 14:00:00+00:00,0.2474,0.2486,0.2461,0.2478,879346.24
2026-03-27 15:00:00+00:00,0.2478,0.2499,0.2468,0.2477,1588951.64
2026-03-27 16:00:00+00:00,0.2477,0.2481,0.2465,0.2473,443268.81
2026-03-27 17:00:00+00:00,0.2473,0.2487,0.2465,0.2466,493570.95
2026-03-27 18:00:00+00:00,0.2466,0.2469,0.2453,0.2463,418024.79
2026-03-27 19:00:00+00:00,0.2463,0.2473,0.2454,0.2465,647639.4
2026-03-27 20:00:00+00:00,0.2465,0.2472,0.2449,0.2462,765768.63
2026-03-27 21:00:00+00:00,0.2462,0.2467,0.2459,0.2461,347866.39
2026-03-27 22:00:00+00:00,0.2461,0.2461,0.2451,0.2459,323328.97
2026-03-27 23:00:00+00:00,0.2459,0.2465,0.2453,0.2461,333205.88
2026-03-28 00:00:00+00:00,0.2461,0.2471,0.246,0.2466,404498.05
2026-03-28 01:00:00+00:00,0.2466,0.2466,0.2446,0.2461,640296.3
2026-03-28 02:00:00+00:00,0.2461,0.2473,0.2449,0.2451,791413.52
2026-03-28 03:00:00+00:00,0.2451,0.2456,0.2447,0.2448,387905.41
2026-03-28 04:00:00+00:00,0.2448,0.2454,0.2441,0.2451,421348.54
2026-03-28 05:00:00+00:00,0.2451,0.246,0.2447,0.246,943815.97
2026-03-28 06:00:00+00:00,0.246,0.2474,0.2457,0.2466,1025287.19
2026-03-28 07:00:00+00:00,0.2466,0.2486,0.2463,0.2485,626686.03
2026-03-28 08:00:00+00:00,0.2485,0.249,0.248,0.2481,726676.51
2026-03-28 09:00:00+00:00,0.2481,0.2484,0.2474,0.2475,344394.98
2026-03-28 10:00:00+00:00,0.2475,0.2494,0.2475,0.2485,348517.16
2026-03-28 11:00:00+00:00,0.2485,0.2491,0.2482,0.2486,461317.48
2026-03-28 12:00:00+00:00,0.2486,0.249,0.2468,0.2477,533815.23
2026-03-28 13:00:00+00:00,0.2477,0.2524,0.2475,0.2503,1425022.4
2026-03-28 14:00:00+00:00,0.2503,0.2512,0.2488,0.2501,695630.5
2026-03-28 15:00:00+00:00,0.2501,0.2529,0.2498,0.2514,907181.1
2026-03-28 16:00:00+00:00,0.2514,0.2519,0.2505,0.2509,447032.4
2026-03-28 17:00:00+00:00,0.2509,0.2515,0.2497,0.2503,240860.47
2026-03-28 18:00:00+00:00,0.2503,0.251,0.2501,0.2504,122946.16
2026-03-28 19:00:00+00:00,0.2504,0.2507,0.2494,0.2499,291944.19
2026-03-28 20:00:00+00:00,0.2499,0.2508,0.2499,0.2501,394910.51
2026-03-28 21:00:00+00:00,0.2501,0.2502,0.2484,0.2486,508878.9
2026-03-28 22:00:00+00:00,0.2486,0.2489,0.2482,0.2487,373897.0
2026-03-28 23:00:00+00:00,0.2487,0.2487,0.245,0.246,940165.61
2026-03-29 00:00:00+00:00,0.246,0.2462,0.2451,0.246,299644.15
2026-03-29 01:00:00+00:00,0.246,0.247,0.2456,0.2462,571420.08
2026-03-29 02:00:00+00:00,0.2462,0.2465,0.2458,0.2462,261469.27
2026-03-29 03:00:00+00:00,0.2462,0.2473,0.2459,0.2467,288006.44
2026-03-29 04:00:00+00:00,0.2467,0.2467,0.2449,0.2455,638367.09
2026-03-29 05:00:00+00:00,0.2455,0.2457,0.2428,0.2456,2016190.82
2026-03-29 06:00:00+00:00,0.2456,0.2463,0.2449,0.246,798005.01
2026-03-29 07:00:00+00:00,0.246,0.246,0.2448,0.2452,348042.46
2026-03-29 08:00:00+00:00,0.2452,0.2454,0.2446,0.2451,274918.76
2026-03-29 09:00:00+00:00,0.2451,0.2451,0.2436,0.2444,750321.85
2026-03-29 10:00:00+00:00,0.2444,0.2444,0.2417,0.2428,1394154.76
2026-03-29 11:00:00+00:00,0.2428,0.2445,0.2428,0.2438,413185.27
2026-03-29 12:00:00+00:00,0.2438,0.2438,0.2422,0.2429,812952.02
2026-03-29 13:00:00+00:00,0.2429,0.243,0.2404,0.2409,1382873.91
2026-03-29 14:00:00+00:00,0.2409,0.2427,0.2406,0.2419,700341.95
2026-03-29 15:00:00+00:00,0.2419,0.2425,0.2407,0.2414,576807.33
2026-03-29 16:00:00+00:00,0.2414,0.2423,0.2409,0.2411,237860.34
2026-03-29 17:00:00+00:00,0.2411,0.2415,0.2401,0.2415,409125.61
2026-03-29 18:00:00+00:00,0.2415,0.242,0.2407,0.2415,486594.45
2026-03-29 19:00:00+00:00,0.2415,0.2415,0.2397,0.2401,998716.85
2026-03-29 20:00:00+00:00,0.2401,0.242,0.2401,0.2406,936331.31
2026-03-29 21:00:00+00:00,0.2406,0.2419,0.2406,0.2417,227750.31
2026-03-29 22:00:00+00:00,0.2417,0.2417,0.2328,0.2383,3185851.55
2026-03-29 23:00:00+00:00,0.2383,0.2405,0.2382,0.2398,1059973.82
2026-03-30 00:00:00+00:00,0.2398,0.2447,0.2395,0.242,1299754.86
2026-03-30 01:00:00+00:00,0.242,0.2444,0.242,0.244,490822.64
2026-03-30 02:00:00+00:00,0.244,0.2477,0.244,0.2458,1237579.37
2026-03-30 03:00:00+00:00,0.2458,0.2465,0.2445,0.2461,1102818.49
2026-03-30 04:00:00+00:00,0.2461,0.2483,0.2461,0.2461,870685.54
2026-03-30 05:00:00+00:00,0.2461,0.2474,0.246,0.2467,867263.66
2026-03-30 06:00:00+00:00,0.2467,0.2476,0.2458,0.2468,587403.11
2026-03-30 07:00:00+00:00,0.2468,0.2494,0.2464,0.2486,1983892.3
2026-03-30 08:00:00+00:00,0.2486,0.2517,0.2485,0.2506,4176273.18
2026-03-30 09:00:00+00:00,0.2506,0.2507,0.2481,0.2483,1711532.51
2026-03-30 10:00:00+00:00,0.2483,0.249,0.2476,0.249,469084.91
2026-03-30 11:00:00+00:00,0.249,0.2528,0.2489,0.2506,2911588.61
2026-03-30 12:00:00+00:00,0.2506,0.2513,0.2499,0.2506,603938.4
2026-03-30 13:00:00+00:00,0.2506,0.2516,0.2491,0.2495,1168306.66
2026-03-30 14:00:00+00:00,0.2495,0.2499,0.2472,0.2491,1217994.54
2026-03-30 15:00:00+00:00,0.2491,0.2498,0.2473,0.2483,596892.3
2026-03-30 16:00:00+00:00,0.2483,0.2488,0.2474,0.2484,364361.73
2026-03-30 17:00:00+00:00,0.2484,0.2488,0.2454,0.2464,698450.97
2026-03-30 18:00:00+00:00,0.2464,0.2468,0.2437,0.2444,650883.96
2026-03-30 19:00:00+00:00,0.2444,0.2445,0.2425,0.2437,807179.65
2026-03-30 20:00:00+00:00,0.2437,0.2445,0.243,0.2441,1695150.62
2026-03-30 21:00:00+00:00,0.2441,0.2461,0.2435,0.2447,620150.38
2026-03-30 22:00:00+00:00,0.2447,0.2454,0.244,0.2445,371399.32
2026-03-30 23:00:00+00:00,0.2445,0.2445,0.2426,0.2434,494951.8
2026-03-31 00:00:00+00:00,0.2434,0.2458,0.2434,0.2449,479273.5
2026-03-31 01:00:00+00:00,0.2449,0.2494,0.2442,0.248,1302779.12
2026-03-31 02:00:00+00:00,0.248,0.2491,0.2473,0.2482,1024726.81
2026-03-31 03:00:00+00:00,0.2482,0.2482,0.2457,0.2462,679916.35
2026-03-31 04:00:00+00:00,0.2462,0.2465,0.2445,0.2447,862650.6
2026-03-31 05:00:00+00:00,0.2447,0.2449,0.2438,0.2443,437453.31
2026-03-31 06:00:00+00:00,0.2443,0.2462,0.2434,0.2457,454409.13
2026-03-31 07:00:00+00:00,0.2457,0.2458,0.2432,0.2436,656358.69
2026-03-31 08:00:00+00:00,0.2436,0.2441,0.2417,0.2421,989947.22
2026-03-31 09:00:00+00:00,0.2421,0.2425,0.2397,0.2404,1567029.85
2026-03-31 10:00:00+00:00,0.2404,0.2414,0.24,0.2409,1135048.21
2026-03-31 11:00:00+00:00,0.2409,0.2421,0.2403,0.2412,1909322.61
2026-03-31 12:00:00+00:00,0.2412,0.2416,0.2403,0.2408,697589.9
2026-03-31 13:00:00+00:00,0.2408,0.244,0.2407,0.2433,946730.54
2026-03-31 14:00:00+00:00,0.2433,0.2454,0.239,0.2399,1396071.3
2026-03-31 15:00:00+00:00,0.2399,0.2414,0.2377,0.238,1221759.25
2026-03-31 16:00:00+00:00,0.238,0.2401,0.2345,0.2397,3266802.55
2026-03-31 17:00:00+00:00,0.2397,0.2422,0.2383,0.2392,1730934.13
2026-03-31 18:00:00+00:00,0.2392,0.2416,0.2392,0.2416,1244803.63
2026-03-31 19:00:00+00:00,0.2416,0.2422,0.24,0.2409,752458.7
2026-03-31 20:00:00+00:00,0.2409,0.2423,0.2404,0.2423,2564893.03
2026-03-31 21:00:00+00:00,0.2423,0.2426,0.2408,0.2413,2813412.78
2026-03-31 22:00:00+00:00,0.2413,0.2413,0.2384,0.2402,2925471.07
2026-03-31 23:00:00+00:00,0.2402,0.2423,0.2399,0.2418,1219737.35
2026-04-01 00:00:00+00:00,0.2418,0.2449,0.2413,0.2446,1571257.01
2026-04-01 01:00:00+00:00,0.2446,0.2452,0.2426,0.2426,550736.82
2026-04-01 02:00:00+00:00,0.2426,0.2432,0.2417,0.2421,543046.42
2026-04-01 03:00:00+00:00,0.2421,0.2464,0.2421,0.2456,1617770.34
2026-04-01 04:00:00+00:00,0.2456,0.2461,0.244,0.2445,781766.06
2026-04-01 05:00:00+00:00,0.2445,0.2499,0.2442,0.249,2300207.92
2026-04-01 06:00:00+00:00,0.249,0.2547,0.249,0.252,4184954.57
2026-04-01 07:00:00+00:00,0.252,0.2529,0.2498,0.2499,1293379.45
2026-04-01 08:00:00+00:00,0.2499,0.25,0.2468,0.2468,939657.14
2026-04-01 09:00:00+00:00,0.2468,0.2485,0.2459,0.2478,1534170.59
2026-04-01 10:00:00+00:00,0.2478,0.2492,0.2474,0.2489,427261.85
2026-04-01 11:00:00+00:00,0.2489,0.249,0.2474,0.2483,384152.16
2026-04-01 12:00:00+00:00,0.2483,0.2511,0.2477,0.2481,3775655.41
2026-04-01 13:00:00+00:00,0.2481,0.2493,0.2454,0.247,1015546.65
2026-04-01 14:00:00+00:00,0.247,0.2493,0.2469,0.2487,944336.54
2026-04-01 15:00:00+00:00,0.2487,0.2494,0.2479,0.2492,949525.23
2026-04-01 16:00:00+00:00,0.2492,0.2508,0.2482,0.2501,815613.61
2026-04-01 17:00:00+00:00,0.2501,0.2524,0.2489,0.2493,991848.17
2026-04-01 18:00:00+00:00,0.2493,0.2506,0.2483,0.2486,543744.24
2026-04-01 19:00:00+00:00,0.2486,0.2501,0.2486,0.2495,401486.24
2026-04-01 20:00:00+00:00,0.2495,0.2499,0.2474,0.2484,501973.06
2026-04-01 21:00:00+00:00,0.2484,0.2506,0.2484,0.2498,462352.79
2026-04-01 22:00:00+00:00,0.2498,0.2498,0.2474,0.2474,308301.12
2026-04-01 23:00:00+00:00,0.2474,0.2485,0.2472,0.2484,478970.15
2026-04-02 00:00:00+00:00,0.2484,0.2506,0.2471,0.2501,2652669.52
2026-04-02 01:00:00+00:00,0.2501,0.2501,0.2412,0.2431,3317928.11
2026-04-02 02:00:00+00:00,0.2431,0.2431,0.2394,0.2405,2335722.3
2026-04-02 03:00:00+00:00,0.2405,0.2415,0.2378,0.239,2799470.14
2026-04-02 04:00:00+00:00,0.239,0.2392,0.237,0.2371,2617612.14
2026-04-02 05:00:00+00:00,0.2371,0.2382,0.2358,0.238,2547494.28
2026-04-02 06:00:00+00:00,0.238,0.2388,0.2373,0.2382,1432494.61
2026-04-02 07:00:00+00:00,0.2382,0.2392,0.2366,0.239,3277718.33
2026-04-02 08:00:00+00:00,0.239,0.2396,0.238,0.2383,3327970.31
2026-04-02 09:00:00+00:00,0.2383,0.2389,0.2372,0.2382,764900.81
2026-04-02 10:00:00+00:00,0.2382,0.2384,0.2369,0.2375,696548.23
2026-04-02 11:00:00+00:00,0.2375,0.2377,0.2361,0.237,1433870.96
2026-04-02 12:00:00+00:00,0.237,0.2373,0.2361,0.2362,2141458.93
2026-04-02 13:00:00+00:00,0.2362,0.2371,0.2349,0.2369,1576515.85
2026-04-02 14:00:00+00:00,0.2369,0.2433,0.2364,0.2421,3865849.33
2026-04-02 15:00:00+00:00,0.2421,0.2421,0.2392,0.2397,682978.6
2026-04-02 16:00:00+00:00,0.2397,0.242,0.239,0.2408,628211.5
2026-04-02 17:00:00+00:00,0.2408,0.2427,0.238,0.2382,796362.64
2026-04-02 18:00:00+00:00,0.2382,0.2406,0.238,0.2401,546763.0
2026-04-02 19:00:00+00:00,0.2401,0.2403,0.2389,0.2397,278632.04
2026-04-02 20:00:00+00:00,0.2397,0.2409,0.2391,0.2403,469117.14
2026-04-02 21:00:00+00:00,0.2403,0.2404,0.2391,0.2399,434207.38
2026-04-02 22:00:00+00:00,0.2399,0.2403,0.2393,0.2395,164576.16
2026-04-02 23:00:00+00:00,0.2395,0.2397,0.2387,0.2393,491436.68
2026-04-03 00:00:00+00:00,0.2393,0.24,0.2391,0.2396,606490.46
2026-04-03 01:00:00+00:00,0.2396,0.2404,0.2389,0.2398,310133.81
2026-04-03 02:00:00+00:00,0.2398,0.241,0.2389,0.2402,669314.45
2026-04-03 03:00:00+00:00,0.2402,0.2415,0.2399,0.2412,449405.75
2026-04-03 04:00:00+00:00,0.2412,0.2435,0.2412,0.2429,664114.11
2026-04-03 05:00:00+00:00,0.2429,0.245,0.2415,0.2441,1028742.2
2026-04-03 06:00:00+00:00,0.2441,0.245,0.2432,0.2442,744651.57
2026-04-03 07:00:00+00:00,0.2442,0.2453,0.2434,0.2434,542797.21
2026-04-03 08:00:00+00:00,0.2434,0.2452,0.2428,0.2441,1817292.83
2026-04-03 09:00:00+00:00,0.2441,0.2453,0.2436,0.2449,400458.03
2026-04-03 10:00:00+00:00,0.2449,0.2458,0.2442,0.2451,560023.3
2026-04-03 11:00:00+00:00,0.2451,0.2466,0.2448,0.2457,575492.42
2026-04-03 12:00:00+00:00,0.2457,0.2484,0.2448,0.2456,1449672.18
2026-04-03 13:00:00+00:00,0.2456,0.2461,0.2447,0.2458,332851.06
2026-04-03 14:00:00+00:00,0.2458,0.2481,0.2453,0.2476,803795.85
2026-04-03 15:00:00+00:00,0.2476,0.2514,0.2461,0.2461,4712745.47
2026-04-03 16:00:00+00:00,0.2461,0.2486,0.2459,0.2485,2339138.29
2026-04-03 17:00:00+00:00,0.2485,0.2506,0.2478,0.2491,1249425.68
2026-04-03 18:00:00+00:00,0.2491,0.2496,0.2476,0.2476,433111.31
2026-04-03 19:00:00+00:00,0.2476,0.248,0.2459,0.2475,586218.52
2026-04-03 20:00:00+00:00,0.2475,0.2484,0.2472,0.2474,362750.76
2026-04-03 21:00:00+00:00,0.2474,0.2487,0.2473,0.2484,740818.52
2026-04-03 22:00:00+00:00,0.2484,0.2485,0.2463,0.2464,309252.83
2026-04-03 23:00:00+00:00,0.2464,0.2464,0.2449,0.2464,481404.5
2026-04-04 00:00:00+00:00,0.2464,0.2466,0.2453,0.2453,365666.34
2026-04-04 01:00:00+00:00,0.2453,0.2453,0.2446,0.2451,530538.15
2026-04-04 02:00:00+00:00,0.2451,0.2455,0.2447,0.2452,323740.57
2026-04-04 03:00:00+00:00,0.2452,0.2469,0.2448,0.2468,522150.53
2026-04-04 04:00:00+00:00,0.2468,0.2473,0.245,0.2457,2190415.01
2026-04-04 05:00:00+00:00,0.2457,0.2458,0.2443,0.2444,408728.87
2026-04-04 06:00:00+00:00,0.2444,0.2464,0.2441,0.2462,377537.72
2026-04-04 07:00:00+00:00,0.2462,0.2463,0.245,0.2453,265456.19
2026-04-04 08:00:00+00:00,0.2453,0.2459,0.2433,0.244,841552.88
2026-04-04 09:00:00+00:00,0.244,0.2443,0.2435,0.2436,308312.77
2026-04-04 10:00:00+00:00,0.2436,0.2448,0.2433,0.2447,284856.48
2026-04-04 11:00:00+00:00,0.2447,0.2454,0.2445,0.245,286286.86
2026-04-04 12:00:00+00:00,0.245,0.245,0.2441,0.2444,128621.41
2026-04-04 13:00:00+00:00,0.2444,0.2445,0.2437,0.2441,280078.45
2026-04-04 14:00:00+00:00,0.2441,0.2451,0.2434,0.2451,263248.41
2026-04-04 15:00:00+00:00,0.2451,0.2467,0.245,0.2452,962997.09
2026-04-04 16:00:00+00:00,0.2452,0.2468,0.2451,0.2453,1026445.6
2026-04-04 17:00:00+00:00,0.2453,0.2479,0.2453,0.2475,1174285.3
2026-04-04 18:00:00+00:00,0.2475,0.2479,0.2468,0.2471,1087976.92
2026-04-04 19:00:00+00:00,0.2471,0.2501,0.247,0.2479,1388748.65
2026-04-04 20:00:00+00:00,0.2479,0.2485,0.2474,0.2474,598718.12
2026-04-04 21:00:00+00:00,0.2474,0.2483,0.2469,0.2474,890457.68
2026-04-04 22:00:00+00:00,0.2474,0.2483,0.2464,0.248,1550200.57
2026-04-04 23:00:00+00:00,0.248,0.2483,0.2476,0.248,765095.97
2026-04-05 00:00:00+00:00,0.248,0.2487,0.2478,0.2483,404118.93
2026-04-05 01:00:00+00:00,0.2483,0.2484,0.2468,0.2471,861539.6
2026-04-05 02:00:00+00:00,0.2471,0.248,0.2467,0.2471,393982.04
2026-04-05 03:00:00+00:00,0.2471,0.2473,0.2467,0.2467,132883.12
2026-04-05 04:00:00+00:00,0.2467,0.2469,0.2458,0.2459,373510.92
2026-04-05 05:00:00+00:00,0.2459,0.246,0.2437,0.244,416886.76
2026-04-05 06:00:00+00:00,0.244,0.2442,0.2421,0.243,1945084.46
2026-04-05 07:00:00+00:00,0.243,0.2433,0.2415,0.242,661741.81
2026-04-05 08:00:00+00:00,0.242,0.2427,0.2418,0.2424,428523.97
2026-04-05 09:00:00+00:00,0.2424,0.2428,0.242,0.2424,808602.62
2026-04-05 10:00:00+00:00,0.2424,0.2433,0.2403,0.2405,1171829.97
2026-04-05 11:00:00+00:00,0.2405,0.2426,0.2399,0.2426,2668930.95
2026-04-05 12:00:00+00:00,0.2426,0.2426,0.2403,0.2413,767868.79
2026-04-05 13:00:00+00:00,0.2413,0.242,0.2407,0.2419,297011.47
2026-04-05 14:00:00+00:00,0.2419,0.2427,0.2416,0.2421,276273.13
2026-04-05 15:00:00+00:00,0.2421,0.2459,0.2414,0.2436,1339831.78
2026-04-05 16:00:00+00:00,0.2436,0.244,0.243,0.2431,444729.49
2026-04-05 17:00:00+00:00,0.2431,0.2441,0.2427,0.244,128919.23
2026-04-05 18:00:00+00:00,0.244,0.244,0.2428,0.2437,251040.92
2026-04-05 19:00:00+00:00,0.2437,0.2443,0.2428,0.2436,748719.51
2026-04-05 20:00:00+00:00,0.2436,0.2449,0.2431,0.2441,1037045.4
2026-04-05 21:00:00+00:00,0.2441,0.2451,0.2421,0.2447,741233.81
2026-04-05 22:00:00+00:00,0.2447,0.2473,0.2429,0.2464,2336698.32
2026-04-05 23:00:00+00:00,0.2464,0.2509,0.2457,0.2508,2532705.8
2026-04-06 00:00:00+00:00,0.2508,0.2567,0.2508,0.2542,4941501.55
2026-04-06 01:00:00+00:00,0.2542,0.2551,0.2528,0.2545,1705808.19
2026-04-06 02:00:00+00:00,0.2545,0.2594,0.2542,0.2571,2734405.75
2026-04-06 03:00:00+00:00,0.2571,0.258,0.2562,0.2568,1647374.36
2026-04-06 04:00:00+00:00,0.2568,0.2586,0.2567,0.2571,1308013.01
2026-04-06 05:00:00+00:00,0.2571,0.2579,0.2566,0.257,1050705.67
2026-04-06 06:00:00+00:00,0.257,0.2584,0.2559,0.2563,1625222.51
2026-04-06 07:00:00+00:00,0.2563,0.2565,0.2542,0.2552,2113641.28
2026-04-06 08:00:00+00:00,0.2552,0.2567,0.255,0.255,1259460.47
2026-04-06 09:00:00+00:00,0.255,0.2591,0.255,0.2574,2856743.58
2026-04-06 10:00:00+00:00,0.2574,0.2606,0.2566,0.2567,5830818.94
2026-04-06 11:00:00+00:00,0.2567,0.2567,0.2555,0.2555,506132.09
2026-04-06 12:00:00+00:00,0.2555,0.2563,0.2546,0.2548,2139290.84
2026-04-06 13:00:00+00:00,0.2548,0.2561,0.2546,0.2551,1162965.08
2026-04-06 14:00:00+00:00,0.2551,0.2569,0.2538,0.2549,1525930.46
2026-04-06 15:00:00+00:00,0.2549,0.2553,0.254,0.2543,812545.06
2026-04-06 16:00:00+00:00,0.2543,0.2545,0.2524,0.2528,1444958.13
2026-04-06 17:00:00+00:00,0.2528,0.2528,0.2513,0.2523,848319.81
2026-04-06 18:00:00+00:00,0.2523,0.2538,0.2521,0.2532,589829.24
2026-04-06 19:00:00+00:00,0.2532,0.2532,0.2517,0.2521,688817.43
2026-04-06 20:00:00+00:00,0.2521,0.2528,0.252,0.2524,296288.12
2026-04-06 21:00:00+00:00,0.2524,0.2524,0.2507,0.251,768087.76
2026-04-06 22:00:00+00:00,0.251,0.2512,0.2473,0.2475,1274798.22
2026-04-06 23:00:00+00:00,0.2475,0.2475,0.245,0.2461,1195056.69
2026-04-07 00:00:00+00:00,0.2461,0.2466,0.2447,0.2458,718433.05
2026-04-07 01:00:00+00:00,0.2458,0.2461,0.2439,0.2444,587036.0
2026-04-07 02:00:00+00:00,0.2444,0.2461,0.2435,0.2447,2204246.17
2026-04-07 03:00:00+00:00,0.2447,0.2453,0.2447,0.2452,328062.64
2026-04-07 04:00:00+00:00,0.2452,0.2459,0.2446,0.2456,265412.54
2026-04-07 05:00:00+00:00,0.2456,0.2456,0.2434,0.244,401818.41
2026-04-07 06:00:00+00:00,0.244,0.244,0.2424,0.2438,766977.32
2026-04-07 07:00:00+00:00,0.2438,0.2441,0.2432,0.2435,587833.04
2026-04-07 08:00:00+00:00,0.2435,0.2447,0.243,0.2443,813278.14
2026-04-07 09:00:00+00:00,0.2443,0.2456,0.2442,0.2447,2167316.37
2026-04-07 10:00:00+00:00,0.2447,0.245,0.2417,0.2423,3258871.9
2026-04-07 11:00:00+00:00,0.2423,0.2429,0.2413,0.2423,869645.23
2026-04-07 12:00:00+00:00,0.2423,0.2434,0.2398,0.2425,3183399.56
2026-04-07 13:00:00+00:00,0.2425,0.2437,0.242,0.2421,1167274.69
2026-04-07 14:00:00+00:00,0.2421,0.2425,0.2409,0.2415,1078399.54
2026-04-07 15:00:00+00:00,0.2415,0.2434,0.241,0.2422,934330.39
2026-04-07 16:00:00+00:00,0.2422,0.2433,0.2419,0.2422,997557.7
2026-04-07 17:00:00+00:00,0.2422,0.2446,0.2418,0.2436,816878.72
2026-04-07 18:00:00+00:00,0.2436,0.2439,0.2424,0.243,459456.23
2026-04-07 19:00:00+00:00,0.243,0.2471,0.2427,0.2466,2302225.91
2026-04-07 20:00:00+00:00,0.2466,0.2481,0.2459,0.2461,839359.78
2026-04-07 21:00:00+00:00,0.2461,0.254,0.2461,0.2534,1841176.72
2026-04-07 22:00:00+00:00,0.2534,0.2626,0.2532,0.2626,7256482.32
2026-04-07 23:00:00+00:00,0.2626,0.2663,0.2626,0.2628,4601315.7
2026-04-08 00:00:00+00:00,0.2628,0.2644,0.2597,0.2603,2470272.21
2026-04-08 01:00:00+00:00,0.2603,0.2625,0.2598,0.2619,1531775.06
2026-04-08 02:00:00+00:00,0.2619,0.2643,0.2608,0.2611,1100081.79
2026-04-08 03:00:00+00:00,0.2611,0.2618,0.2603,0.2607,770823.07
2026-04-08 04:00:00+00:00,0.2607,0.2631,0.2607,0.2624,1577543.9
2026-04-08 05:00:00+00:00,0.2624,0.2634,0.2618,0.2625,1248175.65
2026-04-08 06:00:00+00:00,0.2625,0.2637,0.2615,0.2616,865106.9
2026-04-08 07:00:00+00:00,0.2616,0.262,0.2602,0.2612,598595.0
2026-04-08 08:00:00+00:00,0.2612,0.2614,0.2599,0.2608,545639.11
2026-04-08 09:00:00+00:00,0.2608,0.2611,0.2588,0.2591,713150.82
2026-04-08 10:00:00+00:00,0.2591,0.26,0.2586,0.2589,496368.96
2026-04-08 11:00:00+00:00,0.2589,0.259,0.2559,0.2578,1005924.29
2026-04-08 12:00:00+00:00,0.2578,0.258,0.2562,0.2576,497560.63
2026-04-08 13:00:00+00:00,0.2576,0.2598,0.2572,0.2576,1544213.87
2026-04-08 14:00:00+00:00,0.2576,0.2576,0.252,0.2526,1386593.05
2026-04-08 15:00:00+00:00,0.2526,0.2549,0.2523,0.2543,625302.42
2026-04-08 16:00:00+00:00,0.2543,0.2547,0.2534,0.2544,434908.04
2026-04-08 17:00:00+00:00,0.2544,0.2562,0.2539,0.2558,610875.12
2026-04-08 18:00:00+00:00,0.2558,0.2558,0.2527,0.253,388412.67
2026-04-08 19:00:00+00:00,0.253,0.2535,0.252,0.253,631015.55
2026-04-08 20:00:00+00:00,0.253,0.2535,0.2516,0.2526,425385.77
2026-04-08 21:00:00+00:00,0.2526,0.2546,0.2523,0.2541,447653.85
2026-04-08 22:00:00+00:00,0.2541,0.2544,0.2517,0.2518,669302.36
2026-04-08 23:00:00+00:00,0.2518,0.2518,0.2499,0.2508,839429.04
2026-04-09 00:00:00+00:00,0.2508,0.2508,0.249,0.2499,625566.19
2026-04-09 01:00:00+00:00,0.2499,0.25,0.2476,0.2494,1023814.85
2026-04-09 02:00:00+00:00,0.2494,0.2503,0.249,0.2496,428097.1
2026-04-09 03:00:00+00:00,0.2496,0.2497,0.2489,0.2492,592847.46
2026-04-09 04:00:00+00:00,0.2492,0.2494,0.2484,0.2488,475266.67
2026-04-09 05:00:00+00:00,0.2488,0.25,0.2484,0.2494,621216.98
2026-04-09 06:00:00+00:00,0.2494,0.2503,0.2494,0.2503,289996.9
2026-04-09 07:00:00+00:00,0.2503,0.2517,0.2503,0.2508,579618.94
2026-04-09 08:00:00+00:00,0.2508,0.2513,0.2495,0.2504,784865.01
2026-04-09 09:00:00+00:00,0.2504,0.2523,0.2495,0.2517,611300.26
2026-04-09 10:00:00+00:00,0.2517,0.252,0.2508,0.251,265874.25
2026-04-09 11:00:00+00:00,0.251,0.2513,0.2504,0.2506,406650.05
2026-04-09 12:00:00+00:00,0.2506,0.2515,0.25,0.2511,281104.83
2026-04-09 13:00:00+00:00,0.2511,0.2515,0.2498,0.2505,518993.51
2026-04-09 14:00:00+00:00,0.2505,0.2514,0.2489,0.2504,1208274.82
2026-04-09 15:00:00+00:00,0.2504,0.2558,0.2496,0.2547,2398450.92
2026-04-09 16:00:00+00:00,0.2547,0.2563,0.253,0.2551,1185832.94
2026-04-09 17:00:00+00:00,0.2551,0.257,0.2548,0.2564,1728300.24
2026-04-09 18:00:00+00:00,0.2564,0.2566,0.2539,0.2544,780645.37
2026-04-09 19:00:00+00:00,0.2544,0.2563,0.254,0.2557,1038296.24
2026-04-09 20:00:00+00:00,0.2557,0.2572,0.2556,0.2566,701483.32
2026-04-09 21:00:00+00:00,0.2566,0.2579,0.256,0.2563,970232.98
2026-04-09 22:00:00+00:00,0.2563,0.2611,0.2559,0.2561,2095438.38
2026-04-09 23:00:00+00:00,0.2561,0.2562,0.2535,0.2541,1098143.92
2026-04-10 00:00:00+00:00,0.2541,0.2545,0.2525,0.2532,844707.79
2026-04-10 01:00:00+00:00,0.2532,0.255,0.2514,0.2528,1142328.16
2026-04-10 02:00:00+00:00,0.2528,0.2535,0.2518,0.2521,722962.89
2026-04-10 03:00:00+00:00,0.2521,0.2528,0.2515,0.2516,688746.22
2026-04-10 04:00:00+00:00,0.2516,0.2535,0.2516,0.2528,761480.11
2026-04-10 05:00:00+00:00,0.2528,0.254,0.2521,0.2526,420952.32
2026-04-10 06:00:00+00:00,0.2526,0.2534,0.2506,0.2511,655821.12
2026-04-10 07:00:00+00:00,0.2511,0.2513,0.2497,0.2506,843849.61
2026-04-10 08:00:00+00:00,0.2506,0.2511,0.2498,0.2502,945529.08
2026-04-10 09:00:00+00:00,0.2502,0.252,0.2501,0.2511,692388.1
2026-04-10 10:00:00+00:00,0.2511,0.2512,0.2497,0.2502,819266.9
2026-04-10 11:00:00+00:00,0.2502,0.252,0.25,0.2512,823382.14
2026-04-10 12:00:00+00:00,0.2512,0.2533,0.251,0.2525,1676195.52
2026-04-10 13:00:00+00:00,0.2525,0.2532,0.2508,0.2523,1103628.4
2026-04-10 14:00:00+00:00,0.2523,0.2557,0.2517,0.2553,2085255.99
2026-04-10 15:00:00+00:00,0.2553,0.2565,0.2534,0.254,2112499.76
2026-04-10 16:00:00+00:00,0.254,0.2562,0.254,0.2551,1799166.13
2026-04-10 17:00:00+00:00,0.2551,0.2552,0.2536,0.2547,738157.7
2026-04-10 18:00:00+00:00,0.2547,0.256,0.2544,0.256,1027375.34
2026-04-10 19:00:00+00:00,0.256,0.2583,0.256,0.2581,1984406.77
2026-04-10 20:00:00+00:00,0.2581,0.2589,0.2564,0.2573,1549489.93
2026-04-10 21:00:00+00:00,0.2573,0.2573,0.2549,0.2559,1328005.98
2026-04-10 22:00:00+00:00,0.2559,0.2563,0.2541,0.2544,1756452.18
2026-04-10 23:00:00+00:00,0.2544,0.2547,0.2538,0.2541,801312.04
2026-04-11 00:00:00+00:00,0.2541,0.2542,0.2534,0.2535,942063.54
2026-04-11 01:00:00+00:00,0.2535,0.2539,0.2524,0.2534,725444.18
2026-04-11 02:00:00+00:00,0.2534,0.254,0.2529,0.2533,491524.83
2026-04-11 03:00:00+00:00,0.2533,0.2552,0.2529,0.2532,729659.3
2026-04-11 04:00:00+00:00,0.2532,0.2542,0.2527,0.2528,398305.09
2026-04-11 05:00:00+00:00,0.2528,0.2529,0.2505,0.2507,1251574.09
2026-04-11 06:00:00+00:00,0.2507,0.251,0.2497,0.2507,814122.77
2026-04-11 07:00:00+00:00,0.2507,0.2508,0.2503,0.2506,683163.74
2026-04-11 08:00:00+00:00,0.2506,0.2509,0.25,0.2503,549599.23
2026-04-11 09:00:00+00:00,0.2503,0.251,0.2492,0.2505,1076705.9
2026-04-11 10:00:00+00:00,0.2505,0.2507,0.2498,0.2498,237344.2
2026-04-11 11:00:00+00:00,0.2498,0.2501,0.2494,0.2499,424308.31
2026-04-11 12:00:00+00:00,0.2499,0.2505,0.2497,0.2503,210178.26
2026-04-11 13:00:00+00:00,0.2503,0.2503,0.2482,0.249,1856007.02
2026-04-11 14:00:00+00:00,0.249,0.2495,0.2466,0.2474,2623171.65
2026-04-11 15:00:00+00:00,0.2474,0.2488,0.2473,0.2483,503554.35
2026-04-11 16:00:00+00:00,0.2483,0.2509,0.2481,0.2503,2094930.09
2026-04-11 17:00:00+00:00,0.2503,0.2506,0.2484,0.2492,877947.69
2026-04-11 18:00:00+00:00,0.2492,0.2537,0.2483,0.2526,3256395.08
2026-04-11 19:00:00+00:00,0.2526,0.2556,0.2524,0.2545,1789378.94
2026-04-11 20:00:00+00:00,0.2545,0.2551,0.2511,0.2522,1464075.41
2026-04-11 21:00:00+00:00,0.2522,0.2533,0.2513,0.2521,521280.24
2026-04-11 22:00:00+00:00,0.2521,0.2536,0.2505,0.251,839290.92
2026-04-11 23:00:00+00:00,0.251,0.251,0.2487,0.2495,672596.61
2026-04-12 00:00:00+00:00,0.2495,0.2501,0.2485,0.25,523089.06
2026-04-12 01:00:00+00:00,0.25,0.2505,0.2425,0.2442,2998214.38
2026-04-12 02:00:00+00:00,0.2442,0.245,0.243,0.2445,1103919.34
2026-04-12 03:00:00+00:00,0.2445,0.2448,0.2435,0.2439,1268118.55
2026-04-12 04:00:00+00:00,0.2439,0.2441,0.2433,0.2436,1871376.8
2026-04-12 05:00:00+00:00,0.2436,0.2436,0.2422,0.2432,1429195.77
2026-04-12 06:00:00+00:00,0.2432,0.2435,0.2418,0.2422,818746.23
2026-04-12 07:00:00+00:00,0.2422,0.2425,0.2415,0.2415,701481.63
2026-04-12 08:00:00+00:00,0.2415,0.2416,0.2405,0.241,1474776.27
2026-04-12 09:00:00+00:00,0.241,0.241,0.2387,0.2401,1435062.54
2026-04-12 10:00:00+00:00,0.2401,0.2406,0.2393,0.24,1019715.06
2026-04-12 11:00:00+00:00,0.24,0.2409,0.2394,0.2407,441365.71
2026-04-12 12:00:00+00:00,0.2407,0.2411,0.2394,0.2397,594960.52
2026-04-12 13:00:00+00:00,0.2397,0.2402,0.2378,0.2382,993274.33
2026-04-12 14:00:00+00:00,0.2382,0.2393,0.2379,0.2386,912005.15
2026-04-12 15:00:00+00:00,0.2386,0.239,0.237,0.2385,1297806.49
2026-04-12 16:00:00+00:00,0.2385,0.2389,0.2377,0.2388,499617.53
2026-04-12 17:00:00+00:00,0.2388,0.24,0.2384,0.2396,477445.53
2026-04-12 18:00:00+00:00,0.2396,0.2401,0.2384,0.2385,300475.82
2026-04-12 19:00:00+00:00,0.2385,0.2393,0.2378,0.2382,539956.95
2026-04-12 20:00:00+00:00,0.2382,0.2399,0.2378,0.2392,702341.96
2026-04-12 21:00:00+00:00,0.2392,0.2399,0.2389,0.2397,431942.79
2026-04-12 22:00:00+00:00,0.2397,0.2397,0.2366,0.2379,931497.3
2026-04-12 23:00:00+00:00,0.2379,0.2379,0.2354,0.2362,882446.94
2026-04-13 00:00:00+00:00,0.2362,0.2386,0.2359,0.2381,576833.38
2026-04-13 01:00:00+00:00,0.2381,0.2387,0.238,0.2386,226674.54
2026-04-13 02:00:00+00:00,0.2386,0.2387,0.2369,0.2369,489215.83
2026-04-13 03:00:00+00:00,0.2369,0.2383,0.2366,0.2383,383367.9
2026-04-13 04:00:00+00:00,0.2383,0.2391,0.2372,0.2378,503744.53
2026-04-13 05:00:00+00:00,0.2378,0.2382,0.2373,0.2381,256918.95
2026-04-13 06:00:00+00:00,0.2381,0.2398,0.2381,0.2393,479338.31
2026-04-13 07:00:00+00:00,0.2393,0.2395,0.2377,0.2382,297299.53
2026-04-13 08:00:00+00:00,0.2382,0.2386,0.2375,0.2383,389102.68
2026-04-13 09:00:00+00:00,0.2383,0.2395,0.2383,0.2386,485361.06
2026-04-13 10:00:00+00:00,0.2386,0.2386,0.2377,0.2377,213971.41
2026-04-13 11:00:00+00:00,0.2377,0.2387,0.2377,0.2383,348458.81
2026-04-13 12:00:00+00:00,0.2383,0.2421,0.238,0.2411,1008534.18
2026-04-13 13:00:00+00:00,0.2411,0.2427,0.2392,0.2427,693077.84
2026-04-13 14:00:00+00:00,0.2427,0.2433,0.2406,0.243,1033110.59
2026-04-13 15:00:00+00:00,0.243,0.2431,0.239,0.2394,1538406.02
2026-04-13 16:00:00+00:00,0.2394,0.2407,0.2381,0.2394,856487.79
2026-04-13 17:00:00+00:00,0.2394,0.2408,0.2383,0.2383,793125.11
2026-04-13 18:00:00+00:00,0.2383,0.2391,0.2375,0.239,495482.46
2026-04-13 19:00:00+00:00,0.239,0.2419,0.2386,0.2415,1071380.45
2026-04-13 20:00:00+00:00,0.2415,0.2418,0.2391,0.2396,624530.92
2026-04-13 21:00:00+00:00,0.2396,0.2409,0.239,0.2404,395581.03
2026-04-13 22:00:00+00:00,0.2404,0.2485,0.2403,0.2474,3537306.32
2026-04-13 23:00:00+00:00,0.2474,0.249,0.2463,0.2487,3917143.42
2026-04-14 00:00:00+00:00,0.2487,0.2491,0.2449,0.2449,2129805.31
2026-04-14 01:00:00+00:00,0.2449,0.2459,0.2436,0.2453,685665.86
2026-04-14 02:00:00+00:00,0.2453,0.2461,0.2444,0.2446,726578.83
2026-04-14 03:00:00+00:00,0.2446,0.2456,0.2442,0.2446,852570.87
2026-04-14 04:00:00+00:00,0.2446,0.2456,0.2441,0.2441,471188.54
2026-04-14 05:00:00+00:00,0.2441,0.2442,0.2411,0.2419,854132.35
2026-04-14 06:00:00+00:00,0.2419,0.2438,0.2413,0.2436,652269.25
2026-04-14 07:00:00+00:00,0.2436,0.2455,0.243,0.2435,694139.5
2026-04-14 08:00:00+00:00,0.2435,0.2451,0.2425,0.2445,729718.24
2026-04-14 09:00:00+00:00,0.2445,0.2451,0.2433,0.2446,475659.66
2026-04-14 10:00:00+00:00,0.2446,0.245,0.2436,0.2436,950524.45
2026-04-14 11:00:00+00:00,0.2436,0.2447,0.243,0.2435,687094.89
2026-04-14 12:00:00+00:00,0.2435,0.2442,0.2428,0.2436,372170.11
2026-04-14 13:00:00+00:00,0.2436,0.2484,0.2432,0.2484,1588526.95
2026-04-14 14:00:00+00:00,0.2484,0.2496,0.2453,0.2454,1588698.12
2026-04-14 15:00:00+00:00,0.2454,0.2461,0.2434,0.2445,1681703.06
2026-04-14 16:00:00+00:00,0.2445,0.2461,0.2433,0.244,699820.28
2026-04-14 17:00:00+00:00,0.244,0.2455,0.2424,0.244,626549.58
2026-04-14 18:00:00+00:00,0.244,0.245,0.2397,0.2406,1288000.17
2026-04-14 19:00:00+00:00,0.2406,0.2413,0.2389,0.2405,858776.52
2026-04-14 20:00:00+00:00,0.2405,0.241,0.2399,0.2402,247845.48
2026-04-14 21:00:00+00:00,0.2402,0.2417,0.2402,0.2407,171240.45
2026-04-14 22:00:00+00:00,0.2407,0.2414,0.2393,0.2399,617965.97
2026-04-14 23:00:00+00:00,0.2399,0.2401,0.2387,0.2396,1373844.56
2026-04-15 00:00:00+00:00,0.2396,0.2409,0.2395,0.2403,643457.65
2026-04-15 01:00:00+00:00,0.2403,0.2411,0.24,0.2407,405366.76
2026-04-15 02:00:00+00:00,0.2407,0.2413,0.239,0.2396,616671.29
2026-04-15 03:00:00+00:00,0.2396,0.24,0.239,0.2398,296161.53
2026-04-15 04:00:00+00:00,0.2398,0.2411,0.2396,0.2409,513302.12
2026-04-15 05:00:00+00:00,0.2409,0.2419,0.2394,0.2399,609474.09
2026-04-15 06:00:00+00:00,0.2399,0.24,0.2383,0.2387,573546.55
2026-04-15 07:00:00+00:00,0.2387,0.2397,0.2382,0.2383,571503.21
2026-04-15 08:00:00+00:00,0.2383,0.2408,0.2383,0.2401,437986.08
2026-04-15 09:00:00+00:00,0.2401,0.2404,0.2395,0.2399,276815.17
2026-04-15 10:00:00+00:00,0.2399,0.2411,0.2389,0.2398,518143.32
2026-04-15 11:00:00+00:00,0.2398,0.2428,0.2398,0.2417,873306.48
2026-04-15 12:00:00+00:00,0.2417,0.2425,0.241,0.242,455618.61
2026-04-15 13:00:00+00:00,0.242,0.2428,0.2405,0.2412,676237.87
2026-04-15 14:00:00+00:00,0.2412,0.2438,0.2399,0.2435,931101.53
2026-04-15 15:00:00+00:00,0.2435,0.2439,0.2414,0.2427,799313.64
2026-04-15 16:00:00+00:00,0.2427,0.2462,0.2425,0.2454,1402893.54
2026-04-15 17:00:00+00:00,0.2454,0.2467,0.2446,0.2455,948353.77
2026-04-15 18:00:00+00:00,0.2455,0.2465,0.245,0.2463,563690.48
2026-04-15 19:00:00+00:00,0.2463,0.2506,0.246,0.249,2643669.06
2026-04-15 20:00:00+00:00,0.249,0.2491,0.2472,0.2477,708575.98
2026-04-15 21:00:00+00:00,0.2477,0.2486,0.2466,0.2482,418620.76
2026-04-15 22:00:00+00:00,0.2482,0.2499,0.2472,0.2473,1175188.05
2026-04-15 23:00:00+00:00,0.2473,0.2473,0.2449,0.246,948290.05
2026-04-16 00:00:00+00:00,0.246,0.2467,0.2446,0.2455,501131.11
2026-04-16 01:00:00+00:00,0.2455,0.246,0.2438,0.2455,359856.83
2026-04-16 02:00:00+00:00,0.2455,0.2495,0.2455,0.2484,964155.78
2026-04-16 03:00:00+00:00,0.2484,0.25,0.248,0.2492,821017.88
2026-04-16 04:00:00+00:00,0.2492,0.2512,0.2488,0.25,1781914.1
2026-04-16 05:00:00+00:00,0.25,0.2504,0.2491,0.2498,621199.37
2026-04-16 06:00:00+00:00,0.2498,0.2507,0.2486,0.2505,592675.69
2026-04-16 07:00:00+00:00,0.2505,0.2517,0.2494,0.25,2163153.35
2026-04-16 08:00:00+00:00,0.25,0.2506,0.2484,0.2485,880835.74
2026-04-16 09:00:00+00:00,0.2485,0.2506,0.2482,0.2488,1289626.5
2026-04-16 10:00:00+00:00,0.2488,0.249,0.2471,0.2479,594638.52
2026-04-16 11:00:00+00:00,0.2479,0.2489,0.247,0.2483,397569.85
2026-04-16 12:00:00+00:00,0.2483,0.2507,0.2483,0.2504,795384.0
2026-04-16 13:00:00+00:00,0.2504,0.2545,0.2471,0.2493,3352838.05
2026-04-16 14:00:00+00:00,0.2493,0.2495,0.2454,0.2478,1643138.64
2026-04-16 15:00:00+00:00,0.2478,0.2536,0.2476,0.2533,1741418.88
2026-04-16 16:00:00+00:00,0.2533,0.2553,0.2507,0.2516,2037192.04
2026-04-16 17:00:00+00:00,0.2516,0.2536,0.2508,0.2532,924160.91
2026-04-16 18:00:00+00:00,0.2532,0.2603,0.2532,0.2591,5324448.71
2026-04-16 19:00:00+00:00,0.2591,0.2607,0.2581,0.2603,1986123.41
2026-04-16 20:00:00+00:00,0.2603,0.2614,0.2567,0.2578,858308.16
2026-04-16 21:00:00+00:00,0.2578,0.2593,0.2569,0.2583,1023490.34
2026-04-16 22:00:00+00:00,0.2583,0.2597,0.258,0.2584,645589.04
2026-04-16 23:00:00+00:00,0.2584,0.2603,0.2581,0.2591,459810.3
2026-04-17 00:00:00+00:00,0.2591,0.2598,0.2578,0.2581,434016.24
2026-04-17 01:00:00+00:00,0.2581,0.259,0.2551,0.256,813803.65
2026-04-17 02:00:00+00:00,0.256,0.2564,0.254,0.2551,604008.82
2026-04-17 03:00:00+00:00,0.2551,0.2558,0.2543,0.255,350016.87
2026-04-17 04:00:00+00:00,0.255,0.2553,0.254,0.254,534252.89
2026-04-17 05:00:00+00:00,0.254,0.2541,0.2521,0.2522,507058.63
2026-04-17 06:00:00+00:00,0.2522,0.255,0.252,0.2549,452485.51
2026-04-17 07:00:00+00:00,0.2549,0.2564,0.2549,0.2561,916101.1
2026-04-17 08:00:00+00:00,0.2561,0.2582,0.2559,0.2573,2007945.44
2026-04-17 09:00:00+00:00,0.2573,0.2599,0.2561,0.2584,1607434.23
2026-04-17 10:00:00+00:00,0.2584,0.2585,0.2544,0.255,1227301.64
2026-04-17 11:00:00+00:00,0.255,0.2582,0.255,0.2575,472501.27
2026-04-17 12:00:00+00:00,0.2575,0.2609,0.2568,0.2605,2366118.75
2026-04-17 13:00:00+00:00,0.2605,0.2657,0.2597,0.2652,3674926.48
2026-04-17 14:00:00+00:00,0.2652,0.2679,0.2644,0.2663,1723067.04
2026-04-17 15:00:00+00:00,0.2663,0.2663,0.2623,0.2635,1243147.69
2026-04-17 16:00:00+00:00,0.2635,0.2661,0.2635,0.2661,739437.65
2026-04-17 17:00:00+00:00,0.2661,0.2661,0.2617,0.2636,1222203.93
2026-04-17 18:00:00+00:00,0.2636,0.264,0.2608,0.2613,757807.81
2026-04-17 19:00:00+00:00,0.2613,0.2625,0.2605,0.2611,345924.44
2026-04-17 20:00:00+00:00,0.2611,0.2616,0.2592,0.2605,565305.09
2026-04-17 21:00:00+00:00,0.2605,0.2615,0.2594,0.2605,407969.29
2026-04-17 22:00:00+00:00,0.2605,0.262,0.2599,0.2607,521294.48
2026-04-17 23:00:00+00:00,0.2607,0.2608,0.2575,0.2587,613670.58
2026-04-18 00:00:00+00:00,0.2587,0.2595,0.2571,0.2582,778183.14
2026-04-18 01:00:00+00:00,0.2582,0.2595,0.2569,0.2574,384663.15
2026-04-18 02:00:00+00:00,0.2574,0.259,0.2565,0.2579,474650.23
2026-04-18 03:00:00+00:00,0.2579,0.2582,0.2563,0.257,555364.67
2026-04-18 04:00:00+00:00,0.257,0.2577,0.256,0.2572,409662.83
2026-04-18 05:00:00+00:00,0.2572,0.2584,0.2568,0.2579,649699.26
2026-04-18 06:00:00+00:00,0.2579,0.2584,0.2572,0.2576,244354.29
2026-04-18 07:00:00+00:00,0.2576,0.2589,0.2573,0.2586,438113.76
2026-04-18 08:00:00+00:00,0.2586,0.2586,0.2538,0.2557,2224232.46
2026-04-18 09:00:00+00:00,0.2557,0.2557,0.2536,0.2543,2179883.29
2026-04-18 10:00:00+00:00,0.2543,0.2543,0.2519,0.2526,5219469.38
2026-04-18 11:00:00+00:00,0.2526,0.2528,0.2496,0.2512,2005880.22
2026-04-18 12:00:00+00:00,0.2512,0.252,0.2504,0.2517,1903438.98
2026-04-18 13:00:00+00:00,0.2517,0.2517,0.2497,0.2512,615116.06
2026-04-18 14:00:00+00:00,0.2512,0.252,0.2505,0.2516,600465.6
2026-04-18 15:00:00+00:00,0.2516,0.2522,0.2507,0.2511,266733.47
2026-04-18 16:00:00+00:00,0.2511,0.2511,0.249,0.2494,1190281.99
2026-04-18 17:00:00+00:00,0.2494,0.2498,0.2476,0.2495,796475.23
2026-04-18 18:00:00+00:00,0.2495,0.2497,0.2474,0.2478,960134.65
2026-04-18 19:00:00+00:00,0.2478,0.249,0.2478,0.2488,387778.46
2026-04-18 20:00:00+00:00,0.2488,0.2493,0.248,0.2489,263727.33
2026-04-18 21:00:00+00:00,0.2489,0.2502,0.2489,0.2501,470589.59
2026-04-18 22:00:00+00:00,0.2501,0.2501,0.249,0.2499,182502.7
2026-04-18 23:00:00+00:00,0.2499,0.2509,0.249,0.2491,547979.53
2026-04-19 00:00:00+00:00,0.2491,0.2494,0.2479,0.249,657419.86
2026-04-19 01:00:00+00:00,0.249,0.2498,0.248,0.2483,502248.89
2026-04-19 02:00:00+00:00,0.2483,0.2489,0.2469,0.2479,661049.43
2026-04-19 03:00:00+00:00,0.2479,0.2491,0.2469,0.2481,359391.75
2026-04-19 04:00:00+00:00,0.2481,0.249,0.2461,0.2478,639096.75
2026-04-19 05:00:00+00:00,0.2478,0.2489,0.2472,0.2472,346622.47
2026-04-19 06:00:00+00:00,0.2472,0.2479,0.2461,0.2473,935738.87
2026-04-19 07:00:00+00:00,0.2473,0.2473,0.2445,0.246,1739687.44
2026-04-19 08:00:00+00:00,0.246,0.2461,0.245,0.2454,856142.49
2026-04-19 09:00:00+00:00,0.2454,0.246,0.2447,0.245,480143.75
2026-04-19 10:00:00+00:00,0.245,0.2461,0.2446,0.2457,1271788.6
2026-04-19 11:00:00+00:00,0.2457,0.2483,0.2457,0.2474,691256.09
2026-04-19 12:00:00+00:00,0.2474,0.2488,0.2472,0.248,711493.98
2026-04-19 13:00:00+00:00,0.248,0.251,0.2479,0.2491,2233402.55
2026-04-19 14:00:00+00:00,0.2491,0.2511,0.248,0.2494,9131497.43
2026-04-19 15:00:00+00:00,0.2494,0.2497,0.2462,0.2489,17405981.91
2026-04-19 16:00:00+00:00,0.2489,0.2496,0.2464,0.247,7131058.54
2026-04-19 17:00:00+00:00,0.247,0.2471,0.2447,0.2451,7020385.19
2026-04-19 18:00:00+00:00,0.2451,0.2459,0.2444,0.2457,9419545.88
2026-04-19 19:00:00+00:00,0.2457,0.2478,0.2457,0.2467,10559774.01
2026-04-19 20:00:00+00:00,0.2467,0.2467,0.2444,0.2448,14801813.96
2026-04-19 21:00:00+00:00,0.2448,0.2461,0.2437,0.2441,14994482.15
2026-04-19 22:00:00+00:00,0.2441,0.2441,0.2408,0.2423,19212149.29
2026-04-19 23:00:00+00:00,0.2423,0.2428,0.2409,0.2424,8227431.39
2026-04-20 00:00:00+00:00,0.2424,0.2447,0.242,0.2441,11775053.08
2026-04-20 01:00:00+00:00,0.2441,0.2455,0.2433,0.2448,10728974.14
2026-04-20 02:00:00+00:00,0.2448,0.2459,0.2439,0.2454,3302142.67
2026-04-20 03:00:00+00:00,0.2454,0.2464,0.2443,0.2459,3569703.05
2026-04-20 04:00:00+00:00,0.2459,0.2466,0.2445,0.2459,6060427.9
2026-04-20 05:00:00+00:00,0.2459,0.2461,0.2433,0.2439,4189931.53
2026-04-20 06:00:00+00:00,0.2439,0.247,0.2436,0.2456,4055362.62
2026-04-20 07:00:00+00:00,0.2456,0.2493,0.2453,0.2467,10189179.65
2026-04-20 08:00:00+00:00,0.2467,0.2471,0.2452,0.2455,7753415.82
2026-04-20 09:00:00+00:00,0.2455,0.2476,0.2444,0.2468,5735441.83
2026-04-20 10:00:00+00:00,0.2468,0.2487,0.2462,0.2466,8994337.54
2026-04-20 11:00:00+00:00,0.2466,0.2471,0.2459,0.2466,3826646.08
2026-04-20 12:00:00+00:00,0.2466,0.2477,0.2456,0.2472,11635670.19
2026-04-20 13:00:00+00:00,0.2472,0.2482,0.2462,0.2479,10900664.47
2026-04-20 14:00:00+00:00,0.2479,0.2493,0.2452,0.2459,4491442.22
2026-04-20 15:00:00+00:00,0.2459,0.2491,0.2447,0.2476,2596366.08
2026-04-20 16:00:00+00:00,0.2476,0.2478,0.2456,0.2458,1441484.88
2026-04-20 17:00:00+00:00,0.2458,0.2483,0.2457,0.2481,4156709.92
2026-04-20 18:00:00+00:00,0.2481,0.2502,0.2481,0.2499,13128357.18
2026-04-20 19:00:00+00:00,0.2499,0.25,0.2482,0.2489,6386370.5
2026-04-20 20:00:00+00:00,0.2489,0.2506,0.2479,0.2501,12595092.7
2026-04-20 21:00:00+00:00,0.2501,0.2515,0.2489,0.2495,14634329.5
2026-04-20 22:00:00+00:00,0.2495,0.2502,0.2487,0.2488,4907687.4
2026-04-20 23:00:00+00:00,0.2488,0.2488,0.2474,0.2481,10961170.5
2026-04-21 00:00:00+00:00,0.2481,0.2492,0.2479,0.249,3381701.02
2026-04-21 01:00:00+00:00,0.249,0.2497,0.248,0.2482,4191496.75
2026-04-21 02:00:00+00:00,0.2482,0.2483,0.2469,0.2474,7572067.04
2026-04-21 03:00:00+00:00,0.2474,0.2477,0.2463,0.2471,4819472.74
2026-04-21 04:00:00+00:00,0.2471,0.2485,0.2468,0.2484,2556999.5
2026-04-21 05:00:00+00:00,0.2484,0.25,0.2484,0.249,5261947.93
2026-04-21 06:00:00+00:00,0.249,0.2503,0.2478,0.2488,3221711.99
2026-04-21 07:00:00+00:00,0.2488,0.2499,0.2478,0.2494,1549423.27
2026-04-21 08:00:00+00:00,0.2494,0.2524,0.2493,0.2502,1128274.45
2026-04-21 09:00:00+00:00,0.2502,0.251,0.2495,0.2507,1016295.5
2026-04-21 10:00:00+00:00,0.2507,0.2517,0.2501,0.2513,2690235.29
2026-04-21 11:00:00+00:00,0.2513,0.2513,0.2498,0.2502,1482678.16
2026-04-21 12:00:00+00:00,0.2502,0.2507,0.2479,0.2488,1063746.92
2026-04-21 13:00:00+00:00,0.2488,0.2492,0.2477,0.2488,381194.88
2026-04-21 14:00:00+00:00,0.2488,0.2505,0.2479,0.2483,900897.58
2026-04-21 15:00:00+00:00,0.2483,0.2494,0.2475,0.2489,1233632.53
2026-04-21 16:00:00+00:00,0.2489,0.2494,0.2468,0.247,735917.03
2026-04-21 17:00:00+00:00,0.247,0.2479,0.2442,0.2465,1559479.57
2026-04-21 18:00:00+00:00,0.2465,0.2469,0.2455,0.2468,822289.54
2026-04-21 19:00:00+00:00,0.2468,0.248,0.2441,0.2447,1028744.17
2026-04-21 20:00:00+00:00,0.2447,0.2482,0.2447,0.2477,1909514.89
2026-04-21 21:00:00+00:00,0.2477,0.2481,0.2468,0.2477,299407.51
2026-04-21 22:00:00+00:00,0.2477,0.2491,0.247,0.249,324426.88
2026-04-21 23:00:00+00:00,0.249,0.2502,0.2479,0.25,1328687.07
2026-04-22 00:00:00+00:00,0.25,0.2508,0.2495,0.2499,724615.37
2026-04-22 01:00:00+00:00,0.2499,0.2501,0.2489,0.2493,421632.67
2026-04-22 02:00:00+00:00,0.2493,0.2545,0.2489,0.2545,2103057.33
2026-04-22 03:00:00+00:00,0.2545,0.2554,0.2535,0.2542,1178494.73
2026-04-22 04:00:00+00:00,0.2542,0.2552,0.2532,0.2542,1778352.46
2026-04-22 05:00:00+00:00,0.2542,0.2575,0.2539,0.2558,2418950.79
2026-04-22 06:00:00+00:00,0.2558,0.2559,0.255,0.2557,4103221.4
2026-04-22 07:00:00+00:00,0.2557,0.2557,0.2543,0.2548,2469592.7
2026-04-22 08:00:00+00:00,0.2548,0.2554,0.2543,0.2548,2695804.77
2026-04-22 09:00:00+00:00,0.2548,0.2557,0.2546,0.255,1876129.16
2026-04-22 10:00:00+00:00,0.255,0.2563,0.2547,0.2556,664819.48
2026-04-22 11:00:00+00:00,0.2556,0.2564,0.255,0.2557,739449.26
2026-04-22 12:00:00+00:00,0.2557,0.256,0.2545,0.2547,683579.41
2026-04-22 13:00:00+00:00,0.2547,0.2562,0.254,0.2549,2063297.67
2026-04-22 14:00:00+00:00,0.2549,0.2562,0.2542,0.2555,1500600.15
2026-04-22 15:00:00+00:00,0.2555,0.2559,0.2545,0.2551,782963.83
2026-04-22 16:00:00+00:00,0.2551,0.2557,0.2527,0.2528,1136919.45
2026-04-22 17:00:00+00:00,0.2528,0.254,0.2524,0.2533,965781.23
2026-04-22 18:00:00+00:00,0.2533,0.2542,0.2533,0.2534,401433.89
2026-04-22 19:00:00+00:00,0.2534,0.2534,0.2513,0.2525,2474073.83
2026-04-22 20:00:00+00:00,0.2525,0.2526,0.251,0.2511,1329878.24
2026-04-22 21:00:00+00:00,0.2511,0.2524,0.2511,0.2522,712067.63
2026-04-22 22:00:00+00:00,0.2522,0.2522,0.25,0.2504,989521.84
2026-04-22 23:00:00+00:00,0.2504,0.2507,0.2482,0.2484,1147691.97
2026-04-23 00:00:00+00:00,0.2484,0.2496,0.2461,0.2487,2611572.11
2026-04-23 01:00:00+00:00,0.2487,0.2487,0.2472,0.2483,909059.24
2026-04-23 02:00:00+00:00,0.2483,0.2483,0.2457,0.2466,1666624.08
2026-04-23 03:00:00+00:00,0.2466,0.247,0.2452,0.2464,1204544.39
2026-04-23 04:00:00+00:00,0.2464,0.2473,0.2461,0.2469,851868.94
2026-04-23 05:00:00+00:00,0.2469,0.2476,0.2465,0.2473,1081160.48
2026-04-23 06:00:00+00:00,0.2473,0.2484,0.2472,0.2478,1015777.71
2026-04-23 07:00:00+00:00,0.2478,0.2479,0.2467,0.2469,1074650.37
2026-04-23 08:00:00+00:00,0.2469,0.2473,0.2463,0.247,749369.53
2026-04-23 09:00:00+00:00,0.247,0.247,0.2454,0.2461,1694359.37
2026-04-23 10:00:00+00:00,0.2461,0.2463,0.2449,0.2459,2242265.28
2026-04-23 11:00:00+00:00,0.2459,0.248,0.2459,0.2477,924787.82
2026-04-23 12:00:00+00:00,0.2477,0.2483,0.2469,0.2477,1547034.25
2026-04-23 13:00:00+00:00,0.2477,0.2481,0.2471,0.2474,1497020.07
2026-04-23 14:00:00+00:00,0.2474,0.2494,0.247,0.2492,1812406.7
2026-04-23 15:00:00+00:00,0.2492,0.2509,0.2485,0.2504,2608889.91
2026-04-23 16:00:00+00:00,0.2504,0.2509,0.249,0.2491,1278760.12
2026-04-23 17:00:00+00:00,0.2491,0.2493,0.2446,0.2467,5507499.37
2026-04-23 18:00:00+00:00,0.2467,0.2475,0.2459,0.2461,2559527.89
2026-04-23 19:00:00+00:00,0.2461,0.247,0.2455,0.2468,1815833.41
2026-04-23 20:00:00+00:00,0.2468,0.249,0.2466,0.2483,1375886.21
2026-04-23 21:00:00+00:00,0.2483,0.2494,0.248,0.2486,1021994.8
2026-04-23 22:00:00+00:00,0.2486,0.2501,0.2486,0.2493,682019.01
2026-04-23 23:00:00+00:00,0.2493,0.2503,0.2486,0.2498,721199.09
2026-04-24 00:00:00+00:00,0.2498,0.2518,0.2498,0.2517,1894640.56
2026-04-24 01:00:00+00:00,0.2517,0.2518,0.25,0.2516,2800008.63
2026-04-24 02:00:00+00:00,0.2516,0.2516,0.2498,0.25,2172204.24
2026-04-24 03:00:00+00:00,0.25,0.2501,0.2481,0.2485,3832530.06
2026-04-24 04:00:00+00:00,0.2485,0.2486,0.2476,0.2482,1867235.31
2026-04-24 05:00:00+00:00,0.2482,0.2491,0.2473,0.2485,1407306.71
2026-04-24 06:00:00+00:00,0.2485,0.2495,0.2484,0.2487,1277883.88
2026-04-24 07:00:00+00:00,0.2487,0.2494,0.2484,0.2489,958782.15
2026-04-24 08:00:00+00:00,0.2489,0.2501,0.2485,0.2495,1412909.22
2026-04-24 09:00:00+00:00,0.2495,0.2499,0.2482,0.2486,1330309.47
2026-04-24 10:00:00+00:00,0.2486,0.2507,0.2484,0.2502,1362335.67
2026-04-24 11:00:00+00:00,0.2502,0.2519,0.2502,0.2512,2174098.5
2026-04-24 12:00:00+00:00,0.2512,0.2516,0.2501,0.2506,1382720.67
2026-04-24 13:00:00+00:00,0.2506,0.2519,0.2501,0.2504,1315261.77
2026-04-24 14:00:00+00:00,0.2504,0.2512,0.2496,0.2504,1217204.78
2026-04-24 15:00:00+00:00,0.2504,0.2523,0.249,0.2522,2487255.85
2026-04-24 16:00:00+00:00,0.2522,0.2525,0.2512,0.2517,2313712.63
2026-04-24 17:00:00+00:00,0.2517,0.2524,0.2511,0.2519,1143479.66
2026-04-24 18:00:00+00:00,0.2519,0.252,0.2507,0.2518,957691.04
2026-04-24 19:00:00+00:00,0.2518,0.2523,0.2511,0.2517,767802.34
2026-04-24 20:00:00+00:00,0.2517,0.2526,0.2507,0.2524,845327.79
2026-04-24 21:00:00+00:00,0.2524,0.2529,0.2514,0.2517,1114866.95
2026-04-24 22:00:00+00:00,0.2517,0.2517,0.2501,0.2503,1046471.49
2026-04-24 23:00:00+00:00,0.2503,0.2506,0.2501,0.2504,240255.67
2026-04-25 00:00:00+00:00,0.2504,0.2504,0.2496,0.25,404330.08
2026-04-25 01:00:00+00:00,0.25,0.2517,0.2499,0.2515,1500949.01
2026-04-25 02:00:00+00:00,0.2515,0.252,0.2507,0.2511,1882800.32
2026-04-25 03:00:00+00:00,0.2511,0.2518,0.2507,0.2516,628552.4
2026-04-25 04:00:00+00:00,0.2516,0.2523,0.2511,0.2512,1587469.46
2026-04-25 05:00:00+00:00,0.2512,0.252,0.2503,0.2518,1208829.43
2026-04-25 06:00:00+00:00,0.2518,0.2528,0.2513,0.2513,1302700.61
2026-04-25 07:00:00+00:00,0.2513,0.2518,0.2508,0.2513,614820.93
2026-04-25 08:00:00+00:00,0.2513,0.2523,0.2513,0.2521,352748.49
2026-04-25 09:00:00+00:00,0.2521,0.2538,0.2521,0.2535,1029449.31
2026-04-25 10:00:00+00:00,0.2535,0.2539,0.2529,0.2535,748111.8
2026-04-25 11:00:00+00:00,0.2535,0.2536,0.2514,0.2517,1145134.01
2026-04-25 12:00:00+00:00,0.2517,0.2522,0.2512,0.2517,919748.37
2026-04-25 13:00:00+00:00,0.2517,0.2536,0.2517,0.2521,2918816.75
2026-04-25 14:00:00+00:00,0.2521,0.2521,0.2509,0.251,1479597.75
2026-04-25 15:00:00+00:00,0.251,0.2511,0.2497,0.2501,965807.22
2026-04-25 16:00:00+00:00,0.2501,0.2506,0.2488,0.2495,1080108.69
2026-04-25 17:00:00+00:00,0.2495,0.2497,0.2483,0.2486,721261.96
2026-04-25 18:00:00+00:00,0.2486,0.2492,0.2482,0.2488,557015.11
2026-04-25 19:00:00+00:00,0.2488,0.2492,0.2486,0.2491,523684.32
2026-04-25 20:00:00+00:00,0.2491,0.2498,0.249,0.2498,523005.7
2026-04-25 21:00:00+00:00,0.2498,0.2501,0.2491,0.2493,600060.06
2026-04-25 22:00:00+00:00,0.2493,0.2504,0.2493,0.2499,724114.65
2026-04-25 23:00:00+00:00,0.2499,0.2503,0.2497,0.2502,535376.81
2026-04-26 00:00:00+00:00,0.2502,0.2502,0.2489,0.2492,696505.11
2026-04-26 01:00:00+00:00,0.2492,0.2493,0.2485,0.2487,708102.17
2026-04-26 02:00:00+00:00,0.2487,0.2499,0.2487,0.2495,731620.51
2026-04-26 03:00:00+00:00,0.2495,0.2501,0.2488,0.2495,824005.83
2026-04-26 04:00:00+00:00,0.2495,0.2508,0.2489,0.2501,685377.77
2026-04-26 05:00:00+00:00,0.2501,0.2516,0.2499,0.2506,982969.29
2026-04-26 06:00:00+00:00,0.2506,0.252,0.2506,0.2514,806595.82
2026-04-26 07:00:00+00:00,0.2514,0.252,0.2511,0.2514,619747.8
2026-04-26 08:00:00+00:00,0.2514,0.2518,0.2501,0.2514,1776210.79
2026-04-26 09:00:00+00:00,0.2514,0.2531,0.2512,0.2521,2020086.35
2026-04-26 10:00:00+00:00,0.2521,0.2528,0.2519,0.2526,556823.39
2026-04-26 11:00:00+00:00,0.2526,0.2543,0.2525,0.2535,793861.82
2026-04-26 12:00:00+00:00,0.2535,0.2538,0.2519,0.2526,2709688.77
2026-04-26 13:00:00+00:00,0.2526,0.253,0.2518,0.2519,1282131.08
2026-04-26 14:00:00+00:00,0.2519,0.253,0.2515,0.2526,504141.98
2026-04-26 15:00:00+00:00,0.2526,0.2529,0.252,0.2528,405944.86
2026-04-26 16:00:00+00:00,0.2528,0.2529,0.2511,0.2517,921892.29
2026-04-26 17:00:00+00:00,0.2517,0.2521,0.2509,0.252,529776.03
2026-04-26 18:00:00+00:00,0.252,0.2531,0.2515,0.2526,800819.77
2026-04-26 19:00:00+00:00,0.2526,0.2535,0.2522,0.2523,547771.87
2026-04-26 20:00:00+00:00,0.2523,0.253,0.2518,0.2519,606874.95
2026-04-26 21:00:00+00:00,0.2519,0.2528,0.2507,0.2528,1727334.67
2026-04-26 22:00:00+00:00,0.2528,0.2534,0.2511,0.2518,847389.71
2026-04-26 23:00:00+00:00,0.2518,0.253,0.2511,0.2521,454915.68
2026-04-27 00:00:00+00:00,0.2521,0.255,0.2515,0.2547,1627319.0
2026-04-27 01:00:00+00:00,0.2547,0.2559,0.2536,0.2558,1472567.59
2026-04-27 02:00:00+00:00,0.2558,0.256,0.2544,0.2553,874224.46
2026-04-27 03:00:00+00:00,0.2553,0.2558,0.254,0.254,788684.51
2026-04-27 04:00:00+00:00,0.254,0.2545,0.2527,0.2531,2223065.05
2026-04-27 05:00:00+00:00,0.2531,0.2531,0.2479,0.2485,2986706.86
2026-04-27 06:00:00+00:00,0.2485,0.249,0.2464,0.2478,2595782.28
2026-04-27 07:00:00+00:00,0.2478,0.248,0.2469,0.247,1112069.9
2026-04-27 08:00:00+00:00,0.247,0.2477,0.2466,0.2477,1949374.91
2026-04-27 09:00:00+00:00,0.2477,0.2482,0.2474,0.2476,2284956.3
2026-04-27 10:00:00+00:00,0.2476,0.2482,0.2474,0.2478,593434.91
2026-04-27 11:00:00+00:00,0.2478,0.2479,0.247,0.2478,890910.68
2026-04-27 12:00:00+00:00,0.2478,0.2481,0.247,0.2477,1020186.33
2026-04-27 13:00:00+00:00,0.2477,0.2483,0.2457,0.247,2258149.36
2026-04-27 14:00:00+00:00,0.247,0.2487,0.2465,0.2477,1843865.96
2026-04-27 15:00:00+00:00,0.2477,0.2478,0.2431,0.2446,3252450.6
2026-04-27 16:00:00+00:00,0.2446,0.2454,0.2442,0.245,635858.38
2026-04-27 17:00:00+00:00,0.245,0.246,0.245,0.2451,1251280.38
2026-04-27 18:00:00+00:00,0.2451,0.246,0.2449,0.2458,241347.95
2026-04-27 19:00:00+00:00,0.2458,0.246,0.2444,0.2453,523685.34
2026-04-27 20:00:00+00:00,0.2453,0.2462,0.2453,0.2458,275358.24
2026-04-27 21:00:00+00:00,0.2458,0.2463,0.2451,0.2452,1006172.15
2026-04-27 22:00:00+00:00,0.2452,0.247,0.2451,0.2469,352680.46
2026-04-27 23:00:00+00:00,0.2469,0.2485,0.2469,0.2482,788405.15
2026-04-28 00:00:00+00:00,0.2482,0.2484,0.2474,0.2478,470534.38
2026-04-28 01:00:00+00:00,0.2478,0.2481,0.2475,0.2478,440366.17
2026-04-28 02:00:00+00:00,0.2478,0.2485,0.2466,0.2474,821660.6
2026-04-28 03:00:00+00:00,0.2474,0.2476,0.2469,0.2474,309930.13
2026-04-28 04:00:00+00:00,0.2474,0.2483,0.247,0.2476,697587.98
2026-04-28 05:00:00+00:00,0.2476,0.2489,0.2475,0.2477,733875.7
2026-04-28 06:00:00+00:00,0.2477,0.2483,0.2458,0.2464,680308.08
2026-04-28 07:00:00+00:00,0.2464,0.2479,0.2451,0.2471,1425528.89
2026-04-28 08:00:00+00:00,0.2471,0.2472,0.2459,0.2466,1724670.47
2026-04-28 09:00:00+00:00,0.2466,0.247,0.2455,0.246,528488.01
2026-04-28 10:00:00+00:00,0.246,0.2465,0.246,0.2465,476102.47
2026-04-28 11:00:00+00:00,0.2465,0.2466,0.2452,0.2455,558795.22
2026-04-28 12:00:00+00:00,0.2455,0.2465,0.2448,0.2463,1356307.4
2026-04-28 13:00:00+00:00,0.2463,0.2474,0.2449,0.2463,1692219.8
2026-04-28 14:00:00+00:00,0.2463,0.2463,0.2444,0.2462,1554875.48
2026-04-28 15:00:00+00:00,0.2462,0.2468,0.2452,0.2466,1666598.36
2026-04-28 16:00:00+00:00,0.2466,0.247,0.2458,0.2462,1452877.11
2026-04-28 17:00:00+00:00,0.2462,0.2467,0.2452,0.2462,631166.97
2026-04-28 18:00:00+00:00,0.2462,0.2472,0.246,0.2472,426133.99
2026-04-28 19:00:00+00:00,0.2472,0.2478,0.2466,0.2474,555556.55
2026-04-28 20:00:00+00:00,0.2474,0.2479,0.2472,0.2475,432924.03
2026-04-28 21:00:00+00:00,0.2475,0.2481,0.2475,0.2477,604766.93
2026-04-28 22:00:00+00:00,0.2477,0.2479,0.2467,0.2469,597556.15
2026-04-28 23:00:00+00:00,0.2469,0.247,0.2464,0.2469,383081.65
2026-04-29 00:00:00+00:00,0.2469,0.2473,0.2465,0.2471,371988.91
2026-04-29 01:00:00+00:00,0.2471,0.2476,0.2463,0.2473,653867.31
2026-04-29 02:00:00+00:00,0.2473,0.2478,0.2469,0.2473,675201.28
2026-04-29 03:00:00+00:00,0.2473,0.2495,0.2473,0.249,1894975.88
2026-04-29 04:00:00+00:00,0.249,0.2505,0.2486,0.2493,2719194.84
2026-04-29 05:00:00+00:00,0.2493,0.2499,0.2488,0.2496,2105019.71
2026-04-29 06:00:00+00:00,0.2496,0.2501,0.2485,0.2488,2160633.2
2026-04-29 07:00:00+00:00,0.2488,0.2505,0.2488,0.2495,2120313.95
2026-04-29 08:00:00+00:00,0.2495,0.25,0.2493,0.2495,1351506.68
2026-04-29 09:00:00+00:00,0.2495,0.2533,0.2492,0.2529,2337868.29
2026-04-29 10:00:00+00:00,0.2529,0.2541,0.2516,0.2525,2219997.92
2026-04-29 11:00:00+00:00,0.2525,0.2527,0.2512,0.2513,931102.66
2026-04-29 12:00:00+00:00,0.2513,0.2515,0.2483,0.2491,2128066.59
2026-04-29 13:00:00+00:00,0.2491,0.2493,0.2464,0.2477,1753406.12
2026-04-29 14:00:00+00:00,0.2477,0.2477,0.2461,0.2462,871911.21
2026-04-29 15:00:00+00:00,0.2462,0.2465,0.2434,0.2441,2256704.6
2026-04-29 16:00:00+00:00,0.2441,0.2449,0.2426,0.2435,2193760.12
2026-04-29 17:00:00+00:00,0.2435,0.2451,0.2434,0.2451,984013.67
2026-04-29 18:00:00+00:00,0.2451,0.2453,0.2384,0.2418,5355423.05
2026-04-29 19:00:00+00:00,0.2418,0.2422,0.2409,0.2417,1185570.62
2026-04-29 20:00:00+00:00,0.2417,0.2437,0.2415,0.2433,1312406.04
2026-04-29 21:00:00+00:00,0.2433,0.2451,0.2428,0.2444,706895.34
2026-04-29 22:00:00+00:00,0.2444,0.2448,0.244,0.2443,653171.62
2026-04-29 23:00:00+00:00,0.2443,0.2448,0.2435,0.2445,554735.8
2026-04-30 00:00:00+00:00,0.2445,0.247,0.2445,0.2467,1080193.0
2026-04-30 01:00:00+00:00,0.2467,0.2478,0.246,0.2469,1461354.35
2026-04-30 02:00:00+00:00,0.2469,0.2476,0.2448,0.2465,2871706.53
2026-04-30 03:00:00+00:00,0.2465,0.2473,0.2462,0.2467,1105933.99
2026-04-30 04:00:00+00:00,0.2467,0.2468,0.2448,0.245,776204.03
2026-04-30 05:00:00+00:00,0.245,0.2461,0.2445,0.2453,581280.52
2026-04-30 06:00:00+00:00,0.2453,0.2464,0.245,0.2457,655381.17
2026-04-30 07:00:00+00:00,0.2457,0.247,0.2455,0.2467,778360.11
2026-04-30 08:00:00+00:00,0.2467,0.2472,0.246,0.2468,648029.28
2026-04-30 09:00:00+00:00,0.2468,0.2484,0.2466,0.2472,1113006.57
2026-04-30 10:00:00+00:00,0.2472,0.2474,0.2457,0.2458,220164.86
2026-04-30 11:00:00+00:00,0.2458,0.2472,0.2454,0.2462,754734.02
2026-04-30 12:00:00+00:00,0.2462,0.2471,0.2458,0.2458,380138.71
2026-04-30 13:00:00+00:00,0.2458,0.2465,0.245,0.246,394874.23
2026-04-30 14:00:00+00:00,0.246,0.2467,0.245,0.2461,591162.61
2026-04-30 15:00:00+00:00,0.2461,0.2483,0.2456,0.2475,464020.93
2026-04-30 16:00:00+00:00,0.2475,0.2475,0.2461,0.2463,351038.75
2026-04-30 17:00:00+00:00,0.2463,0.2464,0.2454,0.2462,205105.79
2026-04-30 18:00:00+00:00,0.2462,0.2467,0.2457,0.2461,172087.36
2026-04-30 19:00:00+00:00,0.2461,0.2467,0.2458,0.2465,246243.61
2026-04-30 20:00:00+00:00,0.2465,0.2471,0.246,0.2467,332059.03
2026-04-30 21:00:00+00:00,0.2467,0.2473,0.2464,0.2464,446275.73
2026-04-30 22:00:00+00:00,0.2464,0.2471,0.2457,0.2459,180000.19
2026-04-30 23:00:00+00:00,0.2459,0.2465,0.2454,0.2462,339096.27
2026-05-01 00:00:00+00:00,0.2462,0.2474,0.246,0.2465,502703.78
2026-05-01 01:00:00+00:00,0.2465,0.2477,0.2465,0.2473,298601.35
2026-05-01 02:00:00+00:00,0.2473,0.2477,0.2467,0.2473,274799.67
2026-05-01 03:00:00+00:00,0.2473,0.2503,0.2469,0.2488,1003231.97
2026-05-01 04:00:00+00:00,0.2488,0.2499,0.2483,0.2488,572912.77
2026-05-01 05:00:00+00:00,0.2488,0.2498,0.2485,0.2487,355983.33
2026-05-01 06:00:00+00:00,0.2487,0.2493,0.248,0.2484,407451.87
2026-05-01 07:00:00+00:00,0.2484,0.249,0.248,0.2486,544256.78
2026-05-01 08:00:00+00:00,0.2486,0.2497,0.2485,0.2494,1707768.62
2026-05-01 09:00:00+00:00,0.2494,0.2494,0.2475,0.2481,987878.04
2026-05-01 10:00:00+00:00,0.2481,0.2482,0.247,0.2481,396524.46
2026-05-01 11:00:00+00:00,0.2481,0.2486,0.2475,0.2479,840609.0
2026-05-01 12:00:00+00:00,0.2479,0.2496,0.2478,0.2488,1007999.36
2026-05-01 13:00:00+00:00,0.2488,0.2512,0.2488,0.2504,1905757.0
2026-05-01 14:00:00+00:00,0.2504,0.2508,0.2492,0.2503,1493768.22
2026-05-01 15:00:00+00:00,0.2503,0.2511,0.249,0.2503,2088449.34
2026-05-01 16:00:00+00:00,0.2503,0.2509,0.2489,0.2495,1182766.52
2026-05-01 17:00:00+00:00,0.2495,0.2503,0.2489,0.2502,740741.93
2026-05-01 18:00:00+00:00,0.2502,0.2504,0.2497,0.2499,605003.6
2026-05-01 19:00:00+00:00,0.2499,0.2504,0.2497,0.2498,310949.95
2026-05-01 20:00:00+00:00,0.2498,0.2501,0.2481,0.2485,889231.62
2026-05-01 21:00:00+00:00,0.2485,0.2493,0.2483,0.2487,418117.52
2026-05-01 22:00:00+00:00,0.2487,0.2491,0.2478,0.2481,359955.69
2026-05-01 23:00:00+00:00,0.2481,0.2483,0.2476,0.2483,357926.05
2026-05-02 00:00:00+00:00,0.2483,0.2485,0.2477,0.2484,323906.95
2026-05-02 01:00:00+00:00,0.2484,0.2487,0.2481,0.2482,287034.4
2026-05-02 02:00:00+00:00,0.2482,0.2485,0.2479,0.2483,372481.72
2026-05-02 03:00:00+00:00,0.2483,0.2486,0.2477,0.2481,355180.36
2026-05-02 04:00:00+00:00,0.2481,0.2483,0.2475,0.248,1538865.68
2026-05-02 05:00:00+00:00,0.248,0.2481,0.247,0.2472,463301.96
2026-05-02 06:00:00+00:00,0.2472,0.248,0.2471,0.248,409084.48
2026-05-02 07:00:00+00:00,0.248,0.2481,0.2476,0.2477,326191.62
2026-05-02 08:00:00+00:00,0.2477,0.2482,0.2474,0.2481,260407.35
2026-05-02 09:00:00+00:00,0.2481,0.249,0.2481,0.2487,639194.64
2026-05-02 10:00:00+00:00,0.2487,0.2491,0.2487,0.2489,203138.05
2026-05-02 11:00:00+00:00,0.2489,0.2489,0.2482,0.2483,463981.0
2026-05-02 12:00:00+00:00,0.2483,0.2485,0.2477,0.2479,493221.9
2026-05-02 13:00:00+00:00,0.2479,0.2492,0.2479,0.2488,414933.78
2026-05-02 14:00:00+00:00,0.2488,0.2501,0.2487,0.2498,710722.62
2026-05-02 15:00:00+00:00,0.2498,0.2502,0.2495,0.2502,478813.39
2026-05-02 16:00:00+00:00,0.2502,0.2508,0.25,0.2507,785866.13
2026-05-02 17:00:00+00:00,0.2507,0.2508,0.2497,0.2498,624433.42
2026-05-02 18:00:00+00:00,0.2498,0.2505,0.2492,0.2503,355739.95
2026-05-02 19:00:00+00:00,0.2503,0.2514,0.2503,0.2512,460004.38
2026-05-02 20:00:00+00:00,0.2512,0.2515,0.2508,0.2511,588183.74
2026-05-02 21:00:00+00:00,0.2511,0.2527,0.2507,0.2511,1061601.58
2026-05-02 22:00:00+00:00,0.2511,0.2516,0.2504,0.2509,327391.52
2026-05-02 23:00:00+00:00,0.2509,0.2509,0.25,0.2502,529289.05
2026-05-03 00:00:00+00:00,0.2502,0.2505,0.2494,0.2497,500103.55
2026-05-03 01:00:00+00:00,0.2497,0.2498,0.2482,0.2483,294360.88
2026-05-03 02:00:00+00:00,0.2483,0.2486,0.2475,0.2479,246205.06
2026-05-03 03:00:00+00:00,0.2479,0.2482,0.2474,0.248,224625.22
2026-05-03 04:00:00+00:00,0.248,0.2488,0.2476,0.2483,287911.36
2026-05-03 05:00:00+00:00,0.2483,0.2487,0.2478,0.2483,260643.05
2026-05-03 06:00:00+00:00,0.2483,0.2488,0.2475,0.2485,201832.66
2026-05-03 07:00:00+00:00,0.2485,0.2496,0.2485,0.2489,905974.06
2026-05-03 08:00:00+00:00,0.2489,0.2493,0.2484,0.2484,214637.47
2026-05-03 09:00:00+00:00,0.2484,0.2496,0.2482,0.2493,527481.67
2026-05-03 10:00:00+00:00,0.2493,0.2495,0.2487,0.2487,306087.91
2026-05-03 11:00:00+00:00,0.2487,0.2505,0.2483,0.2497,878642.61
2026-05-03 12:00:00+00:00,0.2497,0.2509,0.2497,0.2502,442717.93
2026-05-03 13:00:00+00:00,0.2502,0.2504,0.2497,0.2499,358580.32
2026-05-03 14:00:00+00:00,0.2499,0.2505,0.2495,0.2502,303978.05
2026-05-03 15:00:00+00:00,0.2502,0.2512,0.2502,0.2508,454371.04
2026-05-03 16:00:00+00:00,0.2508,0.2513,0.2505,0.2511,364659.72
2026-05-03 17:00:00+00:00,0.2511,0.2514,0.2505,0.2507,861500.37
2026-05-03 18:00:00+00:00,0.2507,0.2512,0.2505,0.2507,360845.97
2026-05-03 19:00:00+00:00,0.2507,0.2513,0.2505,0.2508,272854.38
2026-05-03 20:00:00+00:00,0.2508,0.2517,0.2502,0.2503,462176.41
2026-05-03 21:00:00+00:00,0.2503,0.2509,0.2485,0.2494,2383821.23
2026-05-03 22:00:00+00:00,0.2494,0.2517,0.2494,0.2511,838954.48
2026-05-03 23:00:00+00:00,0.2511,0.2514,0.2493,0.2495,1010643.44
2026-05-04 00:00:00+00:00,0.2495,0.2496,0.2474,0.249,1060483.38
2026-05-04 01:00:00+00:00,0.249,0.2526,0.2478,0.2521,2303105.81
2026-05-04 02:00:00+00:00,0.2521,0.2543,0.2521,0.2534,3721925.87
2026-05-04 03:00:00+00:00,0.2534,0.2544,0.2529,0.2537,1171044.03
2026-05-04 04:00:00+00:00,0.2537,0.2552,0.2533,0.2535,1120807.67
2026-05-04 05:00:00+00:00,0.2535,0.2536,0.2525,0.2532,646710.86
2026-05-04 06:00:00+00:00,0.2532,0.2536,0.251,0.2532,3930942.38
2026-05-04 07:00:00+00:00,0.2532,0.2532,0.2516,0.2517,1240501.73
2026-05-04 08:00:00+00:00,0.2517,0.2523,0.2512,0.2517,2208624.05
2026-05-04 09:00:00+00:00,0.2517,0.2534,0.2515,0.253,1615535.21
2026-05-04 10:00:00+00:00,0.253,0.2531,0.2472,0.2486,11398663.67
2026-05-04 11:00:00+00:00,0.2486,0.2489,0.2481,0.2486,2159470.49
2026-05-04 12:00:00+00:00,0.2486,0.2498,0.2484,0.2491,1481104.15
2026-05-04 13:00:00+00:00,0.2491,0.2506,0.2483,0.25,3855707.64
2026-05-04 14:00:00+00:00,0.25,0.2533,0.2491,0.2524,5668580.32
2026-05-04 15:00:00+00:00,0.2524,0.2527,0.2494,0.2507,7802047.29
2026-05-04 16:00:00+00:00,0.2507,0.2516,0.2496,0.2506,2985451.65
2026-05-04 17:00:00+00:00,0.2506,0.2529,0.2505,0.2521,2138869.66
2026-05-04 18:00:00+00:00,0.2521,0.2528,0.2513,0.2522,1443373.65
2026-05-04 19:00:00+00:00,0.2522,0.2522,0.2507,0.2511,1160006.0
2026-05-04 20:00:00+00:00,0.2511,0.2512,0.2495,0.2498,1076307.1
2026-05-04 21:00:00+00:00,0.2498,0.2517,0.2497,0.2511,1079882.13
2026-05-04 22:00:00+00:00,0.2511,0.2515,0.25,0.2504,803265.53
2026-05-04 23:00:00+00:00,0.2504,0.2506,0.2496,0.25,680994.36
2026-05-05 00:00:00+00:00,0.25,0.251,0.2498,0.2508,954237.53
2026-05-05 01:00:00+00:00,0.2508,0.2513,0.2503,0.251,704273.09
2026-05-05 02:00:00+00:00,0.251,0.2523,0.2507,0.2517,1013968.98
2026-05-05 03:00:00+00:00,0.2517,0.2531,0.2512,0.2526,1207853.61
2026-05-05 04:00:00+00:00,0.2526,0.2531,0.2521,0.2523,1613805.55
2026-05-05 05:00:00+00:00,0.2523,0.2534,0.2521,0.253,1553179.41
2026-05-05 06:00:00+00:00,0.253,0.2552,0.2525,0.2547,3183965.68
2026-05-05 07:00:00+00:00,0.2547,0.2583,0.2544,0.2566,6081350.36
2026-05-05 08:00:00+00:00,0.2566,0.2581,0.2564,0.2568,1817997.64
2026-05-05 09:00:00+00:00,0.2568,0.2594,0.2568,0.2575,2314748.83
2026-05-05 10:00:00+00:00,0.2575,0.2599,0.2571,0.259,3369286.47
2026-05-05 11:00:00+00:00,0.259,0.2593,0.2575,0.2586,1148153.75
2026-05-05 12:00:00+00:00,0.2586,0.2593,0.2582,0.2589,980004.12
2026-05-05 13:00:00+00:00,0.2589,0.2598,0.2576,0.2586,1349630.13
2026-05-05 14:00:00+00:00,0.2586,0.2588,0.2558,0.257,1839447.87
2026-05-05 15:00:00+00:00,0.257,0.2579,0.2568,0.2569,724606.41
2026-05-05 16:00:00+00:00,0.2569,0.258,0.2561,0.2576,999913.82
2026-05-05 17:00:00+00:00,0.2576,0.2588,0.2568,0.2583,795124.16
2026-05-05 18:00:00+00:00,0.2583,0.2589,0.2578,0.258,427681.73
2026-05-05 19:00:00+00:00,0.258,0.2588,0.2576,0.2588,618953.78
2026-05-05 20:00:00+00:00,0.2588,0.2615,0.2584,0.2612,3229404.29
2026-05-05 21:00:00+00:00,0.2612,0.2646,0.2612,0.2642,3902330.85
2026-05-05 22:00:00+00:00,0.2642,0.2657,0.2615,0.2625,3331804.12
2026-05-05 23:00:00+00:00,0.2625,0.2633,0.2613,0.262,928555.07
2026-05-06 00:00:00+00:00,0.262,0.263,0.26,0.2608,1263889.77
2026-05-06 01:00:00+00:00,0.2608,0.2635,0.2608,0.2631,538175.08
2026-05-06 02:00:00+00:00,0.2631,0.2633,0.261,0.262,386370.23
2026-05-06 03:00:00+00:00,0.262,0.2643,0.2617,0.2639,585182.02
2026-05-06 04:00:00+00:00,0.2639,0.2644,0.2624,0.2624,839076.96
2026-05-06 05:00:00+00:00,0.2624,0.2641,0.262,0.264,558988.88
2026-05-06 06:00:00+00:00,0.264,0.2644,0.2631,0.2638,589650.35
2026-05-06 07:00:00+00:00,0.2638,0.2653,0.2634,0.2648,781713.19
2026-05-06 08:00:00+00:00,0.2648,0.2723,0.2648,0.272,7949485.71
2026-05-06 09:00:00+00:00,0.272,0.2737,0.27,0.273,4046921.22
2026-05-06 10:00:00+00:00,0.273,0.2733,0.2706,0.2711,1593015.41
2026-05-06 11:00:00+00:00,0.2711,0.2718,0.2702,0.2718,1466585.27
2026-05-06 12:00:00+00:00,0.2718,0.2723,0.2706,0.2718,2077583.75
2026-05-06 13:00:00+00:00,0.2718,0.2718,0.264,0.2652,8636245.45
2026-05-06 14:00:00+00:00,0.2652,0.267,0.2629,0.2658,2874104.02
2026-05-06 15:00:00+00:00,0.2658,0.2678,0.2657,0.2676,1398810.35
2026-05-06 16:00:00+00:00,0.2676,0.2683,0.2657,0.2668,1690888.01
2026-05-06 17:00:00+00:00,0.2668,0.2672,0.2656,0.2657,912270.18
2026-05-06 18:00:00+00:00,0.2657,0.2666,0.2649,0.266,978843.35
2026-05-06 19:00:00+00:00,0.266,0.2666,0.2656,0.2665,439301.58
2026-05-06 20:00:00+00:00,0.2665,0.2677,0.2656,0.2661,754655.5
2026-05-06 21:00:00+00:00,0.2661,0.2688,0.265,0.2686,1337473.87
2026-05-06 22:00:00+00:00,0.2686,0.2686,0.2656,0.266,696173.46
2026-05-06 23:00:00+00:00,0.266,0.267,0.2643,0.2669,1342839.21
2026-05-07 00:00:00+00:00,0.2669,0.2673,0.2649,0.2654,1309197.2
2026-05-07 01:00:00+00:00,0.2654,0.2659,0.2639,0.2652,1722943.62
2026-05-07 02:00:00+00:00,0.2652,0.2656,0.2633,0.2646,1970602.43
2026-05-07 03:00:00+00:00,0.2646,0.2654,0.2636,0.2637,829885.7
2026-05-07 04:00:00+00:00,0.2637,0.2665,0.2635,0.2651,1140242.78
2026-05-07 05:00:00+00:00,0.2651,0.2673,0.2651,0.266,1383907.31
2026-05-07 06:00:00+00:00,0.266,0.2676,0.2645,0.2675,1390872.24
2026-05-07 07:00:00+00:00,0.2675,0.2686,0.267,0.2684,809188.59
2026-05-07 08:00:00+00:00,0.2684,0.2688,0.2672,0.2679,1183857.64
2026-05-07 09:00:00+00:00,0.2679,0.268,0.2665,0.2669,865159.31
2026-05-07 10:00:00+00:00,0.2669,0.2676,0.2657,0.2672,948898.54
2026-05-07 11:00:00+00:00,0.2672,0.2685,0.267,0.268,738047.64
2026-05-07 12:00:00+00:00,0.268,0.2703,0.2678,0.2692,1902371.84
2026-05-07 13:00:00+00:00,0.2692,0.2692,0.2649,0.2661,2436158.35
2026-05-07 14:00:00+00:00,0.2661,0.2667,0.2623,0.2637,2822658.67
2026-05-07 15:00:00+00:00,0.2637,0.2643,0.2612,0.2619,2584032.56
2026-05-07 16:00:00+00:00,0.2619,0.2634,0.2611,0.262,1878939.05
2026-05-07 17:00:00+00:00,0.262,0.2628,0.2597,0.2627,2899270.96
2026-05-07 18:00:00+00:00,0.2627,0.2642,0.2624,0.2635,1194814.45
2026-05-07 19:00:00+00:00,0.2635,0.2641,0.2625,0.263,1108558.6
2026-05-07 20:00:00+00:00,0.263,0.2646,0.2617,0.2618,1242139.04
2026-05-07 21:00:00+00:00,0.2618,0.2628,0.2609,0.2616,1364089.41
2026-05-07 22:00:00+00:00,0.2616,0.2624,0.2608,0.2619,1470794.22
2026-05-07 23:00:00+00:00,0.2619,0.263,0.2618,0.2627,479546.55
2026-05-08 00:00:00+00:00,0.2627,0.2632,0.2615,0.262,643694.25
2026-05-08 01:00:00+00:00,0.262,0.2623,0.261,0.2619,1001679.14
2026-05-08 02:00:00+00:00,0.2619,0.2624,0.2603,0.2614,1395492.15
2026-05-08 03:00:00+00:00,0.2614,0.2625,0.2601,0.2619,1373664.12
2026-05-08 04:00:00+00:00,0.2619,0.2628,0.2618,0.2623,343823.53
2026-05-08 05:00:00+00:00,0.2623,0.2625,0.2614,0.2614,789272.53
2026-05-08 06:00:00+00:00,0.2614,0.2619,0.2607,0.2615,1303254.27
2026-05-08 07:00:00+00:00,0.2615,0.2623,0.2606,0.2621,1260453.5
2026-05-08 08:00:00+00:00,0.2621,0.2644,0.2613,0.2635,5336374.07
2026-05-08 09:00:00+00:00,0.2635,0.2645,0.2627,0.2636,1124806.27
2026-05-08 10:00:00+00:00,0.2636,0.2647,0.2632,0.264,712786.88
2026-05-08 11:00:00+00:00,0.264,0.2648,0.2639,0.2646,2315171.02
2026-05-08 12:00:00+00:00,0.2646,0.2654,0.2636,0.2639,2769494.43
2026-05-08 13:00:00+00:00,0.2639,0.2643,0.2629,0.2639,1495703.38
2026-05-08 14:00:00+00:00,0.2639,0.2676,0.2639,0.2673,1712421.23
2026-05-08 15:00:00+00:00,0.2673,0.2697,0.2657,0.2696,1526134.35
2026-05-08 16:00:00+00:00,0.2696,0.2697,0.2678,0.2692,1882469.29
2026-05-08 17:00:00+00:00,0.2692,0.2724,0.269,0.2709,2218229.98
2026-05-08 18:00:00+00:00,0.2709,0.273,0.2709,0.2719,2061759.09
2026-05-08 19:00:00+00:00,0.2719,0.2735,0.2711,0.2718,2126460.77
2026-05-08 20:00:00+00:00,0.2718,0.272,0.2706,0.2714,1783031.75
2026-05-08 21:00:00+00:00,0.2714,0.2785,0.2714,0.276,3836948.03
2026-05-08 22:00:00+00:00,0.276,0.2774,0.2747,0.275,784401.68
2026-05-08 23:00:00+00:00,0.275,0.2751,0.2724,0.2735,606948.87
2026-05-09 00:00:00+00:00,0.2735,0.2759,0.2732,0.2757,898446.56
2026-05-09 01:00:00+00:00,0.2757,0.2784,0.2753,0.2776,878904.61
2026-05-09 02:00:00+00:00,0.2776,0.278,0.2764,0.2772,667015.57
2026-05-09 03:00:00+00:00,0.2772,0.2774,0.2757,0.2762,540263.7
2026-05-09 04:00:00+00:00,0.2762,0.2779,0.275,0.2751,758136.53
2026-05-09 05:00:00+00:00,0.2751,0.2768,0.2748,0.2759,383868.88
2026-05-09 06:00:00+00:00,0.2759,0.2764,0.2743,0.2748,489879.57
2026-05-09 07:00:00+00:00,0.2748,0.2752,0.2741,0.2752,421280.5
2026-05-09 08:00:00+00:00,0.2752,0.2765,0.275,0.2757,319109.73
2026-05-09 09:00:00+00:00,0.2757,0.2758,0.2727,0.273,503214.64
2026-05-09 10:00:00+00:00,0.273,0.2736,0.2722,0.2731,286106.63
2026-05-09 11:00:00+00:00,0.2731,0.2739,0.273,0.2736,169129.33
2026-05-09 12:00:00+00:00,0.2736,0.2741,0.2726,0.2733,234491.74
2026-05-09 13:00:00+00:00,0.2733,0.2734,0.2714,0.2724,434750.23
2026-05-09 14:00:00+00:00,0.2724,0.2725,0.271,0.2712,534094.98
2026-05-09 15:00:00+00:00,0.2712,0.2715,0.27,0.2705,617243.15
2026-05-09 16:00:00+00:00,0.2705,0.2713,0.2695,0.2707,322498.79
2026-05-09 17:00:00+00:00,0.2707,0.2726,0.2707,0.2719,532623.99
2026-05-09 18:00:00+00:00,0.2719,0.273,0.2718,0.272,285165.76
2026-05-09 19:00:00+00:00,0.272,0.2727,0.2719,0.2727,240566.07
2026-05-09 20:00:00+00:00,0.2727,0.2728,0.2719,0.2724,116318.25
2026-05-09 21:00:00+00:00,0.2724,0.273,0.272,0.2722,150493.42
2026-05-09 22:00:00+00:00,0.2722,0.2728,0.2719,0.2723,188033.98
2026-05-09 23:00:00+00:00,0.2723,0.2726,0.2704,0.2709,419219.43
2026-05-10 00:00:00+00:00,0.2709,0.2719,0.2701,0.2704,644238.32
2026-05-10 01:00:00+00:00,0.2704,0.2704,0.2689,0.2697,706518.19
2026-05-10 02:00:00+00:00,0.2697,0.2707,0.2693,0.2702,332869.65
2026-05-10 03:00:00+00:00,0.2702,0.2709,0.2697,0.2701,432472.59
2026-05-10 04:00:00+00:00,0.2701,0.2707,0.2699,0.2704,185396.62
2026-05-10 05:00:00+00:00,0.2704,0.2707,0.2692,0.2697,640205.52
2026-05-10 06:00:00+00:00,0.2697,0.2701,0.2684,0.2698,1577733.73
2026-05-10 07:00:00+00:00,0.2698,0.2712,0.2698,0.2707,420579.29
2026-05-10 08:00:00+00:00,0.2707,0.2736,0.2706,0.2734,3297569.71
2026-05-10 09:00:00+00:00,0.2734,0.2739,0.272,0.272,2657973.32
2026-05-10 10:00:00+00:00,0.272,0.2731,0.2713,0.2728,1731539.35
2026-05-10 11:00:00+00:00,0.2728,0.273,0.2715,0.2728,1090799.3
2026-05-10 12:00:00+00:00,0.2728,0.2729,0.2721,0.2729,442497.97
2026-05-10 13:00:00+00:00,0.2729,0.2748,0.2726,0.2745,1646445.62
2026-05-10 14:00:00+00:00,0.2745,0.2759,0.2741,0.2755,2505005.86
2026-05-10 15:00:00+00:00,0.2755,0.2824,0.2754,0.2814,6552077.36
2026-05-10 16:00:00+00:00,0.2814,0.2856,0.2803,0.2846,7940359.08
2026-05-10 17:00:00+00:00,0.2846,0.2885,0.2839,0.2867,6876804.27
2026-05-10 18:00:00+00:00,0.2867,0.2883,0.2858,0.2868,2428009.47
2026-05-10 19:00:00+00:00,0.2868,0.2885,0.2847,0.287,2362683.09
2026-05-10 20:00:00+00:00,0.287,0.2881,0.275,0.278,6431840.27
2026-05-10 21:00:00+00:00,0.278,0.2813,0.2762,0.2793,3953792.26
2026-05-10 22:00:00+00:00,0.2793,0.2836,0.2788,0.2831,3802384.78
2026-05-10 23:00:00+00:00,0.2831,0.2837,0.2819,0.2822,5375535.78
2026-05-11 00:00:00+00:00,0.2822,0.2828,0.2785,0.2796,2728011.03
2026-05-11 01:00:00+00:00,0.2796,0.2815,0.2785,0.2805,1605961.48
2026-05-11 02:00:00+00:00,0.2805,0.2806,0.2768,0.2775,1721249.21
2026-05-11 03:00:00+00:00,0.2775,0.2779,0.2741,0.2765,1803922.24
2026-05-11 04:00:00+00:00,0.2765,0.2775,0.2754,0.2771,837268.08
2026-05-11 05:00:00+00:00,0.2771,0.2792,0.2771,0.2786,823053.69
2026-05-11 06:00:00+00:00,0.2786,0.2798,0.2776,0.2782,3426924.49
2026-05-11 07:00:00+00:00,0.2782,0.2782,0.277,0.2777,704736.28
2026-05-11 08:00:00+00:00,0.2777,0.2781,0.2758,0.2765,1232966.47
2026-05-11 09:00:00+00:00,0.2765,0.2789,0.2761,0.2785,1121429.4
2026-05-11 10:00:00+00:00,0.2785,0.2812,0.2783,0.2789,1524475.52
2026-05-11 11:00:00+00:00,0.2789,0.2802,0.2786,0.2794,666486.59
2026-05-11 12:00:00+00:00,0.2794,0.2802,0.278,0.2788,1496129.6
2026-05-11 13:00:00+00:00,0.2788,0.2811,0.2783,0.2807,2427403.47
2026-05-11 14:00:00+00:00,0.2807,0.2819,0.2778,0.2802,3770144.52
2026-05-11 15:00:00+00:00,0.2802,0.2835,0.2798,0.2825,2414302.82
2026-05-11 16:00:00+00:00,0.2825,0.2829,0.2803,0.2816,1659568.27
2026-05-11 17:00:00+00:00,0.2816,0.2825,0.2805,0.2817,927384.55
2026-05-11 18:00:00+00:00,0.2817,0.282,0.28,0.2803,641888.26
2026-05-11 19:00:00+00:00,0.2803,0.2812,0.2795,0.2812,1143320.09
2026-05-11 20:00:00+00:00,0.2812,0.2819,0.2793,0.2808,1226545.04
2026-05-11 21:00:00+00:00,0.2808,0.2819,0.2805,0.2805,789009.5
2026-05-11 22:00:00+00:00,0.2805,0.2816,0.2801,0.2807,741693.58
2026-05-11 23:00:00+00:00,0.2807,0.281,0.2796,0.2804,609691.01
2026-05-12 00:00:00+00:00,0.2804,0.2818,0.2798,0.2813,1458914.98
2026-05-12 01:00:00+00:00,0.2813,0.2816,0.2762,0.2777,3482845.2
2026-05-12 02:00:00+00:00,0.2777,0.2788,0.2774,0.2783,1037817.8
2026-05-12 03:00:00+00:00,0.2783,0.2788,0.2769,0.2771,1292678.2
2026-05-12 04:00:00+00:00,0.2771,0.2782,0.2769,0.2775,1556787.0
2026-05-12 05:00:00+00:00,0.2775,0.2784,0.2774,0.2776,531345.13
2026-05-12 06:00:00+00:00,0.2776,0.2784,0.2766,0.2772,1092426.01
2026-05-12 07:00:00+00:00,0.2772,0.2774,0.2751,0.2769,2051875.95
2026-05-12 08:00:00+00:00,0.2769,0.278,0.2752,0.2762,6423739.47
2026-05-12 09:00:00+00:00,0.2762,0.2764,0.2745,0.2759,1396767.32
2026-05-12 10:00:00+00:00,0.2759,0.276,0.2734,0.2744,2063864.78
2026-05-12 11:00:00+00:00,0.2744,0.275,0.2734,0.2744,965311.04
2026-05-12 12:00:00+00:00,0.2744,0.2754,0.2729,0.2743,1939691.51
2026-05-12 13:00:00+00:00,0.2743,0.2747,0.2714,0.2719,2661456.35
2026-05-12 14:00:00+00:00,0.2719,0.2729,0.2689,0.2693,3190159.98
2026-05-12 15:00:00+00:00,0.2693,0.2706,0.2679,0.2693,1600969.26
2026-05-12 16:00:00+00:00,0.2693,0.2703,0.2673,0.2677,1897919.42
2026-05-12 17:00:00+00:00,0.2677,0.2708,0.2677,0.2704,1516011.01
2026-05-12 18:00:00+00:00,0.2704,0.271,0.2699,0.2703,594855.83
2026-05-12 19:00:00+00:00,0.2703,0.2725,0.2703,0.272,771914.77
2026-05-12 20:00:00+00:00,0.272,0.2722,0.2715,0.272,182072.2
2026-05-12 21:00:00+00:00,0.272,0.2724,0.2716,0.2719,269648.23
2026-05-12 22:00:00+00:00,0.2719,0.2729,0.2714,0.2718,708922.34
2026-05-12 23:00:00+00:00,0.2718,0.2724,0.2706,0.2711,929270.95
2026-05-13 00:00:00+00:00,0.2711,0.2735,0.271,0.2716,3247649.67
2026-05-13 01:00:00+00:00,0.2716,0.2743,0.2716,0.2733,1602361.75
2026-05-13 02:00:00+00:00,0.2733,0.2743,0.273,0.2736,567430.64
2026-05-13 03:00:00+00:00,0.2736,0.2744,0.2733,0.2741,511490.61
2026-05-13 04:00:00+00:00,0.2741,0.2748,0.2736,0.2743,770099.76
2026-05-13 05:00:00+00:00,0.2743,0.2746,0.2726,0.2732,1501716.9
2026-05-13 06:00:00+00:00,0.2732,0.274,0.2726,0.2727,989218.7
2026-05-13 07:00:00+00:00,0.2727,0.2736,0.2726,0.2734,636580.74
2026-05-13 08:00:00+00:00,0.2734,0.2744,0.273,0.274,984968.41
2026-05-13 09:00:00+00:00,0.274,0.2777,0.274,0.2771,3187015.21
2026-05-13 10:00:00+00:00,0.2771,0.2773,0.2735,0.274,1693797.65
2026-05-13 11:00:00+00:00,0.274,0.2742,0.2703,0.2707,3264465.66
2026-05-13 12:00:00+00:00,0.2707,0.2716,0.2662,0.268,6441637.51
2026-05-13 13:00:00+00:00,0.268,0.2691,0.2649,0.2657,3089677.42
2026-05-13 14:00:00+00:00,0.2657,0.2667,0.2639,0.266,2792619.12
2026-05-13 15:00:00+00:00,0.266,0.2667,0.2614,0.2622,4789655.29
2026-05-13 16:00:00+00:00,0.2622,0.2649,0.262,0.2644,2511694.17
2026-05-13 17:00:00+00:00,0.2644,0.265,0.264,0.2642,778221.4
2026-05-13 18:00:00+00:00,0.2642,0.2659,0.2642,0.2648,1120191.33
2026-05-13 19:00:00+00:00,0.2648,0.2648,0.2634,0.2639,999649.25
2026-05-13 20:00:00+00:00,0.2639,0.2652,0.2638,0.2649,784131.73
2026-05-13 21:00:00+00:00,0.2649,0.265,0.2633,0.2641,976594.98
2026-05-13 22:00:00+00:00,0.2641,0.265,0.2631,0.2649,1636923.92
2026-05-13 23:00:00+00:00,0.2649,0.2664,0.2644,0.2648,1838805.68
2026-05-14 00:00:00+00:00,0.2648,0.266,0.2648,0.2657,1213267.06
2026-05-14 01:00:00+00:00,0.2657,0.266,0.2651,0.2655,265984.43
2026-05-14 02:00:00+00:00,0.2655,0.2661,0.2645,0.2648,888775.13
2026-05-14 03:00:00+00:00,0.2648,0.2651,0.2624,0.263,1881629.14
2026-05-14 04:00:00+00:00,0.263,0.2649,0.2626,0.2646,911122.41
2026-05-14 05:00:00+00:00,0.2646,0.2666,0.2646,0.2661,891359.78
2026-05-14 06:00:00+00:00,0.2661,0.2664,0.2653,0.2654,499527.41
2026-05-14 07:00:00+00:00,0.2654,0.2658,0.2646,0.2646,607888.26
2026-05-14 08:00:00+00:00,0.2646,0.2658,0.264,0.2652,2640269.16
2026-05-14 09:00:00+00:00,0.2652,0.2653,0.2638,0.2647,475824.87
2026-05-14 10:00:00+00:00,0.2647,0.2654,0.2636,0.2646,2552150.58
2026-05-14 11:00:00+00:00,0.2646,0.265,0.2636,0.2639,684984.38
2026-05-14 12:00:00+00:00,0.2639,0.2669,0.2639,0.2666,910878.45
2026-05-14 13:00:00+00:00,0.2666,0.268,0.2662,0.2667,1784902.54
2026-05-14 14:00:00+00:00,0.2667,0.2706,0.2649,0.2702,2749433.82
2026-05-14 15:00:00+00:00,0.2702,0.2708,0.269,0.2704,1328978.04
2026-05-14 16:00:00+00:00,0.2704,0.2725,0.2696,0.2723,3819216.88
2026-05-14 17:00:00+00:00,0.2723,0.2735,0.2703,0.2724,3364925.69
2026-05-14 18:00:00+00:00,0.2724,0.2793,0.2715,0.2787,5811003.35
2026-05-14 19:00:00+00:00,0.2787,0.2803,0.2735,0.274,4998623.91
2026-05-14 20:00:00+00:00,0.274,0.2743,0.2717,0.2732,1687526.85
2026-05-14 21:00:00+00:00,0.2732,0.2742,0.2718,0.2736,998948.33
2026-05-14 22:00:00+00:00,0.2736,0.2736,0.2712,0.272,1845655.18
2026-05-14 23:00:00+00:00,0.272,0.2728,0.2699,0.2705,2141589.25
2026-05-15 00:00:00+00:00,0.2705,0.2728,0.2705,0.2723,1024192.63
2026-05-15 01:00:00+00:00,0.2723,0.2729,0.2704,0.2705,945054.87
2026-05-15 02:00:00+00:00,0.2705,0.2714,0.2684,0.2708,1691619.68
2026-05-15 03:00:00+00:00,0.2708,0.2712,0.2693,0.2698,672627.95
2026-05-15 04:00:00+00:00,0.2698,0.2702,0.2677,0.2678,700258.67
2026-05-15 05:00:00+00:00,0.2678,0.2682,0.2649,0.2656,1553666.41
2026-05-15 06:00:00+00:00,0.2656,0.2676,0.2652,0.2673,1475982.8
2026-05-15 07:00:00+00:00,0.2673,0.269,0.2671,0.2683,1018880.66
2026-05-15 08:00:00+00:00,0.2683,0.2685,0.2665,0.2677,1019165.07
2026-05-15 09:00:00+00:00,0.2677,0.268,0.2662,0.2667,622646.27
2026-05-15 10:00:00+00:00,0.2667,0.2687,0.2664,0.2683,533496.02
2026-05-15 11:00:00+00:00,0.2683,0.2686,0.267,0.2672,741263.57
2026-05-15 12:00:00+00:00,0.2672,0.2673,0.2653,0.2655,871794.77
2026-05-15 13:00:00+00:00,0.2655,0.2655,0.2574,0.2581,5832435.95
2026-05-15 14:00:00+00:00,0.2581,0.2599,0.2569,0.2591,5742502.35
2026-05-15 15:00:00+00:00,0.2591,0.2594,0.2572,0.2583,1160677.49
2026-05-15 16:00:00+00:00,0.2583,0.2615,0.2578,0.261,1892155.56
2026-05-15 17:00:00+00:00,0.261,0.2626,0.2608,0.262,967840.05
2026-05-15 18:00:00+00:00,0.262,0.2626,0.2611,0.2622,557814.53
2026-05-15 19:00:00+00:00,0.2622,0.2622,0.2609,0.2611,266402.22
2026-05-15 20:00:00+00:00,0.2611,0.2616,0.2601,0.2608,728469.47
2026-05-15 21:00:00+00:00,0.2608,0.2615,0.2606,0.2609,542429.29
2026-05-15 22:00:00+00:00,0.2609,0.2618,0.2608,0.2617,202083.31
2026-05-15 23:00:00+00:00,0.2617,0.2621,0.2611,0.2616,440192.98
2026-05-16 00:00:00+00:00,0.2616,0.2624,0.2611,0.2617,391463.07
2026-05-16 01:00:00+00:00,0.2617,0.2621,0.2608,0.2619,220880.25
2026-05-16 02:00:00+00:00,0.2619,0.2621,0.261,0.2616,163338.39
2026-05-16 03:00:00+00:00,0.2616,0.262,0.2611,0.2612,260963.98
2026-05-16 04:00:00+00:00,0.2612,0.2613,0.2587,0.2592,933967.39
2026-05-16 05:00:00+00:00,0.2592,0.2596,0.2586,0.2588,354944.35
2026-05-16 06:00:00+00:00,0.2588,0.2589,0.2555,0.2563,1332256.98
2026-05-16 07:00:00+00:00,0.2563,0.2565,0.2534,0.2555,1674264.64
2026-05-16 08:00:00+00:00,0.2555,0.2562,0.2551,0.2552,291942.73
2026-05-16 09:00:00+00:00,0.2552,0.2557,0.2522,0.2533,2409853.15
2026-05-16 10:00:00+00:00,0.2533,0.2543,0.2523,0.2539,1195658.0
2026-05-16 11:00:00+00:00,0.2539,0.2548,0.2539,0.2541,347237.06
2026-05-16 12:00:00+00:00,0.2541,0.2552,0.2538,0.2547,254386.65
2026-05-16 13:00:00+00:00,0.2547,0.255,0.2542,0.2544,1425637.54
2026-05-16 14:00:00+00:00,0.2544,0.2558,0.254,0.255,435110.8
2026-05-16 15:00:00+00:00,0.255,0.2563,0.2549,0.2558,452505.28
2026-05-16 16:00:00+00:00,0.2558,0.2566,0.2552,0.2555,340250.11
2026-05-16 17:00:00+00:00,0.2555,0.2564,0.2555,0.2562,763048.97
2026-05-16 18:00:00+00:00,0.2562,0.2563,0.2552,0.2555,222362.6
2026-05-16 19:00:00+00:00,0.2555,0.2557,0.2551,0.2552,127644.69
2026-05-16 20:00:00+00:00,0.2552,0.2559,0.2551,0.2553,72561.77
2026-05-16 21:00:00+00:00,0.2553,0.2557,0.254,0.2557,747729.6
2026-05-16 22:00:00+00:00,0.2557,0.2557,0.2548,0.2548,141322.31
2026-05-16 23:00:00+00:00,0.2548,0.2554,0.2545,0.2551,154693.55
2026-05-17 00:00:00+00:00,0.2551,0.2555,0.2541,0.2545,329707.02
2026-05-17 01:00:00+00:00,0.2545,0.2548,0.2528,0.2528,297396.24
2026-05-17 02:00:00+00:00,0.2528,0.2539,0.2528,0.2534,716425.69
2026-05-17 03:00:00+00:00,0.2534,0.2548,0.2534,0.2544,171135.44
2026-05-17 04:00:00+00:00,0.2544,0.2557,0.2543,0.2553,161856.48
2026-05-17 05:00:00+00:00,0.2553,0.2565,0.2552,0.2554,645003.71
2026-05-17 06:00:00+00:00,0.2554,0.2558,0.255,0.2556,325068.93
2026-05-17 07:00:00+00:00,0.2556,0.2569,0.2555,0.2563,445653.84
2026-05-17 08:00:00+00:00,0.2563,0.2565,0.2556,0.2556,278269.29
2026-05-17 09:00:00+00:00,0.2556,0.2568,0.2555,0.2565,335967.56
2026-05-17 10:00:00+00:00,0.2565,0.2583,0.2565,0.2574,511197.67
2026-05-17 11:00:00+00:00,0.2574,0.2574,0.2561,0.2567,381083.5
2026-05-17 12:00:00+00:00,0.2567,0.2574,0.2561,0.2561,821478.22
2026-05-17 13:00:00+00:00,0.2561,0.2562,0.2547,0.2556,690091.19
2026-05-17 14:00:00+00:00,0.2556,0.2556,0.2537,0.2553,598627.39
2026-05-17 15:00:00+00:00,0.2553,0.2557,0.2545,0.2553,418613.71
2026-05-17 16:00:00+00:00,0.2553,0.2556,0.2542,0.2546,1028455.45
2026-05-17 17:00:00+00:00,0.2546,0.2546,0.2534,0.2544,440508.72
2026-05-17 18:00:00+00:00,0.2544,0.2549,0.2531,0.2545,568320.38
2026-05-17 19:00:00+00:00,0.2545,0.2555,0.2543,0.2554,224541.89
2026-05-17 20:00:00+00:00,0.2554,0.2556,0.2545,0.2549,505810.42
2026-05-17 21:00:00+00:00,0.2549,0.2561,0.2545,0.2556,215581.09
2026-05-17 22:00:00+00:00,0.2556,0.2556,0.2532,0.2539,479854.59
2026-05-17 23:00:00+00:00,0.2539,0.2539,0.2452,0.2523,7099125.48
2026-05-18 00:00:00+00:00,0.2523,0.2523,0.25,0.2511,1052331.3
2026-05-18 01:00:00+00:00,0.2511,0.2525,0.2489,0.2514,1240300.32
2026-05-18 02:00:00+00:00,0.2514,0.2532,0.2509,0.2519,1219313.35
2026-05-18 03:00:00+00:00,0.2519,0.2525,0.2499,0.2503,349859.81
2026-05-18 04:00:00+00:00,0.2503,0.2515,0.2494,0.2513,352641.3
2026-05-18 05:00:00+00:00,0.2513,0.252,0.2498,0.25,1166112.7
2026-05-18 06:00:00+00:00,0.25,0.2503,0.247,0.2494,2795701.96
2026-05-18 07:00:00+00:00,0.2494,0.2501,0.2482,0.2495,535619.06
2026-05-18 08:00:00+00:00,0.2495,0.2504,0.2493,0.25,385825.71
2026-05-18 09:00:00+00:00,0.25,0.2501,0.2488,0.2492,279422.51
2026-05-18 10:00:00+00:00,0.2492,0.2493,0.2481,0.2483,684069.25
2026-05-18 11:00:00+00:00,0.2483,0.2521,0.248,0.2506,697464.89
2026-05-18 12:00:00+00:00,0.2506,0.2526,0.2505,0.2515,3235864.52
2026-05-18 13:00:00+00:00,0.2515,0.2516,0.2477,0.2494,2852716.11
2026-05-18 14:00:00+00:00,0.2494,0.2494,0.2469,0.2477,1127664.76
2026-05-18 15:00:00+00:00,0.2477,0.2491,0.2463,0.2483,1589142.21
2026-05-18 16:00:00+00:00,0.2483,0.2494,0.2476,0.2489,1014296.46
2026-05-18 17:00:00+00:00,0.2489,0.2498,0.2485,0.2488,707765.15
2026-05-18 18:00:00+00:00,0.2488,0.2489,0.2465,0.247,791097.93
2026-05-18 19:00:00+00:00,0.247,0.2513,0.247,0.2508,1743876.68
2026-05-18 20:00:00+00:00,0.2508,0.2515,0.2498,0.2502,495665.44
2026-05-18 21:00:00+00:00,0.2502,0.253,0.2501,0.2527,494481.84
2026-05-18 22:00:00+00:00,0.2527,0.2531,0.2509,0.2517,904739.37
2026-05-18 23:00:00+00:00,0.2517,0.2524,0.2512,0.2517,187356.79
2026-05-19 00:00:00+00:00,0.2517,0.2536,0.2516,0.2526,460337.87
2026-05-19 01:00:00+00:00,0.2526,0.2526,0.2511,0.2515,358894.2
2026-05-19 02:00:00+00:00,0.2515,0.2522,0.2507,0.2509,432084.82
2026-05-19 03:00:00+00:00,0.2509,0.2523,0.2506,0.2516,573246.96
2026-05-19 04:00:00+00:00,0.2516,0.2524,0.2511,0.2521,505715.03
2026-05-19 05:00:00+00:00,0.2521,0.2523,0.2507,0.2517,386509.97
2026-05-19 06:00:00+00:00,0.2517,0.2525,0.2514,0.2519,666324.68
2026-05-19 07:00:00+00:00,0.2519,0.2531,0.2516,0.2525,401129.6
2026-05-19 08:00:00+00:00,0.2525,0.2525,0.2508,0.2515,366273.04
2026-05-19 09:00:00+00:00,0.2515,0.252,0.2496,0.2506,1026903.9
2026-05-19 10:00:00+00:00,0.2506,0.2508,0.2486,0.2499,2278939.91
2026-05-19 11:00:00+00:00,0.2499,0.2501,0.2483,0.2486,558881.65
2026-05-19 12:00:00+00:00,0.2486,0.2498,0.2482,0.2498,556301.9
2026-05-19 13:00:00+00:00,0.2498,0.2513,0.2494,0.2502,918204.48
2026-05-19 14:00:00+00:00,0.2502,0.2506,0.2472,0.2484,1125492.14
2026-05-19 15:00:00+00:00,0.2484,0.2495,0.2479,0.2485,1280147.45
2026-05-19 16:00:00+00:00,0.2485,0.25,0.248,0.2499,464731.11
2026-05-19 17:00:00+00:00,0.2499,0.25,0.2485,0.2491,423738.35
2026-05-19 18:00:00+00:00,0.2491,0.2493,0.2484,0.2486,398003.04
2026-05-19 19:00:00+00:00,0.2486,0.2495,0.2482,0.2485,177209.07
2026-05-19 20:00:00+00:00,0.2485,0.2495,0.2485,0.2494,141316.18
2026-05-19 21:00:00+00:00,0.2494,0.2498,0.249,0.2492,201384.11
2026-05-19 22:00:00+00:00,0.2492,0.2492,0.2476,0.2481,207231.78
2026-05-19 23:00:00+00:00,0.2481,0.2495,0.2479,0.2483,149850.82
2026-05-20 00:00:00+00:00,0.2483,0.2488,0.2473,0.2482,452573.92
2026-05-20 01:00:00+00:00,0.2482,0.2486,0.2471,0.248,508311.34
2026-05-20 02:00:00+00:00,0.248,0.2485,0.2472,0.2475,311210.96
2026-05-20 03:00:00+00:00,0.2475,0.2488,0.2471,0.2483,522148.89
2026-05-20 04:00:00+00:00,0.2483,0.2488,0.2477,0.2487,314532.47
2026-05-20 05:00:00+00:00,0.2487,0.251,0.2487,0.2502,888296.7
2026-05-20 06:00:00+00:00,0.2502,0.2507,0.2498,0.2502,368046.92
2026-05-20 07:00:00+00:00,0.2502,0.2502,0.2488,0.2492,3185299.61
2026-05-20 08:00:00+00:00,0.2492,0.2506,0.249,0.25,840139.91
2026-05-20 09:00:00+00:00,0.25,0.2504,0.2491,0.2492,244198.74
2026-05-20 10:00:00+00:00,0.2492,0.2504,0.2492,0.25,210250.74
2026-05-20 11:00:00+00:00,0.25,0.2502,0.2484,0.2489,478175.6
2026-05-20 12:00:00+00:00,0.2489,0.2505,0.2486,0.2497,340269.76
2026-05-20 13:00:00+00:00,0.2497,0.2497,0.2473,0.2485,672255.12
2026-05-20 14:00:00+00:00,0.2485,0.2509,0.2479,0.2506,1891119.61
2026-05-20 15:00:00+00:00,0.2506,0.2515,0.2492,0.2503,962935.25
2026-05-20 16:00:00+00:00,0.2503,0.2507,0.2481,0.2501,1203482.38
2026-05-20 17:00:00+00:00,0.2501,0.2514,0.2498,0.2503,1114569.49
2026-05-20 18:00:00+00:00,0.2503,0.2505,0.2491,0.2492,785836.65
2026-05-20 19:00:00+00:00,0.2492,0.2507,0.2488,0.2502,765699.1
2026-05-20 20:00:00+00:00,0.2502,0.2507,0.2493,0.2506,882724.11
2026-05-20 21:00:00+00:00,0.2506,0.2508,0.2498,0.2498,316717.5
2026-05-20 22:00:00+00:00,0.2498,0.2498,0.2483,0.2493,609597.58
2026-05-20 23:00:00+00:00,0.2493,0.2494,0.2484,0.2493,695080.54
2026-05-21 00:00:00+00:00,0.2493,0.2509,0.249,0.2507,317541.86
2026-05-21 01:00:00+00:00,0.2507,0.2521,0.2506,0.2512,787111.48
2026-05-21 02:00:00+00:00,0.2512,0.2523,0.2508,0.2514,615452.41
2026-05-21 03:00:00+00:00,0.2514,0.2523,0.2509,0.2521,398782.88
2026-05-21 04:00:00+00:00,0.2521,0.2527,0.2511,0.2515,1032726.89
2026-05-21 05:00:00+00:00,0.2515,0.2517,0.2485,0.2494,2733310.04
2026-05-21 06:00:00+00:00,0.2494,0.2496,0.2476,0.2481,1631624.22
2026-05-21 07:00:00+00:00,0.2481,0.2494,0.2478,0.2491,1029985.65
2026-05-21 08:00:00+00:00,0.2491,0.2505,0.2491,0.2498,556989.84
2026-05-21 09:00:00+00:00,0.2498,0.2501,0.2487,0.2487,383955.01
2026-05-21 10:00:00+00:00,0.2487,0.2493,0.2458,0.2466,3720438.59
2026-05-21 11:00:00+00:00,0.2466,0.2479,0.2462,0.2467,672055.99
2026-05-21 12:00:00+00:00,0.2467,0.2478,0.2464,0.2475,1033955.25
2026-05-21 13:00:00+00:00,0.2475,0.248,0.2463,0.2473,1141905.37
2026-05-21 14:00:00+00:00,0.2473,0.2481,0.2464,0.2473,1167794.98
2026-05-21 15:00:00+00:00,0.2473,0.2497,0.2469,0.2486,702253.53
2026-05-21 16:00:00+00:00,0.2486,0.2492,0.2478,0.2486,417754.73
2026-05-21 17:00:00+00:00,0.2486,0.2528,0.2483,0.2522,2405413.22
2026-05-21 18:00:00+00:00,0.2522,0.2537,0.2507,0.2516,1210970.38
2026-05-21 19:00:00+00:00,0.2516,0.2528,0.2514,0.2523,834738.73
2026-05-21 20:00:00+00:00,0.2523,0.2529,0.2519,0.2521,228295.26
2026-05-21 21:00:00+00:00,0.2521,0.2532,0.2519,0.2519,495970.31
2026-05-21 22:00:00+00:00,0.2519,0.2522,0.2508,0.2508,259260.52
2026-05-21 23:00:00+00:00,0.2508,0.2516,0.25,0.2506,1303509.12
2026-05-22 00:00:00+00:00,0.2506,0.2508,0.2495,0.2495,294537.26
2026-05-22 01:00:00+00:00,0.2495,0.2505,0.2492,0.2505,790190.34
2026-05-22 02:00:00+00:00,0.2505,0.2512,0.2503,0.2507,758530.75
2026-05-22 03:00:00+00:00,0.2507,0.252,0.2504,0.2517,708999.56
2026-05-22 04:00:00+00:00,0.2517,0.2527,0.2512,0.2518,546490.37
2026-05-22 05:00:00+00:00,0.2518,0.253,0.2515,0.2521,274071.55
2026-05-22 06:00:00+00:00,0.2521,0.2522,0.2504,0.2504,557664.55
2026-05-22 07:00:00+00:00,0.2504,0.2521,0.2494,0.2515,1039452.38
2026-05-22 08:00:00+00:00,0.2515,0.2526,0.2507,0.2516,569105.82
2026-05-22 09:00:00+00:00,0.2516,0.2525,0.2511,0.2512,684792.24
2026-05-22 10:00:00+00:00,0.2512,0.2518,0.2508,0.2515,148325.13
2026-05-22 11:00:00+00:00,0.2515,0.2528,0.2509,0.2526,698541.05
2026-05-22 12:00:00+00:00,0.2526,0.2543,0.2521,0.2543,1506089.69
2026-05-22 13:00:00+00:00,0.2543,0.2546,0.2517,0.2525,2351322.61
2026-05-22 14:00:00+00:00,0.2525,0.2525,0.2489,0.2494,2137168.89
2026-05-22 15:00:00+00:00,0.2494,0.2505,0.248,0.2498,1255762.01
2026-05-22 16:00:00+00:00,0.2498,0.2502,0.2486,0.2494,621060.01
2026-05-22 17:00:00+00:00,0.2494,0.2502,0.2484,0.2489,922695.15
2026-05-22 18:00:00+00:00,0.2489,0.2491,0.243,0.2458,4114993.69
2026-05-22 19:00:00+00:00,0.2458,0.2461,0.2424,0.2444,4160511.56
2026-05-22 20:00:00+00:00,0.2444,0.246,0.2443,0.2457,1045051.85
2026-05-22 21:00:00+00:00,0.2457,0.2468,0.2456,0.246,263232.48
2026-05-22 22:00:00+00:00,0.246,0.2461,0.2446,0.2453,436040.6
2026-05-22 23:00:00+00:00,0.2453,0.2459,0.2411,0.2425,2691659.47
2026-05-23 00:00:00+00:00,0.2425,0.2436,0.2417,0.2434,1587514.56
2026-05-23 01:00:00+00:00,0.2434,0.2439,0.2427,0.2438,324302.21
2026-05-23 02:00:00+00:00,0.2438,0.2442,0.2434,0.2438,339387.87
2026-05-23 03:00:00+00:00,0.2438,0.2441,0.2437,0.2438,112795.29
2026-05-23 04:00:00+00:00,0.2438,0.2438,0.2423,0.2424,372095.67
2026-05-23 05:00:00+00:00,0.2424,0.2424,0.2412,0.242,568510.04
2026-05-23 06:00:00+00:00,0.242,0.2424,0.2416,0.2421,670060.8
2026-05-23 07:00:00+00:00,0.2421,0.2423,0.2358,0.238,6035059.54
2026-05-23 08:00:00+00:00,0.238,0.239,0.237,0.2385,1875365.65
2026-05-23 09:00:00+00:00,0.2385,0.2387,0.2374,0.2384,1062131.09
2026-05-23 10:00:00+00:00,0.2384,0.2394,0.2384,0.239,564450.93
2026-05-23 11:00:00+00:00,0.239,0.2393,0.2382,0.2382,667135.8
2026-05-23 12:00:00+00:00,0.2382,0.2384,0.2378,0.2381,976361.38
2026-05-23 13:00:00+00:00,0.2381,0.2411,0.2381,0.2407,3181235.31
2026-05-23 14:00:00+00:00,0.2407,0.2429,0.2403,0.2426,2374910.16
2026-05-23 15:00:00+00:00,0.2426,0.2436,0.2416,0.2422,2300342.18
2026-05-23 16:00:00+00:00,0.2422,0.2431,0.2419,0.2426,877271.06
2026-05-23 17:00:00+00:00,0.2426,0.2428,0.2419,0.2425,568567.88
2026-05-23 18:00:00+00:00,0.2425,0.2453,0.2424,0.2441,1037574.78
2026-05-23 19:00:00+00:00,0.2441,0.2448,0.2435,0.2442,608147.51
2026-05-23 20:00:00+00:00,0.2442,0.25,0.2437,0.25,4023639.28
2026-05-23 21:00:00+00:00,0.25,0.2508,0.247,0.2478,1729188.04
2026-05-23 22:00:00+00:00,0.2478,0.2487,0.2453,0.2464,4336415.74
2026-05-23 23:00:00+00:00,0.2464,0.2467,0.2457,0.246,575331.11
2026-05-24 00:00:00+00:00,0.246,0.2469,0.2456,0.2463,626650.71
2026-05-24 01:00:00+00:00,0.2463,0.2466,0.2458,0.2464,424067.87
2026-05-24 02:00:00+00:00,0.2464,0.2465,0.2449,0.2457,477975.72
2026-05-24 03:00:00+00:00,0.2457,0.2461,0.2449,0.2453,260970.53
2026-05-24 04:00:00+00:00,0.2453,0.2461,0.2453,0.2458,446042.31
2026-05-24 05:00:00+00:00,0.2458,0.2461,0.2451,0.246,355324.9
2026-05-24 06:00:00+00:00,0.246,0.2464,0.2454,0.2463,353577.97
2026-05-24 07:00:00+00:00,0.2463,0.2464,0.245,0.2454,484241.29
2026-05-24 08:00:00+00:00,0.2454,0.246,0.2451,0.2459,826317.76
2026-05-24 09:00:00+00:00,0.2459,0.2462,0.2455,0.2459,693891.57
2026-05-24 10:00:00+00:00,0.2459,0.2467,0.245,0.2453,2085602.59
2026-05-24 11:00:00+00:00,0.2453,0.246,0.2453,0.2456,400247.2
2026-05-24 12:00:00+00:00,0.2456,0.2456,0.2444,0.2449,512727.44
2026-05-24 13:00:00+00:00,0.2449,0.2452,0.2433,0.2439,636290.7
2026-05-24 14:00:00+00:00,0.2439,0.2442,0.241,0.243,1256316.96
2026-05-24 15:00:00+00:00,0.243,0.2432,0.2426,0.2429,170300.71
2026-05-24 16:00:00+00:00,0.2429,0.2435,0.2423,0.243,345767.55
2026-05-24 17:00:00+00:00,0.243,0.2434,0.2428,0.2432,1517899.75
2026-05-24 18:00:00+00:00,0.2432,0.2434,0.2421,0.2424,561643.8
2026-05-24 19:00:00+00:00,0.2424,0.243,0.2423,0.2426,270106.08
2026-05-24 20:00:00+00:00,0.2426,0.2428,0.2414,0.2419,899478.4
2026-05-24 21:00:00+00:00,0.2419,0.2422,0.2386,0.2393,2039671.83
2026-05-24 22:00:00+00:00,0.2393,0.2422,0.2393,0.241,1392648.91
2026-05-24 23:00:00+00:00,0.241,0.2428,0.241,0.2423,1166144.24
2026-05-25 00:00:00+00:00,0.2423,0.2432,0.2422,0.2427,1529839.62
2026-05-25 01:00:00+00:00,0.2427,0.2429,0.2408,0.2409,797432.37
2026-05-25 02:00:00+00:00,0.2409,0.2429,0.2409,0.2412,434065.22
2026-05-25 03:00:00+00:00,0.2412,0.2414,0.2405,0.241,1431286.65
2026-05-25 04:00:00+00:00,0.241,0.2431,0.2406,0.2429,2464895.72
2026-05-25 05:00:00+00:00,0.2429,0.2437,0.2426,0.2433,912826.07
2026-05-25 06:00:00+00:00,0.2433,0.2442,0.2428,0.2439,561885.88
2026-05-25 07:00:00+00:00,0.2439,0.245,0.2435,0.2449,1416642.29
2026-05-25 08:00:00+00:00,0.2449,0.246,0.244,0.2459,1522949.15
2026-05-25 09:00:00+00:00,0.2459,0.2461,0.2449,0.245,506601.05
2026-05-25 10:00:00+00:00,0.245,0.2462,0.2447,0.2461,387350.86
2026-05-25 11:00:00+00:00,0.2461,0.2462,0.2447,0.2449,1414864.91
2026-05-25 12:00:00+00:00,0.2449,0.2454,0.2443,0.2446,798393.51
2026-05-25 13:00:00+00:00,0.2446,0.2456,0.2444,0.2452,1964217.27
2026-05-25 14:00:00+00:00,0.2452,0.247,0.2452,0.2462,945632.29
2026-05-25 15:00:00+00:00,0.2462,0.2473,0.2453,0.2461,878025.28
2026-05-25 16:00:00+00:00,0.2461,0.2479,0.2458,0.2475,314204.33
2026-05-25 17:00:00+00:00,0.2475,0.2478,0.2463,0.2465,281450.21
2026-05-25 18:00:00+00:00,0.2465,0.2476,0.2463,0.2463,420471.74
2026-05-25 19:00:00+00:00,0.2463,0.2463,0.2451,0.2455,471674.0
2026-05-25 20:00:00+00:00,0.2455,0.2461,0.2441,0.2445,1073491.18
2026-05-25 21:00:00+00:00,0.2445,0.2452,0.2444,0.2447,140159.88
2026-05-25 22:00:00+00:00,0.2447,0.2447,0.2424,0.2427,1042311.54
2026-05-25 23:00:00+00:00,0.2427,0.244,0.2424,0.2437,1031598.62
2026-05-26 00:00:00+00:00,0.2437,0.2438,0.2407,0.2421,2661933.11
2026-05-26 01:00:00+00:00,0.2421,0.2421,0.2399,0.2408,1837325.09
2026-05-26 02:00:00+00:00,0.2408,0.2412,0.2403,0.2406,1138357.8
2026-05-26 03:00:00+00:00,0.2406,0.241,0.2394,0.2409,657673.43
2026-05-26 04:00:00+00:00,0.2409,0.2418,0.2405,0.2411,1372124.39
2026-05-26 05:00:00+00:00,0.2411,0.2431,0.2408,0.2422,700102.62
2026-05-26 06:00:00+00:00,0.2422,0.2426,0.2413,0.2421,1041013.75
2026-05-26 07:00:00+00:00,0.2421,0.2423,0.2407,0.2413,523735.86
2026-05-26 08:00:00+00:00,0.2413,0.2424,0.2412,0.2421,363449.59
2026-05-26 09:00:00+00:00,0.2421,0.2426,0.2416,0.2422,747188.05
2026-05-26 10:00:00+00:00,0.2422,0.2457,0.2417,0.245,1481443.86
2026-05-26 11:00:00+00:00,0.245,0.2452,0.2443,0.2443,656875.13
2026-05-26 12:00:00+00:00,0.2443,0.2451,0.2433,0.2449,1439878.07
2026-05-26 13:00:00+00:00,0.2449,0.2455,0.2433,0.2451,1587693.3
2026-05-26 14:00:00+00:00,0.2451,0.2473,0.2433,0.244,2018195.0
2026-05-26 15:00:00+00:00,0.244,0.2443,0.2412,0.2426,1596999.44
2026-05-26 16:00:00+00:00,0.2426,0.2427,0.2407,0.2413,1636816.35
2026-05-26 17:00:00+00:00,0.2413,0.2418,0.2381,0.2397,3048222.57
2026-05-26 18:00:00+00:00,0.2397,0.2416,0.2394,0.2396,540174.99
2026-05-26 19:00:00+00:00,0.2396,0.2406,0.239,0.2402,824388.77
2026-05-26 20:00:00+00:00,0.2402,0.2405,0.2396,0.2404,839280.48
2026-05-26 21:00:00+00:00,0.2404,0.2409,0.2394,0.2396,541416.05
2026-05-26 22:00:00+00:00,0.2396,0.2404,0.2392,0.2399,283230.11
2026-05-26 23:00:00+00:00,0.2399,0.2407,0.2399,0.2401,260375.67
2026-05-27 00:00:00+00:00,0.2401,0.2418,0.2401,0.2418,319167.41
2026-05-27 01:00:00+00:00,0.2418,0.2418,0.2403,0.2404,357705.33
2026-05-27 02:00:00+00:00,0.2404,0.2406,0.2392,0.2406,475864.36
2026-05-27 03:00:00+00:00,0.2406,0.2408,0.2397,0.2401,395247.39
2026-05-27 04:00:00+00:00,0.2401,0.2404,0.237,0.2397,2679652.7
2026-05-27 05:00:00+00:00,0.2397,0.2405,0.2396,0.2399,610234.76
2026-05-27 06:00:00+00:00,0.2399,0.241,0.2398,0.2405,361550.89
2026-05-27 07:00:00+00:00,0.2405,0.2408,0.2398,0.2404,547337.33
2026-05-27 08:00:00+00:00,0.2404,0.2413,0.2397,0.2399,606374.54
2026-05-27 09:00:00+00:00,0.2399,0.2399,0.239,0.2393,761832.23
2026-05-27 10:00:00+00:00,0.2393,0.2404,0.2392,0.2397,614007.14
2026-05-27 11:00:00+00:00,0.2397,0.2403,0.2396,0.2398,746535.57
2026-05-27 12:00:00+00:00,0.2398,0.2417,0.2386,0.2403,1493796.55
2026-05-27 13:00:00+00:00,0.2403,0.2404,0.2373,0.2391,1588902.67
2026-05-27 14:00:00+00:00,0.2391,0.2402,0.238,0.24,1934148.12
2026-05-27 15:00:00+00:00,0.24,0.2434,0.2399,0.2414,2706754.47
2026-05-27 16:00:00+00:00,0.2414,0.242,0.2402,0.2412,786165.65
2026-05-27 17:00:00+00:00,0.2412,0.2412,0.2379,0.2384,1119669.19
2026-05-27 18:00:00+00:00,0.2384,0.2399,0.2379,0.2398,1390256.36
2026-05-27 19:00:00+00:00,0.2398,0.2412,0.2398,0.2409,983056.6
2026-05-27 20:00:00+00:00,0.2409,0.2413,0.2399,0.2404,1084590.79
2026-05-27 21:00:00+00:00,0.2404,0.2409,0.2358,0.2375,3102059.75
2026-05-27 22:00:00+00:00,0.2375,0.2386,0.2362,0.2367,2002662.63
2026-05-27 23:00:00+00:00,0.2367,0.2377,0.2362,0.2373,826221.69
2026-05-28 00:00:00+00:00,0.2373,0.2384,0.2371,0.2382,666985.82
2026-05-28 01:00:00+00:00,0.2382,0.2384,0.236,0.2374,959706.95
2026-05-28 02:00:00+00:00,0.2374,0.2377,0.2369,0.2371,682228.44
2026-05-28 03:00:00+00:00,0.2371,0.2373,0.2316,0.2322,5424957.02
2026-05-28 04:00:00+00:00,0.2322,0.2322,0.2289,0.2312,3273426.97
2026-05-28 05:00:00+00:00,0.2312,0.2313,0.2281,0.2297,2586231.01
2026-05-28 06:00:00+00:00,0.2297,0.2304,0.2286,0.2303,812065.97
2026-05-28 07:00:00+00:00,0.2303,0.2316,0.2297,0.2315,690861.75
2026-05-28 08:00:00+00:00,0.2315,0.2316,0.2297,0.2303,632477.7
2026-05-28 09:00:00+00:00,0.2303,0.2321,0.2303,0.2316,214639.0
2026-05-28 10:00:00+00:00,0.2316,0.2321,0.2299,0.2299,582246.99
2026-05-28 11:00:00+00:00,0.2299,0.2305,0.2295,0.2302,455842.48
2026-05-28 12:00:00+00:00,0.2302,0.2318,0.2292,0.2318,889348.0
2026-05-28 13:00:00+00:00,0.2318,0.2326,0.2303,0.2315,2121087.27
2026-05-28 14:00:00+00:00,0.2315,0.2342,0.2293,0.2324,3361111.34
2026-05-28 15:00:00+00:00,0.2324,0.2341,0.2308,0.2332,1412328.13
2026-05-28 16:00:00+00:00,0.2332,0.2351,0.2318,0.2346,1371775.01
2026-05-28 17:00:00+00:00,0.2346,0.2354,0.2339,0.2352,1851841.58
2026-05-28 18:00:00+00:00,0.2352,0.2376,0.2352,0.2363,1636667.35
2026-05-28 19:00:00+00:00,0.2363,0.2363,0.2344,0.2345,506813.07
2026-05-28 20:00:00+00:00,0.2345,0.236,0.2337,0.2355,712096.64
2026-05-28 21:00:00+00:00,0.2355,0.2363,0.2352,0.2356,460139.21
2026-05-28 22:00:00+00:00,0.2356,0.236,0.234,0.2341,843921.38
2026-05-28 23:00:00+00:00,0.2341,0.2355,0.2341,0.235,325498.79
2026-05-29 00:00:00+00:00,0.235,0.236,0.2348,0.2351,599715.91
2026-05-29 01:00:00+00:00,0.2351,0.2357,0.2345,0.2349,314314.54
2026-05-29 02:00:00+00:00,0.2349,0.2355,0.2329,0.2332,318105.99
2026-05-29 03:00:00+00:00,0.2332,0.2347,0.2332,0.2334,308065.96
2026-05-29 04:00:00+00:00,0.2334,0.2346,0.2326,0.2346,441606.4
2026-05-29 05:00:00+00:00,0.2346,0.2353,0.2344,0.2353,509895.23
2026-05-29 06:00:00+00:00,0.2353,0.237,0.2353,0.2359,561448.16
2026-05-29 07:00:00+00:00,0.2359,0.2364,0.2338,0.2348,355234.93
2026-05-29 08:00:00+00:00,0.2348,0.2358,0.2347,0.2352,252560.71
2026-05-29 09:00:00+00:00,0.2352,0.236,0.2351,0.2355,305439.79
2026-05-29 10:00:00+00:00,0.2355,0.2355,0.2343,0.2347,167840.22
2026-05-29 11:00:00+00:00,0.2347,0.2349,0.2328,0.2335,654475.08
2026-05-29 12:00:00+00:00,0.2335,0.2336,0.2319,0.2325,935470.82
2026-05-29 13:00:00+00:00,0.2325,0.233,0.2316,0.2325,418921.74
2026-05-29 14:00:00+00:00,0.2325,0.2334,0.2299,0.2326,2240113.09
2026-05-29 15:00:00+00:00,0.2326,0.2383,0.2323,0.2359,2185779.68
2026-05-29 16:00:00+00:00,0.2359,0.2361,0.2336,0.2353,1200609.34
2026-05-29 17:00:00+00:00,0.2353,0.2362,0.2344,0.2348,1041819.48
2026-05-29 18:00:00+00:00,0.2348,0.2348,0.2311,0.2321,1316365.37
2026-05-29 19:00:00+00:00,0.2321,0.2334,0.2306,0.2329,384757.45
2026-05-29 20:00:00+00:00,0.2329,0.2336,0.2326,0.233,280564.86
2026-05-29 21:00:00+00:00,0.233,0.234,0.2323,0.2323,390897.69
2026-05-29 22:00:00+00:00,0.2323,0.2335,0.2322,0.233,295553.71
2026-05-29 23:00:00+00:00,0.233,0.2337,0.2318,0.2329,2142084.08
2026-05-30 00:00:00+00:00,0.2329,0.2355,0.2326,0.235,885680.66
2026-05-30 01:00:00+00:00,0.235,0.2378,0.2347,0.2377,1769410.59
2026-05-30 02:00:00+00:00,0.2377,0.2388,0.2373,0.2386,3673203.35
2026-05-30 03:00:00+00:00,0.2386,0.2394,0.2363,0.2365,1908857.87
2026-05-30 04:00:00+00:00,0.2365,0.237,0.2338,0.235,3009759.23
2026-05-30 05:00:00+00:00,0.235,0.2359,0.2346,0.2357,1461401.44
2026-05-30 06:00:00+00:00,0.2357,0.2362,0.2351,0.2354,466454.56
2026-05-30 07:00:00+00:00,0.2354,0.2355,0.2346,0.2352,428945.96
2026-05-30 08:00:00+00:00,0.2352,0.2355,0.2341,0.2342,410057.91
2026-05-30 09:00:00+00:00,0.2342,0.2355,0.2339,0.2352,496744.64
2026-05-30 10:00:00+00:00,0.2352,0.2355,0.2347,0.2348,339204.09
2026-05-30 11:00:00+00:00,0.2348,0.2354,0.2343,0.2352,414641.43
2026-05-30 12:00:00+00:00,0.2352,0.2355,0.2349,0.2354,458128.11
2026-05-30 13:00:00+00:00,0.2354,0.236,0.235,0.2359,410624.89
2026-05-30 14:00:00+00:00,0.2359,0.2367,0.2356,0.2361,542402.6
2026-05-30 15:00:00+00:00,0.2361,0.237,0.2361,0.2365,734031.74
2026-05-30 16:00:00+00:00,0.2365,0.2371,0.2361,0.2369,1409837.14
2026-05-30 17:00:00+00:00,0.2369,0.2374,0.2357,0.2371,655037.72
2026-05-30 18:00:00+00:00,0.2371,0.2377,0.2366,0.2377,835333.44
2026-05-30 19:00:00+00:00,0.2377,0.2377,0.2367,0.2373,655201.94
2026-05-30 20:00:00+00:00,0.2373,0.2377,0.2369,0.2377,651926.44
2026-05-30 21:00:00+00:00,0.2377,0.2385,0.2376,0.2376,313034.31
2026-05-30 22:00:00+00:00,0.2376,0.2377,0.2356,0.2361,1073107.66
2026-05-30 23:00:00+00:00,0.2361,0.2364,0.2353,0.2359,466115.54
2026-05-31 00:00:00+00:00,0.2359,0.2367,0.2357,0.2367,1436393.37
2026-05-31 01:00:00+00:00,0.2367,0.2373,0.2363,0.2367,1205790.43
2026-05-31 02:00:00+00:00,0.2367,0.2381,0.2366,0.2373,1372558.43
2026-05-31 03:00:00+00:00,0.2373,0.2385,0.2373,0.238,918307.11
2026-05-31 04:00:00+00:00,0.238,0.2387,0.2378,0.2387,598037.81
2026-05-31 05:00:00+00:00,0.2387,0.2387,0.2375,0.2377,479063.99
2026-05-31 06:00:00+00:00,0.2377,0.238,0.2373,0.2378,390326.43
2026-05-31 07:00:00+00:00,0.2378,0.2378,0.2363,0.2366,526607.65
2026-05-31 08:00:00+00:00,0.2366,0.2376,0.2366,0.2371,365510.64
2026-05-31 09:00:00+00:00,0.2371,0.238,0.2367,0.2372,460696.6
2026-05-31 10:00:00+00:00,0.2372,0.2372,0.2356,0.237,1981382.31
2026-05-31 11:00:00+00:00,0.237,0.2374,0.2366,0.237,240242.33
2026-05-31 12:00:00+00:00,0.237,0.2379,0.2364,0.2377,881975.0
2026-05-31 13:00:00+00:00,0.2377,0.238,0.2366,0.2369,2074991.95
2026-05-31 14:00:00+00:00,0.2369,0.237,0.2336,0.234,5503861.64
2026-05-31 15:00:00+00:00,0.234,0.235,0.2336,0.2338,1798262.14
2026-05-31 16:00:00+00:00,0.2338,0.2342,0.2323,0.233,1431488.17
2026-05-31 17:00:00+00:00,0.233,0.2335,0.2319,0.2333,1221096.23
2026-05-31 18:00:00+00:00,0.2333,0.2334,0.2326,0.2332,368983.16
2026-05-31 19:00:00+00:00,0.2332,0.2335,0.2319,0.2329,375764.05
2026-05-31 20:00:00+00:00,0.2329,0.234,0.2329,0.2339,688955.17
2026-05-31 21:00:00+00:00,0.2339,0.2354,0.2337,0.235,510160.75
2026-05-31 22:00:00+00:00,0.235,0.236,0.2343,0.2359,587883.66
2026-05-31 23:00:00+00:00,0.2359,0.237,0.2345,0.2357,6048986.85
2026-06-01 00:00:00+00:00,0.2357,0.2375,0.2355,0.2367,1182016.24
2026-06-01 01:00:00+00:00,0.2367,0.2369,0.2332,0.2333,3969678.43
2026-06-01 02:00:00+00:00,0.2333,0.2368,0.2328,0.2363,889193.95
2026-06-01 03:00:00+00:00,0.2363,0.2375,0.2362,0.2368,877109.98
2026-06-01 04:00:00+00:00,0.2368,0.2375,0.2331,0.2345,1044966.9
2026-06-01 05:00:00+00:00,0.2345,0.235,0.2335,0.2341,2778777.08
2026-06-01 06:00:00+00:00,0.2341,0.2342,0.2321,0.233,1211422.26
2026-06-01 07:00:00+00:00,0.233,0.2332,0.2306,0.231,2495239.37
2026-06-01 08:00:00+00:00,0.231,0.2318,0.2302,0.2314,2005521.95
2026-06-01 09:00:00+00:00,0.2314,0.2324,0.2311,0.2317,1390682.31
2026-06-01 10:00:00+00:00,0.2317,0.232,0.2306,0.2313,1149691.63
2026-06-01 11:00:00+00:00,0.2313,0.2321,0.2294,0.2302,1998795.43
2026-06-01 12:00:00+00:00,0.2302,0.2316,0.229,0.2306,2446854.77
2026-06-01 13:00:00+00:00,0.2306,0.2308,0.2271,0.2287,8751753.06
2026-06-01 14:00:00+00:00,0.2287,0.2293,0.2266,0.2275,2605211.41
2026-06-01 15:00:00+00:00,0.2275,0.2281,0.2254,0.227,3585004.78
2026-06-01 16:00:00+00:00,0.227,0.2307,0.2263,0.2305,1553276.11
2026-06-01 17:00:00+00:00,0.2305,0.2319,0.23,0.2311,2633451.86
2026-06-01 18:00:00+00:00,0.2311,0.2319,0.2302,0.2305,967114.43
2026-06-01 19:00:00+00:00,0.2305,0.2318,0.2301,0.2316,502235.54
2026-06-01 20:00:00+00:00,0.2316,0.2316,0.2304,0.2308,380548.62
2026-06-01 21:00:00+00:00,0.2308,0.2309,0.229,0.2296,909341.79
2026-06-01 22:00:00+00:00,0.2296,0.231,0.2283,0.2308,1733363.47
2026-06-01 23:00:00+00:00,0.2308,0.2319,0.2302,0.2311,973054.73
2026-06-02 00:00:00+00:00,0.2311,0.2314,0.2296,0.2296,533331.11
2026-06-02 01:00:00+00:00,0.2296,0.2299,0.227,0.2272,1633988.07
2026-06-02 02:00:00+00:00,0.2272,0.228,0.2245,0.228,4513425.73
2026-06-02 03:00:00+00:00,0.228,0.2287,0.2273,0.228,1027240.69
2026-06-02 04:00:00+00:00,0.228,0.2286,0.2256,0.2259,1428863.78
2026-06-02 05:00:00+00:00,0.2259,0.2265,0.2236,0.2245,4967584.24
2026-06-02 06:00:00+00:00,0.2245,0.2248,0.2229,0.2238,3905557.71
2026-06-02 07:00:00+00:00,0.2238,0.2249,0.2226,0.224,2881850.78
2026-06-02 08:00:00+00:00,0.224,0.2245,0.2236,0.2238,1341682.28
2026-06-02 09:00:00+00:00,0.2238,0.224,0.2223,0.2234,1821229.05
2026-06-02 10:00:00+00:00,0.2234,0.2246,0.2228,0.2245,1604383.76
2026-06-02 11:00:00+00:00,0.2245,0.2245,0.223,0.2231,2788119.68
2026-06-02 12:00:00+00:00,0.2231,0.2234,0.2217,0.2232,2918119.97
2026-06-02 13:00:00+00:00,0.2232,0.2239,0.2224,0.2229,2304850.83
2026-06-02 14:00:00+00:00,0.2229,0.223,0.2167,0.2194,18524248.75
2026-06-02 15:00:00+00:00,0.2194,0.2197,0.2138,0.2155,12988918.73
2026-06-02 16:00:00+00:00,0.2155,0.2192,0.2148,0.2182,4068378.11
2026-06-02 17:00:00+00:00,0.2182,0.2192,0.2173,0.2188,3191534.1
2026-06-02 18:00:00+00:00,0.2188,0.2192,0.2154,0.2164,1636837.18
2026-06-02 19:00:00+00:00,0.2164,0.2171,0.2121,0.2157,5968781.84
2026-06-02 20:00:00+00:00,0.2157,0.2171,0.214,0.2164,2037642.09
2026-06-02 21:00:00+00:00,0.2164,0.2184,0.2156,0.2167,1013205.15
2026-06-02 22:00:00+00:00,0.2167,0.2168,0.211,0.2123,4179708.86
2026-06-02 23:00:00+00:00,0.2123,0.2135,0.2095,0.2129,6280279.12
2026-06-03 00:00:00+00:00,0.2129,0.2144,0.2125,0.2136,1472507.21
2026-06-03 01:00:00+00:00,0.2136,0.2147,0.2119,0.2138,1740027.56
2026-06-03 02:00:00+00:00,0.2138,0.2138,0.2115,0.2124,881637.68
2026-06-03 03:00:00+00:00,0.2124,0.2128,0.2073,0.2087,6046508.41
2026-06-03 04:00:00+00:00,0.2087,0.2122,0.2087,0.212,1891262.82
2026-06-03 05:00:00+00:00,0.212,0.2154,0.212,0.2151,4190909.79
2026-06-03 06:00:00+00:00,0.2151,0.217,0.2147,0.2155,1630393.46
2026-06-03 07:00:00+00:00,0.2155,0.2182,0.215,0.2172,1837354.63
2026-06-03 08:00:00+00:00,0.2172,0.2175,0.216,0.2167,1012939.77
2026-06-03 09:00:00+00:00,0.2167,0.2174,0.2155,0.2165,2199517.2
2026-06-03 10:00:00+00:00,0.2165,0.2184,0.2164,0.2177,1340169.24
2026-06-03 11:00:00+00:00,0.2177,0.2184,0.2158,0.2162,969912.58
2026-06-03 12:00:00+00:00,0.2162,0.2165,0.215,0.2156,2008693.63
2026-06-03 13:00:00+00:00,0.2156,0.2166,0.2144,0.2153,2436676.61
2026-06-03 14:00:00+00:00,0.2153,0.2156,0.2132,0.214,3040581.28
2026-06-03 15:00:00+00:00,0.214,0.2146,0.2116,0.212,2710278.67
2026-06-03 16:00:00+00:00,0.212,0.2123,0.2076,0.2095,5517012.18
2026-06-03 17:00:00+00:00,0.2095,0.2108,0.2075,0.2099,2065749.73
2026-06-03 18:00:00+00:00,0.2099,0.2099,0.207,0.2085,2836764.24
2026-06-03 19:00:00+00:00,0.2085,0.2087,0.2042,0.2048,5131740.83
2026-06-03 20:00:00+00:00,0.2048,0.2058,0.2007,0.2022,8450474.28
2026-06-03 21:00:00+00:00,0.2022,0.2056,0.2017,0.2054,4861035.51
2026-06-03 22:00:00+00:00,0.2054,0.2066,0.2023,0.2025,4441612.86
2026-06-03 23:00:00+00:00,0.2025,0.2028,0.2,0.2004,4629728.62
2026-06-04 00:00:00+00:00,0.2004,0.2018,0.1958,0.1977,16757415.12
2026-06-04 01:00:00+00:00,0.1977,0.1989,0.1914,0.1924,17050807.26
2026-06-04 02:00:00+00:00,0.1924,0.1962,0.1874,0.1949,24870247.18
2026-06-04 03:00:00+00:00,0.1949,0.2003,0.1949,0.1999,8665964.83
2026-06-04 04:00:00+00:00,0.1999,0.2011,0.1968,0.199,7042699.37
2026-06-04 05:00:00+00:00,0.199,0.199,0.1956,0.1966,7270527.59
2026-06-04 06:00:00+00:00,0.1966,0.1997,0.1963,0.1978,2914937.63
2026-06-04 07:00:00+00:00,0.1978,0.198,0.1948,0.1948,4442409.64
2026-06-04 08:00:00+00:00,0.1948,0.1958,0.1928,0.1936,4455265.12
2026-06-04 09:00:00+00:00,0.1936,0.1936,0.1879,0.1906,9766256.0
2026-06-04 10:00:00+00:00,0.1906,0.1906,0.1868,0.1878,8318504.27
2026-06-04 11:00:00+00:00,0.1878,0.1905,0.1874,0.1902,4127341.26
2026-06-04 12:00:00+00:00,0.1902,0.1927,0.1881,0.1918,6145287.98
2026-06-04 13:00:00+00:00,0.1918,0.1922,0.1871,0.1891,6574520.81
2026-06-04 14:00:00+00:00,0.1891,0.1901,0.1878,0.1896,5455455.92
2026-06-04 15:00:00+00:00,0.1896,0.1922,0.1888,0.1889,5721588.19
2026-06-04 16:00:00+00:00,0.1889,0.1889,0.1859,0.1871,5563404.44
2026-06-04 17:00:00+00:00,0.1871,0.1896,0.1865,0.1884,4468727.21
2026-06-04 18:00:00+00:00,0.1884,0.1905,0.1856,0.1883,6074831.41
2026-06-04 19:00:00+00:00,0.1883,0.1895,0.186,0.1865,7464300.28
2026-06-04 20:00:00+00:00,0.1865,0.1866,0.1837,0.1845,7470468.03
2026-06-04 21:00:00+00:00,0.1845,0.1845,0.1788,0.1806,11518058.51
2026-06-04 22:00:00+00:00,0.1806,0.1823,0.1798,0.1818,6235902.45
2026-06-04 23:00:00+00:00,0.1818,0.1834,0.1793,0.1798,3394616.86
2026-06-05 00:00:00+00:00,0.1798,0.1798,0.1742,0.1747,9108541.86
2026-06-05 01:00:00+00:00,0.1747,0.1749,0.1715,0.1723,10929901.56
2026-06-05 02:00:00+00:00,0.1723,0.1723,0.1631,0.1637,16362689.5
2026-06-05 03:00:00+00:00,0.1637,0.1656,0.1581,0.1585,17126170.38
2026-06-05 04:00:00+00:00,0.1585,0.1689,0.1581,0.1685,22636913.11
2026-06-05 05:00:00+00:00,0.1685,0.1693,0.1636,0.1646,12021424.86
2026-06-05 06:00:00+00:00,0.1646,0.1656,0.1599,0.1616,19800225.23
2026-06-05 07:00:00+00:00,0.1616,0.1659,0.1588,0.1635,17863394.35
2026-06-05 08:00:00+00:00,0.1635,0.1637,0.1586,0.161,8662503.04
2026-06-05 09:00:00+00:00,0.161,0.1652,0.1603,0.1639,15086221.52
2026-06-05 10:00:00+00:00,0.1639,0.1663,0.1628,0.1639,7418404.98
2026-06-05 11:00:00+00:00,0.1639,0.1641,0.1612,0.1624,12005319.13
2026-06-05 12:00:00+00:00,0.1624,0.164,0.1605,0.1628,14622113.17
2026-06-05 13:00:00+00:00,0.1628,0.1652,0.1594,0.1598,13202384.65
2026-06-05 14:00:00+00:00,0.1598,0.1631,0.1578,0.1607,16402544.56
2026-06-05 15:00:00+00:00,0.1607,0.1612,0.1564,0.1573,18870607.03
2026-06-05 16:00:00+00:00,0.1573,0.1635,0.1544,0.163,22240664.25
2026-06-05 17:00:00+00:00,0.163,0.1639,0.1597,0.1611,6758536.38
2026-06-05 18:00:00+00:00,0.1611,0.1628,0.1572,0.1575,8900836.89
2026-06-05 19:00:00+00:00,0.1575,0.1617,0.155,0.1605,9834552.87
2026-06-05 20:00:00+00:00,0.1605,0.1634,0.1583,0.1624,7862513.64
2026-06-05 21:00:00+00:00,0.1624,0.1638,0.1616,0.1625,3830936.09
2026-06-05 22:00:00+00:00,0.1625,0.1625,0.1587,0.1596,8625611.95
2026-06-05 23:00:00+00:00,0.1596,0.1606,0.155,0.1567,9361829.82
2026-06-06 00:00:00+00:00,0.1567,0.1619,0.1566,0.1613,7028313.06
2026-06-06 01:00:00+00:00,0.1613,0.1624,0.1579,0.1584,6074280.71
2026-06-06 02:00:00+00:00,0.1584,0.1585,0.1552,0.1555,9061381.94
2026-06-06 03:00:00+00:00,0.1555,0.156,0.1537,0.1551,9704221.59
2026-06-06 04:00:00+00:00,0.1551,0.156,0.1487,0.1498,17283280.69
2026-06-06 05:00:00+00:00,0.1498,0.1549,0.1486,0.1538,13921443.14
2026-06-06 06:00:00+00:00,0.1538,0.1565,0.1536,0.154,15226653.76
2026-06-06 07:00:00+00:00,0.154,0.1584,0.154,0.1574,12259511.54
2026-06-06 08:00:00+00:00,0.1574,0.16,0.1566,0.1595,9239138.54
2026-06-06 09:00:00+00:00,0.1595,0.1602,0.1563,0.1567,6341348.84
2026-06-06 10:00:00+00:00,0.1567,0.1567,0.1536,0.1544,10273921.01
2026-06-06 11:00:00+00:00,0.1544,0.1568,0.1543,0.1564,5863740.85
2026-06-06 12:00:00+00:00,0.1564,0.1595,0.155,0.1584,6086843.03
2026-06-06 13:00:00+00:00,0.1584,0.1596,0.1577,0.1585,4579697.87
2026-06-06 14:00:00+00:00,0.1585,0.1617,0.1582,0.1601,9746868.47
2026-06-06 15:00:00+00:00,0.1601,0.1604,0.1569,0.1584,8622038.41
2026-06-06 16:00:00+00:00,0.1584,0.1602,0.1576,0.1599,5660833.59
2026-06-06 17:00:00+00:00,0.1599,0.1602,0.157,0.1577,7192364.41
2026-06-06 18:00:00+00:00,0.1577,0.159,0.1567,0.1569,5214709.21
2026-06-06 19:00:00+00:00,0.1569,0.1582,0.1567,0.1569,6597568.9
2026-06-06 20:00:00+00:00,0.1569,0.1575,0.156,0.1571,4211676.66
2026-06-06 21:00:00+00:00,0.1571,0.1587,0.157,0.1572,2917846.51
2026-06-06 22:00:00+00:00,0.1572,0.1572,0.1557,0.1558,2244980.09
2026-06-06 23:00:00+00:00,0.1558,0.1576,0.1555,0.1572,2265441.49
2026-06-07 00:00:00+00:00,0.1572,0.1585,0.1568,0.1575,1710355.95
2026-06-07 01:00:00+00:00,0.1575,0.1621,0.1571,0.1609,5814091.39
2026-06-07 02:00:00+00:00,0.1609,0.1619,0.1595,0.1609,3860627.2
2026-06-07 03:00:00+00:00,0.1609,0.1622,0.1603,0.1615,3955463.23
2026-06-07 04:00:00+00:00,0.1615,0.1629,0.1597,0.1623,4608314.39
2026-06-07 05:00:00+00:00,0.1623,0.1623,0.1607,0.1612,5134362.43
2026-06-07 06:00:00+00:00,0.1612,0.1632,0.1601,0.1612,6048601.72
2026-06-07 07:00:00+00:00,0.1612,0.1625,0.1606,0.1623,3477457.24
2026-06-07 08:00:00+00:00,0.1623,0.1657,0.1615,0.165,7949068.3
2026-06-07 09:00:00+00:00,0.165,0.1673,0.1647,0.1651,8836713.33
2026-06-07 10:00:00+00:00,0.1651,0.1661,0.1635,0.1642,4079822.35
2026-06-07 11:00:00+00:00,0.1642,0.1656,0.1639,0.1647,2095784.38
2026-06-07 12:00:00+00:00,0.1647,0.1649,0.1604,0.1616,6523572.8
2026-06-07 13:00:00+00:00,0.1616,0.1622,0.1608,0.1619,2243996.64
2026-06-07 14:00:00+00:00,0.1619,0.164,0.1618,0.1627,3868242.39
2026-06-07 15:00:00+00:00,0.1627,0.1629,0.1616,0.1622,1817664.6
2026-06-07 16:00:00+00:00,0.1622,0.1631,0.1619,0.1627,2533324.59
2026-06-07 17:00:00+00:00,0.1627,0.1641,0.1623,0.1629,1776767.38
2026-06-07 18:00:00+00:00,0.1629,0.1637,0.1617,0.1619,2127598.65
2026-06-07 19:00:00+00:00,0.1619,0.162,0.158,0.1586,8640961.84
2026-06-07 20:00:00+00:00,0.1586,0.161,0.1581,0.1608,2630793.62
2026-06-07 21:00:00+00:00,0.1608,0.1614,0.1595,0.1607,3326732.91
2026-06-07 22:00:00+00:00,0.1607,0.1688,0.1606,0.1645,17686772.77
2026-06-07 23:00:00+00:00,0.1645,0.1663,0.1643,0.1652,4262078.98
2026-06-08 00:00:00+00:00,0.1652,0.1667,0.1641,0.1653,5336483.35
2026-06-08 01:00:00+00:00,0.1653,0.1654,0.1615,0.1632,5301584.9
2026-06-08 02:00:00+00:00,0.1632,0.1642,0.1627,0.1635,3903932.56
2026-06-08 03:00:00+00:00,0.1635,0.1653,0.1629,0.164,2972443.82
2026-06-08 04:00:00+00:00,0.164,0.1643,0.161,0.1615,2850698.48
2026-06-08 05:00:00+00:00,0.1615,0.162,0.1599,0.1608,2637950.74
2026-06-08 06:00:00+00:00,0.1608,0.1625,0.1606,0.1617,2427650.17
2026-06-08 07:00:00+00:00,0.1617,0.164,0.161,0.1638,1726435.17
2026-06-08 08:00:00+00:00,0.1638,0.1639,0.1623,0.1633,5903633.81
2026-06-08 09:00:00+00:00,0.1633,0.1654,0.1627,0.1652,4042175.34
2026-06-08 10:00:00+00:00,0.1652,0.1658,0.1636,0.1644,3716432.61
2026-06-08 11:00:00+00:00,0.1644,0.1682,0.1641,0.1676,5721462.85
2026-06-08 12:00:00+00:00,0.1676,0.1684,0.1648,0.1677,6580686.53
2026-06-08 13:00:00+00:00,0.1677,0.168,0.1656,0.1663,5162918.85
2026-06-08 14:00:00+00:00,0.1663,0.1684,0.1655,0.1681,4988769.97
2026-06-08 15:00:00+00:00,0.1681,0.1716,0.1681,0.1693,6434561.72
2026-06-08 16:00:00+00:00,0.1693,0.1724,0.1678,0.168,4366114.55
2026-06-08 17:00:00+00:00,0.168,0.17,0.1672,0.1699,3935519.96
2026-06-08 18:00:00+00:00,0.1699,0.1726,0.1699,0.171,4164315.36
2026-06-08 19:00:00+00:00,0.171,0.1727,0.1707,0.1719,3755880.45
2026-06-08 20:00:00+00:00,0.1719,0.172,0.1688,0.1709,3936315.34
2026-06-08 21:00:00+00:00,0.1709,0.1746,0.1709,0.1718,4378212.44
2026-06-08 22:00:00+00:00,0.1718,0.1723,0.1704,0.172,2560641.28
2026-06-08 23:00:00+00:00,0.172,0.173,0.1699,0.1704,2195818.06
2026-06-09 00:00:00+00:00,0.1704,0.1708,0.166,0.1669,10511350.48
2026-06-09 01:00:00+00:00,0.1669,0.1675,0.1657,0.167,7138206.2
2026-06-09 02:00:00+00:00,0.167,0.1676,0.1657,0.1675,3519012.84
2026-06-09 03:00:00+00:00,0.1675,0.1676,0.1656,0.1664,2643062.13
2026-06-09 04:00:00+00:00,0.1664,0.169,0.165,0.1686,4482198.73
2026-06-09 05:00:00+00:00,0.1686,0.1702,0.1676,0.1699,3527630.15
2026-06-09 06:00:00+00:00,0.1699,0.171,0.1693,0.1694,3728312.68
2026-06-09 07:00:00+00:00,0.1694,0.1711,0.169,0.1702,3596110.86
2026-06-09 08:00:00+00:00,0.1702,0.1704,0.1682,0.169,2800425.48
2026-06-09 09:00:00+00:00,0.169,0.1693,0.1667,0.1678,3285460.77
2026-06-09 10:00:00+00:00,0.1678,0.1684,0.1669,0.1678,4102152.54
2026-06-09 11:00:00+00:00,0.1678,0.1679,0.1668,0.1675,1594725.46
2026-06-09 12:00:00+00:00,0.1675,0.169,0.1671,0.1689,2127547.01
2026-06-09 13:00:00+00:00,0.1689,0.1698,0.1671,0.1684,2383084.93
2026-06-09 14:00:00+00:00,0.1684,0.1691,0.1643,0.1662,6053227.1
2026-06-09 15:00:00+00:00,0.1662,0.167,0.1626,0.1631,5455492.27
2026-06-09 16:00:00+00:00,0.1631,0.1637,0.1607,0.162,6135352.45
2026-06-09 17:00:00+00:00,0.162,0.1664,0.162,0.1652,3973095.39
2026-06-09 18:00:00+00:00,0.1652,0.1674,0.1646,0.167,2325911.88
2026-06-09 19:00:00+00:00,0.167,0.169,0.1663,0.1685,3140992.67
2026-06-09 20:00:00+00:00,0.1685,0.1699,0.168,0.1681,1757898.37
2026-06-09 21:00:00+00:00,0.1681,0.1683,0.1654,0.166,1794454.55
2026-06-09 22:00:00+00:00,0.166,0.1663,0.165,0.1651,1328632.34
2026-06-09 23:00:00+00:00,0.1651,0.1658,0.1648,0.1653,1091790.86
2026-06-10 00:00:00+00:00,0.1653,0.1665,0.1644,0.1662,1761147.7
2026-06-10 01:00:00+00:00,0.1662,0.1669,0.1647,0.1648,2864973.95
2026-06-10 02:00:00+00:00,0.1648,0.1654,0.1618,0.1619,3855900.84
2026-06-10 03:00:00+00:00,0.1619,0.1629,0.1613,0.1623,2810446.63
2026-06-10 04:00:00+00:00,0.1623,0.163,0.1612,0.1616,1620445.08
2026-06-10 05:00:00+00:00,0.1616,0.1621,0.1603,0.1605,1689527.71
2026-06-10 06:00:00+00:00,0.1605,0.1613,0.1598,0.1606,1146193.31
2026-06-10 07:00:00+00:00,0.1606,0.1623,0.1605,0.1614,1837305.27
2026-06-10 08:00:00+00:00,0.1614,0.1616,0.1587,0.1594,3735078.37
2026-06-10 09:00:00+00:00,0.1594,0.1608,0.1585,0.1604,1523255.87
2026-06-10 10:00:00+00:00,0.1604,0.161,0.1592,0.1608,1977826.68
2026-06-10 11:00:00+00:00,0.1608,0.1608,0.1585,0.1596,5130800.43
2026-06-10 12:00:00+00:00,0.1596,0.1636,0.1591,0.162,5970991.72
2026-06-10 13:00:00+00:00,0.162,0.1659,0.1613,0.1649,6165584.04
2026-06-10 14:00:00+00:00,0.1649,0.1652,0.1624,0.164,4354522.19
2026-06-10 15:00:00+00:00,0.164,0.1669,0.1629,0.165,6350232.03
2026-06-10 16:00:00+00:00,0.165,0.1652,0.1606,0.1621,6354952.82
2026-06-10 17:00:00+00:00,0.1621,0.1628,0.1603,0.1618,3413639.42
2026-06-10 18:00:00+00:00,0.1618,0.1647,0.1612,0.1647,5022784.73
2026-06-10 19:00:00+00:00,0.1647,0.1649,0.1603,0.1607,7596536.98
2026-06-10 20:00:00+00:00,0.1607,0.1616,0.1597,0.1602,4012729.33
2026-06-10 21:00:00+00:00,0.1602,0.1605,0.1583,0.1595,3293146.73
2026-06-10 22:00:00+00:00,0.1595,0.1616,0.1586,0.1602,4045846.7
2026-06-10 23:00:00+00:00,0.1602,0.1615,0.1593,0.1606,4300715.51
2026-06-11 00:00:00+00:00,0.1606,0.1623,0.1605,0.1612,4750110.75
2026-06-11 01:00:00+00:00,0.1612,0.1644,0.1612,0.1636,5192589.73
2026-06-11 02:00:00+00:00,0.1636,0.1639,0.1619,0.1631,7175115.79
2026-06-11 03:00:00+00:00,0.1631,0.1672,0.1623,0.1667,9927254.1
2026-06-11 04:00:00+00:00,0.1667,0.1677,0.1653,0.1669,5604634.88
2026-06-11 05:00:00+00:00,0.1669,0.1669,0.1655,0.1655,1758831.98
2026-06-11 06:00:00+00:00,0.1655,0.1663,0.1641,0.1646,2899052.07
2026-06-11 07:00:00+00:00,0.1646,0.167,0.1645,0.1668,3049775.56
2026-06-11 08:00:00+00:00,0.1668,0.1681,0.1667,0.1668,2752359.49
2026-06-11 09:00:00+00:00,0.1668,0.1671,0.1656,0.1664,2900180.91
2026-06-11 10:00:00+00:00,0.1664,0.1665,0.1654,0.1662,2259106.68
2026-06-11 11:00:00+00:00,0.1662,0.1674,0.1655,0.1669,2664631.73
2026-06-11 12:00:00+00:00,0.1669,0.1669,0.1646,0.1657,4219335.24
2026-06-11 13:00:00+00:00,0.1657,0.1662,0.1643,0.1659,1819958.12
2026-06-11 14:00:00+00:00,0.1659,0.1667,0.1647,0.1654,1543131.45
2026-06-11 15:00:00+00:00,0.1654,0.1673,0.1646,0.1662,3338480.31
2026-06-11 16:00:00+00:00,0.1662,0.1667,0.165,0.1652,2125998.5
2026-06-11 17:00:00+00:00,0.1652,0.1707,0.1642,0.1707,7513355.11
2026-06-11 18:00:00+00:00,0.1707,0.1719,0.169,0.1692,3136664.15
2026-06-11 19:00:00+00:00,0.1692,0.171,0.1682,0.1694,2025641.97
2026-06-11 20:00:00+00:00,0.1694,0.1697,0.1676,0.1685,1451431.32
2026-06-11 21:00:00+00:00,0.1685,0.171,0.1684,0.1701,2472540.86
2026-06-11 22:00:00+00:00,0.1701,0.1716,0.1701,0.1711,1100638.29
2026-06-11 23:00:00+00:00,0.1711,0.172,0.1701,0.1707,2921387.5
2026-06-12 00:00:00+00:00,0.1707,0.1712,0.17,0.1702,2229202.79
2026-06-12 01:00:00+00:00,0.1702,0.1702,0.1689,0.1696,1228867.06
2026-06-12 02:00:00+00:00,0.1696,0.1716,0.1696,0.1712,1644191.2
2026-06-12 03:00:00+00:00,0.1712,0.172,0.1708,0.1719,1663391.11
2026-06-12 04:00:00+00:00,0.1719,0.1736,0.1715,0.1722,3269757.18
2026-06-12 05:00:00+00:00,0.1722,0.1724,0.1702,0.1703,2015895.99
2026-06-12 06:00:00+00:00,0.1703,0.1709,0.1681,0.1684,2865916.49
2026-06-12 07:00:00+00:00,0.1684,0.1695,0.1683,0.1691,1642852.05
2026-06-12 08:00:00+00:00,0.1691,0.1706,0.1691,0.1706,1563675.05
2026-06-12 09:00:00+00:00,0.1706,0.1723,0.1697,0.172,2260103.77
2026-06-12 10:00:00+00:00,0.172,0.1723,0.1707,0.1713,2143883.53
2026-06-12 11:00:00+00:00,0.1713,0.1717,0.1707,0.1714,1501930.15
2026-06-12 12:00:00+00:00,0.1714,0.1722,0.1706,0.1709,2364469.49
2026-06-12 13:00:00+00:00,0.1709,0.171,0.1676,0.1685,4655766.92
2026-06-12 14:00:00+00:00,0.1685,0.1733,0.1682,0.1728,4945301.11
2026-06-12 15:00:00+00:00,0.1728,0.1744,0.1702,0.1705,8594880.95
2026-06-12 16:00:00+00:00,0.1705,0.1736,0.1696,0.1735,5275513.3
2026-06-12 17:00:00+00:00,0.1735,0.1745,0.1714,0.1719,3294306.19
2026-06-12 18:00:00+00:00,0.1719,0.1723,0.1701,0.1711,2746760.65
2026-06-12 19:00:00+00:00,0.1711,0.1726,0.1704,0.1708,2950299.75
2026-06-12 20:00:00+00:00,0.1708,0.1714,0.1693,0.1696,3584693.38
2026-06-12 21:00:00+00:00,0.1696,0.1704,0.1686,0.1694,2185004.76
2026-06-12 22:00:00+00:00,0.1694,0.1703,0.1691,0.1696,1402556.27
2026-06-12 23:00:00+00:00,0.1696,0.1701,0.1687,0.1697,2633044.94
2026-06-13 00:00:00+00:00,0.1697,0.1706,0.1694,0.1701,2797909.82
2026-06-13 01:00:00+00:00,0.1701,0.1734,0.1699,0.1728,6002012.4
2026-06-13 02:00:00+00:00,0.1728,0.173,0.1716,0.1719,2328257.26
2026-06-13 03:00:00+00:00,0.1719,0.1722,0.1699,0.1704,3333760.26
2026-06-13 04:00:00+00:00,0.1704,0.1709,0.1697,0.1704,1932855.51
2026-06-13 05:00:00+00:00,0.1704,0.1708,0.169,0.1697,1611171.96
2026-06-13 06:00:00+00:00,0.1697,0.172,0.1694,0.172,2644302.08
2026-06-13 07:00:00+00:00,0.172,0.1741,0.1714,0.1732,6585774.03
2026-06-13 08:00:00+00:00,0.1732,0.1738,0.1727,0.173,2316775.8
2026-06-13 09:00:00+00:00,0.173,0.1734,0.1722,0.1725,1585727.93
2026-06-13 10:00:00+00:00,0.1725,0.173,0.172,0.1724,1392094.09
2026-06-13 11:00:00+00:00,0.1724,0.1738,0.1724,0.1735,1010347.19
2026-06-13 12:00:00+00:00,0.1735,0.1743,0.173,0.1736,2110781.31
2026-06-13 13:00:00+00:00,0.1736,0.1742,0.1733,0.1742,1793485.9
2026-06-13 14:00:00+00:00,0.1742,0.1747,0.1736,0.1746,1362774.91
2026-06-13 15:00:00+00:00,0.1746,0.1758,0.1742,0.175,1924900.99
2026-06-13 16:00:00+00:00,0.175,0.175,0.1726,0.1735,3149608.96
2026-06-13 17:00:00+00:00,0.1735,0.1742,0.1718,0.1723,1764278.65
2026-06-13 18:00:00+00:00,0.1723,0.1733,0.1718,0.1721,952304.3
2026-06-13 19:00:00+00:00,0.1721,0.1728,0.1716,0.1721,1354820.67
2026-06-13 20:00:00+00:00,0.1721,0.1725,0.1712,0.1718,1258001.37
2026-06-13 21:00:00+00:00,0.1718,0.1736,0.1714,0.1727,1982285.33
2026-06-13 22:00:00+00:00,0.1727,0.1729,0.1716,0.1717,2106491.41
2026-06-13 23:00:00+00:00,0.1717,0.1728,0.1715,0.1719,2475905.26
2026-06-14 00:00:00+00:00,0.1719,0.1726,0.1714,0.1716,1875567.54
2026-06-14 01:00:00+00:00,0.1716,0.1733,0.1714,0.1727,2508726.66
2026-06-14 02:00:00+00:00,0.1727,0.1736,0.1722,0.1724,1325565.16
2026-06-14 03:00:00+00:00,0.1724,0.1735,0.172,0.1731,867987.99
2026-06-14 04:00:00+00:00,0.1731,0.1732,0.1717,0.1719,1109676.83
2026-06-14 05:00:00+00:00,0.1719,0.1725,0.1714,0.172,1002320.07
2026-06-14 06:00:00+00:00,0.172,0.1728,0.1713,0.1715,471047.93
2026-06-14 07:00:00+00:00,0.1715,0.1717,0.1709,0.1711,737835.24
2026-06-14 08:00:00+00:00,0.1711,0.1717,0.1708,0.1711,654628.85
2026-06-14 09:00:00+00:00,0.1711,0.1719,0.1701,0.1712,1450492.8
2026-06-14 10:00:00+00:00,0.1712,0.1713,0.1697,0.1699,1941874.42
2026-06-14 11:00:00+00:00,0.1699,0.1704,0.1695,0.1699,612863.51
2026-06-14 12:00:00+00:00,0.1699,0.17,0.1678,0.1684,1099323.72
2026-06-14 13:00:00+00:00,0.1684,0.1686,0.167,0.1676,2234960.57
2026-06-14 14:00:00+00:00,0.1676,0.168,0.1654,0.167,2703151.44
2026-06-14 15:00:00+00:00,0.167,0.1673,0.1664,0.167,1568615.81
2026-06-14 16:00:00+00:00,0.167,0.1676,0.1668,0.1671,974941.35
2026-06-14 17:00:00+00:00,0.1671,0.1674,0.1665,0.1666,729284.79
2026-06-14 18:00:00+00:00,0.1666,0.167,0.1661,0.1662,843106.06
2026-06-14 19:00:00+00:00,0.1662,0.1667,0.1658,0.1661,1429432.96
2026-06-14 20:00:00+00:00,0.1661,0.1674,0.1659,0.167,1059201.06
2026-06-14 21:00:00+00:00,0.167,0.1761,0.1667,0.174,7266952.07
2026-06-14 22:00:00+00:00,0.174,0.177,0.1726,0.1751,9492045.0
2026-06-14 23:00:00+00:00,0.1751,0.1838,0.1739,0.183,7412236.76
2026-06-15 00:00:00+00:00,0.183,0.187,0.1816,0.1829,11680653.61
2026-06-15 01:00:00+00:00,0.1829,0.1833,0.18,0.1805,6892302.05
2026-06-15 02:00:00+00:00,0.1805,0.1824,0.1794,0.1799,4565753.93
2026-06-15 03:00:00+00:00,0.1799,0.1821,0.1796,0.1814,2469931.57
2026-06-15 04:00:00+00:00,0.1814,0.1817,0.1796,0.1797,1694431.6
2026-06-15 05:00:00+00:00,0.1797,0.1814,0.1796,0.181,1423088.78
2026-06-15 06:00:00+00:00,0.181,0.1819,0.1806,0.1813,1135109.07
2026-06-15 07:00:00+00:00,0.1813,0.1819,0.18,0.1802,1483947.9
2026-06-15 08:00:00+00:00,0.1802,0.1817,0.18,0.1811,1452976.43
2026-06-15 09:00:00+00:00,0.1811,0.1819,0.1806,0.1815,1209127.62
2026-06-15 10:00:00+00:00,0.1815,0.183,0.1806,0.1829,3804357.29
2026-06-15 11:00:00+00:00,0.1829,0.1855,0.1823,0.1852,2985862.25
2026-06-15 12:00:00+00:00,0.1852,0.1895,0.1845,0.1873,2635093.87
2026-06-15 13:00:00+00:00,0.1873,0.1899,0.186,0.1892,3895597.63
2026-06-15 14:00:00+00:00,0.1892,0.1895,0.1873,0.1874,1549286.89
2026-06-15 15:00:00+00:00,0.1874,0.1894,0.186,0.1889,2512705.38
2026-06-15 16:00:00+00:00,0.1889,0.1897,0.187,0.1877,1472251.01
2026-06-15 17:00:00+00:00,0.1877,0.1881,0.1859,0.1876,1264891.16
2026-06-15 18:00:00+00:00,0.1876,0.1887,0.1869,0.1873,1112682.67
2026-06-15 19:00:00+00:00,0.1873,0.1886,0.1851,0.1861,1583199.9
2026-06-15 20:00:00+00:00,0.1861,0.1865,0.1799,0.1806,3435890.9
2026-06-15 21:00:00+00:00,0.1806,0.1814,0.1794,0.1795,1409305.71
2026-06-15 22:00:00+00:00,0.1795,0.1805,0.177,0.1784,1101983.23
2026-06-15 23:00:00+00:00,0.1784,0.1788,0.1775,0.1787,645787.4
2026-06-16 00:00:00+00:00,0.1787,0.1792,0.1777,0.1779,1447432.29
2026-06-16 01:00:00+00:00,0.1779,0.1785,0.1771,0.1773,596857.37
2026-06-16 02:00:00+00:00,0.1773,0.1776,0.1755,0.1762,1104831.76
2026-06-16 03:00:00+00:00,0.1762,0.1775,0.1758,0.1772,772881.0
2026-06-16 04:00:00+00:00,0.1772,0.1773,0.1757,0.1759,650208.65
2026-06-16 05:00:00+00:00,0.1759,0.1773,0.1759,0.177,523152.38
2026-06-16 06:00:00+00:00,0.177,0.1787,0.177,0.1784,671608.21
2026-06-16 07:00:00+00:00,0.1784,0.1793,0.1777,0.1789,738598.73
2026-06-16 08:00:00+00:00,0.1789,0.1814,0.1784,0.1809,1399138.27
2026-06-16 09:00:00+00:00,0.1809,0.1811,0.1793,0.1799,1534781.53
2026-06-16 10:00:00+00:00,0.1799,0.1805,0.1793,0.1794,861582.59
2026-06-16 11:00:00+00:00,0.1794,0.1796,0.1783,0.1789,685134.0
2026-06-16 12:00:00+00:00,0.1789,0.1813,0.1785,0.1801,1634767.79
2026-06-16 13:00:00+00:00,0.1801,0.1802,0.1767,0.1771,1708407.64
2026-06-16 14:00:00+00:00,0.1771,0.1776,0.1729,0.1739,2511097.98
2026-06-16 15:00:00+00:00,0.1739,0.1749,0.1734,0.1741,1037796.3
2026-06-16 16:00:00+00:00,0.1741,0.1749,0.1729,0.1732,1310400.33
2026-06-16 17:00:00+00:00,0.1732,0.1748,0.1729,0.1746,1385642.16
2026-06-16 18:00:00+00:00,0.1746,0.1766,0.1739,0.1749,2565100.81
2026-06-16 19:00:00+00:00,0.1749,0.1749,0.172,0.1732,1685315.12
2026-06-16 20:00:00+00:00,0.1732,0.1756,0.1724,0.175,2065446.72
2026-06-16 21:00:00+00:00,0.175,0.1751,0.1734,0.1739,2566856.84
2026-06-16 22:00:00+00:00,0.1739,0.1743,0.1728,0.1734,873078.25
2026-06-16 23:00:00+00:00,0.1734,0.1738,0.1721,0.1725,1086170.31
2026-06-17 00:00:00+00:00,0.1725,0.1733,0.1719,0.172,1518393.36
2026-06-17 01:00:00+00:00,0.172,0.1739,0.1711,0.1736,3175843.1
2026-06-17 02:00:00+00:00,0.1736,0.1751,0.1733,0.1745,3083285.93
2026-06-17 03:00:00+00:00,0.1745,0.1745,0.1725,0.1731,858346.04
2026-06-17 04:00:00+00:00,0.1731,0.1738,0.1726,0.1729,678258.04
2026-06-17 05:00:00+00:00,0.1729,0.1734,0.1719,0.1727,1378955.65
2026-06-17 06:00:00+00:00,0.1727,0.1731,0.1712,0.1715,1163204.51
2026-06-17 07:00:00+00:00,0.1715,0.1721,0.1703,0.1713,2242587.01
2026-06-17 08:00:00+00:00,0.1713,0.1713,0.1687,0.1691,1429469.73
2026-06-17 09:00:00+00:00,0.1691,0.1697,0.1687,0.1692,992549.65
2026-06-17 10:00:00+00:00,0.1692,0.1698,0.1688,0.1691,676518.38
2026-06-17 11:00:00+00:00,0.1691,0.1695,0.1678,0.1689,1302142.15
2026-06-17 12:00:00+00:00,0.1689,0.1694,0.1675,0.1694,1425237.46
2026-06-17 13:00:00+00:00,0.1694,0.1696,0.1683,0.1683,1175880.48
2026-06-17 14:00:00+00:00,0.1683,0.1693,0.1671,0.1681,3886060.26
2026-06-17 15:00:00+00:00,0.1681,0.1715,0.1679,0.1714,1835094.93
2026-06-17 16:00:00+00:00,0.1714,0.173,0.1708,0.1711,1431228.55
2026-06-17 17:00:00+00:00,0.1711,0.1725,0.1705,0.1725,1433277.48
2026-06-17 18:00:00+00:00,0.1725,0.1725,0.1675,0.1697,11860939.29
2026-06-17 19:00:00+00:00,0.1697,0.1701,0.1649,0.1656,6853751.04
2026-06-17 20:00:00+00:00,0.1656,0.1675,0.1653,0.1673,1941166.02
2026-06-17 21:00:00+00:00,0.1673,0.1673,0.1657,0.1661,846469.53
2026-06-17 22:00:00+00:00,0.1661,0.1675,0.1637,0.1667,3180782.58
2026-06-17 23:00:00+00:00,0.1667,0.1673,0.1662,0.1669,750895.07
2026-06-18 00:00:00+00:00,0.1669,0.168,0.1668,0.1672,994951.41
2026-06-18 01:00:00+00:00,0.1672,0.1684,0.1672,0.1679,504603.87
2026-06-18 02:00:00+00:00,0.1679,0.1689,0.1676,0.1685,651977.97
2026-06-18 03:00:00+00:00,0.1685,0.1688,0.1664,0.1668,628698.02
2026-06-18 04:00:00+00:00,0.1668,0.1669,0.1652,0.1656,2170939.33
2026-06-18 05:00:00+00:00,0.1656,0.1656,0.164,0.165,1828349.77
2026-06-18 06:00:00+00:00,0.165,0.1657,0.1644,0.1655,1316757.88
2026-06-18 07:00:00+00:00,0.1655,0.1672,0.165,0.1668,1084198.87
2026-06-18 08:00:00+00:00,0.1668,0.1675,0.1663,0.1666,668472.09
2026-06-18 09:00:00+00:00,0.1666,0.1675,0.1664,0.1672,723866.09
2026-06-18 10:00:00+00:00,0.1672,0.1673,0.166,0.1666,569848.07
2026-06-18 11:00:00+00:00,0.1666,0.1669,0.1647,0.165,1009539.07
2026-06-18 12:00:00+00:00,0.165,0.1662,0.1649,0.166,802385.63
2026-06-18 13:00:00+00:00,0.166,0.1666,0.1637,0.1648,1392939.37
2026-06-18 14:00:00+00:00,0.1648,0.1662,0.164,0.1647,1176460.19
2026-06-18 15:00:00+00:00,0.1647,0.1647,0.1599,0.1604,3265496.39
2026-06-18 16:00:00+00:00,0.1604,0.1623,0.1602,0.1623,2883422.9
2026-06-18 17:00:00+00:00,0.1623,0.1625,0.1604,0.1614,1695759.07
2026-06-18 18:00:00+00:00,0.1614,0.1628,0.1609,0.1621,953090.87
2026-06-18 19:00:00+00:00,0.1621,0.1634,0.1615,0.1631,2989001.32
2026-06-18 20:00:00+00:00,0.1631,0.1642,0.1631,0.1635,614693.21
2026-06-18 21:00:00+00:00,0.1635,0.1636,0.1625,0.1633,557508.3
2026-06-18 22:00:00+00:00,0.1633,0.1634,0.1625,0.1631,475573.95
2026-06-18 23:00:00+00:00,0.1631,0.1639,0.1625,0.1637,310161.08
2026-06-19 00:00:00+00:00,0.1637,0.1643,0.1633,0.164,590659.61
2026-06-19 01:00:00+00:00,0.164,0.1652,0.1638,0.1645,2290849.3
2026-06-19 02:00:00+00:00,0.1645,0.1649,0.1635,0.1643,423233.92
2026-06-19 03:00:00+00:00,0.1643,0.1645,0.1611,0.1621,3638366.61
2026-06-19 04:00:00+00:00,0.1621,0.1624,0.1596,0.1602,1747833.22
2026-06-19 05:00:00+00:00,0.1602,0.1612,0.1601,0.1609,491522.79
2026-06-19 06:00:00+00:00,0.1609,0.1611,0.1602,0.1608,306486.73
2026-06-19 07:00:00+00:00,0.1608,0.1608,0.1587,0.1596,1778945.51
2026-06-19 08:00:00+00:00,0.1596,0.1611,0.1596,0.1605,576173.39
2026-06-19 09:00:00+00:00,0.1605,0.1607,0.1594,0.1598,496563.08
2026-06-19 10:00:00+00:00,0.1598,0.1605,0.1591,0.1603,559723.45
2026-06-19 11:00:00+00:00,0.1603,0.1604,0.1597,0.1598,605362.23
2026-06-19 12:00:00+00:00,0.1598,0.1608,0.1588,0.1608,998123.35
2026-06-19 13:00:00+00:00,0.1608,0.1629,0.1605,0.1624,1620233.93
2026-06-19 14:00:00+00:00,0.1624,0.1627,0.1615,0.1618,473946.11
2026-06-19 15:00:00+00:00,0.1618,0.1622,0.1611,0.1618,1590093.6
2026-06-19 16:00:00+00:00,0.1618,0.1623,0.1605,0.1606,818168.07
2026-06-19 17:00:00+00:00,0.1606,0.1622,0.1603,0.1618,515234.68
2026-06-19 18:00:00+00:00,0.1618,0.162,0.1604,0.1613,598718.13
2026-06-19 19:00:00+00:00,0.1613,0.1615,0.1605,0.1609,807314.51
2026-06-19 20:00:00+00:00,0.1609,0.1621,0.1605,0.1619,599268.54
2026-06-19 21:00:00+00:00,0.1619,0.1621,0.1605,0.1607,368392.89
2026-06-19 22:00:00+00:00,0.1607,0.1619,0.1605,0.1617,315319.33
2026-06-19 23:00:00+00:00,0.1617,0.1624,0.1612,0.1621,514203.18
2026-06-20 00:00:00+00:00,0.1621,0.1641,0.1619,0.1623,802226.97
2026-06-20 01:00:00+00:00,0.1623,0.1628,0.1619,0.1624,458933.86
2026-06-20 02:00:00+00:00,0.1624,0.1625,0.1617,0.1621,355714.34
2026-06-20 03:00:00+00:00,0.1621,0.1626,0.1618,0.1625,403554.76
2026-06-20 04:00:00+00:00,0.1625,0.1632,0.1623,0.1631,430611.28
2026-06-20 05:00:00+00:00,0.1631,0.165,0.1629,0.1635,1005867.77
2026-06-20 06:00:00+00:00,0.1635,0.1639,0.1631,0.1637,429229.84
2026-06-20 07:00:00+00:00,0.1637,0.1639,0.1629,0.163,325204.57
2026-06-20 08:00:00+00:00,0.163,0.1632,0.1623,0.163,500419.8
2026-06-20 09:00:00+00:00,0.163,0.164,0.163,0.1638,423913.59
2026-06-20 10:00:00+00:00,0.1638,0.1638,0.1628,0.1632,263336.28
2026-06-20 11:00:00+00:00,0.1632,0.1633,0.1624,0.1629,288896.41
2026-06-20 12:00:00+00:00,0.1629,0.1633,0.1623,0.1627,528303.48
2026-06-20 13:00:00+00:00,0.1627,0.1627,0.1612,0.1615,1001136.75
2026-06-20 14:00:00+00:00,0.1615,0.1632,0.16,0.162,2128590.69
2026-06-20 15:00:00+00:00,0.162,0.1633,0.1616,0.1623,1192387.46
2026-06-20 16:00:00+00:00,0.1623,0.1626,0.161,0.162,737006.91
2026-06-20 17:00:00+00:00,0.162,0.162,0.1602,0.1611,719651.37
2026-06-20 18:00:00+00:00,0.1611,0.1614,0.1608,0.1609,227455.02
2026-06-20 19:00:00+00:00,0.1609,0.1615,0.1608,0.1613,447634.06
2026-06-20 20:00:00+00:00,0.1613,0.1617,0.1612,0.1615,707004.52
2026-06-20 21:00:00+00:00,0.1615,0.1627,0.1614,0.1621,533303.61
2026-06-20 22:00:00+00:00,0.1621,0.1635,0.162,0.1632,888929.98
2026-06-20 23:00:00+00:00,0.1632,0.1638,0.163,0.1633,428162.76
2026-06-21 00:00:00+00:00,0.1633,0.1635,0.163,0.1635,419764.03
2026-06-21 01:00:00+00:00,0.1635,0.1635,0.1626,0.163,1193915.49
2026-06-21 02:00:00+00:00,0.163,0.163,0.1623,0.1623,242359.85
2026-06-21 03:00:00+00:00,0.1623,0.1631,0.1621,0.1627,595463.17
2026-06-21 04:00:00+00:00,0.1627,0.1627,0.1607,0.161,1540751.6
2026-06-21 05:00:00+00:00,0.161,0.161,0.1602,0.1605,741892.91
2026-06-21 06:00:00+00:00,0.1605,0.1616,0.1605,0.1615,154185.22
2026-06-21 07:00:00+00:00,0.1615,0.1623,0.1609,0.1615,591373.39
2026-06-21 08:00:00+00:00,0.1615,0.1616,0.16,0.1611,847419.37
2026-06-21 09:00:00+00:00,0.1611,0.162,0.1607,0.162,485567.0
2026-06-21 10:00:00+00:00,0.162,0.1626,0.1613,0.1614,488437.83
2026-06-21 11:00:00+00:00,0.1614,0.1618,0.1609,0.1609,639086.15
2026-06-21 12:00:00+00:00,0.1609,0.1613,0.1604,0.1612,433808.49
2026-06-21 13:00:00+00:00,0.1612,0.1619,0.161,0.1618,238008.9
2026-06-21 14:00:00+00:00,0.1618,0.1622,0.1614,0.1622,597396.36
2026-06-21 15:00:00+00:00,0.1622,0.1629,0.1622,0.1624,567308.43
2026-06-21 16:00:00+00:00,0.1624,0.1624,0.161,0.1616,540400.49
2026-06-21 17:00:00+00:00,0.1616,0.1624,0.1614,0.1616,234896.73
2026-06-21 18:00:00+00:00,0.1616,0.1621,0.161,0.1621,284064.27
2026-06-21 19:00:00+00:00,0.1621,0.1625,0.1618,0.162,435023.35
2026-06-21 20:00:00+00:00,0.162,0.1623,0.1604,0.1607,552236.91
2026-06-21 21:00:00+00:00,0.1607,0.1607,0.1586,0.1596,4209400.28
2026-06-21 22:00:00+00:00,0.1596,0.1599,0.1581,0.1591,1309420.3
2026-06-21 23:00:00+00:00,0.1591,0.1591,0.1564,0.1567,2228337.51
2026-06-22 00:00:00+00:00,0.1567,0.1598,0.1567,0.1595,1007436.41
2026-06-22 01:00:00+00:00,0.1595,0.1629,0.1591,0.1612,1482183.62
2026-06-22 02:00:00+00:00,0.1612,0.1612,0.1597,0.1597,1429347.35
2026-06-22 03:00:00+00:00,0.1597,0.1602,0.1579,0.1582,1089042.13
2026-06-22 04:00:00+00:00,0.1582,0.1593,0.1579,0.1593,311223.71
2026-06-22 05:00:00+00:00,0.1593,0.1607,0.1593,0.1606,670694.33
2026-06-22 06:00:00+00:00,0.1606,0.1609,0.1599,0.1604,1128486.33
2026-06-22 07:00:00+00:00,0.1604,0.1621,0.1603,0.1617,1045867.57
2026-06-22 08:00:00+00:00,0.1617,0.1618,0.1607,0.1612,395604.75
2026-06-22 09:00:00+00:00,0.1612,0.1613,0.1602,0.1604,492605.81
2026-06-22 10:00:00+00:00,0.1604,0.1608,0.1599,0.1603,625789.97
2026-06-22 11:00:00+00:00,0.1603,0.1624,0.1602,0.1618,1865351.0
2026-06-22 12:00:00+00:00,0.1618,0.1625,0.1615,0.1619,938443.09
2026-06-22 13:00:00+00:00,0.1619,0.1633,0.1614,0.1631,1545391.89
2026-06-22 14:00:00+00:00,0.1631,0.1631,0.1596,0.1603,2257622.66
2026-06-22 15:00:00+00:00,0.1603,0.1606,0.1588,0.1595,1626556.3
2026-06-22 16:00:00+00:00,0.1595,0.1596,0.1586,0.1595,1163591.46
2026-06-22 17:00:00+00:00,0.1595,0.1599,0.1584,0.1596,703644.18
2026-06-22 18:00:00+00:00,0.1596,0.1601,0.1583,0.1585,760894.09
2026-06-22 19:00:00+00:00,0.1585,0.1591,0.1578,0.159,552444.25
2026-06-22 20:00:00+00:00,0.159,0.1597,0.1588,0.1591,346409.15
2026-06-22 21:00:00+00:00,0.1591,0.1594,0.1583,0.1594,302558.64
2026-06-22 22:00:00+00:00,0.1594,0.1601,0.1571,0.158,1181505.96
2026-06-22 23:00:00+00:00,0.158,0.1587,0.1577,0.1586,313304.42
2026-06-23 00:00:00+00:00,0.1586,0.1592,0.158,0.1592,621287.3
2026-06-23 01:00:00+00:00,0.1592,0.1597,0.1576,0.1589,1222898.93
2026-06-23 02:00:00+00:00,0.1589,0.1594,0.1583,0.1593,381981.6
2026-06-23 03:00:00+00:00,0.1593,0.1599,0.1587,0.1599,855448.82
2026-06-23 04:00:00+00:00,0.1599,0.16,0.1581,0.1584,470740.01
2026-06-23 05:00:00+00:00,0.1584,0.1588,0.1574,0.1576,557616.34
2026-06-23 06:00:00+00:00,0.1576,0.1577,0.1537,0.1547,5452968.31
2026-06-23 07:00:00+00:00,0.1547,0.1559,0.1546,0.1547,1271952.26
2026-06-23 08:00:00+00:00,0.1547,0.1549,0.1508,0.1525,4424903.19
2026-06-23 09:00:00+00:00,0.1525,0.1532,0.1521,0.1526,1105719.83
2026-06-23 10:00:00+00:00,0.1526,0.1534,0.1524,0.1527,678109.59
2026-06-23 11:00:00+00:00,0.1527,0.1541,0.1527,0.1536,917133.21
2026-06-23 12:00:00+00:00,0.1536,0.1537,0.1503,0.1503,2076208.95
2026-06-23 13:00:00+00:00,0.1503,0.1524,0.1498,0.1517,2713581.43
2026-06-23 14:00:00+00:00,0.1517,0.1526,0.1509,0.151,1173911.39
2026-06-23 15:00:00+00:00,0.151,0.1514,0.1501,0.1511,919822.86
2026-06-23 16:00:00+00:00,0.1511,0.1519,0.1506,0.1511,1456987.08
2026-06-23 17:00:00+00:00,0.1511,0.1511,0.1499,0.1503,1335181.16
2026-06-23 18:00:00+00:00,0.1503,0.1507,0.1493,0.1501,1114297.5
2026-06-23 19:00:00+00:00,0.1501,0.1507,0.1497,0.1501,784146.77
2026-06-23 20:00:00+00:00,0.1501,0.1509,0.15,0.1501,468760.07
2026-06-23 21:00:00+00:00,0.1501,0.1515,0.15,0.1515,655656.63
2026-06-23 22:00:00+00:00,0.1515,0.1523,0.1514,0.1517,1225169.22
2026-06-23 23:00:00+00:00,0.1517,0.1517,0.1509,0.1515,505619.54
2026-06-24 00:00:00+00:00,0.1515,0.1531,0.1513,0.1529,1413049.33
2026-06-24 01:00:00+00:00,0.1529,0.1543,0.1524,0.153,1256105.71
2026-06-24 02:00:00+00:00,0.153,0.1531,0.1522,0.1526,905195.17
2026-06-24 03:00:00+00:00,0.1526,0.1528,0.1516,0.1522,973760.47
2026-06-24 04:00:00+00:00,0.1522,0.1526,0.1506,0.1525,2024036.23
2026-06-24 05:00:00+00:00,0.1525,0.1531,0.1521,0.1523,1197090.2
2026-06-24 06:00:00+00:00,0.1523,0.1523,0.1512,0.1514,1063336.54
2026-06-24 07:00:00+00:00,0.1514,0.1515,0.1502,0.1506,764389.7
2026-06-24 08:00:00+00:00,0.1506,0.1513,0.1504,0.1513,1163920.0
2026-06-24 09:00:00+00:00,0.1513,0.1513,0.15,0.1504,1109673.2
2026-06-24 10:00:00+00:00,0.1504,0.1504,0.1458,0.1471,14647634.7
2026-06-24 11:00:00+00:00,0.1471,0.1498,0.1463,0.1483,3277891.09
2026-06-24 12:00:00+00:00,0.1483,0.1489,0.1479,0.1481,1511927.06
2026-06-24 13:00:00+00:00,0.1481,0.1481,0.1446,0.1453,5329499.13
2026-06-24 14:00:00+00:00,0.1453,0.1463,0.1449,0.1455,4263029.49
2026-06-24 15:00:00+00:00,0.1455,0.1455,0.1436,0.1438,2503991.37
2026-06-24 16:00:00+00:00,0.1438,0.1446,0.1408,0.1416,5754931.65
2026-06-24 17:00:00+00:00,0.1416,0.1425,0.1396,0.1401,2831770.46
2026-06-24 18:00:00+00:00,0.1401,0.1428,0.1398,0.1416,1605295.8
2026-06-24 19:00:00+00:00,0.1416,0.1421,0.14,0.1411,3420725.13
2026-06-24 20:00:00+00:00,0.1411,0.1456,0.1409,0.1453,3844642.88
2026-06-24 21:00:00+00:00,0.1453,0.1473,0.1448,0.1471,1372099.66
2026-06-24 22:00:00+00:00,0.1471,0.1493,0.1469,0.1472,1823040.83
2026-06-24 23:00:00+00:00,0.1472,0.148,0.1469,0.1477,1188173.92
2026-06-25 00:00:00+00:00,0.1477,0.1491,0.1472,0.1476,3984330.77
2026-06-25 01:00:00+00:00,0.1476,0.1482,0.1471,0.1477,1066598.91
2026-06-25 02:00:00+00:00,0.1477,0.1481,0.1474,0.1478,423100.57
2026-06-25 03:00:00+00:00,0.1478,0.1481,0.1471,0.1475,627431.88
2026-06-25 04:00:00+00:00,0.1475,0.1491,0.1471,0.1491,606490.23
2026-06-25 05:00:00+00:00,0.1491,0.1508,0.149,0.1499,1772386.13
2026-06-25 06:00:00+00:00,0.1499,0.1505,0.1495,0.1498,424400.88
2026-06-25 07:00:00+00:00,0.1498,0.1501,0.1491,0.1499,1266163.17
2026-06-25 08:00:00+00:00,0.1499,0.1501,0.1492,0.1493,657087.69
2026-06-25 09:00:00+00:00,0.1493,0.1496,0.1489,0.1493,370111.3
2026-06-25 10:00:00+00:00,0.1493,0.1495,0.148,0.1482,299251.62
2026-06-25 11:00:00+00:00,0.1482,0.1482,0.1474,0.1477,1237856.55
2026-06-25 12:00:00+00:00,0.1477,0.1485,0.1463,0.1482,3329296.48
2026-06-25 13:00:00+00:00,0.1482,0.1488,0.1383,0.1389,7524333.11
2026-06-25 14:00:00+00:00,0.1389,0.1455,0.1389,0.1428,7661170.93
2026-06-25 15:00:00+00:00,0.1428,0.1433,0.1411,0.1432,3323171.79
2026-06-25 16:00:00+00:00,0.1432,0.1452,0.142,0.1429,2132412.0
2026-06-25 17:00:00+00:00,0.1429,0.1447,0.1424,0.1445,1819415.83
2026-06-25 18:00:00+00:00,0.1445,0.1447,0.1419,0.1422,1765255.88
2026-06-25 19:00:00+00:00,0.1422,0.1423,0.1405,0.1411,3189286.65
2026-06-25 20:00:00+00:00,0.1411,0.1421,0.1411,0.1415,2286655.2
2026-06-25 21:00:00+00:00,0.1415,0.1441,0.1415,0.1439,947812.51
2026-06-25 22:00:00+00:00,0.1439,0.1441,0.1432,0.1434,1362401.91
2026-06-25 23:00:00+00:00,0.1434,0.1443,0.1432,0.1438,1343102.62
2026-06-26 00:00:00+00:00,0.1438,0.1444,0.1431,0.1432,1223117.83
2026-06-26 01:00:00+00:00,0.1432,0.1434,0.1419,0.1421,1673807.32
2026-06-26 02:00:00+00:00,0.1421,0.1422,0.139,0.1395,3546585.01
2026-06-26 03:00:00+00:00,0.1395,0.1431,0.1385,0.1425,3089044.47
2026-06-26 04:00:00+00:00,0.1425,0.1432,0.1417,0.1419,670361.81
2026-06-26 05:00:00+00:00,0.1419,0.1432,0.1415,0.1429,1653404.99
2026-06-26 06:00:00+00:00,0.1429,0.1453,0.1422,0.1452,2143885.99
2026-06-26 07:00:00+00:00,0.1452,0.1472,0.145,0.1466,2086490.64
2026-06-26 08:00:00+00:00,0.1466,0.1469,0.1446,0.1449,968242.11
2026-06-26 09:00:00+00:00,0.1449,0.1452,0.1436,0.1438,1391252.22
2026-06-26 10:00:00+00:00,0.1438,0.1444,0.1435,0.1437,755057.81
2026-06-26 11:00:00+00:00,0.1437,0.1446,0.1427,0.1433,918271.84
2026-06-26 12:00:00+00:00,0.1433,0.1451,0.1425,0.1429,1604645.34
2026-06-26 13:00:00+00:00,0.1429,0.1459,0.1412,0.1458,2930800.76
2026-06-26 14:00:00+00:00,0.1458,0.1462,0.1444,0.1446,3592108.38
2026-06-26 15:00:00+00:00,0.1446,0.1483,0.1441,0.1481,3648502.37
2026-06-26 16:00:00+00:00,0.1481,0.1499,0.147,0.1481,3065651.35
2026-06-26 17:00:00+00:00,0.1481,0.149,0.1479,0.1482,1253449.69
2026-06-26 18:00:00+00:00,0.1482,0.1488,0.1468,0.1469,1183192.04
2026-06-26 19:00:00+00:00,0.1469,0.1485,0.1465,0.1476,2494974.71
2026-06-26 20:00:00+00:00,0.1476,0.1493,0.1471,0.1474,3012391.91
2026-06-26 21:00:00+00:00,0.1474,0.1481,0.147,0.1472,436510.77
2026-06-26 22:00:00+00:00,0.1472,0.1482,0.1465,0.1481,1054278.63
2026-06-26 23:00:00+00:00,0.1481,0.1494,0.148,0.1484,2039214.94
2026-06-27 00:00:00+00:00,0.1484,0.1491,0.1473,0.1482,973675.16
2026-06-27 01:00:00+00:00,0.1482,0.1484,0.1476,0.1482,681977.34
2026-06-27 02:00:00+00:00,0.1482,0.1497,0.1478,0.1491,1518708.38
2026-06-27 03:00:00+00:00,0.1491,0.1493,0.1481,0.1482,1189051.63
2026-06-27 04:00:00+00:00,0.1482,0.149,0.1482,0.1483,562514.39
2026-06-27 05:00:00+00:00,0.1483,0.1484,0.1473,0.148,551119.73
2026-06-27 06:00:00+00:00,0.148,0.1482,0.1473,0.1479,651148.52
2026-06-27 07:00:00+00:00,0.1479,0.1481,0.1476,0.1476,191015.99
2026-06-27 08:00:00+00:00,0.1476,0.1477,0.1471,0.1474,378649.3
2026-06-27 09:00:00+00:00,0.1474,0.1475,0.1467,0.1472,334434.84
2026-06-27 10:00:00+00:00,0.1472,0.1475,0.147,0.1475,214967.91
2026-06-27 11:00:00+00:00,0.1475,0.1476,0.1464,0.1473,733339.24
2026-06-27 12:00:00+00:00,0.1473,0.1474,0.1467,0.1474,540489.23
2026-06-27 13:00:00+00:00,0.1474,0.1483,0.1473,0.148,394217.1
2026-06-27 14:00:00+00:00,0.148,0.1491,0.1478,0.1486,539995.28
2026-06-27 15:00:00+00:00,0.1486,0.1494,0.1484,0.1488,757682.3
2026-06-27 16:00:00+00:00,0.1488,0.149,0.1482,0.1485,388172.91
2026-06-27 17:00:00+00:00,0.1485,0.1485,0.1466,0.1466,2573771.57
2026-06-27 18:00:00+00:00,0.1466,0.1471,0.1463,0.147,629007.56
2026-06-27 19:00:00+00:00,0.147,0.147,0.1449,0.1453,622397.07
2026-06-27 20:00:00+00:00,0.1453,0.1458,0.1453,0.1456,246927.38
2026-06-27 21:00:00+00:00,0.1456,0.1461,0.1448,0.1449,797042.88
2026-06-27 22:00:00+00:00,0.1449,0.1456,0.1438,0.1456,2368368.2
2026-06-27 23:00:00+00:00,0.1456,0.1459,0.1451,0.1453,401737.77
2026-06-28 00:00:00+00:00,0.1453,0.146,0.1452,0.1455,321003.16
2026-06-28 01:00:00+00:00,0.1455,0.1456,0.1449,0.1454,291155.84
2026-06-28 02:00:00+00:00,0.1454,0.1458,0.1447,0.145,559447.75
2026-06-28 03:00:00+00:00,0.145,0.1455,0.145,0.1455,353601.79
2026-06-28 04:00:00+00:00,0.1455,0.1455,0.1449,0.1451,207649.22
2026-06-28 05:00:00+00:00,0.1451,0.1452,0.1438,0.1445,337238.66
2026-06-28 06:00:00+00:00,0.1445,0.1446,0.1433,0.1442,883887.1
2026-06-28 07:00:00+00:00,0.1442,0.1453,0.1442,0.1453,780899.53
2026-06-28 08:00:00+00:00,0.1453,0.1466,0.145,0.1459,1424720.03
2026-06-28 09:00:00+00:00,0.1459,0.1462,0.1448,0.1449,877503.29
2026-06-28 10:00:00+00:00,0.1449,0.1452,0.1443,0.1449,340528.61
2026-06-28 11:00:00+00:00,0.1449,0.1456,0.1447,0.1453,629655.02
2026-06-28 12:00:00+00:00,0.1453,0.1457,0.1446,0.145,382799.2
2026-06-28 13:00:00+00:00,0.145,0.145,0.1441,0.1443,458605.57
2026-06-28 14:00:00+00:00,0.1443,0.1454,0.1442,0.1446,484358.45
2026-06-28 15:00:00+00:00,0.1446,0.1452,0.1442,0.1446,710412.48
2026-06-28 16:00:00+00:00,0.1446,0.1447,0.1431,0.1438,786279.93
2026-06-28 17:00:00+00:00,0.1438,0.1442,0.1427,0.1435,724366.54
2026-06-28 18:00:00+00:00,0.1435,0.1438,0.1429,0.1433,528724.09
2026-06-28 19:00:00+00:00,0.1433,0.1438,0.1422,0.1429,1085730.66
2026-06-28 20:00:00+00:00,0.1429,0.1439,0.1428,0.1435,610928.19
2026-06-28 21:00:00+00:00,0.1435,0.1438,0.1415,0.1421,1135880.74
2026-06-28 22:00:00+00:00,0.1421,0.1442,0.1412,0.142,1461672.04
2026-06-28 23:00:00+00:00,0.142,0.1444,0.1417,0.1439,743734.93
2026-06-29 00:00:00+00:00,0.1439,0.1441,0.1419,0.1441,1053902.43
2026-06-29 01:00:00+00:00,0.1441,0.1442,0.1429,0.1437,453356.32
2026-06-29 02:00:00+00:00,0.1437,0.1445,0.142,0.1444,1120378.18
2026-06-29 03:00:00+00:00,0.1444,0.1459,0.1444,0.1452,869231.45
2026-06-29 04:00:00+00:00,0.1452,0.1452,0.1438,0.144,527816.73
2026-06-29 05:00:00+00:00,0.144,0.145,0.1427,0.145,780979.56
2026-06-29 06:00:00+00:00,0.145,0.1464,0.145,0.1452,996332.22
2026-06-29 07:00:00+00:00,0.1452,0.1455,0.1446,0.145,429570.48
2026-06-29 08:00:00+00:00,0.145,0.1453,0.1437,0.1441,1027946.83
2026-06-29 09:00:00+00:00,0.1441,0.1451,0.144,0.1451,967169.92
2026-06-29 10:00:00+00:00,0.1451,0.1459,0.145,0.1453,666077.24
2026-06-29 11:00:00+00:00,0.1453,0.146,0.1443,0.1449,1428430.52
2026-06-29 12:00:00+00:00,0.1449,0.147,0.144,0.1449,1626945.25
2026-06-29 13:00:00+00:00,0.1449,0.1461,0.1436,0.1448,1542034.13
2026-06-29 14:00:00+00:00,0.1448,0.1452,0.1433,0.1451,1373806.94
2026-06-29 15:00:00+00:00,0.1451,0.146,0.1437,0.1456,718129.27
2026-06-29 16:00:00+00:00,0.1456,0.1459,0.1447,0.1455,841364.77
2026-06-29 17:00:00+00:00,0.1455,0.1488,0.1455,0.1478,2147578.18
2026-06-29 18:00:00+00:00,0.1478,0.1481,0.1472,0.1472,1031727.22
2026-06-29 19:00:00+00:00,0.1472,0.148,0.1468,0.1476,746608.17
2026-06-29 20:00:00+00:00,0.1476,0.1478,0.1469,0.1469,197086.09
2026-06-29 21:00:00+00:00,0.1469,0.1478,0.1466,0.1473,672805.93
2026-06-29 22:00:00+00:00,0.1473,0.1474,0.1463,0.1463,326957.21
2026-06-29 23:00:00+00:00,0.1463,0.1464,0.1455,0.1458,887015.12
2026-06-30 00:00:00+00:00,0.1458,0.1459,0.1445,0.1445,746853.07
2026-06-30 01:00:00+00:00,0.1445,0.1447,0.1439,0.1443,557378.72
2026-06-30 02:00:00+00:00,0.1443,0.1449,0.1438,0.1446,373053.12
2026-06-30 03:00:00+00:00,0.1446,0.1451,0.1444,0.1444,401966.0
2026-06-30 04:00:00+00:00,0.1444,0.1449,0.1442,0.1447,761335.09
2026-06-30 05:00:00+00:00,0.1447,0.1449,0.1441,0.1449,393934.67
2026-06-30 06:00:00+00:00,0.1449,0.1457,0.1447,0.1455,406408.96
2026-06-30 07:00:00+00:00,0.1455,0.1457,0.1448,0.1451,416208.54
2026-06-30 08:00:00+00:00,0.1451,0.1452,0.1441,0.1445,1041611.04
2026-06-30 09:00:00+00:00,0.1445,0.145,0.1443,0.1449,549559.14
2026-06-30 10:00:00+00:00,0.1449,0.145,0.1446,0.1448,189387.29
2026-06-30 11:00:00+00:00,0.1448,0.1449,0.1439,0.144,680307.31
2026-06-30 12:00:00+00:00,0.144,0.144,0.1422,0.1422,1278372.76
2026-06-30 13:00:00+00:00,0.1422,0.1443,0.1421,0.1441,1476431.86
2026-06-30 14:00:00+00:00,0.1441,0.1455,0.1436,0.1438,1249066.67
2026-06-30 15:00:00+00:00,0.1438,0.1453,0.1431,0.1443,4840779.09
2026-06-30 16:00:00+00:00,0.1443,0.1457,0.1437,0.1455,6863427.86
2026-06-30 17:00:00+00:00,0.1455,0.1466,0.1446,0.1446,1266178.68
2026-06-30 18:00:00+00:00,0.1446,0.146,0.1442,0.1455,801521.63
2026-06-30 19:00:00+00:00,0.1455,0.1456,0.1446,0.1449,962806.1
2026-06-30 20:00:00+00:00,0.1449,0.1449,0.1437,0.1438,616810.52
2026-06-30 21:00:00+00:00,0.1438,0.1443,0.1436,0.1442,331308.63
2026-06-30 22:00:00+00:00,0.1442,0.1447,0.1437,0.1441,468001.19
2026-06-30 23:00:00+00:00,0.1441,0.1445,0.1439,0.1444,410291.07
2026-07-01 00:00:00+00:00,0.1444,0.1447,0.1434,0.1445,829501.68
2026-07-01 01:00:00+00:00,0.1445,0.1454,0.142,0.1449,2391541.11
2026-07-01 02:00:00+00:00,0.1449,0.1466,0.1448,0.1465,1204153.43
2026-07-01 03:00:00+00:00,0.1465,0.1507,0.1465,0.1494,4346968.52
2026-07-01 04:00:00+00:00,0.1494,0.153,0.149,0.1508,7695776.9
2026-07-01 05:00:00+00:00,0.1508,0.1524,0.1505,0.1516,2791458.85
2026-07-01 06:00:00+00:00,0.1516,0.1518,0.1488,0.1503,2773823.91
2026-07-01 07:00:00+00:00,0.1503,0.1507,0.1496,0.1501,1505019.23
2026-07-01 08:00:00+00:00,0.1501,0.1509,0.1491,0.1506,2397969.67
2026-07-01 09:00:00+00:00,0.1506,0.1512,0.15,0.1505,1325415.65
2026-07-01 10:00:00+00:00,0.1505,0.1515,0.15,0.1509,1333999.67
2026-07-01 11:00:00+00:00,0.1509,0.1524,0.1504,0.1507,1215544.75
2026-07-01 12:00:00+00:00,0.1507,0.1525,0.1504,0.1515,2837303.64
2026-07-01 13:00:00+00:00,0.1515,0.154,0.1509,0.1538,3573957.31
2026-07-01 14:00:00+00:00,0.1538,0.1575,0.1536,0.1556,5922585.8
2026-07-01 15:00:00+00:00,0.1556,0.158,0.155,0.1553,2847255.08
2026-07-01 16:00:00+00:00,0.1553,0.1559,0.1545,0.1551,1747281.43
2026-07-01 17:00:00+00:00,0.1551,0.1551,0.1539,0.1548,774352.12
2026-07-01 18:00:00+00:00,0.1548,0.155,0.1537,0.1541,1126972.06
2026-07-01 19:00:00+00:00,0.1541,0.1549,0.1527,0.1533,981500.77
2026-07-01 20:00:00+00:00,0.1533,0.1541,0.153,0.1541,583405.72
2026-07-01 21:00:00+00:00,0.1541,0.1579,0.154,0.1575,941513.85
2026-07-01 22:00:00+00:00,0.1575,0.1579,0.1557,0.156,1728100.48
2026-07-01 23:00:00+00:00,0.156,0.156,0.1539,0.1539,1034499.21
2026-07-02 00:00:00+00:00,0.1539,0.1541,0.1526,0.153,1577145.4
2026-07-02 01:00:00+00:00,0.153,0.1554,0.153,0.1547,739493.6
2026-07-02 02:00:00+00:00,0.1547,0.1552,0.1542,0.1547,948181.77
2026-07-02 03:00:00+00:00,0.1547,0.1565,0.1539,0.1562,2627698.71
2026-07-02 04:00:00+00:00,0.1562,0.1562,0.1548,0.156,737495.34
2026-07-02 05:00:00+00:00,0.156,0.156,0.1543,0.1545,1124331.74
2026-07-02 06:00:00+00:00,0.1545,0.1557,0.1543,0.1547,381054.61
2026-07-02 07:00:00+00:00,0.1547,0.156,0.1545,0.1551,3407241.92
2026-07-02 08:00:00+00:00,0.1551,0.1567,0.155,0.1566,793801.71
2026-07-02 09:00:00+00:00,0.1566,0.1584,0.1557,0.1577,1422886.42
2026-07-02 10:00:00+00:00,0.1577,0.1594,0.1576,0.1593,1404104.89
2026-07-02 11:00:00+00:00,0.1593,0.1604,0.1587,0.1596,1953889.12
2026-07-02 12:00:00+00:00,0.1596,0.1618,0.1594,0.1603,3565582.58
2026-07-02 13:00:00+00:00,0.1603,0.1627,0.1599,0.1619,2724428.67
2026-07-02 14:00:00+00:00,0.1619,0.1625,0.1596,0.16,1397889.89
2026-07-02 15:00:00+00:00,0.16,0.1612,0.1588,0.1608,1426669.18
2026-07-02 16:00:00+00:00,0.1608,0.1625,0.1595,0.1599,2506361.19
2026-07-02 17:00:00+00:00,0.1599,0.1602,0.1589,0.1591,730809.21
2026-07-02 18:00:00+00:00,0.1591,0.1611,0.159,0.1598,1424522.88
2026-07-02 19:00:00+00:00,0.1598,0.1603,0.159,0.1597,660387.23
2026-07-02 20:00:00+00:00,0.1597,0.1621,0.1595,0.1613,2129890.16
2026-07-02 21:00:00+00:00,0.1613,0.1619,0.1606,0.1611,832435.22
2026-07-02 22:00:00+00:00,0.1611,0.1621,0.1605,0.1615,577053.21
2026-07-02 23:00:00+00:00,0.1615,0.163,0.1609,0.1615,2317347.65
2026-07-03 00:00:00+00:00,0.1615,0.1617,0.1607,0.1615,1738536.99
2026-07-03 01:00:00+00:00,0.1615,0.1662,0.1614,0.1658,2443913.96
2026-07-03 02:00:00+00:00,0.1658,0.1687,0.1647,0.1681,4521251.52
2026-07-03 03:00:00+00:00,0.1681,0.1681,0.166,0.1668,4553921.69
2026-07-03 04:00:00+00:00,0.1668,0.167,0.164,0.1641,1443227.91
2026-07-03 05:00:00+00:00,0.1641,0.1643,0.1633,0.1638,1071178.63
2026-07-03 06:00:00+00:00,0.1638,0.1664,0.1638,0.165,1182080.72
2026-07-03 07:00:00+00:00,0.165,0.1657,0.1646,0.1651,1190718.57
2026-07-03 08:00:00+00:00,0.1651,0.1667,0.1648,0.1666,752840.38
2026-07-03 09:00:00+00:00,0.1666,0.168,0.166,0.1668,3628665.31
2026-07-03 10:00:00+00:00,0.1668,0.1692,0.1667,0.1683,2454655.96
2026-07-03 11:00:00+00:00,0.1683,0.1699,0.1681,0.1695,1255024.07
2026-07-03 12:00:00+00:00,0.1695,0.1705,0.168,0.1691,1422530.5
2026-07-03 13:00:00+00:00,0.1691,0.1711,0.1691,0.1708,1100674.7
2026-07-03 14:00:00+00:00,0.1708,0.1716,0.1699,0.171,2195765.71
2026-07-03 15:00:00+00:00,0.171,0.1737,0.1706,0.1737,1430138.09
2026-07-03 16:00:00+00:00,0.1737,0.1749,0.1719,0.1743,3178587.27
2026-07-03 17:00:00+00:00,0.1743,0.177,0.1741,0.1757,5145663.36
2026-07-03 18:00:00+00:00,0.1757,0.1809,0.1754,0.1786,5113076.97
2026-07-03 19:00:00+00:00,0.1786,0.1831,0.1783,0.1811,6316605.65
2026-07-03 20:00:00+00:00,0.1811,0.183,0.1803,0.1829,3956160.62
2026-07-03 21:00:00+00:00,0.1829,0.183,0.1784,0.1793,2826806.36
2026-07-03 22:00:00+00:00,0.1793,0.1808,0.1785,0.1808,1325868.94
2026-07-03 23:00:00+00:00,0.1808,0.1812,0.1794,0.1799,2361591.68
2026-07-04 00:00:00+00:00,0.1799,0.1802,0.1783,0.1794,1647334.67
2026-07-04 01:00:00+00:00,0.1794,0.1798,0.1771,0.1781,3602689.58
2026-07-04 02:00:00+00:00,0.1781,0.1785,0.1771,0.1773,2316748.23
2026-07-04 03:00:00+00:00,0.1773,0.1778,0.1764,0.1771,795221.12
2026-07-04 04:00:00+00:00,0.1771,0.18,0.1769,0.1794,1576026.02
2026-07-04 05:00:00+00:00,0.1794,0.1794,0.1774,0.1776,1292150.11
2026-07-04 06:00:00+00:00,0.1776,0.1785,0.1766,0.1769,1605340.4
2026-07-04 07:00:00+00:00,0.1769,0.1769,0.1752,0.1759,1267157.56
2026-07-04 08:00:00+00:00,0.1759,0.1766,0.1757,0.1763,1557639.49
2026-07-04 09:00:00+00:00,0.1763,0.1768,0.1754,0.1757,777975.64
2026-07-04 10:00:00+00:00,0.1757,0.1764,0.175,0.176,941793.93
2026-07-04 11:00:00+00:00,0.176,0.1776,0.1759,0.1766,1500853.14
2026-07-04 12:00:00+00:00,0.1766,0.1783,0.1766,0.178,1232524.48
2026-07-04 13:00:00+00:00,0.178,0.1791,0.1772,0.1789,1278163.74
2026-07-04 14:00:00+00:00,0.1789,0.1863,0.1789,0.1842,6254547.59
2026-07-04 15:00:00+00:00,0.1842,0.192,0.1842,0.1909,6466808.8
2026-07-04 16:00:00+00:00,0.1909,0.1988,0.1909,0.1955,12359860.54
2026-07-04 17:00:00+00:00,0.1955,0.1999,0.1937,0.1999,7416563.0
2026-07-04 18:00:00+00:00,0.1999,0.1999,0.1942,0.1956,3887625.44
2026-07-04 19:00:00+00:00,0.1956,0.196,0.1926,0.1933,2391422.93
2026-07-04 20:00:00+00:00,0.1933,0.1943,0.1912,0.1915,1235350.36
2026-07-04 21:00:00+00:00,0.1915,0.1941,0.1914,0.1928,2036067.36
2026-07-04 22:00:00+00:00,0.1928,0.1928,0.1905,0.1923,1447513.26
2026-07-04 23:00:00+00:00,0.1923,0.1929,0.1908,0.1922,1321105.24
2026-07-05 00:00:00+00:00,0.1922,0.1936,0.1894,0.1932,4934671.2
2026-07-05 01:00:00+00:00,0.1932,0.1951,0.191,0.1914,3231980.3
2026-07-05 02:00:00+00:00,0.1914,0.1917,0.1895,0.1915,2207212.36
2026-07-05 03:00:00+00:00,0.1915,0.1918,0.1894,0.1904,1816676.46
2026-07-05 04:00:00+00:00,0.1904,0.1924,0.19,0.1905,1311586.44
2026-07-05 05:00:00+00:00,0.1905,0.1906,0.1884,0.189,1384061.76
2026-07-05 06:00:00+00:00,0.189,0.1902,0.1888,0.1899,1135280.82
2026-07-05 07:00:00+00:00,0.1899,0.1943,0.1899,0.1931,2747709.46
2026-07-05 08:00:00+00:00,0.1931,0.1937,0.1915,0.1916,1619749.88
2026-07-05 09:00:00+00:00,0.1916,0.1928,0.1877,0.1878,1914500.57
2026-07-05 10:00:00+00:00,0.1878,0.1878,0.1854,0.187,3116670.0
2026-07-05 11:00:00+00:00,0.187,0.1872,0.186,0.1868,736899.63
2026-07-05 12:00:00+00:00,0.1868,0.1882,0.1854,0.1879,2029087.49
2026-07-05 13:00:00+00:00,0.1879,0.1893,0.1874,0.189,2176230.98
2026-07-05 14:00:00+00:00,0.189,0.1903,0.1882,0.1894,866797.88
2026-07-05 15:00:00+00:00,0.1894,0.1908,0.1884,0.1892,1305277.79
2026-07-05 16:00:00+00:00,0.1892,0.1914,0.1889,0.1899,2064375.63
2026-07-05 17:00:00+00:00,0.1899,0.1913,0.1898,0.1904,1142565.49
2026-07-05 18:00:00+00:00,0.1904,0.1906,0.1893,0.1899,742158.31
2026-07-05 19:00:00+00:00,0.1899,0.1904,0.1884,0.1891,2328902.96
2026-07-05 20:00:00+00:00,0.1891,0.1893,0.1877,0.1887,873380.0
2026-07-05 21:00:00+00:00,0.1887,0.1916,0.188,0.1904,2204857.9
2026-07-05 22:00:00+00:00,0.1904,0.1928,0.1895,0.1905,2660489.62
2026-07-05 23:00:00+00:00,0.1905,0.1912,0.189,0.1895,1529006.74
2026-07-06 00:00:00+00:00,0.1895,0.1906,0.1877,0.1901,1518743.59
2026-07-06 01:00:00+00:00,0.1901,0.1907,0.1894,0.1894,887049.41
2026-07-06 02:00:00+00:00,0.1894,0.1902,0.1884,0.1891,863417.0
2026-07-06 03:00:00+00:00,0.1891,0.1895,0.1874,0.1881,636204.93
2026-07-06 04:00:00+00:00,0.1881,0.1886,0.1866,0.1866,925093.2
2026-07-06 05:00:00+00:00,0.1866,0.1867,0.1836,0.1852,2362172.81
2026-07-06 06:00:00+00:00,0.1852,0.1854,0.1834,0.1837,1460460.85
2026-07-06 07:00:00+00:00,0.1837,0.1849,0.183,0.1841,865252.32
2026-07-06 08:00:00+00:00,0.1841,0.1865,0.1839,0.1848,1239643.74
2026-07-06 09:00:00+00:00,0.1848,0.185,0.1817,0.1822,2442324.62
2026-07-06 10:00:00+00:00,0.1822,0.1834,0.182,0.1828,935917.29
2026-07-06 11:00:00+00:00,0.1828,0.1838,0.1825,0.1826,650902.02
2026-07-06 12:00:00+00:00,0.1826,0.1826,0.179,0.1792,4083272.91
2026-07-06 13:00:00+00:00,0.1792,0.1812,0.1781,0.1798,4601021.2
2026-07-06 14:00:00+00:00,0.1798,0.1826,0.1795,0.182,2176917.39
2026-07-06 15:00:00+00:00,0.182,0.1864,0.1816,0.186,2433169.91
2026-07-06 16:00:00+00:00,0.186,0.1867,0.1842,0.1848,3867835.11
2026-07-06 17:00:00+00:00,0.1848,0.1849,0.1831,0.1834,898963.49
2026-07-06 18:00:00+00:00,0.1834,0.1847,0.1829,0.1838,1093522.62
2026-07-06 19:00:00+00:00,0.1838,0.1847,0.1834,0.1841,1086042.27
2026-07-06 20:00:00+00:00,0.1841,0.1842,0.1828,0.1831,770660.14
2026-07-06 21:00:00+00:00,0.1831,0.1872,0.1831,0.1859,2140767.43
2026-07-06 22:00:00+00:00,0.1859,0.186,0.1842,0.1844,992151.65
2026-07-06 23:00:00+00:00,0.1844,0.1851,0.184,0.1841,552444.76
2026-07-07 00:00:00+00:00,0.1841,0.1851,0.1838,0.1847,486967.77
2026-07-07 01:00:00+00:00,0.1847,0.1848,0.183,0.1838,598924.05
2026-07-07 02:00:00+00:00,0.1838,0.184,0.1811,0.1813,667915.61
2026-07-07 03:00:00+00:00,0.1813,0.1822,0.1808,0.1813,720191.08
2026-07-07 04:00:00+00:00,0.1813,0.1813,0.1796,0.1798,780205.93
2026-07-07 05:00:00+00:00,0.1798,0.1806,0.1789,0.1801,901606.03
2026-07-07 06:00:00+00:00,0.1801,0.1814,0.1794,0.1812,733006.29
2026-07-07 07:00:00+00:00,0.1812,0.1815,0.1796,0.1796,411618.31
2026-07-07 08:00:00+00:00,0.1796,0.1798,0.1787,0.1794,401424.91
2026-07-07 09:00:00+00:00,0.1794,0.1796,0.1785,0.1788,772645.96
2026-07-07 10:00:00+00:00,0.1788,0.1797,0.1772,0.1774,681908.33
2026-07-07 11:00:00+00:00,0.1774,0.178,0.1766,0.1775,490946.81
2026-07-07 12:00:00+00:00,0.1775,0.1799,0.1775,0.179,748880.74
2026-07-07 13:00:00+00:00,0.179,0.1792,0.1773,0.1775,699528.48
2026-07-07 14:00:00+00:00,0.1775,0.1786,0.1755,0.177,2213193.33
2026-07-07 15:00:00+00:00,0.177,0.1784,0.1758,0.1774,1531794.94
2026-07-07 16:00:00+00:00,0.1774,0.1786,0.1768,0.1775,1418127.13
2026-07-07 17:00:00+00:00,0.1775,0.1781,0.1763,0.178,726458.45
2026-07-07 18:00:00+00:00,0.178,0.1781,0.1755,0.1756,1274885.55
2026-07-07 19:00:00+00:00,0.1756,0.177,0.175,0.1767,902694.26
2026-07-07 20:00:00+00:00,0.1767,0.177,0.1758,0.1761,412495.23
2026-07-07 21:00:00+00:00,0.1761,0.1764,0.1743,0.1745,843930.63
2026-07-07 22:00:00+00:00,0.1745,0.1749,0.1735,0.1747,1764121.92
2026-07-07 23:00:00+00:00,0.1747,0.1756,0.1744,0.1746,897668.08
2026-07-08 00:00:00+00:00,0.1746,0.1759,0.1746,0.1758,587535.71
2026-07-08 01:00:00+00:00,0.1758,0.1762,0.1725,0.173,2343696.35
2026-07-08 02:00:00+00:00,0.173,0.173,0.1705,0.1715,1767505.72
2026-07-08 03:00:00+00:00,0.1715,0.1729,0.1707,0.1707,885422.12
2026-07-08 04:00:00+00:00,0.1707,0.1715,0.1701,0.1707,640670.35
2026-07-08 05:00:00+00:00,0.1707,0.1709,0.1697,0.1699,813490.69
2026-07-08 06:00:00+00:00,0.1699,0.17,0.1684,0.1691,1390721.44
2026-07-08 07:00:00+00:00,0.1691,0.1699,0.1684,0.1697,617998.35
2026-07-08 08:00:00+00:00,0.1697,0.1698,0.1658,0.166,2736345.12
2026-07-08 09:00:00+00:00,0.166,0.1663,0.1652,0.1659,844920.77
2026-07-08 10:00:00+00:00,0.1659,0.1673,0.1654,0.1671,502088.94
2026-07-08 11:00:00+00:00,0.1671,0.1681,0.1659,0.1671,3110793.38
2026-07-08 12:00:00+00:00,0.1671,0.1677,0.1668,0.1668,454851.74
2026-07-08 13:00:00+00:00,0.1668,0.1683,0.1663,0.1681,643467.68
2026-07-08 14:00:00+00:00,0.1681,0.1696,0.166,0.1669,1523222.61
2026-07-08 15:00:00+00:00,0.1669,0.167,0.1648,0.1657,776766.29
2026-07-08 16:00:00+00:00,0.1657,0.1675,0.1656,0.1672,2223486.25
2026-07-08 17:00:00+00:00,0.1672,0.1675,0.1657,0.1658,1696781.02
2026-07-08 18:00:00+00:00,0.1658,0.1672,0.1657,0.1666,772504.87
2026-07-08 19:00:00+00:00,0.1666,0.1671,0.1665,0.1668,450343.89
2026-07-08 20:00:00+00:00,0.1668,0.1671,0.1659,0.1661,327044.95
2026-07-08 21:00:00+00:00,0.1661,0.1668,0.1655,0.1668,754421.47
2026-07-08 22:00:00+00:00,0.1668,0.1672,0.1667,0.1669,412652.73
2026-07-08 23:00:00+00:00,0.1669,0.1672,0.1665,0.1672,470956.4
2026-07-09 00:00:00+00:00,0.1672,0.1672,0.1666,0.1669,524250.93
2026-07-09 01:00:00+00:00,0.1669,0.1689,0.166,0.1661,899570.54
2026-07-09 02:00:00+00:00,0.1661,0.1672,0.1659,0.1665,467842.16
2026-07-09 03:00:00+00:00,0.1665,0.167,0.1661,0.1664,212375.73
2026-07-09 04:00:00+00:00,0.1664,0.1685,0.1662,0.1683,445396.08
2026-07-09 05:00:00+00:00,0.1683,0.169,0.1673,0.1687,891408.23
2026-07-09 06:00:00+00:00,0.1687,0.17,0.1683,0.1696,831616.66
2026-07-09 07:00:00+00:00,0.1696,0.1699,0.168,0.1683,579864.47
2026-07-09 08:00:00+00:00,0.1683,0.1685,0.1669,0.1673,527504.18
2026-07-09 09:00:00+00:00,0.1673,0.1685,0.167,0.1685,831638.74
2026-07-09 10:00:00+00:00,0.1685,0.1688,0.1674,0.1685,1569040.98
2026-07-09 11:00:00+00:00,0.1685,0.17,0.1681,0.1697,1028948.29
2026-07-09 12:00:00+00:00,0.1697,0.1701,0.1686,0.169,1333877.38
2026-07-09 13:00:00+00:00,0.169,0.17,0.1678,0.1696,485282.3
2026-07-09 14:00:00+00:00,0.1696,0.1699,0.1681,0.1692,697226.66
2026-07-09 15:00:00+00:00,0.1692,0.1694,0.1661,0.1667,1848397.28
2026-07-09 16:00:00+00:00,0.1667,0.1669,0.1653,0.1654,542711.18
2026-07-09 17:00:00+00:00,0.1654,0.167,0.1651,0.1666,796736.26
2026-07-09 18:00:00+00:00,0.1666,0.1677,0.1663,0.1664,809108.16
2026-07-09 19:00:00+00:00,0.1664,0.1665,0.1653,0.1658,930111.77
2026-07-09 20:00:00+00:00,0.1658,0.1671,0.1655,0.1671,378329.62
2026-07-09 21:00:00+00:00,0.1671,0.1676,0.1666,0.167,401408.11
2026-07-09 22:00:00+00:00,0.167,0.1674,0.1667,0.1671,438715.59
2026-07-09 23:00:00+00:00,0.1671,0.1672,0.1662,0.1666,669318.66
2026-07-10 00:00:00+00:00,0.1666,0.1668,0.1658,0.1667,539325.43
2026-07-10 01:00:00+00:00,0.1667,0.1698,0.1664,0.1684,1256643.23
2026-07-10 02:00:00+00:00,0.1684,0.1689,0.1681,0.1689,559459.53
2026-07-10 03:00:00+00:00,0.1689,0.1694,0.1672,0.1674,842443.76
2026-07-10 04:00:00+00:00,0.1674,0.1683,0.1669,0.1675,805224.23
2026-07-10 05:00:00+00:00,0.1675,0.168,0.1669,0.1673,1265451.1
2026-07-10 06:00:00+00:00,0.1673,0.1674,0.1662,0.1667,1450607.3
2026-07-10 07:00:00+00:00,0.1667,0.1671,0.1664,0.1666,396980.07
2026-07-10 08:00:00+00:00,0.1666,0.1684,0.1666,0.168,760634.75
2026-07-10 09:00:00+00:00,0.168,0.1693,0.1671,0.1687,709836.97
2026-07-10 10:00:00+00:00,0.1687,0.1698,0.1682,0.1687,887882.38
2026-07-10 11:00:00+00:00,0.1687,0.1691,0.1672,0.168,1154585.38
2026-07-10 12:00:00+00:00,0.168,0.1685,0.1673,0.1677,1190689.28
2026-07-10 13:00:00+00:00,0.1677,0.1688,0.1673,0.1685,934140.36
2026-07-10 14:00:00+00:00,0.1685,0.1685,0.1652,0.1657,7941109.66
2026-07-10 15:00:00+00:00,0.1657,0.1666,0.1656,0.1665,1130261.5
2026-07-10 16:00:00+00:00,0.1665,0.1675,0.166,0.1674,771415.77
2026-07-10 17:00:00+00:00,0.1674,0.1674,0.1664,0.1664,1177526.18
2026-07-10 18:00:00+00:00,0.1664,0.1672,0.1659,0.1662,657853.84
2026-07-10 19:00:00+00:00,0.1662,0.1676,0.166,0.1668,701855.79
2026-07-10 20:00:00+00:00,0.1668,0.1673,0.1664,0.1667,543941.47
2026-07-10 21:00:00+00:00,0.1667,0.1675,0.1666,0.167,324823.25
2026-07-10 22:00:00+00:00,0.167,0.1674,0.1669,0.1673,173547.4
2026-07-10 23:00:00+00:00,0.1673,0.1673,0.1665,0.1666,601913.55
2026-07-11 00:00:00+00:00,0.1666,0.167,0.1663,0.1668,703862.59
2026-07-11 01:00:00+00:00,0.1668,0.1672,0.1664,0.1666,339723.71
2026-07-11 02:00:00+00:00,0.1666,0.1669,0.1664,0.1665,109372.98
2026-07-11 03:00:00+00:00,0.1665,0.1667,0.1661,0.1663,156733.52
2026-07-11 04:00:00+00:00,0.1663,0.1666,0.1659,0.1664,242148.23
2026-07-11 05:00:00+00:00,0.1664,0.1675,0.1664,0.167,487729.15
2026-07-11 06:00:00+00:00,0.167,0.1675,0.1668,0.1672,240013.33
2026-07-11 07:00:00+00:00,0.1672,0.1678,0.1671,0.1678,503035.01
2026-07-11 08:00:00+00:00,0.1678,0.1683,0.1674,0.168,448118.43
2026-07-11 09:00:00+00:00,0.168,0.1685,0.1674,0.1674,5784060.72
2026-07-11 10:00:00+00:00,0.1674,0.1677,0.167,0.1675,334517.95
2026-07-11 11:00:00+00:00,0.1675,0.168,0.1674,0.1679,335683.36
2026-07-11 12:00:00+00:00,0.1679,0.1684,0.1676,0.1679,1968225.62
2026-07-11 13:00:00+00:00,0.1679,0.1685,0.1673,0.168,524912.61
2026-07-11 14:00:00+00:00,0.168,0.1695,0.1676,0.1694,1254108.32
2026-07-11 15:00:00+00:00,0.1694,0.1745,0.1694,0.1719,6130388.88
2026-07-11 16:00:00+00:00,0.1719,0.1722,0.1703,0.1711,1645356.93
2026-07-11 17:00:00+00:00,0.1711,0.1716,0.1704,0.1708,672037.88
2026-07-11 18:00:00+00:00,0.1708,0.1733,0.1707,0.1715,2073644.68
2026-07-11 19:00:00+00:00,0.1715,0.1719,0.1711,0.1717,725262.76
2026-07-11 20:00:00+00:00,0.1717,0.1719,0.1707,0.1707,667827.29
2026-07-11 21:00:00+00:00,0.1707,0.171,0.1695,0.17,794403.08
2026-07-11 22:00:00+00:00,0.17,0.1703,0.1685,0.1688,835009.76
2026-07-11 23:00:00+00:00,0.1688,0.1691,0.1656,0.1658,1289483.37
2026-07-12 00:00:00+00:00,0.1658,0.1658,0.1631,0.1638,2932468.46
2026-07-12 01:00:00+00:00,0.1638,0.1655,0.1636,0.1655,665062.76
2026-07-12 02:00:00+00:00,0.1655,0.1655,0.1646,0.1654,229525.74
2026-07-12 03:00:00+00:00,0.1654,0.1665,0.1648,0.1663,488072.91
2026-07-12 04:00:00+00:00,0.1663,0.1665,0.1645,0.1649,432747.06
2026-07-12 05:00:00+00:00,0.1649,0.1652,0.1638,0.1641,474119.98
2026-07-12 06:00:00+00:00,0.1641,0.1642,0.1623,0.1632,1143981.84
2026-07-12 07:00:00+00:00,0.1632,0.1643,0.1628,0.1638,590749.27
2026-07-12 08:00:00+00:00,0.1638,0.1646,0.1637,0.1643,307116.57
2026-07-12 09:00:00+00:00,0.1643,0.1651,0.1635,0.1645,656487.91
2026-07-12 10:00:00+00:00,0.1645,0.1646,0.1637,0.1638,317182.41
2026-07-12 11:00:00+00:00,0.1638,0.1649,0.1633,0.1644,385134.82
2026-07-12 12:00:00+00:00,0.1644,0.1654,0.1642,0.165,267683.66
2026-07-12 13:00:00+00:00,0.165,0.1654,0.1645,0.1647,612631.28
2026-07-12 14:00:00+00:00,0.1647,0.1654,0.1639,0.165,510669.05
2026-07-12 15:00:00+00:00,0.165,0.1653,0.1643,0.1645,414777.04
2026-07-12 16:00:00+00:00,0.1645,0.1647,0.1641,0.1645,417493.9
2026-07-12 17:00:00+00:00,0.1645,0.1649,0.1635,0.1639,840283.76
2026-07-12 18:00:00+00:00,0.1639,0.1645,0.1635,0.1644,692353.39
2026-07-12 19:00:00+00:00,0.1644,0.1644,0.1639,0.1644,344191.56
2026-07-12 20:00:00+00:00,0.1644,0.1645,0.1638,0.164,195040.6
2026-07-12 21:00:00+00:00,0.164,0.1646,0.1632,0.1634,425841.62
2026-07-12 22:00:00+00:00,0.1634,0.1634,0.161,0.1619,1748719.2
2026-07-12 23:00:00+00:00,0.1619,0.1622,0.1616,0.162,256524.85
2026-07-13 00:00:00+00:00,0.162,0.1644,0.1613,0.1627,1297556.01
2026-07-13 01:00:00+00:00,0.1627,0.1628,0.1599,0.1603,1829575.34
2026-07-13 02:00:00+00:00,0.1603,0.1609,0.1595,0.1601,847545.36
2026-07-13 03:00:00+00:00,0.1601,0.1601,0.1572,0.1588,1822337.44
2026-07-13 04:00:00+00:00,0.1588,0.1595,0.1585,0.1589,548697.98
2026-07-13 05:00:00+00:00,0.1589,0.1602,0.1585,0.16,886728.95
2026-07-13 06:00:00+00:00,0.16,0.1606,0.1597,0.1602,404782.73
2026-07-13 07:00:00+00:00,0.1602,0.1606,0.1599,0.1605,349421.49
2026-07-13 08:00:00+00:00,0.1605,0.1607,0.1596,0.1604,398799.34
2026-07-13 09:00:00+00:00,0.1604,0.1604,0.1598,0.16,365531.41
2026-07-13 10:00:00+00:00,0.16,0.1603,0.1594,0.1595,453965.44
2026-07-13 11:00:00+00:00,0.1595,0.1601,0.1594,0.1594,422483.19
2026-07-13 12:00:00+00:00,0.1594,0.1599,0.1589,0.1591,642371.98
2026-07-13 13:00:00+00:00,0.1591,0.1591,0.1573,0.1583,1717681.41
2026-07-13 14:00:00+00:00,0.1583,0.16,0.1575,0.16,2387722.15
2026-07-13 15:00:00+00:00,0.16,0.1602,0.1586,0.1589,470780.02
2026-07-13 16:00:00+00:00,0.1589,0.1593,0.1578,0.1582,334663.87
2026-07-13 17:00:00+00:00,0.1582,0.1585,0.1565,0.1566,2291665.27
2026-07-13 18:00:00+00:00,0.1566,0.1579,0.1565,0.1573,714575.97
2026-07-13 19:00:00+00:00,0.1573,0.1583,0.1571,0.1583,665856.57
2026-07-13 20:00:00+00:00,0.1583,0.1583,0.1572,0.1575,486106.52
2026-07-13 21:00:00+00:00,0.1575,0.1575,0.1554,0.1563,1163657.4
2026-07-13 22:00:00+00:00,0.1563,0.1569,0.1562,0.1564,474505.68
2026-07-13 23:00:00+00:00,0.1564,0.1574,0.1561,0.1574,611984.04
2026-07-14 00:00:00+00:00,0.1574,0.1584,0.157,0.1583,658304.29
2026-07-14 01:00:00+00:00,0.1583,0.1584,0.1577,0.1578,380016.96
2026-07-14 02:00:00+00:00,0.1578,0.158,0.1568,0.1574,327344.32
2026-07-14 03:00:00+00:00,0.1574,0.1577,0.1562,0.1576,495871.58
2026-07-14 04:00:00+00:00,0.1576,0.1582,0.1574,0.1578,363705.97
2026-07-14 05:00:00+00:00,0.1578,0.1604,0.1578,0.1594,4958851.78
2026-07-14 06:00:00+00:00,0.1594,0.1595,0.1587,0.159,460596.57
2026-07-14 07:00:00+00:00,0.159,0.1592,0.1586,0.1588,148818.14
2026-07-14 08:00:00+00:00,0.1588,0.1592,0.1584,0.1586,640805.14
2026-07-14 09:00:00+00:00,0.1586,0.159,0.1582,0.1585,419270.61
2026-07-14 10:00:00+00:00,0.1585,0.159,0.1582,0.1588,325807.76
2026-07-14 11:00:00+00:00,0.1588,0.1593,0.1585,0.1592,530835.49
2026-07-14 12:00:00+00:00,0.1592,0.1623,0.1583,0.1621,3565287.62
2026-07-14 13:00:00+00:00,0.1621,0.1645,0.1616,0.1638,2830069.08
2026-07-14 14:00:00+00:00,0.1638,0.1647,0.1627,0.1644,3981401.39
2026-07-14 15:00:00+00:00,0.1644,0.1682,0.164,0.1656,5821959.36
2026-07-14 16:00:00+00:00,0.1656,0.1666,0.1653,0.1653,1628931.78
2026-07-14 17:00:00+00:00,0.1653,0.1654,0.1635,0.1638,2679777.66
2026-07-14 18:00:00+00:00,0.1638,0.1638,0.1625,0.1632,1726568.12
2026-07-14 19:00:00+00:00,0.1632,0.1639,0.163,0.1635,1331045.25
2026-07-14 20:00:00+00:00,0.1635,0.1635,0.1628,0.1633,362685.24
2026-07-14 21:00:00+00:00,0.1633,0.1651,0.1632,0.1644,1295285.89
2026-07-14 22:00:00+00:00,0.1644,0.1653,0.1636,0.1645,608504.85
2026-07-14 23:00:00+00:00,0.1645,0.1655,0.1642,0.1655,904455.13
2026-07-15 00:00:00+00:00,0.1655,0.1658,0.1645,0.1648,941126.94
2026-07-15 01:00:00+00:00,0.1648,0.165,0.1632,0.1636,1029505.69
2026-07-15 02:00:00+00:00,0.1636,0.1637,0.1619,0.1628,1916016.76
2026-07-15 03:00:00+00:00,0.1628,0.1642,0.1626,0.1641,1282813.6
2026-07-15 04:00:00+00:00,0.1641,0.1643,0.163,0.1636,3760020.97
2026-07-15 05:00:00+00:00,0.1636,0.1645,0.163,0.1644,947399.38
2026-07-15 06:00:00+00:00,0.1644,0.1655,0.1641,0.1642,1949002.37
2026-07-15 07:00:00+00:00,0.1642,0.1642,0.1627,0.1632,707500.68
2026-07-15 08:00:00+00:00,0.1632,0.1638,0.1628,0.1637,362531.98
2026-07-15 09:00:00+00:00,0.1637,0.1654,0.1636,0.1641,1489577.59
2026-07-15 10:00:00+00:00,0.1641,0.1648,0.164,0.1646,403627.03
2026-07-15 11:00:00+00:00,0.1646,0.1655,0.1644,0.1646,1437785.23
2026-07-15 12:00:00+00:00,0.1646,0.1671,0.1641,0.1669,2842843.61
2026-07-15 13:00:00+00:00,0.1669,0.1694,0.1657,0.1663,2884197.92
2026-07-15 14:00:00+00:00,0.1663,0.1669,0.1654,0.1666,1117138.28
2026-07-15 15:00:00+00:00,0.1666,0.1666,0.1656,0.1657,932704.4
2026-07-15 16:00:00+00:00,0.1657,0.1659,0.1625,0.1636,2439734.57
2026-07-15 17:00:00+00:00,0.1636,0.1654,0.1635,0.1649,1189399.32
2026-07-15 18:00:00+00:00,0.1649,0.1655,0.1635,0.1637,1118824.35
2026-07-15 19:00:00+00:00,0.1637,0.1644,0.1631,0.1636,1044580.2
2026-07-15 20:00:00+00:00,0.1636,0.1652,0.1634,0.1646,1541712.42
2026-07-15 21:00:00+00:00,0.1646,0.1651,0.1641,0.1647,296208.54
2026-07-15 22:00:00+00:00,0.1647,0.1657,0.1645,0.1654,1211932.29
2026-07-15 23:00:00+00:00,0.1654,0.1663,0.165,0.1651,653978.03
2026-07-16 00:00:00+00:00,0.1651,0.1655,0.1639,0.1647,856383.32
2026-07-16 01:00:00+00:00,0.1647,0.1655,0.1638,0.1654,323559.88
2026-07-16 02:00:00+00:00,0.1654,0.1665,0.1649,0.1663,498365.98
2026-07-16 03:00:00+00:00,0.1663,0.1663,0.1646,0.1649,245660.18
2026-07-16 04:00:00+00:00,0.1649,0.1652,0.1644,0.1647,198178.14
2026-07-16 05:00:00+00:00,0.1647,0.1651,0.1643,0.1644,720469.74
2026-07-16 06:00:00+00:00,0.1644,0.1651,0.1633,0.164,869674.75
2026-07-16 07:00:00+00:00,0.164,0.1642,0.1623,0.163,855223.51
2026-07-16 08:00:00+00:00,0.163,0.1631,0.161,0.1621,2371019.27
2026-07-16 09:00:00+00:00,0.1621,0.1623,0.1616,0.1617,318483.8
2026-07-16 10:00:00+00:00,0.1617,0.1626,0.1617,0.1626,282878.28
2026-07-16 11:00:00+00:00,0.1626,0.163,0.1621,0.163,658447.3
2026-07-16 12:00:00+00:00,0.163,0.1637,0.1616,0.1621,1182161.17
2026-07-16 13:00:00+00:00,0.1621,0.1642,0.162,0.164,947127.18
2026-07-16 14:00:00+00:00,0.164,0.1652,0.1635,0.164,1037087.11
2026-07-16 15:00:00+00:00,0.164,0.1645,0.1627,0.1637,1103947.84
2026-07-16 16:00:00+00:00,0.1637,0.1638,0.1628,0.1636,887466.38
2026-07-16 17:00:00+00:00,0.1636,0.1636,0.162,0.1624,633334.0
2026-07-16 18:00:00+00:00,0.1624,0.1632,0.1618,0.1623,367749.09
2026-07-16 19:00:00+00:00,0.1623,0.163,0.162,0.163,379609.85
2026-07-16 20:00:00+00:00,0.163,0.1631,0.1624,0.1626,197326.1
2026-07-16 21:00:00+00:00,0.1626,0.1637,0.1626,0.163,234922.55
2026-07-16 22:00:00+00:00,0.163,0.1636,0.1605,0.1609,1488723.68
2026-07-16 23:00:00+00:00,0.1609,0.1611,0.1599,0.1608,1442580.24
2026-07-17 00:00:00+00:00,0.1608,0.1616,0.1601,0.1616,702140.69
2026-07-17 01:00:00+00:00,0.1616,0.162,0.16,0.1602,468538.48
2026-07-17 02:00:00+00:00,0.1602,0.1604,0.1593,0.1598,702206.29
2026-07-17 03:00:00+00:00,0.1598,0.1613,0.1597,0.1604,517401.34
2026-07-17 04:00:00+00:00,0.1604,0.1608,0.1595,0.1603,426033.33
2026-07-17 05:00:00+00:00,0.1603,0.1603,0.1579,0.1582,972470.41
2026-07-17 06:00:00+00:00,0.1582,0.1594,0.158,0.1591,1748336.25
2026-07-17 07:00:00+00:00,0.1591,0.1592,0.1588,0.1589,297607.71
2026-07-17 08:00:00+00:00,0.1589,0.1601,0.1583,0.16,684452.19
2026-07-17 09:00:00+00:00,0.16,0.161,0.1599,0.161,688246.36
2026-07-17 10:00:00+00:00,0.161,0.1625,0.1609,0.1609,2735309.91
2026-07-17 11:00:00+00:00,0.1609,0.1611,0.1604,0.1611,378402.05
2026-07-17 12:00:00+00:00,0.1611,0.1611,0.1597,0.1598,1100740.77
2026-07-17 13:00:00+00:00,0.1598,0.16,0.1578,0.16,1677933.79
2026-07-17 14:00:00+00:00,0.16,0.1632,0.16,0.1629,4804411.55
2026-07-17 15:00:00+00:00,0.1629,0.1642,0.1612,0.1641,4079412.46
2026-07-17 16:00:00+00:00,0.1641,0.1668,0.1637,0.1661,6269231.8
2026-07-17 17:00:00+00:00,0.1661,0.167,0.165,0.1652,1980637.96
2026-07-17 18:00:00+00:00,0.1652,0.1665,0.1649,0.166,1229226.4
2026-07-17 19:00:00+00:00,0.166,0.1667,0.165,0.166,1559570.98
2026-07-17 20:00:00+00:00,0.166,0.1661,0.165,0.1657,1791605.18
2026-07-17 21:00:00+00:00,0.1657,0.1669,0.1657,0.166,948354.12
2026-07-17 22:00:00+00:00,0.166,0.1664,0.1655,0.1658,1096975.5
2026-07-17 23:00:00+00:00,0.1658,0.1676,0.1655,0.1667,3796744.2
2026-07-18 00:00:00+00:00,0.1667,0.1685,0.1666,0.1676,4548753.67
2026-07-18 01:00:00+00:00,0.1676,0.1683,0.1674,0.1675,747886.02
2026-07-18 02:00:00+00:00,0.1675,0.1693,0.1675,0.1685,1498991.59
2026-07-18 03:00:00+00:00,0.1685,0.1687,0.1671,0.1679,2046669.23
2026-07-18 04:00:00+00:00,0.1679,0.1681,0.1664,0.1669,1002470.06
2026-07-18 05:00:00+00:00,0.1669,0.1675,0.1661,0.1666,627697.78
2026-07-18 06:00:00+00:00,0.1666,0.1671,0.1659,0.166,435604.38
2026-07-18 07:00:00+00:00,0.166,0.1667,0.1659,0.1662,1007429.37
2026-07-18 08:00:00+00:00,0.1662,0.1668,0.1659,0.1664,418068.05
2026-07-18 09:00:00+00:00,0.1664,0.1664,0.1649,0.1657,1397818.24
2026-07-18 10:00:00+00:00,0.1657,0.1664,0.1657,0.1658,570941.02
2026-07-18 11:00:00+00:00,0.1658,0.1663,0.1658,0.1659,189471.91
2026-07-18 12:00:00+00:00,0.1659,0.1666,0.1654,0.166,482185.51
2026-07-18 13:00:00+00:00,0.166,0.166,0.1642,0.1647,698437.71
2026-07-18 14:00:00+00:00,0.1647,0.165,0.164,0.165,285029.08
2026-07-18 15:00:00+00:00,0.165,0.1653,0.1643,0.1645,272264.68
2026-07-18 16:00:00+00:00,0.1645,0.1646,0.1635,0.1644,1569400.89
2026-07-18 17:00:00+00:00,0.1644,0.1653,0.1641,0.1653,347956.24
2026-07-18 18:00:00+00:00,0.1653,0.1661,0.1649,0.1653,471394.72
2026-07-18 19:00:00+00:00,0.1653,0.1659,0.165,0.1659,155519.33
2026-07-18 20:00:00+00:00,0.1659,0.1667,0.1657,0.1663,317068.27
2026-07-18 21:00:00+00:00,0.1663,0.1671,0.1659,0.1663,169538.72
2026-07-18 22:00:00+00:00,0.1663,0.1672,0.1662,0.1672,208700.45
2026-07-18 23:00:00+00:00,0.1672,0.1673,0.1667,0.1667,371084.61
2026-07-19 00:00:00+00:00,0.1667,0.1672,0.1664,0.1671,299966.2
2026-07-19 01:00:00+00:00,0.1671,0.1672,0.1667,0.167,150116.24
2026-07-19 02:00:00+00:00,0.167,0.1687,0.167,0.1681,631166.03
2026-07-19 03:00:00+00:00,0.1681,0.1682,0.1667,0.1668,296576.26
2026-07-19 04:00:00+00:00,0.1668,0.167,0.166,0.1662,351110.77
2026-07-19 05:00:00+00:00,0.1662,0.1667,0.1656,0.1661,500233.04
2026-07-19 06:00:00+00:00,0.1661,0.1667,0.1658,0.1663,164085.63
2026-07-19 07:00:00+00:00,0.1663,0.1663,0.1655,0.1656,198481.49
2026-07-19 08:00:00+00:00,0.1656,0.1661,0.1653,0.1657,317897.59
2026-07-19 09:00:00+00:00,0.1657,0.166,0.1646,0.1649,534880.33
2026-07-19 10:00:00+00:00,0.1649,0.1658,0.1645,0.1655,309952.75
2026-07-19 11:00:00+00:00,0.1655,0.1657,0.1649,0.165,182413.44
2026-07-19 12:00:00+00:00,0.165,0.1654,0.1645,0.1651,407002.76
2026-07-19 13:00:00+00:00,0.1651,0.1656,0.1648,0.1656,178978.22
2026-07-19 14:00:00+00:00,0.1656,0.1671,0.1651,0.1667,415710.95
2026-07-19 15:00:00+00:00,0.1667,0.1669,0.166,0.1662,306712.95
2026-07-19 16:00:00+00:00,0.1662,0.1664,0.1652,0.1653,239247.69
2026-07-19 17:00:00+00:00,0.1653,0.1656,0.1638,0.1651,813297.75
2026-07-19 18:00:00+00:00,0.1651,0.1652,0.164,0.1651,458098.47
2026-07-19 19:00:00+00:00,0.1651,0.1662,0.1649,0.166,214986.75
2026-07-19 20:00:00+00:00,0.166,0.1666,0.166,0.1666,322856.04
2026-07-19 21:00:00+00:00,0.1666,0.1667,0.1647,0.1651,343530.87
2026-07-19 22:00:00+00:00,0.1651,0.167,0.1648,0.1661,789659.83
2026-07-19 23:00:00+00:00,0.1661,0.1666,0.1653,0.1663,382806.03
2026-07-20 00:00:00+00:00,0.1663,0.1684,0.1653,0.1657,1723026.1
2026-07-20 01:00:00+00:00,0.1657,0.1674,0.1644,0.1649,1171909.94
2026-07-20 02:00:00+00:00,0.1649,0.1667,0.1649,0.1659,624663.78
2026-07-20 03:00:00+00:00,0.1659,0.1664,0.165,0.1657,820979.77
2026-07-20 04:00:00+00:00,0.1657,0.1657,0.1643,0.1644,849882.93
2026-07-20 05:00:00+00:00,0.1644,0.1644,0.1621,0.1623,1961237.08
2026-07-20 06:00:00+00:00,0.1623,0.1626,0.1607,0.1614,1353002.31
2026-07-20 07:00:00+00:00,0.1614,0.1628,0.1612,0.1626,536082.9
2026-07-20 08:00:00+00:00,0.1626,0.1631,0.1615,0.1619,1258388.03
2026-07-20 09:00:00+00:00,0.1619,0.1631,0.1617,0.1628,587845.54
2026-07-20 10:00:00+00:00,0.1628,0.1635,0.1627,0.1633,240217.51
2026-07-20 11:00:00+00:00,0.1633,0.1662,0.1629,0.1656,2109913.92
2026-07-20 12:00:00+00:00,0.1656,0.1656,0.1639,0.1643,715937.45
2026-07-20 13:00:00+00:00,0.1643,0.1645,0.1625,0.1629,1157132.83
2026-07-20 14:00:00+00:00,0.1629,0.1633,0.1618,0.1625,1017132.62
2026-07-20 15:00:00+00:00,0.1625,0.1671,0.1624,0.1669,2504439.01
2026-07-20 16:00:00+00:00,0.1669,0.1675,0.1653,0.1662,3153925.41
2026-07-20 17:00:00+00:00,0.1662,0.1678,0.1659,0.1675,2289339.2
2026-07-20 18:00:00+00:00,0.1675,0.1707,0.1675,0.1684,3868164.74
2026-07-20 19:00:00+00:00,0.1684,0.1691,0.1677,0.1679,2374918.68
2026-07-20 20:00:00+00:00,0.1679,0.1697,0.1672,0.1696,1170302.79
2026-07-20 21:00:00+00:00,0.1696,0.1718,0.1696,0.17,1760802.83
2026-07-20 22:00:00+00:00,0.17,0.1701,0.169,0.1692,585358.03
2026-07-20 23:00:00+00:00,0.1692,0.1711,0.1692,0.1697,1371101.33
2026-07-21 00:00:00+00:00,0.1697,0.1726,0.1695,0.1709,2226443.61
2026-07-21 01:00:00+00:00,0.1709,0.1714,0.17,0.1702,1006643.71
2026-07-21 02:00:00+00:00,0.1702,0.1708,0.1695,0.1707,316329.94
2026-07-21 03:00:00+00:00,0.1707,0.1731,0.1705,0.1725,1235478.97
2026-07-21 04:00:00+00:00,0.1725,0.1735,0.1711,0.1722,4116975.7
2026-07-21 05:00:00+00:00,0.1722,0.1777,0.1722,0.1757,8421931.83
2026-07-21 06:00:00+00:00,0.1757,0.1775,0.1756,0.1763,3154347.86
2026-07-21 07:00:00+00:00,0.1763,0.1767,0.175,0.1764,2248786.32
2026-07-21 08:00:00+00:00,0.1764,0.1765,0.1746,0.1746,1076866.62
2026-07-21 09:00:00+00:00,0.1746,0.1756,0.1743,0.1748,1123669.11
2026-07-21 10:00:00+00:00,0.1748,0.1757,0.1744,0.1747,858682.29
2026-07-21 11:00:00+00:00,0.1747,0.1749,0.1742,0.1747,748106.66
2026-07-21 12:00:00+00:00,0.1747,0.1764,0.1744,0.1753,1201169.92
2026-07-21 13:00:00+00:00,0.1753,0.1761,0.1751,0.1757,695355.96
2026-07-21 14:00:00+00:00,0.1757,0.177,0.1748,0.1757,6815682.85
2026-07-21 15:00:00+00:00,0.1757,0.1761,0.1746,0.1751,1030760.73
2026-07-21 16:00:00+00:00,0.1751,0.1752,0.1721,0.1736,2410108.37
2026-07-21 17:00:00+00:00,0.1736,0.1742,0.172,0.1734,2951179.26
2026-07-21 18:00:00+00:00,0.1734,0.1738,0.1724,0.1734,1784066.45
2026-07-21 19:00:00+00:00,0.1734,0.1751,0.173,0.1738,16492500.29
2026-07-21 20:00:00+00:00,0.1738,0.1744,0.1735,0.1735,1857928.08
2026-07-21 21:00:00+00:00,0.1735,0.1738,0.1728,0.1731,933393.43
2026-07-21 22:00:00+00:00,0.1731,0.1732,0.1723,0.1732,642118.32
2026-07-21 23:00:00+00:00,0.1732,0.1739,0.1725,0.1738,575086.98
2026-07-22 00:00:00+00:00,0.1738,0.1741,0.1735,0.174,651581.13
2026-07-22 01:00:00+00:00,0.174,0.1748,0.1733,0.1743,635879.46
2026-07-22 02:00:00+00:00,0.1743,0.1755,0.1738,0.1743,979428.32
2026-07-22 03:00:00+00:00,0.1743,0.1746,0.1734,0.1735,906378.42
2026-07-22 04:00:00+00:00,0.1735,0.1744,0.1733,0.1743,459135.78
2026-07-22 05:00:00+00:00,0.1743,0.1743,0.1714,0.1715,2094013.66
2026-07-22 06:00:00+00:00,0.1715,0.1717,0.1706,0.1709,992651.54
2026-07-22 07:00:00+00:00,0.1709,0.1713,0.1704,0.1711,995343.63
2026-07-22 08:00:00+00:00,0.1711,0.1726,0.1711,0.1725,552436.99
2026-07-22 09:00:00+00:00,0.1725,0.1735,0.1724,0.1733,1142074.45
2026-07-22 10:00:00+00:00,0.1733,0.1739,0.1731,0.1736,595996.47
2026-07-22 11:00:00+00:00,0.1736,0.1737,0.1725,0.1729,703518.08
2026-07-22 12:00:00+00:00,0.1729,0.1732,0.1717,0.1723,1173408.44
2026-07-22 13:00:00+00:00,0.1723,0.1759,0.1723,0.1756,3138042.81
2026-07-22 14:00:00+00:00,0.1756,0.178,0.1739,0.1754,3629089.06
2026-07-22 15:00:00+00:00,0.1754,0.1798,0.1754,0.178,3286222.34
2026-07-22 16:00:00+00:00,0.178,0.1808,0.1772,0.18,3316297.95
2026-07-22 17:00:00+00:00,0.18,0.1802,0.1778,0.1779,1694671.43
2026-07-22 18:00:00+00:00,0.1779,0.1784,0.1755,0.1758,1883586.35
2026-07-22 19:00:00+00:00,0.1758,0.176,0.1739,0.1746,2232868.93
2026-07-22 20:00:00+00:00,0.1746,0.1749,0.1739,0.1746,1582961.96
2026-07-22 21:00:00+00:00,0.1746,0.1755,0.1741,0.1751,659743.43
2026-07-22 22:00:00+00:00,0.1751,0.1759,0.1745,0.1754,803901.87
2026-07-22 23:00:00+00:00,0.1754,0.1754,0.1731,0.1744,1279571.52
2026-07-23 00:00:00+00:00,0.1744,0.1768,0.1741,0.1758,1746336.51
2026-07-23 01:00:00+00:00,0.1758,0.1761,0.1744,0.1747,983904.16
2026-07-23 02:00:00+00:00,0.1747,0.1749,0.1736,0.1746,361566.21
2026-07-23 03:00:00+00:00,0.1746,0.1747,0.174,0.174,606031.03
2026-07-23 04:00:00+00:00,0.174,0.1755,0.1737,0.1744,498665.7
2026-07-23 05:00:00+00:00,0.1744,0.1749,0.174,0.1742,261490.72
2026-07-23 06:00:00+00:00,0.1742,0.1745,0.1738,0.1742,310783.67
2026-07-23 07:00:00+00:00,0.1742,0.1742,0.1723,0.1731,592613.27
2026-07-23 08:00:00+00:00,0.1731,0.1741,0.1727,0.174,330256.18
2026-07-23 09:00:00+00:00,0.174,0.1745,0.1735,0.1735,491417.5
2026-07-23 10:00:00+00:00,0.1735,0.1748,0.1734,0.1747,355919.32
2026-07-23 11:00:00+00:00,0.1747,0.1759,0.174,0.1743,1153959.91
2026-07-23 12:00:00+00:00,0.1743,0.1752,0.172,0.1731,1218126.04
2026-07-23 13:00:00+00:00,0.1731,0.1733,0.1708,0.1715,2248896.45
2026-07-23 14:00:00+00:00,0.1715,0.1719,0.1688,0.1695,1831218.29
2026-07-23 15:00:00+00:00,0.1695,0.1707,0.1682,0.1706,2635333.19
2026-07-23 16:00:00+00:00,0.1706,0.1707,0.1693,0.1695,966447.31
2026-07-23 17:00:00+00:00,0.1695,0.17,0.1682,0.1686,503520.49
2026-07-23 18:00:00+00:00,0.1686,0.1698,0.1686,0.1694,694037.33
2026-07-23 19:00:00+00:00,0.1694,0.17,0.1689,0.1697,365283.44
2026-07-23 20:00:00+00:00,0.1697,0.1705,0.1696,0.1697,361744.5
2026-07-23 21:00:00+00:00,0.1697,0.17,0.1688,0.1691,306219.69
2026-07-23 22:00:00+00:00,0.1691,0.1694,0.1681,0.1692,615183.79
2026-07-23 23:00:00+00:00,0.1692,0.1693,0.1684,0.1685,471900.4
2026-07-24 00:00:00+00:00,0.1685,0.1685,0.1668,0.1673,1231339.65
2026-07-24 01:00:00+00:00,0.1673,0.1675,0.1664,0.167,739867.27
2026-07-24 02:00:00+00:00,0.167,0.1677,0.1663,0.1668,568556.39
2026-07-24 03:00:00+00:00,0.1668,0.1678,0.1666,0.1675,367789.69
2026-07-24 04:00:00+00:00,0.1675,0.1675,0.167,0.1673,238922.83
2026-07-24 05:00:00+00:00,0.1673,0.1675,0.1666,0.1667,255629.91
2026-07-24 06:00:00+00:00,0.1667,0.1673,0.1665,0.1673,395144.76
2026-07-24 07:00:00+00:00,0.1673,0.1685,0.167,0.1681,848202.19
2026-07-24 08:00:00+00:00,0.1681,0.1683,0.1673,0.1678,414156.96
2026-07-24 09:00:00+00:00,0.1678,0.168,0.166,0.1672,673015.42
2026-07-24 10:00:00+00:00,0.1672,0.1675,0.1663,0.1664,270680.51
2026-07-24 11:00:00+00:00,0.1664,0.1668,0.1656,0.1664,860512.15
2026-07-24 12:00:00+00:00,0.1664,0.1667,0.1653,0.1654,829308.56
2026-07-24 13:00:00+00:00,0.1654,0.1656,0.1639,0.1646,2591693.64
2026-07-24 14:00:00+00:00,0.1646,0.1648,0.1634,0.1648,912845.74
2026-07-24 15:00:00+00:00,0.1648,0.1652,0.1638,0.1648,1366138.36
2026-07-24 16:00:00+00:00,0.1648,0.1648,0.1629,0.1631,832458.68
2026-07-24 17:00:00+00:00,0.1631,0.164,0.1627,0.1636,676396.62
2026-07-24 18:00:00+00:00,0.1636,0.164,0.1631,0.1639,772696.9
2026-07-24 19:00:00+00:00,0.1639,0.164,0.1633,0.1637,787534.84
2026-07-24 20:00:00+00:00,0.1637,0.1639,0.1633,0.1635,447687.95
2026-07-24 21:00:00+00:00,0.1635,0.1638,0.1631,0.1632,778288.56
2026-07-24 22:00:00+00:00,0.1632,0.164,0.1632,0.1639,385051.03
2026-07-24 23:00:00+00:00,0.1639,0.1642,0.1637,0.164,395898.84
2026-07-25 00:00:00+00:00,0.164,0.1647,0.1638,0.1644,732289.97
2026-07-25 01:00:00+00:00,0.1644,0.1646,0.1637,0.1638,346994.54
2026-07-25 02:00:00+00:00,0.1638,0.1643,0.1636,0.1641,310172.46
2026-07-25 03:00:00+00:00,0.1641,0.1644,0.1637,0.164,226950.37
2026-07-25 04:00:00+00:00,0.164,0.1642,0.1637,0.1638,273996.21
2026-07-25 05:00:00+00:00,0.1638,0.164,0.1628,0.163,1123032.12
2026-07-25 06:00:00+00:00,0.163,0.1632,0.1615,0.1622,1137745.62
2026-07-25 07:00:00+00:00,0.1622,0.1622,0.1616,0.1616,585502.47
2026-07-25 08:00:00+00:00,0.1616,0.1621,0.1615,0.1618,499262.68
2026-07-25 09:00:00+00:00,0.1618,0.1627,0.1617,0.1624,259659.04
2026-07-25 10:00:00+00:00,0.1624,0.1626,0.162,0.1622,663968.96
2026-07-25 11:00:00+00:00,0.1622,0.1627,0.162,0.1626,256402.67
2026-07-25 12:00:00+00:00,0.1626,0.1633,0.1626,0.1632,367723.77
2026-07-25 13:00:00+00:00,0.1632,0.1642,0.1631,0.1636,560206.29
2026-07-25 14:00:00+00:00,0.1636,0.1644,0.1632,0.1644,937019.56
2026-07-25 15:00:00+00:00,0.1644,0.165,0.1643,0.1648,655378.84
2026-07-25 16:00:00+00:00,0.1648,0.1658,0.1642,0.1652,1580634.59
2026-07-25 17:00:00+00:00,0.1652,0.167,0.1647,0.1656,2632095.67
2026-07-25 18:00:00+00:00,0.1656,0.1664,0.1655,0.1659,795688.39
2026-07-25 19:00:00+00:00,0.1659,0.166,0.1653,0.1655,234791.37
2026-07-25 20:00:00+00:00,0.1655,0.1657,0.1645,0.1646,228141.33
2026-07-25 21:00:00+00:00,0.1646,0.165,0.1638,0.1648,448345.91
2026-07-25 22:00:00+00:00,0.1648,0.1652,0.1645,0.1651,386320.33
2026-07-25 23:00:00+00:00,0.1651,0.1651,0.1646,0.1648,237518.6
2026-07-26 00:00:00+00:00,0.1648,0.1654,0.1648,0.1654,627226.91
2026-07-26 01:00:00+00:00,0.1654,0.1654,0.165,0.1651,131893.24
2026-07-26 02:00:00+00:00,0.1651,0.1654,0.1646,0.1654,327492.58
2026-07-26 03:00:00+00:00,0.1654,0.1658,0.1651,0.1654,385172.51
2026-07-26 04:00:00+00:00,0.1654,0.1659,0.1651,0.1658,260564.58
2026-07-26 05:00:00+00:00,0.1658,0.166,0.1652,0.1654,815830.61
2026-07-26 06:00:00+00:00,0.1654,0.1663,0.165,0.1663,457022.17
2026-07-26 07:00:00+00:00,0.1663,0.1666,0.1651,0.1651,424398.06
2026-07-26 08:00:00+00:00,0.1651,0.1652,0.1648,0.1651,456897.46
2026-07-26 09:00:00+00:00,0.1651,0.1654,0.1649,0.165,269620.71
2026-07-26 10:00:00+00:00,0.165,0.1654,0.1649,0.1654,214639.34
2026-07-26 11:00:00+00:00,0.1654,0.1654,0.1649,0.165,506854.8
2026-07-26 12:00:00+00:00,0.165,0.1655,0.1648,0.1648,423787.88
2026-07-26 13:00:00+00:00,0.1648,0.1649,0.1643,0.1645,808256.92
2026-07-26 14:00:00+00:00,0.1645,0.165,0.164,0.1647,724728.9
2026-07-26 15:00:00+00:00,0.1647,0.1656,0.1645,0.1654,894026.26
2026-07-26 16:00:00+00:00,0.1654,0.1662,0.1652,0.1653,515397.96
2026-07-26 17:00:00+00:00,0.1653,0.1655,0.1645,0.1646,830004.82
2026-07-26 18:00:00+00:00,0.1646,0.1648,0.1644,0.1648,382133.94
2026-07-26 19:00:00+00:00,0.1648,0.1648,0.1642,0.1644,528348.51
2026-07-26 20:00:00+00:00,0.1644,0.1646,0.1642,0.1643,190889.31
2026-07-26 21:00:00+00:00,0.1643,0.1652,0.1642,0.1649,652192.55
2026-07-26 22:00:00+00:00,0.1649,0.1662,0.1649,0.1657,975362.24
2026-07-26 23:00:00+00:00,0.1657,0.1667,0.1649,0.166,852057.29
2026-07-27 00:00:00+00:00,0.166,0.166,0.1652,0.1654,591740.91
2026-07-27 01:00:00+00:00,0.1654,0.1656,0.1645,0.165,955626.64
2026-07-27 02:00:00+00:00,0.165,0.1651,0.1645,0.1648,447299.89
2026-07-27 03:00:00+00:00,0.1648,0.1654,0.1646,0.1653,198381.77
2026-07-27 04:00:00+00:00,0.1653,0.1664,0.1652,0.1653,327229.66
2026-07-27 05:00:00+00:00,0.1653,0.166,0.165,0.1658,358246.98
2026-07-27 06:00:00+00:00,0.1658,0.1672,0.1658,0.1662,721528.92
2026-07-27 07:00:00+00:00,0.1662,0.1663,0.1649,0.1649,944659.94
2026-07-27 08:00:00+00:00,0.1649,0.1654,0.1647,0.165,2929227.98
2026-07-27 09:00:00+00:00,0.165,0.1656,0.1646,0.1654,411499.42
2026-07-27 10:00:00+00:00,0.1654,0.1658,0.1651,0.1656,766388.11
2026-07-27 11:00:00+00:00,0.1656,0.1656,0.1644,0.1646,342735.51
2026-07-27 12:00:00+00:00,0.1646,0.1649,0.1625,0.164,1279536.67
2026-07-27 13:00:00+00:00,0.164,0.1657,0.1629,0.1643,1054143.38
2026-07-27 14:00:00+00:00,0.1643,0.1646,0.158,0.159,7267918.94
2026-07-27 15:00:00+00:00,0.159,0.1596,0.1579,0.158,2230934.56
2026-07-27 16:00:00+00:00,0.158,0.1595,0.157,0.1588,4776549.38
2026-07-27 17:00:00+00:00,0.1588,0.1596,0.1585,0.1592,833570.63
2026-07-27 18:00:00+00:00,0.1592,0.1594,0.1579,0.1585,2190405.01
2026-07-27 19:00:00+00:00,0.1585,0.1594,0.1584,0.1589,1451478.51
2026-07-27 20:00:00+00:00,0.1589,0.1591,0.1586,0.1591,864488.18
2026-07-27 21:00:00+00:00,0.1591,0.1592,0.1584,0.1587,482421.88
2026-07-27 22:00:00+00:00,0.1587,0.1587,0.1545,0.1547,5760924.48
2026-07-27 23:00:00+00:00,0.1547,0.1561,0.1538,0.1556,1698086.92
2026-07-28 00:00:00+00:00,0.1556,0.1564,0.1549,0.155,1261352.04
2026-07-28 01:00:00+00:00,0.155,0.1557,0.1534,0.1541,18526091.4
2026-07-28 02:00:00+00:00,0.1541,0.1551,0.1539,0.155,2512441.53
2026-07-28 03:00:00+00:00,0.155,0.1551,0.1546,0.1548,1354561.06
2026-07-28 04:00:00+00:00,0.1548,0.1555,0.1547,0.1553,1245696.18
2026-07-28 05:00:00+00:00,0.1553,0.156,0.1552,0.1559,1514100.42
2026-07-28 06:00:00+00:00,0.1559,0.1577,0.1556,0.1569,4602226.62
2026-07-28 07:00:00+00:00,0.1569,0.1575,0.1565,0.1572,1060009.1
2026-07-28 08:00:00+00:00,0.1572,0.1576,0.1567,0.1572,1017178.67
2026-07-28 09:00:00+00:00,0.1572,0.1582,0.157,0.1571,944661.61
2026-07-28 10:00:00+00:00,0.1571,0.1574,0.1568,0.157,552463.6
2026-07-28 11:00:00+00:00,0.157,0.1575,0.1564,0.1571,1753579.79
2026-07-28 12:00:00+00:00,0.1571,0.1585,0.157,0.1582,1199158.94
2026-07-28 13:00:00+00:00,0.1582,0.1586,0.1553,0.1563,2506693.97
2026-07-28 14:00:00+00:00,0.1563,0.1571,0.1561,0.1568,1029588.89
2026-07-28 15:00:00+00:00,0.1568,0.1592,0.1563,0.159,3402295.03
2026-07-28 16:00:00+00:00,0.159,0.1598,0.1582,0.1593,1425986.92
2026-07-28 17:00:00+00:00,0.1593,0.1594,0.1584,0.159,960019.02
2026-07-28 18:00:00+00:00,0.159,0.1596,0.1584,0.1586,561248.56
2026-07-28 19:00:00+00:00,0.1586,0.1591,0.1582,0.159,766188.03
2026-07-28 20:00:00+00:00,0.159,0.1601,0.1588,0.16,1704868.58
2026-07-28 21:00:00+00:00,0.16,0.1608,0.1596,0.1606,709798.09
2026-07-28 22:00:00+00:00,0.1606,0.1634,0.1606,0.1612,3111479.24
2026-07-28 23:00:00+00:00,0.1612,0.1619,0.1604,0.1619,1291233.65
2026-07-29 00:00:00+00:00,0.1619,0.1636,0.1619,0.1627,3482389.21
2026-07-29 01:00:00+00:00,0.1627,0.163,0.1618,0.1618,1369227.2
2026-07-29 02:00:00+00:00,0.1618,0.1669,0.1615,0.1659,3114133.74
2026-07-29 03:00:00+00:00,0.1659,0.1661,0.1631,0.1634,3790108.28
2026-07-29 04:00:00+00:00,0.1634,0.1636,0.1619,0.163,1714536.67
2026-07-29 05:00:00+00:00,0.163,0.1641,0.1623,0.1639,1039817.83
2026-07-29 06:00:00+00:00,0.1639,0.165,0.1629,0.1642,943350.64
2026-07-29 07:00:00+00:00,0.1642,0.1646,0.1636,0.1646,457014.83
2026-07-29 08:00:00+00:00,0.1646,0.165,0.1631,0.1642,1343531.55
2026-07-29 09:00:00+00:00,0.1642,0.1649,0.1641,0.1644,621627.1
2026-07-29 10:00:00+00:00,0.1644,0.1644,0.1633,0.1638,387317.67
2026-07-29 11:00:00+00:00,0.1638,0.1647,0.1636,0.164,555895.9
2026-07-29 12:00:00+00:00,0.164,0.1642,0.1633,0.164,442421.88
2026-07-29 13:00:00+00:00,0.164,0.1653,0.1635,0.1649,874238.83
2026-07-29 14:00:00+00:00,0.1649,0.1652,0.1625,0.163,897991.07
2026-07-29 15:00:00+00:00,0.163,0.1632,0.1623,0.163,608870.99
2026-07-29 16:00:00+00:00,0.163,0.1641,0.1624,0.1634,529457.61
2026-07-29 17:00:00+00:00,0.1634,0.1653,0.1632,0.1653,729681.99
2026-07-29 18:00:00+00:00,0.1653,0.169,0.1647,0.1679,4635494.81
2026-07-29 19:00:00+00:00,0.1679,0.1685,0.1627,0.1632,1711166.96
2026-07-29 20:00:00+00:00,0.1632,0.1639,0.1607,0.161,1705600.59
2026-07-29 21:00:00+00:00,0.161,0.1629,0.1605,0.1628,893758.24
2026-07-29 22:00:00+00:00,0.1628,0.1637,0.1622,0.1624,875068.34
2026-07-29 23:00:00+00:00,0.1624,0.1625,0.1617,0.1621,571143.03
2026-07-30 00:00:00+00:00,0.1621,0.1627,0.1615,0.1621,609041.77
2026-07-30 01:00:00+00:00,0.1621,0.1647,0.1621,0.164,786003.88
2026-07-30 02:00:00+00:00,0.164,0.1642,0.1628,0.1628,493853.69
2026-07-30 03:00:00+00:00,0.1628,0.1633,0.1624,0.1624,349381.6
2026-07-30 04:00:00+00:00,0.1624,0.1626,0.1618,0.1619,306758.11
2026-07-30 05:00:00+00:00,0.1619,0.1627,0.1615,0.1626,518622.7
2026-07-30 06:00:00+00:00,0.1626,0.1632,0.1625,0.1628,449340.77
2026-07-30 07:00:00+00:00,0.1628,0.1636,0.1626,0.1633,663175.47
2026-07-30 08:00:00+00:00,0.1633,0.1651,0.1632,0.1643,340797.83
2026-07-30 09:00:00+00:00,0.1643,0.1653,0.164,0.1642,430946.35
2026-07-30 10:00:00+00:00,0.1642,0.1648,0.1637,0.1639,344440.21
2026-07-30 11:00:00+00:00,0.1639,0.1645,0.1639,0.1644,335109.89
2026-07-30 12:00:00+00:00,0.1644,0.1666,0.1643,0.1661,1944523.23
2026-07-30 13:00:00+00:00,0.1661,0.1691,0.1656,0.1682,1992143.43
2026-07-30 14:00:00+00:00,0.1682,0.1743,0.1675,0.1722,6423457.8
2026-07-30 15:00:00+00:00,0.1722,0.1762,0.1709,0.172,4654881.5
2026-07-30 16:00:00+00:00,0.172,0.1728,0.1699,0.1708,2859804.27
2026-07-30 17:00:00+00:00,0.1708,0.1722,0.1704,0.1719,936751.78
2026-07-30 18:00:00+00:00,0.1719,0.1728,0.1712,0.1723,741210.74
2026-07-30 19:00:00+00:00,0.1723,0.1732,0.1719,0.1728,640939.79
2026-07-30 20:00:00+00:00,0.1728,0.1732,0.1704,0.1707,1527735.76
2026-07-30 21:00:00+00:00,0.1707,0.1708,0.1702,0.1703,583361.99
2026-07-30 22:00:00+00:00,0.1703,0.1709,0.1695,0.1699,673335.36
2026-07-30 23:00:00+00:00,0.1699,0.1708,0.1696,0.1697,1023638.55
2026-07-31 00:00:00+00:00,0.1697,0.1705,0.1692,0.1696,990550.92
2026-07-31 01:00:00+00:00,0.1696,0.171,0.1694,0.1697,545042.22
2026-07-31 02:00:00+00:00,0.1697,0.1709,0.1694,0.1704,620176.11
2026-07-31 03:00:00+00:00,0.1704,0.171,0.1698,0.1701,384231.2
2026-07-31 04:00:00+00:00,0.1701,0.1702,0.1687,0.1687,749129.34
2026-07-31 05:00:00+00:00,0.1687,0.1691,0.168,0.1689,858905.95
2026-07-31 06:00:00+00:00,0.1689,0.1696,0.1684,0.1689,586748.8
2026-07-31 07:00:00+00:00,0.1689,0.1704,0.1676,0.1698,1717075.78
2026-07-31 08:00:00+00:00,0.1698,0.172,0.1698,0.1709,2815188.15
2026-07-31 09:00:00+00:00,0.1709,0.1714,0.1688,0.1691,1544642.35
2026-07-31 10:00:00+00:00,0.1691,0.1703,0.1684,0.1699,2090996.83
2026-07-31 11:00:00+00:00,0.1699,0.171,0.1696,0.17,2915027.43
2026-07-31 12:00:00+00:00,0.17,0.17,0.1687,0.1694,1407343.49
2026-07-31 13:00:00+00:00,0.1694,0.1716,0.1686,0.1687,1764040.51
2026-07-31 14:00:00+00:00,0.1687,0.1689,0.1665,0.168,4109129.68
2026-07-31 15:00:00+00:00,0.168,0.1692,0.1674,0.1688,1572356.12
2026-07-31 16:00:00+00:00,0.1688,0.171,0.1684,0.1709,964566.55
2026-07-31 17:00:00+00:00,0.1709,0.1714,0.1697,0.1714,1178800.29
2026-07-31 18:00:00+00:00,0.1714,0.1727,0.1709,0.1722,2142807.75
2026-07-31 19:00:00+00:00,0.1722,0.1727,0.1701,0.1705,1238084.86
2026-07-31 20:00:00+00:00,0.1705,0.1707,0.1686,0.1687,1449543.33
2026-07-31 21:00:00+00:00,0.1687,0.1694,0.168,0.1682,407056.77
2026-07-31 22:00:00+00:00,0.1682,0.1687,0.1678,0.168,3822764.02
2026-07-31 23:00:00+00:00,0.168,0.1688,0.1678,0.1681,841984.43
2026-08-01 00:00:00+00:00,0.1681,0.1695,0.1681,0.169,502650.15
2026-08-01 01:00:00+00:00,0.169,0.1697,0.1687,0.1696,570680.65
2026-08-01 02:00:00+00:00,0.1696,0.1704,0.1696,0.1701,355780.2
2026-08-01 03:00:00+00:00,0.1701,0.1711,0.17,0.1711,525316.69
2026-08-01 04:00:00+00:00,0.1711,0.1713,0.1704,0.1712,740701.09
2026-08-01 05:00:00+00:00,0.1712,0.1713,0.1699,0.1705,457408.1
2026-08-01 06:00:00+00:00,0.1705,0.1706,0.1695,0.17,253624.34
2026-08-01 07:00:00+00:00,0.17,0.1723,0.17,0.1712,1352558.45
2026-08-01 08:00:00+00:00,0.1712,0.1736,0.1711,0.1726,1172010.21
2026-08-01 09:00:00+00:00,0.1726,0.1741,0.1718,0.1721,1663926.38
2026-08-01 10:00:00+00:00,0.1721,0.1728,0.1714,0.1725,688170.01
2026-08-01 11:00:00+00:00,0.1725,0.1735,0.1723,0.1733,1547676.0
2026-08-01 12:00:00+00:00,0.1733,0.175,0.1726,0.1744,1735660.62
2026-08-01 13:00:00+00:00,0.1744,0.1767,0.1742,0.175,2535248.94
2026-08-01 14:00:00+00:00,0.175,0.1753,0.1728,0.1733,895242.84
2026-08-01 15:00:00+00:00,0.1733,0.1733,0.1725,0.1727,336953.21
2026-08-01 16:00:00+00:00,0.1727,0.1747,0.1719,0.1742,1761026.97
2026-08-01 17:00:00+00:00,0.1742,0.1751,0.1727,0.1733,1638661.31
2026-08-01 18:00:00+00:00,0.1733,0.1739,0.1697,0.1715,3333653.1
2026-08-01 19:00:00+00:00,0.1715,0.1732,0.1715,0.1726,2602557.46
2026-08-01 20:00:00+00:00,0.1726,0.1736,0.1723,0.1733,798829.35
2026-08-01 21:00:00+00:00,0.1733,0.1744,0.1732,0.1744,1708546.5
2026-08-01 22:00:00+00:00,0.1744,0.1754,0.1733,0.1734,1470941.19
2026-08-01 23:00:00+00:00,0.1734,0.1746,0.1734,0.1744,1364675.41
2026-08-02 00:00:00+00:00,0.1744,0.1751,0.1729,0.1735,2349521.67
2026-08-02 01:00:00+00:00,0.1735,0.1774,0.1735,0.1763,4872357.85
2026-08-02 02:00:00+00:00,0.1763,0.1809,0.1762,0.1801,4830878.52
2026-08-02 03:00:00+00:00,0.1801,0.1808,0.1792,0.1801,2657985.22
2026-08-02 04:00:00+00:00,0.1801,0.1849,0.1799,0.1834,3822015.69
2026-08-02 05:00:00+00:00,0.1834,0.186,0.1818,0.1853,4156193.47
2026-08-02 06:00:00+00:00,0.1853,0.1878,0.1845,0.1869,4331111.76
2026-08-02 07:00:00+00:00,0.1869,0.1875,0.1847,0.1862,2645936.79
2026-08-02 08:00:00+00:00,0.1862,0.1872,0.1852,0.186,2988354.17
2026-08-02 09:00:00+00:00,0.186,0.1889,0.1854,0.1883,3294030.38
2026-08-02 10:00:00+00:00,0.1883,0.1893,0.1866,0.1867,2325569.44
2026-08-02 11:00:00+00:00,0.1867,0.1896,0.1863,0.1889,1935246.83
2026-08-02 12:00:00+00:00,0.1889,0.1908,0.1883,0.1894,2452431.17
2026-08-02 13:00:00+00:00,0.1894,0.1921,0.1866,0.1876,4629725.13
2026-08-02 14:00:00+00:00,0.1876,0.1907,0.1874,0.19,2426244.42
2026-08-02 15:00:00+00:00,0.19,0.1909,0.1889,0.1903,3010365.03
2026-08-02 16:00:00+00:00,0.1903,0.1915,0.1893,0.1896,3002052.72
2026-08-02 17:00:00+00:00,0.1896,0.1899,0.1888,0.1889,1082007.08
2026-08-02 18:00:00+00:00,0.1889,0.1902,0.1885,0.1892,1610733.43
2026-08-02 19:00:00+00:00,0.1892,0.1898,0.1885,0.1886,1033584.49
2026-08-02 20:00:00+00:00,0.1886,0.1892,0.1869,0.1875,1254925.9
2026-08-02 21:00:00+00:00,0.1875,0.1903,0.1875,0.1892,1411736.34
2026-08-02 22:00:00+00:00,0.1892,0.191,0.1892,0.1898,1493241.66
2026-08-02 23:00:00+00:00,0.1898,0.19,0.1884,0.1896,1542879.81
2026-08-03 00:00:00+00:00,0.1896,0.1898,0.1883,0.1884,906360.21
2026-08-03 01:00:00+00:00,0.1884,0.1884,0.1849,0.1858,2979178.72
2026-08-03 02:00:00+00:00,0.1858,0.1874,0.1851,0.1872,2477547.05
2026-08-03 03:00:00+00:00,0.1872,0.1873,0.1849,0.1855,2621370.48
2026-08-03 04:00:00+00:00,0.1855,0.187,0.1842,0.1842,2353179.33
2026-08-03 05:00:00+00:00,0.1842,0.1853,0.184,0.185,1499462.88
2026-08-03 06:00:00+00:00,0.185,0.1851,0.1836,0.1838,1605393.18
2026-08-03 07:00:00+00:00,0.1838,0.1845,0.1826,0.1828,1888097.47
2026-08-03 08:00:00+00:00,0.1828,0.1847,0.1817,0.184,3196975.31
2026-08-03 09:00:00+00:00,0.184,0.1874,0.1837,0.1869,2954463.11
2026-08-03 10:00:00+00:00,0.1869,0.1885,0.1862,0.1874,2519711.88
2026-08-03 11:00:00+00:00,0.1874,0.1881,0.186,0.1865,2068105.1
2026-08-03 12:00:00+00:00,0.1865,0.1898,0.1858,0.1891,2378039.27
2026-08-03 13:00:00+00:00,0.1891,0.1948,0.189,0.1946,4189583.92
2026-08-03 14:00:00+00:00,0.1946,0.1959,0.1895,0.1901,4705540.24
2026-08-03 15:00:00+00:00,0.1901,0.1964,0.1898,0.1961,4663128.55
2026-08-03 16:00:00+00:00,0.1961,0.1962,0.1922,0.1922,2848140.23
2026-08-03 17:00:00+00:00,0.1922,0.1927,0.1908,0.1916,4255519.1
2026-08-03 18:00:00+00:00,0.1916,0.1951,0.1916,0.1941,2742933.5
2026-08-03 19:00:00+00:00,0.1941,0.1954,0.1936,0.1938,1712012.03
2026-08-03 20:00:00+00:00,0.1938,0.1949,0.1934,0.1945,902409.72
2026-08-03 21:00:00+00:00,0.1945,0.1948,0.1929,0.194,1449989.43
2026-08-03 22:00:00+00:00,0.194,0.1957,0.1925,0.195,2320940.88
2026-08-03 23:00:00+00:00,0.195,0.1959,0.1934,0.1936,2086143.65
2026-08-04 00:00:00+00:00,0.1936,0.1942,0.1918,0.1921,1685036.88
2026-08-04 01:00:00+00:00,0.1921,0.1931,0.1912,0.1929,922101.42
2026-08-04 02:00:00+00:00,0.1929,0.1961,0.1915,0.1954,3587510.16
2026-08-04 03:00:00+00:00,0.1954,0.1974,0.1936,0.1969,3057436.56
2026-08-04 04:00:00+00:00,0.1969,0.1996,0.1948,0.1957,2848912.11
2026-08-04 05:00:00+00:00,0.1957,0.1962,0.1946,0.1957,823668.09
2026-08-04 06:00:00+00:00,0.1957,0.1973,0.1943,0.1954,1491239.79
2026-08-04 07:00:00+00:00,0.1954,0.1964,0.1936,0.1946,1874546.99
2026-08-04 08:00:00+00:00,0.1946,0.1954,0.1936,0.1948,916024.8
2026-08-04 09:00:00+00:00,0.1948,0.1972,0.1948,0.1965,1428280.33
2026-08-04 10:00:00+00:00,0.1965,0.1966,0.1938,0.1952,2064561.36
2026-08-04 11:00:00+00:00,0.1952,0.1954,0.1944,0.1944,630394.26
2026-08-04 12:00:00+00:00,0.1944,0.1952,0.1939,0.1949,1185652.85
2026-08-04 13:00:00+00:00,0.1949,0.1952,0.1917,0.192,2446328.36
2026-08-04 14:00:00+00:00,0.192,0.1933,0.1914,0.1928,1185569.96
2026-08-04 15:00:00+00:00,0.1928,0.1938,0.192,0.1932,1034490.6
2026-08-04 16:00:00+00:00,0.1932,0.1934,0.1918,0.1923,380458.02
2026-08-04 17:00:00+00:00,0.1923,0.1927,0.1912,0.1913,301649.48
2026-08-04 18:00:00+00:00,0.1913,0.1926,0.1912,0.1915,614754.53
2026-08-04 19:00:00+00:00,0.1915,0.1936,0.1914,0.1925,1289062.96
2026-08-04 20:00:00+00:00,0.1925,0.194,0.192,0.1933,1285972.42
2026-08-04 21:00:00+00:00,0.1933,0.1947,0.1925,0.1937,2567595.11
2026-08-04 22:00:00+00:00,0.1937,0.1943,0.1927,0.193,1132760.62
2026-08-04 23:00:00+00:00,0.193,0.1933,0.1919,0.193,657876.81
2026-08-05 00:00:00+00:00,0.193,0.1934,0.1911,0.1914,644967.38
2026-08-05 01:00:00+00:00,0.1914,0.1928,0.1912,0.1925,583884.57
2026-08-05 02:00:00+00:00,0.1925,0.193,0.1914,0.1925,646101.18
2026-08-05 03:00:00+00:00,0.1925,0.1928,0.1899,0.1907,2005055.41
2026-08-05 04:00:00+00:00,0.1907,0.1907,0.19,0.1903,811753.04
2026-08-05 05:00:00+00:00,0.1903,0.1917,0.1903,0.1904,600590.03
2026-08-05 06:00:00+00:00,0.1904,0.1911,0.1903,0.1909,520927.85
2026-08-05 07:00:00+00:00,0.1909,0.194,0.1909,0.1939,2804267.56
2026-08-05 08:00:00+00:00,0.1939,0.1949,0.1933,0.1941,2521797.68
2026-08-05 09:00:00+00:00,0.1941,0.1991,0.1939,0.1969,3848058.77
2026-08-05 10:00:00+00:00,0.1969,0.197,0.1942,0.1946,1530054.46
2026-08-05 11:00:00+00:00,0.1946,0.1963,0.1946,0.1951,1595114.14
2026-08-05 12:00:00+00:00,0.1951,0.1959,0.1933,0.1937,2112389.4
2026-08-05 13:00:00+00:00,0.1937,0.1942,0.1903,0.1921,2862812.35
2026-08-05 14:00:00+00:00,0.1921,0.1924,0.1904,0.1914,1562015.51
2026-08-05 15:00:00+00:00,0.1914,0.1921,0.1887,0.1891,1943462.11
2026-08-05 16:00:00+00:00,0.1891,0.1914,0.1891,0.1912,710344.42
2026-08-05 17:00:00+00:00,0.1912,0.1917,0.1902,0.191,994903.11
2026-08-05 18:00:00+00:00,0.191,0.191,0.1896,0.1903,1178532.95
2026-08-05 19:00:00+00:00,0.1903,0.1907,0.1891,0.1895,740731.16
2026-08-05 20:00:00+00:00,0.1895,0.1907,0.1888,0.1904,748561.1
2026-08-05 21:00:00+00:00,0.1904,0.1919,0.1901,0.1913,1823424.99
2026-08-05 22:00:00+00:00,0.1913,0.1924,0.1905,0.1914,628847.46
2026-08-05 23:00:00+00:00,0.1914,0.1928,0.1911,0.1911,616615.99
2026-08-06 00:00:00+00:00,0.1911,0.1919,0.1907,0.1916,628655.0
2026-08-06 01:00:00+00:00,0.1916,0.1924,0.1905,0.1909,573433.96
2026-08-06 02:00:00+00:00,0.1909,0.1916,0.19,0.1908,550044.04
2026-08-06 03:00:00+00:00,0.1908,0.1908,0.1868,0.1869,2264519.46
2026-08-06 04:00:00+00:00,0.1869,0.1885,0.186,0.1877,1333962.42
2026-08-06 05:00:00+00:00,0.1877,0.1888,0.1877,0.1883,418681.56
2026-08-06 06:00:00+00:00,0.1883,0.189,0.1878,0.1882,657837.15
2026-08-06 07:00:00+00:00,0.1882,0.1891,0.1881,0.1889,1334955.57
2026-08-06 08:00:00+00:00,0.1889,0.1896,0.1887,0.1894,363245.92
2026-08-06 09:00:00+00:00,0.1894,0.1894,0.1884,0.1893,727969.79
2026-08-06 10:00:00+00:00,0.1893,0.1908,0.1879,0.1892,2843225.6
2026-08-06 11:00:00+00:00,0.1892,0.1926,0.1887,0.1923,1711112.17
2026-08-06 12:00:00+00:00,0.1923,0.1926,0.1906,0.1906,555459.15
2026-08-06 13:00:00+00:00,0.1906,0.1947,0.1904,0.1941,2054297.02
2026-08-06 14:00:00+00:00,0.1941,0.2035,0.1938,0.2002,9710288.94
2026-08-06 15:00:00+00:00,0.2002,0.2112,0.2002,0.209,8319053.98
2026-08-06 16:00:00+00:00,0.209,0.2116,0.2039,0.2068,5234913.28
2026-08-06 17:00:00+00:00,0.2068,0.2075,0.2034,0.2047,2157479.5
2026-08-06 18:00:00+00:00,0.2047,0.2075,0.2039,0.2052,1805205.98
2026-08-06 19:00:00+00:00,0.2052,0.2052,0.2007,0.2023,3531320.27
2026-08-06 20:00:00+00:00,0.2023,0.2028,0.2015,0.2022,2003876.63
2026-08-06 21:00:00+00:00,0.2022,0.2049,0.202,0.2048,2122422.49
2026-08-06 22:00:00+00:00,0.2048,0.2056,0.2011,0.2013,827260.92
2026-08-06 23:00:00+00:00,0.2013,0.2014,0.1996,0.2012,1221508.66
2026-08-07 00:00:00+00:00,0.2012,0.2027,0.2006,0.2022,1390397.37
2026-08-07 01:00:00+00:00,0.2022,0.2029,0.1996,0.2003,551604.48
2026-08-07 02:00:00+00:00,0.2003,0.201,0.1989,0.2004,593906.52
2026-08-07 03:00:00+00:00,0.2004,0.201,0.1993,0.1994,746373.4
2026-08-07 04:00:00+00:00,0.1994,0.2002,0.1987,0.1999,660774.32
2026-08-07 05:00:00+00:00,0.1999,0.2019,0.1995,0.2018,722101.35
2026-08-07 06:00:00+00:00,0.2018,0.2039,0.2005,0.2017,2473404.74
2026-08-07 07:00:00+00:00,0.2017,0.2025,0.2012,0.2017,511943.6
2026-08-07 08:00:00+00:00,0.2017,0.2027,0.2006,0.2009,1085795.29
2026-08-07 09:00:00+00:00,0.2009,0.2018,0.1999,0.2018,939853.82
2026-08-07 10:00:00+00:00,0.2018,0.2027,0.2012,0.2025,1160338.41
2026-08-07 11:00:00+00:00,0.2025,0.2033,0.2013,0.2014,1331725.33
2026-08-07 12:00:00+00:00,0.2014,0.2029,0.1997,0.2012,2641681.99
2026-08-07 13:00:00+00:00,0.2012,0.2013,0.1988,0.1994,1578735.44
2026-08-07 14:00:00+00:00,0.1994,0.2001,0.1965,0.1971,2223304.69
2026-08-07 15:00:00+00:00,0.1971,0.2008,0.197,0.2008,1142416.5
2026-08-07 16:00:00+00:00,0.2008,0.2016,0.1992,0.1992,826908.16
2026-08-07 17:00:00+00:00,0.1992,0.1998,0.1976,0.1981,628406.75
2026-08-07 18:00:00+00:00,0.1981,0.2007,0.1979,0.2006,1836820.97
2026-08-07 19:00:00+00:00,0.2006,0.2024,0.2003,0.201,1083660.29
2026-08-07 20:00:00+00:00,0.201,0.2032,0.2008,0.2024,827137.72
2026-08-07 21:00:00+00:00,0.2024,0.2029,0.2008,0.201,642352.69
2026-08-07 22:00:00+00:00,0.201,0.202,0.2004,0.2007,269313.98
2026-08-07 23:00:00+00:00,0.2007,0.2018,0.2004,0.2009,242665.55
2026-08-08 00:00:00+00:00,0.2009,0.2009,0.1997,0.2004,213355.12
2026-08-08 01:00:00+00:00,0.2004,0.2012,0.1994,0.2008,349140.76
2026-08-08 02:00:00+00:00,0.2008,0.2015,0.1999,0.2005,207090.21
2026-08-08 03:00:00+00:00,0.2005,0.2023,0.2005,0.2011,258248.03
2026-08-08 04:00:00+00:00,0.2011,0.2015,0.2004,0.2008,256362.5
2026-08-08 05:00:00+00:00,0.2008,0.2013,0.2004,0.2007,209849.79
2026-08-08 06:00:00+00:00,0.2007,0.2007,0.1997,0.1999,319186.36
2026-08-08 07:00:00+00:00,0.1999,0.2002,0.199,0.2002,460013.24
2026-08-08 08:00:00+00:00,0.2002,0.2004,0.1994,0.2,557000.28
2026-08-08 09:00:00+00:00,0.2,0.2,0.1985,0.1991,911510.11
2026-08-08 10:00:00+00:00,0.1991,0.2001,0.1988,0.2,480936.43
2026-08-08 11:00:00+00:00,0.2,0.2005,0.1994,0.1994,583657.88
2026-08-08 12:00:00+00:00,0.1994,0.2003,0.1988,0.1991,872311.84
2026-08-08 13:00:00+00:00,0.1991,0.2001,0.199,0.2001,425878.95
2026-08-08 14:00:00+00:00,0.2001,0.2008,0.1994,0.2005,499405.65
2026-08-08 15:00:00+00:00,0.2005,0.2006,0.1996,0.1996,469701.09
2026-08-08 16:00:00+00:00,0.1996,0.201,0.1996,0.2004,565644.07
2026-08-08 17:00:00+00:00,0.2004,0.2004,0.1997,0.1997,361442.09
2026-08-08 18:00:00+00:00,0.1997,0.2008,0.1996,0.2007,476089.33
2026-08-08 19:00:00+00:00,0.2007,0.2008,0.2,0.2004,286931.53
2026-08-08 20:00:00+00:00,0.2004,0.2008,0.2,0.2005,222775.38
2026-08-08 21:00:00+00:00,0.2005,0.2007,0.1992,0.1995,244897.32
2026-08-08 22:00:00+00:00,0.1995,0.2001,0.1978,0.1989,1181433.99
2026-08-08 23:00:00+00:00,0.1989,0.1998,0.1987,0.1995,336749.61
2026-08-09 00:00:00+00:00,0.1995,0.1995,0.198,0.1988,626687.74
2026-08-09 01:00:00+00:00,0.1988,0.1998,0.1986,0.199,296640.09
2026-08-09 02:00:00+00:00,0.199,0.1996,0.1985,0.1987,331138.92
2026-08-09 03:00:00+00:00,0.1987,0.199,0.1981,0.1983,210510.98
2026-08-09 04:00:00+00:00,0.1983,0.199,0.1977,0.1979,199940.35
2026-08-09 05:00:00+00:00,0.1979,0.1983,0.1969,0.1982,436957.94
2026-08-09 06:00:00+00:00,0.1982,0.1993,0.1982,0.1986,240759.02
2026-08-09 07:00:00+00:00,0.1986,0.1998,0.1984,0.1987,843954.85
2026-08-09 08:00:00+00:00,0.1987,0.1991,0.1972,0.1978,834262.57
2026-08-09 09:00:00+00:00,0.1978,0.1981,0.1962,0.1963,741070.45
2026-08-09 10:00:00+00:00,0.1963,0.1969,0.1957,0.1962,843284.89
2026-08-09 11:00:00+00:00,0.1962,0.1972,0.1962,0.1966,391887.57
2026-08-09 12:00:00+00:00,0.1966,0.1966,0.1959,0.1963,319229.35
2026-08-09 13:00:00+00:00,0.1963,0.1978,0.1963,0.1975,806646.63
2026-08-09 14:00:00+00:00,0.1975,0.1982,0.1973,0.198,719380.56
2026-08-09 15:00:00+00:00,0.198,0.1981,0.1973,0.1975,630076.65
2026-08-09 16:00:00+00:00,0.1975,0.1981,0.1973,0.198,652523.6
2026-08-09 17:00:00+00:00,0.198,0.1988,0.1978,0.1982,362832.49
2026-08-09 18:00:00+00:00,0.1982,0.1985,0.1976,0.1981,196244.67
2026-08-09 19:00:00+00:00,0.1981,0.1984,0.1975,0.1977,73643.92
2026-08-09 20:00:00+00:00,0.1977,0.1983,0.1975,0.1983,492265.21
2026-08-09 21:00:00+00:00,0.1983,0.1994,0.1977,0.1983,447048.91
2026-08-09 22:00:00+00:00,0.1983,0.1995,0.1969,0.1973,429440.43
2026-08-09 23:00:00+00:00,0.1973,0.1975,0.1933,0.1945,2390779.5
2026-08-10 00:00:00+00:00,0.1945,0.1961,0.1937,0.1953,691047.62
2026-08-10 01:00:00+00:00,0.1953,0.198,0.1952,0.198,482358.95
2026-08-10 02:00:00+00:00,0.198,0.1981,0.1963,0.1977,342831.47
2026-08-10 03:00:00+00:00,0.1977,0.1978,0.1958,0.1959,209849.91
2026-08-10 04:00:00+00:00,0.1959,0.1971,0.1957,0.1965,187512.24
2026-08-10 05:00:00+00:00,0.1965,0.1983,0.1965,0.1975,501332.45
2026-08-10 06:00:00+00:00,0.1975,0.199,0.1975,0.1984,513496.77
2026-08-10 07:00:00+00:00,0.1984,0.1994,0.1976,0.1981,778653.61
2026-08-10 08:00:00+00:00,0.1981,0.1986,0.1964,0.1964,514871.44
2026-08-10 09:00:00+00:00,0.1964,0.1965,0.1949,0.195,428935.24
2026-08-10 10:00:00+00:00,0.195,0.1955,0.1947,0.1951,194431.18
2026-08-10 11:00:00+00:00,0.1951,0.1965,0.1948,0.1965,333001.07
2026-08-10 12:00:00+00:00,0.1965,0.1972,0.1958,0.1959,473076.02
2026-08-10 13:00:00+00:00,0.1959,0.1968,0.1954,0.1966,730847.3
2026-08-10 14:00:00+00:00,0.1966,0.1972,0.1958,0.1959,329590.58
2026-08-10 15:00:00+00:00,0.1959,0.1968,0.194,0.1952,924617.91
2026-08-10 16:00:00+00:00,0.1952,0.1963,0.1947,0.1961,1074016.77
2026-08-10 17:00:00+00:00,0.1961,0.1965,0.1947,0.1955,547484.96
2026-08-10 18:00:00+00:00,0.1955,0.1956,0.1926,0.1937,1008167.61
2026-08-10 19:00:00+00:00,0.1937,0.1951,0.1932,0.1938,428653.05
2026-08-10 20:00:00+00:00,0.1938,0.1945,0.193,0.1934,519931.44
2026-08-10 21:00:00+00:00,0.1934,0.1939,0.1916,0.1921,828916.04
2026-08-10 22:00:00+00:00,0.1921,0.1926,0.1914,0.1922,331024.3
2026-08-10 23:00:00+00:00,0.1922,0.1922,0.1908,0.1909,399135.11
2026-08-11 00:00:00+00:00,0.1909,0.1909,0.189,0.1903,1675861.74
2026-08-11 01:00:00+00:00,0.1903,0.1914,0.1902,0.1911,375272.05
2026-08-11 02:00:00+00:00,0.1911,0.1915,0.19,0.1905,478064.96
2026-08-11 03:00:00+00:00,0.1905,0.1906,0.19,0.1905,302696.35
2026-08-11 04:00:00+00:00,0.1905,0.1909,0.1895,0.1897,264986.83
2026-08-11 05:00:00+00:00,0.1897,0.1897,0.1871,0.1875,4658452.23
2026-08-11 06:00:00+00:00,0.1875,0.1888,0.1873,0.1887,734402.85
2026-08-11 07:00:00+00:00,0.1887,0.1893,0.1884,0.1886,1076143.05
2026-08-11 08:00:00+00:00,0.1886,0.189,0.1884,0.1889,705167.05
2026-08-11 09:00:00+00:00,0.1889,0.1892,0.1886,0.189,898454.49
2026-08-11 10:00:00+00:00,0.189,0.1891,0.1878,0.1882,1240826.0
2026-08-11 11:00:00+00:00,0.1882,0.1892,0.1881,0.1886,675191.95
2026-08-11 12:00:00+00:00,0.1886,0.1886,0.1866,0.1869,2601795.59
2026-08-11 13:00:00+00:00,0.1869,0.1877,0.1863,0.1867,1408007.62
2026-08-11 14:00:00+00:00,0.1867,0.1873,0.1843,0.1849,4460762.73
2026-08-11 15:00:00+00:00,0.1849,0.1853,0.1837,0.1851,1625300.79
2026-08-11 16:00:00+00:00,0.1851,0.1866,0.1849,0.1855,1028141.57
2026-08-11 17:00:00+00:00,0.1855,0.1859,0.1851,0.1853,1679186.75
2026-08-11 18:00:00+00:00,0.1853,0.1859,0.1853,0.1855,649533.95
2026-08-11 19:00:00+00:00,0.1855,0.1859,0.1844,0.1858,1615583.42
2026-08-11 20:00:00+00:00,0.1858,0.1865,0.1852,0.1852,718009.75
2026-08-11 21:00:00+00:00,0.1852,0.1875,0.1846,0.1867,1915573.29
2026-08-11 22:00:00+00:00,0.1867,0.1873,0.1865,0.1867,292093.81
2026-08-11 23:00:00+00:00,0.1867,0.1874,0.1858,0.1872,779808.82
2026-08-12 00:00:00+00:00,0.1872,0.1872,0.1858,0.1861,857616.16
2026-08-12 01:00:00+00:00,0.1861,0.1871,0.186,0.187,335194.72
2026-08-12 02:00:00+00:00,0.187,0.1884,0.187,0.1879,953146.58
2026-08-12 03:00:00+00:00,0.1879,0.1883,0.1874,0.1876,206624.9
2026-08-12 04:00:00+00:00,0.1876,0.188,0.187,0.1871,296581.67
2026-08-12 05:00:00+00:00,0.1871,0.1876,0.1866,0.1866,168749.56
2026-08-12 06:00:00+00:00,0.1866,0.1868,0.1853,0.1855,890135.1
2026-08-12 07:00:00+00:00,0.1855,0.1859,0.185,0.1853,229921.11
2026-08-12 08:00:00+00:00,0.1853,0.1858,0.1851,0.1856,606806.84
2026-08-12 09:00:00+00:00,0.1856,0.1875,0.1853,0.1872,891340.29
2026-08-12 10:00:00+00:00,0.1872,0.1877,0.1867,0.1869,649230.35
2026-08-12 11:00:00+00:00,0.1869,0.1872,0.1857,0.1857,656050.61
2026-08-12 12:00:00+00:00,0.1857,0.1866,0.1832,0.1845,3802773.26
2026-08-12 13:00:00+00:00,0.1845,0.1846,0.1828,0.1835,1660381.56
2026-08-12 14:00:00+00:00,0.1835,0.1838,0.1821,0.1822,2610302.93
2026-08-12 15:00:00+00:00,0.1822,0.1837,0.1819,0.182,718537.66
2026-08-12 16:00:00+00:00,0.182,0.1824,0.1816,0.1823,439646.12
2026-08-12 17:00:00+00:00,0.1823,0.1836,0.1822,0.1833,601655.19
2026-08-12 18:00:00+00:00,0.1833,0.1838,0.1829,0.1834,745323.82
2026-08-12 19:00:00+00:00,0.1834,0.1837,0.1831,0.1834,368007.23
2026-08-12 20:00:00+00:00,0.1834,0.1836,0.1827,0.1828,298865.18
2026-08-12 21:00:00+00:00,0.1828,0.183,0.1806,0.181,1258707.99
2026-08-12 22:00:00+00:00,0.181,0.1823,0.1807,0.182,489543.88
2026-08-12 23:00:00+00:00,0.182,0.1828,0.1817,0.1826,473743.89
2026-08-13 00:00:00+00:00,0.1826,0.1835,0.1819,0.1819,536329.53
2026-08-13 01:00:00+00:00,0.1819,0.1823,0.1813,0.1816,309916.32
2026-08-13 02:00:00+00:00,0.1816,0.1831,0.1814,0.1831,346241.22
2026-08-13 03:00:00+00:00,0.1831,0.1843,0.1829,0.1839,739139.1
2026-08-13 04:00:00+00:00,0.1839,0.1845,0.1833,0.1834,301269.44
2026-08-13 05:00:00+00:00,0.1834,0.1853,0.1831,0.1845,466749.13
2026-08-13 06:00:00+00:00,0.1845,0.1851,0.1841,0.1843,544049.56
2026-08-13 07:00:00+00:00,0.1843,0.1858,0.184,0.1856,502674.9
2026-08-13 08:00:00+00:00,0.1856,0.1866,0.185,0.1865,980964.63
2026-08-13 09:00:00+00:00,0.1865,0.1866,0.1852,0.1855,559355.82
2026-08-13 10:00:00+00:00,0.1855,0.1855,0.1846,0.1848,336432.49
2026-08-13 11:00:00+00:00,0.1848,0.1849,0.1831,0.1833,707996.37
2026-08-13 12:00:00+00:00,0.1833,0.1838,0.183,0.1835,408058.94
2026-08-13 13:00:00+00:00,0.1835,0.1847,0.1829,0.1844,649816.48
2026-08-13 14:00:00+00:00,0.1844,0.1853,0.1841,0.1848,412874.8
2026-08-13 15:00:00+00:00,0.1848,0.1851,0.1826,0.1827,675311.77
2026-08-13 16:00:00+00:00,0.1827,0.1829,0.1804,0.1816,1052288.69
2026-08-13 17:00:00+00:00,0.1816,0.1821,0.1812,0.1818,327188.49
2026-08-13 18:00:00+00:00,0.1818,0.1822,0.181,0.1816,1287251.82
2026-08-13 19:00:00+00:00,0.1816,0.1822,0.1813,0.1815,347299.65
2026-08-13 20:00:00+00:00,0.1815,0.1823,0.1813,0.1821,1021025.73
2026-08-13 21:00:00+00:00,0.1821,0.1824,0.1817,0.1818,299564.89
2026-08-13 22:00:00+00:00,0.1818,0.1828,0.1818,0.1823,389415.95
2026-08-13 23:00:00+00:00,0.1823,0.1825,0.182,0.1824,352939.31
2026-08-14 00:00:00+00:00,0.1824,0.1832,0.1823,0.1832,378932.01
2026-08-14 01:00:00+00:00,0.1832,0.1834,0.1827,0.1828,301330.31
2026-08-14 02:00:00+00:00,0.1828,0.1831,0.1819,0.182,205216.52
2026-08-14 03:00:00+00:00,0.182,0.183,0.1818,0.1823,110718.26
2026-08-14 04:00:00+00:00,0.1823,0.1831,0.1823,0.1824,288423.21
2026-08-14 05:00:00+00:00,0.1824,0.183,0.1814,0.1829,284395.61
2026-08-14 06:00:00+00:00,0.1829,0.1829,0.1816,0.1817,544417.16
2026-08-14 07:00:00+00:00,0.1817,0.1823,0.1814,0.1818,227376.09
2026-08-14 08:00:00+00:00,0.1818,0.1827,0.1816,0.1825,255679.51
2026-08-14 09:00:00+00:00,0.1825,0.1837,0.1817,0.182,624028.36
2026-08-14 10:00:00+00:00,0.182,0.1831,0.179,0.1793,1743467.75
2026-08-14 11:00:00+00:00,0.1793,0.1803,0.1792,0.1801,394935.57
2026-08-14 12:00:00+00:00,0.1801,0.1804,0.1792,0.1794,866420.17
2026-08-14 13:00:00+00:00,0.1794,0.1799,0.1787,0.1798,757243.31
2026-08-14 14:00:00+00:00,0.1798,0.1798,0.1781,0.1784,1510312.72
2026-08-14 15:00:00+00:00,0.1784,0.1802,0.1781,0.18,667657.22
2026-08-14 16:00:00+00:00,0.18,0.1807,0.1798,0.18,328253.5
2026-08-14 17:00:00+00:00,0.18,0.181,0.1797,0.1799,279529.62
2026-08-14 18:00:00+00:00,0.1799,0.18,0.1785,0.1793,2544973.84
2026-08-14 19:00:00+00:00,0.1793,0.1799,0.1787,0.1798,1554311.92
2026-08-14 20:00:00+00:00,0.1798,0.1803,0.1793,0.1795,330640.92
2026-08-14 21:00:00+00:00,0.1795,0.1796,0.1784,0.1789,298627.38
2026-08-14 22:00:00+00:00,0.1789,0.1793,0.1784,0.179,598875.48
2026-08-14 23:00:00+00:00,0.179,0.1802,0.179,0.1802,124318.49
2026-08-15 00:00:00+00:00,0.1802,0.1804,0.1798,0.1802,320460.42
2026-08-15 01:00:00+00:00,0.1802,0.1803,0.1797,0.1798,322290.69
2026-08-15 02:00:00+00:00,0.1798,0.1816,0.1798,0.1815,1004529.01
2026-08-15 03:00:00+00:00,0.1815,0.1819,0.1801,0.1805,531617.99
2026-08-15 04:00:00+00:00,0.1805,0.1815,0.1805,0.1806,311354.9
2026-08-15 05:00:00+00:00,0.1806,0.1807,0.1796,0.1798,306800.11
2026-08-15 06:00:00+00:00,0.1798,0.1803,0.1794,0.1799,437201.04
2026-08-15 07:00:00+00:00,0.1799,0.1799,0.179,0.1791,396193.1
2026-08-15 08:00:00+00:00,0.1791,0.1793,0.1785,0.1787,496886.1
2026-08-15 09:00:00+00:00,0.1787,0.1795,0.1786,0.1795,255791.71
2026-08-15 10:00:00+00:00,0.1795,0.1796,0.1787,0.1791,258207.36
2026-08-15 11:00:00+00:00,0.1791,0.1791,0.1784,0.1787,249197.39
2026-08-15 12:00:00+00:00,0.1787,0.1792,0.1782,0.1792,1096836.71
2026-08-15 13:00:00+00:00,0.1792,0.1793,0.1786,0.1792,314202.93
2026-08-15 14:00:00+00:00,0.1792,0.1792,0.1782,0.1787,285977.21
2026-08-15 15:00:00+00:00,0.1787,0.1792,0.1782,0.1789,318505.37
2026-08-15 16:00:00+00:00,0.1789,0.179,0.1782,0.1784,234397.3
2026-08-15 17:00:00+00:00,0.1784,0.1784,0.177,0.1776,760075.84
2026-08-15 18:00:00+00:00,0.1776,0.1778,0.177,0.1774,746710.81
2026-08-15 19:00:00+00:00,0.1774,0.178,0.1773,0.178,101736.07
2026-08-15 20:00:00+00:00,0.178,0.1782,0.1777,0.178,320610.28
2026-08-15 21:00:00+00:00,0.178,0.1781,0.1777,0.1778,438021.4
2026-08-15 22:00:00+00:00,0.1778,0.1779,0.1772,0.1775,306050.04
2026-08-15 23:00:00+00:00,0.1775,0.1775,0.1758,0.1764,1327690.33
2026-08-16 00:00:00+00:00,0.1764,0.1771,0.1762,0.177,364706.31
2026-08-16 01:00:00+00:00,0.177,0.1771,0.1764,0.1764,277622.89
2026-08-16 02:00:00+00:00,0.1764,0.1771,0.1761,0.1766,248010.16
2026-08-16 03:00:00+00:00,0.1766,0.1774,0.1766,0.1771,274995.96
2026-08-16 04:00:00+00:00,0.1771,0.1772,0.1767,0.177,307347.78
2026-08-16 05:00:00+00:00,0.177,0.1772,0.1766,0.177,210334.89
2026-08-16 06:00:00+00:00,0.177,0.1772,0.1765,0.1769,221405.9
2026-08-16 07:00:00+00:00,0.1769,0.1777,0.1766,0.1777,177077.59
2026-08-16 08:00:00+00:00,0.1777,0.1784,0.1776,0.1779,345986.52
2026-08-16 09:00:00+00:00,0.1779,0.1779,0.177,0.1772,216129.02
2026-08-16 10:00:00+00:00,0.1772,0.1772,0.1755,0.1767,1237379.97
2026-08-16 11:00:00+00:00,0.1767,0.1772,0.1766,0.1771,175568.79
2026-08-16 12:00:00+00:00,0.1771,0.1773,0.1762,0.1762,333401.44
2026-08-16 13:00:00+00:00,0.1762,0.1765,0.1759,0.1761,658665.94
2026-08-16 14:00:00+00:00,0.1761,0.1767,0.176,0.1763,159679.84
2026-08-16 15:00:00+00:00,0.1763,0.1771,0.1759,0.1768,357573.7
2026-08-16 16:00:00+00:00,0.1768,0.1773,0.1762,0.1763,274533.38
2026-08-16 17:00:00+00:00,0.1763,0.1767,0.1763,0.1763,162461.2
2026-08-16 18:00:00+00:00,0.1763,0.1764,0.175,0.1757,1432159.22
2026-08-16 19:00:00+00:00,0.1757,0.1792,0.1757,0.1782,3163896.45
2026-08-16 20:00:00+00:00,0.1782,0.1792,0.177,0.177,967271.14
2026-08-16 21:00:00+00:00,0.177,0.1771,0.175,0.1759,770863.8
2026-08-16 22:00:00+00:00,0.1759,0.1766,0.1746,0.1754,1225686.63
2026-08-16 23:00:00+00:00,0.1754,0.1757,0.1748,0.1749,516445.07
2026-08-17 00:00:00+00:00,0.1749,0.1759,0.1738,0.1759,1115261.27
2026-08-17 01:00:00+00:00,0.1759,0.1769,0.1758,0.1759,827766.33
2026-08-17 02:00:00+00:00,0.1759,0.1772,0.1751,0.177,577275.2
2026-08-17 03:00:00+00:00,0.177,0.1773,0.1768,0.1771,400513.98
2026-08-17 04:00:00+00:00,0.1771,0.1775,0.1769,0.1772,272298.35
2026-08-17 05:00:00+00:00,0.1772,0.1779,0.1765,0.1765,391905.35
2026-08-17 06:00:00+00:00,0.1765,0.1778,0.1765,0.1774,884230.2
2026-08-17 07:00:00+00:00,0.1774,0.1774,0.1758,0.1762,523158.85
2026-08-17 08:00:00+00:00,0.1762,0.1762,0.175,0.1751,665076.75
2026-08-17 09:00:00+00:00,0.1751,0.1753,0.1742,0.1744,581543.06
2026-08-17 10:00:00+00:00,0.1744,0.1748,0.1726,0.1748,1269775.42
2026-08-17 11:00:00+00:00,0.1748,0.1758,0.1746,0.1749,868971.29
2026-08-17 12:00:00+00:00,0.1749,0.1749,0.1734,0.1735,682596.36
2026-08-17 13:00:00+00:00,0.1735,0.1751,0.173,0.1743,981703.37
2026-08-17 14:00:00+00:00,0.1743,0.1749,0.1733,0.1749,395651.88
2026-08-17 15:00:00+00:00,0.1749,0.1755,0.1739,0.1753,978750.4
2026-08-17 16:00:00+00:00,0.1753,0.1757,0.1743,0.1743,692804.34
2026-08-17 17:00:00+00:00,0.1743,0.1754,0.1737,0.1745,464804.71
2026-08-17 18:00:00+00:00,0.1745,0.1753,0.174,0.1741,397075.96
2026-08-17 19:00:00+00:00,0.1741,0.1744,0.1736,0.1737,404337.05
2026-08-17 20:00:00+00:00,0.1737,0.1748,0.1734,0.1742,490113.73
2026-08-17 21:00:00+00:00,0.1742,0.1745,0.1738,0.1739,209317.13
2026-08-17 22:00:00+00:00,0.1739,0.1742,0.1732,0.1735,394313.01
2026-08-17 23:00:00+00:00,0.1735,0.1746,0.1735,0.1742,600278.87
2026-08-18 00:00:00+00:00,0.1742,0.1749,0.1739,0.1745,477936.91
2026-08-18 01:00:00+00:00,0.1745,0.1749,0.173,0.1733,382037.36
2026-08-18 02:00:00+00:00,0.1733,0.1734,0.1712,0.1719,1322946.09
2026-08-18 03:00:00+00:00,0.1719,0.1726,0.1717,0.1724,501367.74
2026-08-18 04:00:00+00:00,0.1724,0.1746,0.1723,0.1739,718393.3
2026-08-18 05:00:00+00:00,0.1739,0.1742,0.1728,0.1731,436010.72
2026-08-18 06:00:00+00:00,0.1731,0.1741,0.1728,0.1734,431683.22
2026-08-18 07:00:00+00:00,0.1734,0.1738,0.1731,0.1735,300378.56
2026-08-18 08:00:00+00:00,0.1735,0.1735,0.1725,0.173,755617.77
2026-08-18 09:00:00+00:00,0.173,0.1733,0.1726,0.1732,278022.64
2026-08-18 10:00:00+00:00,0.1732,0.1737,0.1732,0.1734,564863.15
2026-08-18 11:00:00+00:00,0.1734,0.1741,0.1731,0.1738,429235.84
2026-08-18 12:00:00+00:00,0.1738,0.1746,0.1733,0.1741,911103.44
2026-08-18 13:00:00+00:00,0.1741,0.1752,0.1738,0.1745,550899.01
2026-08-18 14:00:00+00:00,0.1745,0.1771,0.1738,0.1756,2790826.48
2026-08-18 15:00:00+00:00,0.1756,0.176,0.175,0.1756,444135.56
2026-08-18 16:00:00+00:00,0.1756,0.1759,0.1746,0.1748,771023.64
2026-08-18 17:00:00+00:00,0.1748,0.1748,0.1741,0.1744,296737.33
