ts,open,high,low,close,volume
2026-02-19 18:00:00+00:00,599.0,606.6,598.4,606.0,572.16662
2026-02-19 19:00:00+00:00,606.0,607.0,602.0,604.6,195.67708
2026-02-19 20:00:00+00:00,604.6,607.7,603.1,607.3,460.01102
2026-02-19 21:00:00+00:00,607.3,609.2,606.7,607.7,171.28685
2026-02-19 22:00:00+00:00,607.7,607.9,605.0,606.6,131.6989
2026-02-19 23:00:00+00:00,606.6,608.0,605.8,607.8,112.74123
2026-02-20 00:00:00+00:00,607.8,610.4,607.1,608.6,199.4726
2026-02-20 01:00:00+00:00,608.6,608.8,606.6,607.4,298.45655
2026-02-20 02:00:00+00:00,607.4,608.4,606.3,607.0,84.8404
2026-02-20 03:00:00+00:00,607.0,608.7,606.3,608.0,133.6445
2026-02-20 04:00:00+00:00,608.0,609.3,605.2,608.8,222.54003
2026-02-20 05:00:00+00:00,608.8,613.9,608.2,612.0,434.82931
2026-02-20 06:00:00+00:00,612.0,612.9,610.3,612.0,399.21468
2026-02-20 07:00:00+00:00,612.0,612.9,611.1,612.3,201.6683
2026-02-20 08:00:00+00:00,612.3,613.5,610.9,611.9,261.5904
2026-02-20 09:00:00+00:00,611.9,614.4,611.8,613.3,573.97923
2026-02-20 10:00:00+00:00,613.3,615.4,612.2,612.5,389.6644
2026-02-20 11:00:00+00:00,612.5,612.5,608.0,608.5,585.17715
2026-02-20 12:00:00+00:00,608.5,610.6,608.4,609.5,585.6963
2026-02-20 13:00:00+00:00,609.5,609.6,601.2,604.4,872.91417
2026-02-20 14:00:00+00:00,604.4,611.0,603.9,609.4,558.61399
2026-02-20 15:00:00+00:00,609.4,618.3,609.2,616.9,1420.81432
2026-02-20 16:00:00+00:00,616.9,620.8,616.6,620.1,1165.28534
2026-02-20 17:00:00+00:00,620.1,623.9,616.1,623.5,1856.42706
2026-02-20 18:00:00+00:00,623.5,627.6,622.1,627.3,1548.45954
2026-02-20 19:00:00+00:00,627.3,628.5,624.9,626.4,768.99399
2026-02-20 20:00:00+00:00,626.4,629.5,625.7,629.0,1111.8766
2026-02-20 21:00:00+00:00,629.0,630.0,627.0,627.1,517.57873
2026-02-20 22:00:00+00:00,627.1,627.8,625.0,627.2,544.771
2026-02-20 23:00:00+00:00,627.2,627.7,625.0,626.2,228.973
2026-02-21 00:00:00+00:00,626.2,628.7,624.3,624.8,790.0836
2026-02-21 01:00:00+00:00,624.8,628.7,624.8,628.1,598.12263
2026-02-21 02:00:00+00:00,628.1,628.8,627.2,627.9,323.4291
2026-02-21 03:00:00+00:00,627.9,627.9,624.9,625.4,342.9484
2026-02-21 04:00:00+00:00,625.4,627.4,624.9,627.3,153.869
2026-02-21 05:00:00+00:00,627.3,628.3,627.1,627.4,312.4441
2026-02-21 06:00:00+00:00,627.4,627.6,625.5,625.9,215.3441
2026-02-21 07:00:00+00:00,625.9,628.2,625.4,626.1,636.4252
2026-02-21 08:00:00+00:00,626.1,628.5,625.9,628.1,356.9587
2026-02-21 09:00:00+00:00,628.1,631.0,627.9,629.0,710.36571
2026-02-21 10:00:00+00:00,629.0,630.3,628.8,629.8,221.3974
2026-02-21 11:00:00+00:00,629.8,631.6,629.7,630.2,252.68733
2026-02-21 12:00:00+00:00,630.2,631.1,628.9,630.9,406.3397
2026-02-21 13:00:00+00:00,630.9,634.1,630.4,633.8,431.47632
2026-02-21 14:00:00+00:00,633.8,635.0,632.3,632.8,635.7514
2026-02-21 15:00:00+00:00,632.8,633.5,627.7,627.8,598.69143
2026-02-21 16:00:00+00:00,627.8,628.3,624.3,626.0,449.88424
2026-02-21 17:00:00+00:00,626.0,628.3,625.4,627.5,183.3221
2026-02-21 18:00:00+00:00,627.5,629.7,627.2,628.9,230.19083
2026-02-21 19:00:00+00:00,628.9,628.9,626.8,627.0,123.9049
2026-02-21 20:00:00+00:00,627.0,627.6,625.0,625.3,278.34425
2026-02-21 21:00:00+00:00,625.3,626.7,624.5,626.7,218.4073
2026-02-21 22:00:00+00:00,626.7,627.4,625.4,625.9,369.3645
2026-02-21 23:00:00+00:00,625.9,626.7,624.6,625.9,438.3736
2026-02-22 00:00:00+00:00,625.9,626.3,623.0,624.6,520.67665
2026-02-22 01:00:00+00:00,624.6,626.9,624.5,626.5,176.431
2026-02-22 02:00:00+00:00,626.5,627.1,623.5,623.7,246.56835
2026-02-22 03:00:00+00:00,623.7,624.6,620.8,621.5,398.11463
2026-02-22 04:00:00+00:00,621.5,622.3,620.7,621.1,82.9868
2026-02-22 05:00:00+00:00,621.1,621.4,618.9,619.7,151.25546
2026-02-22 06:00:00+00:00,619.7,622.2,619.5,621.9,205.5464
2026-02-22 07:00:00+00:00,621.9,623.8,621.3,622.6,329.5492
2026-02-22 08:00:00+00:00,622.6,623.2,621.1,621.8,261.4791
2026-02-22 09:00:00+00:00,621.8,624.4,621.7,624.0,101.3646
2026-02-22 10:00:00+00:00,624.0,625.0,623.5,623.7,259.19333
2026-02-22 11:00:00+00:00,623.7,625.2,623.5,624.9,384.3897
2026-02-22 12:00:00+00:00,624.9,624.9,620.6,620.9,380.71005
2026-02-22 13:00:00+00:00,620.9,622.2,618.0,619.6,509.7178
2026-02-22 14:00:00+00:00,619.6,620.2,616.9,618.1,317.42013
2026-02-22 15:00:00+00:00,618.1,618.3,613.5,616.0,377.59611
2026-02-22 16:00:00+00:00,616.0,616.4,612.4,613.9,415.65139
2026-02-22 17:00:00+00:00,613.9,614.0,610.1,611.0,449.84678
2026-02-22 18:00:00+00:00,611.0,612.9,610.7,611.4,604.6622
2026-02-22 19:00:00+00:00,611.4,612.6,610.5,612.5,143.1988
2026-02-22 20:00:00+00:00,612.5,612.5,610.9,611.2,107.3586
2026-02-22 21:00:00+00:00,611.2,614.4,611.2,614.0,145.39533
2026-02-22 22:00:00+00:00,614.0,616.3,613.6,615.8,690.7425
2026-02-22 23:00:00+00:00,615.8,616.0,613.6,614.9,264.23445
2026-02-23 00:00:00+00:00,614.9,616.1,606.1,606.2,453.32097
2026-02-23 01:00:00+00:00,606.2,606.4,582.8,586.1,11694.87385
2026-02-23 02:00:00+00:00,586.1,589.3,584.2,587.0,5103.54053
2026-02-23 03:00:00+00:00,587.0,590.8,585.7,589.8,1057.27355
2026-02-23 04:00:00+00:00,589.8,590.3,585.9,587.0,875.6688
2026-02-23 05:00:00+00:00,587.0,595.6,587.0,593.7,1801.32816
2026-02-23 06:00:00+00:00,593.7,599.8,593.5,598.7,573.9282
2026-02-23 07:00:00+00:00,598.7,599.8,596.4,599.1,588.24693
2026-02-23 08:00:00+00:00,599.1,599.3,596.6,599.3,525.13718
2026-02-23 09:00:00+00:00,599.3,610.5,599.3,609.0,876.76951
2026-02-23 10:00:00+00:00,609.0,610.3,606.5,607.4,255.86335
2026-02-23 11:00:00+00:00,607.4,609.0,605.9,606.4,331.6829
2026-02-23 12:00:00+00:00,606.4,612.4,604.7,610.6,1157.6552
2026-02-23 13:00:00+00:00,610.6,612.2,608.4,610.3,1169.60203
2026-02-23 14:00:00+00:00,610.3,611.4,606.3,608.6,1076.74684
2026-02-23 15:00:00+00:00,608.6,610.5,604.5,604.9,1074.10138
2026-02-23 16:00:00+00:00,604.9,606.3,601.2,602.5,753.55714
2026-02-23 17:00:00+00:00,602.5,603.7,591.5,597.3,885.0329
2026-02-23 18:00:00+00:00,597.3,601.2,595.5,597.6,348.40028
2026-02-23 19:00:00+00:00,597.6,598.3,591.5,592.1,412.74323
2026-02-23 20:00:00+00:00,592.1,595.5,590.2,595.1,393.15323
2026-02-23 21:00:00+00:00,595.1,597.5,594.9,596.0,455.14818
2026-02-23 22:00:00+00:00,596.0,598.7,595.7,596.8,389.27312
2026-02-23 23:00:00+00:00,596.8,598.3,595.3,596.4,205.4203
2026-02-24 00:00:00+00:00,596.4,602.9,596.0,602.3,341.69662
2026-02-24 01:00:00+00:00,602.3,602.4,589.7,598.0,1210.4737
2026-02-24 02:00:00+00:00,598.0,601.6,597.0,598.3,274.86174
2026-02-24 03:00:00+00:00,598.3,598.3,591.3,593.2,675.90646
2026-02-24 04:00:00+00:00,593.2,593.8,589.1,592.1,855.43857
2026-02-24 05:00:00+00:00,592.1,594.1,588.5,590.6,778.05921
2026-02-24 06:00:00+00:00,590.6,591.3,586.5,587.0,365.10018
2026-02-24 07:00:00+00:00,587.0,590.2,586.1,589.4,597.4266
2026-02-24 08:00:00+00:00,589.4,592.7,588.3,592.1,335.20752
2026-02-24 09:00:00+00:00,592.1,592.6,586.7,589.1,554.68331
2026-02-24 10:00:00+00:00,589.1,589.5,587.3,588.7,288.7134
2026-02-24 11:00:00+00:00,588.7,589.0,585.7,587.0,580.8057
2026-02-24 12:00:00+00:00,587.0,588.1,585.4,585.9,721.55853
2026-02-24 13:00:00+00:00,585.9,586.6,579.2,582.6,2566.36569
2026-02-24 14:00:00+00:00,582.6,585.6,577.0,581.8,1930.32868
2026-02-24 15:00:00+00:00,581.8,587.0,580.5,585.9,650.63608
2026-02-24 16:00:00+00:00,585.9,589.5,583.7,587.7,869.29917
2026-02-24 17:00:00+00:00,587.7,589.5,585.8,586.6,911.13238
2026-02-24 18:00:00+00:00,586.6,589.4,584.6,588.1,597.8885
2026-02-24 19:00:00+00:00,588.1,590.0,586.4,588.4,274.6855
2026-02-24 20:00:00+00:00,588.4,590.2,587.8,588.3,254.04652
2026-02-24 21:00:00+00:00,588.3,588.3,583.3,584.4,484.05293
2026-02-24 22:00:00+00:00,584.4,586.5,583.7,585.5,503.01003
2026-02-24 23:00:00+00:00,585.5,585.6,582.4,583.5,662.21765
2026-02-25 00:00:00+00:00,583.5,585.1,581.5,584.2,355.73958
2026-02-25 01:00:00+00:00,584.2,600.3,583.6,597.5,3401.38975
2026-02-25 02:00:00+00:00,597.5,602.0,597.4,598.1,1314.63908
2026-02-25 03:00:00+00:00,598.1,598.8,593.0,593.9,949.99446
2026-02-25 04:00:00+00:00,593.9,596.4,591.0,595.3,1022.53382
2026-02-25 05:00:00+00:00,595.3,595.7,589.8,592.1,878.19664
2026-02-25 06:00:00+00:00,592.1,595.5,592.1,593.6,412.15071
2026-02-25 07:00:00+00:00,593.6,596.7,593.1,596.2,400.33077
2026-02-25 08:00:00+00:00,596.2,600.8,595.9,600.5,519.07772
2026-02-25 09:00:00+00:00,600.5,603.5,600.3,603.3,797.25403
2026-02-25 10:00:00+00:00,603.3,604.0,600.7,602.9,559.34534
2026-02-25 11:00:00+00:00,602.9,605.7,602.1,605.1,722.20585
2026-02-25 12:00:00+00:00,605.1,612.5,604.7,611.2,852.78125
2026-02-25 13:00:00+00:00,611.2,616.5,611.2,614.3,878.52792
2026-02-25 14:00:00+00:00,614.3,619.1,613.4,619.0,1406.60162
2026-02-25 15:00:00+00:00,619.0,623.2,616.1,621.6,1802.4764
2026-02-25 16:00:00+00:00,621.6,626.0,621.1,625.7,1905.24462
2026-02-25 17:00:00+00:00,625.7,629.8,625.2,629.3,1225.12843
2026-02-25 18:00:00+00:00,629.3,634.4,626.7,632.9,1131.59962
2026-02-25 19:00:00+00:00,632.9,633.4,628.6,632.4,1439.00858
2026-02-25 20:00:00+00:00,632.4,633.3,630.2,632.0,1270.30196
2026-02-25 21:00:00+00:00,632.0,640.9,629.8,635.0,2326.96092
2026-02-25 22:00:00+00:00,635.0,637.4,628.2,632.2,1360.25361
2026-02-25 23:00:00+00:00,632.2,635.6,624.7,629.6,2167.75803
2026-02-26 00:00:00+00:00,629.6,634.0,627.7,630.4,1316.48397
2026-02-26 01:00:00+00:00,630.4,632.7,627.2,627.8,1108.87425
2026-02-26 02:00:00+00:00,627.8,628.9,625.5,628.3,774.99938
2026-02-26 03:00:00+00:00,628.3,628.9,626.6,628.1,528.28245
2026-02-26 04:00:00+00:00,628.1,632.6,627.7,630.7,498.23949
2026-02-26 05:00:00+00:00,630.7,630.8,626.4,628.6,235.28538
2026-02-26 06:00:00+00:00,628.6,629.8,626.0,626.8,584.86165
2026-02-26 07:00:00+00:00,626.8,628.7,625.5,625.8,1168.9539
2026-02-26 08:00:00+00:00,625.8,629.2,625.7,626.4,995.58458
2026-02-26 09:00:00+00:00,626.4,630.4,626.0,629.6,519.12213
2026-02-26 10:00:00+00:00,629.6,630.3,625.2,626.2,439.07903
2026-02-26 11:00:00+00:00,626.2,627.1,623.0,623.2,347.79523
2026-02-26 12:00:00+00:00,623.2,626.9,623.0,626.8,236.66183
2026-02-26 13:00:00+00:00,626.8,628.2,625.3,626.7,260.64816
2026-02-26 14:00:00+00:00,626.7,628.6,621.2,625.6,1015.61025
2026-02-26 15:00:00+00:00,625.6,626.2,618.9,623.3,1530.30749
2026-02-26 16:00:00+00:00,623.3,624.8,614.4,614.8,1225.40113
2026-02-26 17:00:00+00:00,614.8,619.2,614.6,616.8,482.83338
2026-02-26 18:00:00+00:00,616.8,620.7,614.3,620.0,565.8227
2026-02-26 19:00:00+00:00,620.0,625.2,620.0,624.6,679.43994
2026-02-26 20:00:00+00:00,624.6,626.2,621.4,622.0,325.44742
2026-02-26 21:00:00+00:00,622.0,624.1,621.0,623.5,166.7301
2026-02-26 22:00:00+00:00,623.5,626.3,623.1,626.1,164.21423
2026-02-26 23:00:00+00:00,626.1,626.8,624.5,625.8,168.9005
2026-02-27 00:00:00+00:00,625.8,626.3,623.2,625.2,469.748
2026-02-27 01:00:00+00:00,625.2,626.3,622.5,625.8,448.5895
2026-02-27 02:00:00+00:00,625.8,630.3,625.8,629.8,312.3435
2026-02-27 03:00:00+00:00,629.8,630.2,627.9,629.2,328.2908
2026-02-27 04:00:00+00:00,629.2,633.4,628.9,631.8,619.36672
2026-02-27 05:00:00+00:00,631.8,633.7,630.0,631.7,288.86338
2026-02-27 06:00:00+00:00,631.7,631.8,628.4,628.9,296.92275
2026-02-27 07:00:00+00:00,628.9,628.9,625.0,627.1,511.06461
2026-02-27 08:00:00+00:00,627.1,629.3,626.5,628.4,366.18428
2026-02-27 09:00:00+00:00,628.4,630.1,624.3,624.4,261.16305
2026-02-27 10:00:00+00:00,624.4,624.7,616.1,616.6,909.61392
2026-02-27 11:00:00+00:00,616.6,619.3,613.2,614.7,1028.95183
2026-02-27 12:00:00+00:00,614.7,616.6,613.1,614.6,696.75658
2026-02-27 13:00:00+00:00,614.6,616.2,609.6,614.2,1196.71994
2026-02-27 14:00:00+00:00,614.2,615.4,610.7,611.6,730.6472
2026-02-27 15:00:00+00:00,611.6,615.3,610.5,614.3,540.08677
2026-02-27 16:00:00+00:00,614.3,614.5,609.9,609.9,739.25771
2026-02-27 17:00:00+00:00,609.9,612.4,606.7,612.2,836.92464
2026-02-27 18:00:00+00:00,612.2,612.7,609.7,610.0,206.9485
2026-02-27 19:00:00+00:00,610.0,610.4,607.6,609.8,304.46245
2026-02-27 20:00:00+00:00,609.8,611.7,609.5,611.1,139.95923
2026-02-27 21:00:00+00:00,611.1,612.9,609.9,611.0,139.1674
2026-02-27 22:00:00+00:00,611.0,611.8,605.3,611.8,393.44893
2026-02-27 23:00:00+00:00,611.8,614.2,611.7,613.9,285.5831
2026-02-28 00:00:00+00:00,613.9,615.1,612.1,614.5,247.2333
2026-02-28 01:00:00+00:00,614.5,614.7,611.7,612.5,364.7835
2026-02-28 02:00:00+00:00,612.5,615.1,612.1,615.0,161.5032
2026-02-28 03:00:00+00:00,615.0,615.4,613.2,614.7,156.8873
2026-02-28 04:00:00+00:00,614.7,615.4,610.7,612.4,186.35145
2026-02-28 05:00:00+00:00,612.4,613.3,610.2,611.1,383.1191
2026-02-28 06:00:00+00:00,611.1,611.1,590.5,592.5,3532.34591
2026-02-28 07:00:00+00:00,592.5,601.2,590.4,597.3,2130.89113
2026-02-28 08:00:00+00:00,597.3,597.3,590.3,591.1,1152.95388
2026-02-28 09:00:00+00:00,591.1,594.5,589.0,591.2,2303.88942
2026-02-28 10:00:00+00:00,591.2,595.0,588.4,594.2,3022.81741
2026-02-28 11:00:00+00:00,594.2,598.4,593.8,594.3,2130.7452
2026-02-28 12:00:00+00:00,594.3,598.1,593.8,597.0,860.35929
2026-02-28 13:00:00+00:00,597.0,603.7,594.9,602.9,2533.29472
2026-02-28 14:00:00+00:00,602.9,605.6,599.4,600.5,1833.42332
2026-02-28 15:00:00+00:00,600.5,604.7,598.2,603.8,989.28302
2026-02-28 16:00:00+00:00,603.8,605.0,602.0,603.6,484.3668
2026-02-28 17:00:00+00:00,603.6,606.1,600.8,605.7,551.32663
2026-02-28 18:00:00+00:00,605.7,613.5,604.2,611.6,846.54207
2026-02-28 19:00:00+00:00,611.6,614.6,608.3,613.2,710.15179
2026-02-28 20:00:00+00:00,613.2,619.6,611.9,618.3,752.85728
2026-02-28 21:00:00+00:00,618.3,618.5,614.0,616.2,796.58688
2026-02-28 22:00:00+00:00,616.2,621.53,616.1,618.0,553.31611
2026-02-28 23:00:00+00:00,618.0,618.2,615.3,617.1,105.30575
2026-03-01 00:00:00+00:00,617.1,618.1,615.4,618.1,182.32998
2026-03-01 01:00:00+00:00,618.1,628.2,614.7,625.1,1149.11686
2026-03-01 02:00:00+00:00,625.1,631.7,625.1,629.9,1733.55097
2026-03-01 03:00:00+00:00,629.9,632.2,628.1,628.7,948.0957
2026-03-01 04:00:00+00:00,628.7,631.5,625.9,630.1,1878.07124
2026-03-01 05:00:00+00:00,630.1,631.2,627.8,627.8,726.55845
2026-03-01 06:00:00+00:00,627.8,628.3,623.1,625.4,1565.68058
2026-03-01 07:00:00+00:00,625.4,626.2,623.7,625.4,556.732
2026-03-01 08:00:00+00:00,625.4,626.4,619.3,620.3,637.50323
2026-03-01 09:00:00+00:00,620.3,623.5,618.9,620.1,820.93725
2026-03-01 10:00:00+00:00,620.1,623.6,619.2,623.2,449.63783
2026-03-01 11:00:00+00:00,623.2,624.6,622.7,623.0,265.86236
2026-03-01 12:00:00+00:00,623.0,623.3,620.7,620.7,254.07945
2026-03-01 13:00:00+00:00,620.7,629.1,619.9,626.1,1334.29344
2026-03-01 14:00:00+00:00,626.1,629.7,625.9,628.0,750.84088
2026-03-01 15:00:00+00:00,628.0,629.9,626.4,626.6,720.83688
2026-03-01 16:00:00+00:00,626.6,629.7,620.1,622.9,1086.54723
2026-03-01 17:00:00+00:00,622.9,623.9,617.6,619.6,869.22862
2026-03-01 18:00:00+00:00,619.6,625.5,619.5,623.0,747.96456
2026-03-01 19:00:00+00:00,623.0,623.3,618.7,619.9,625.83038
2026-03-01 20:00:00+00:00,619.9,620.6,611.5,612.6,736.06231
2026-03-01 21:00:00+00:00,612.6,617.6,611.9,612.1,834.46465
2026-03-01 22:00:00+00:00,612.1,618.9,611.0,615.2,1334.04185
2026-03-01 23:00:00+00:00,615.2,620.9,614.5,617.8,277.9003
2026-03-02 00:00:00+00:00,617.8,622.2,614.5,620.0,299.3282
2026-03-02 01:00:00+00:00,620.0,624.4,618.7,621.7,397.88869
2026-03-02 02:00:00+00:00,621.7,624.9,617.3,622.0,625.6482
2026-03-02 03:00:00+00:00,622.0,625.7,620.7,624.5,261.72335
2026-03-02 04:00:00+00:00,624.5,624.9,622.3,623.1,287.6437
2026-03-02 05:00:00+00:00,623.1,625.6,621.4,623.5,229.4582
2026-03-02 06:00:00+00:00,623.5,623.7,616.5,617.3,422.20739
2026-03-02 07:00:00+00:00,617.3,617.3,613.0,616.6,364.16141
2026-03-02 08:00:00+00:00,616.6,619.1,612.8,618.5,513.87672
2026-03-02 09:00:00+00:00,618.5,622.1,618.0,618.9,353.763
2026-03-02 10:00:00+00:00,618.9,620.9,617.5,620.9,193.17868
2026-03-02 11:00:00+00:00,620.9,623.0,618.8,622.2,342.14222
2026-03-02 12:00:00+00:00,622.2,623.0,619.9,622.1,398.10875
2026-03-02 13:00:00+00:00,622.1,624.4,619.5,620.2,548.01734
2026-03-02 14:00:00+00:00,620.2,635.1,618.9,634.0,1636.76078
2026-03-02 15:00:00+00:00,634.0,649.9,634.0,646.4,4874.81332
2026-03-02 16:00:00+00:00,646.4,653.1,645.9,649.4,3034.38583
2026-03-02 17:00:00+00:00,649.4,650.2,641.2,644.7,1931.26562
2026-03-02 18:00:00+00:00,644.7,644.8,639.0,639.9,1183.34343
2026-03-02 19:00:00+00:00,639.9,640.2,636.2,636.6,1317.95838
2026-03-02 20:00:00+00:00,636.6,637.6,632.6,634.9,712.44671
2026-03-02 21:00:00+00:00,634.9,636.2,633.0,635.6,492.63248
2026-03-02 22:00:00+00:00,635.6,640.6,635.6,639.7,267.99252
2026-03-02 23:00:00+00:00,639.7,640.3,636.6,637.7,351.6239
2026-03-03 00:00:00+00:00,637.7,641.3,636.7,640.7,278.85093
2026-03-03 01:00:00+00:00,640.7,642.4,635.7,635.7,634.92103
2026-03-03 02:00:00+00:00,635.7,637.8,633.4,635.8,403.03514
2026-03-03 03:00:00+00:00,635.8,636.0,634.0,635.5,201.42165
2026-03-03 04:00:00+00:00,635.5,637.2,633.9,634.2,160.6689
2026-03-03 05:00:00+00:00,634.2,638.4,628.7,632.0,1001.87842
2026-03-03 06:00:00+00:00,632.0,633.8,630.2,633.1,470.34378
2026-03-03 07:00:00+00:00,633.1,635.7,632.7,633.2,374.90858
2026-03-03 08:00:00+00:00,633.2,634.1,622.2,623.6,2344.02325
2026-03-03 09:00:00+00:00,623.6,626.7,620.8,622.4,1368.1726
2026-03-03 10:00:00+00:00,622.4,626.4,621.3,625.4,994.13475
2026-03-03 11:00:00+00:00,625.4,627.3,624.6,626.2,489.22469
2026-03-03 12:00:00+00:00,626.2,631.7,625.8,627.3,741.89497
2026-03-03 13:00:00+00:00,627.3,627.6,623.1,624.5,580.55968
2026-03-03 14:00:00+00:00,624.5,629.0,620.6,623.5,990.8695
2026-03-03 15:00:00+00:00,623.5,630.6,622.4,630.5,983.16307
2026-03-03 16:00:00+00:00,630.5,638.8,628.7,634.6,918.69837
2026-03-03 17:00:00+00:00,634.6,635.0,629.4,633.9,639.69231
2026-03-03 18:00:00+00:00,633.9,637.8,631.7,634.4,450.0837
2026-03-03 19:00:00+00:00,634.4,635.16,631.5,633.0,574.21978
2026-03-03 20:00:00+00:00,633.0,633.6,630.4,631.6,470.34668
2026-03-03 21:00:00+00:00,631.6,631.6,628.5,630.1,199.59534
2026-03-03 22:00:00+00:00,630.1,634.5,630.1,633.7,277.78982
2026-03-03 23:00:00+00:00,633.7,636.9,632.8,633.6,385.3274
2026-03-04 00:00:00+00:00,633.6,634.7,629.6,631.9,369.91736
2026-03-04 01:00:00+00:00,631.9,636.7,630.8,633.9,323.03873
2026-03-04 02:00:00+00:00,633.9,634.6,630.5,634.1,269.53823
2026-03-04 03:00:00+00:00,634.1,634.1,626.2,629.5,436.23488
2026-03-04 04:00:00+00:00,629.5,630.5,627.4,630.1,319.54756
2026-03-04 05:00:00+00:00,630.1,633.7,628.9,632.6,368.73003
2026-03-04 06:00:00+00:00,632.6,635.6,631.3,635.0,250.97898
2026-03-04 07:00:00+00:00,635.0,641.0,634.1,640.1,475.58333
2026-03-04 08:00:00+00:00,640.1,652.6,639.0,651.1,1609.26082
2026-03-04 09:00:00+00:00,651.1,654.8,649.9,651.9,1675.62723
2026-03-04 10:00:00+00:00,651.9,654.3,650.6,651.3,627.7618
2026-03-04 11:00:00+00:00,651.3,652.5,647.8,650.6,629.88323
2026-03-04 12:00:00+00:00,650.6,651.4,646.0,650.8,701.86116
2026-03-04 13:00:00+00:00,650.8,654.2,650.5,653.6,728.13832
2026-03-04 14:00:00+00:00,653.6,657.6,649.0,652.0,1782.01852
2026-03-04 15:00:00+00:00,652.0,662.0,651.5,661.1,1579.50365
2026-03-04 16:00:00+00:00,661.1,662.6,655.9,659.3,816.31091
2026-03-04 17:00:00+00:00,659.3,660.7,655.2,658.5,369.59483
2026-03-04 18:00:00+00:00,658.5,661.7,656.3,661.5,434.28093
2026-03-04 19:00:00+00:00,661.5,666.1,661.0,662.7,789.10717
2026-03-04 20:00:00+00:00,662.7,663.1,660.3,660.6,292.20455
2026-03-04 21:00:00+00:00,660.6,661.1,658.8,660.1,242.9921
2026-03-04 22:00:00+00:00,660.1,662.4,657.1,657.2,305.83753
2026-03-04 23:00:00+00:00,657.2,659.2,656.6,658.1,387.7822
2026-03-05 00:00:00+00:00,658.1,660.1,656.4,657.7,405.70378
2026-03-05 01:00:00+00:00,657.7,660.9,652.5,653.1,338.86354
2026-03-05 02:00:00+00:00,653.1,656.9,652.7,654.0,376.43523
2026-03-05 03:00:00+00:00,654.0,655.3,652.7,654.3,256.4506
2026-03-05 04:00:00+00:00,654.3,657.3,653.9,655.3,447.5463
2026-03-05 05:00:00+00:00,655.3,656.1,652.6,653.2,279.72185
2026-03-05 06:00:00+00:00,653.2,655.5,650.4,654.6,303.69194
2026-03-05 07:00:00+00:00,654.6,655.1,648.6,650.3,363.05579
2026-03-05 08:00:00+00:00,650.3,653.0,649.5,652.7,215.84383
2026-03-05 09:00:00+00:00,652.7,657.1,652.6,655.9,418.55096
2026-03-05 10:00:00+00:00,655.9,665.3,655.4,664.0,721.11367
2026-03-05 11:00:00+00:00,664.0,664.4,658.8,659.3,402.64825
2026-03-05 12:00:00+00:00,659.3,660.8,655.0,659.9,489.45323
2026-03-05 13:00:00+00:00,659.9,660.2,653.3,657.2,664.23286
2026-03-05 14:00:00+00:00,657.2,658.5,652.6,656.6,974.25442
2026-03-05 15:00:00+00:00,656.6,657.3,648.4,652.9,992.74666
2026-03-05 16:00:00+00:00,652.9,653.7,646.1,652.6,613.81968
2026-03-05 17:00:00+00:00,652.6,654.6,646.6,647.5,546.39078
2026-03-05 18:00:00+00:00,647.5,650.6,646.3,650.1,324.8225
2026-03-05 19:00:00+00:00,650.1,653.4,647.0,648.5,428.41208
2026-03-05 20:00:00+00:00,648.5,651.6,647.7,650.8,227.15943
2026-03-05 21:00:00+00:00,650.8,652.3,646.5,647.4,414.39778
2026-03-05 22:00:00+00:00,647.4,649.7,646.4,648.5,243.4428
2026-03-05 23:00:00+00:00,648.5,649.8,647.0,647.7,154.8285
2026-03-06 00:00:00+00:00,647.7,649.7,646.5,647.6,183.2431
2026-03-06 01:00:00+00:00,647.6,651.5,645.6,651.0,229.52698
2026-03-06 02:00:00+00:00,651.0,651.6,649.3,649.9,173.1457
2026-03-06 03:00:00+00:00,649.9,650.5,648.0,649.8,464.2334
2026-03-06 04:00:00+00:00,649.8,650.0,641.2,644.1,342.68236
2026-03-06 05:00:00+00:00,644.1,646.4,642.7,645.0,461.97148
2026-03-06 06:00:00+00:00,645.0,646.4,643.8,645.1,205.12793
2026-03-06 07:00:00+00:00,645.1,647.9,643.7,646.9,452.68387
2026-03-06 08:00:00+00:00,646.9,646.9,644.1,644.6,175.219
2026-03-06 09:00:00+00:00,644.6,645.1,639.0,640.7,624.69185
2026-03-06 10:00:00+00:00,640.7,641.5,639.4,639.7,376.1348
2026-03-06 11:00:00+00:00,639.7,640.0,637.0,637.4,353.65376
2026-03-06 12:00:00+00:00,637.4,638.1,634.5,637.6,549.5517
2026-03-06 13:00:00+00:00,637.6,640.7,633.3,633.5,1904.25399
2026-03-06 14:00:00+00:00,633.5,634.1,624.7,626.5,1991.20815
2026-03-06 15:00:00+00:00,626.5,632.1,624.9,627.9,1282.33623
2026-03-06 16:00:00+00:00,627.9,631.2,626.6,629.1,578.66325
2026-03-06 17:00:00+00:00,629.1,630.5,625.7,628.1,937.2117
2026-03-06 18:00:00+00:00,628.1,631.9,628.0,630.7,331.91309
2026-03-06 19:00:00+00:00,630.7,632.8,630.1,630.5,123.9009
2026-03-06 20:00:00+00:00,630.5,631.4,627.5,628.9,1077.73105
2026-03-06 21:00:00+00:00,628.9,629.7,627.7,629.7,461.3434
2026-03-06 22:00:00+00:00,629.7,630.7,628.9,629.9,481.2792
2026-03-06 23:00:00+00:00,629.9,630.1,626.6,627.0,1751.8236
2026-03-07 00:00:00+00:00,627.0,629.6,626.2,628.8,547.86395
2026-03-07 01:00:00+00:00,628.8,629.4,627.9,628.3,248.3574
2026-03-07 02:00:00+00:00,628.3,628.6,626.1,627.4,374.2928
2026-03-07 03:00:00+00:00,627.4,629.5,626.5,626.9,622.61968
2026-03-07 04:00:00+00:00,626.9,627.5,624.4,627.0,520.3559
2026-03-07 05:00:00+00:00,627.0,628.5,626.7,627.4,382.9246
2026-03-07 06:00:00+00:00,627.4,627.6,626.0,626.1,399.7871
2026-03-07 07:00:00+00:00,626.1,627.8,625.1,627.6,339.8024
2026-03-07 08:00:00+00:00,627.6,629.2,627.3,628.0,363.4282
2026-03-07 09:00:00+00:00,628.0,630.0,627.2,629.6,358.6987
2026-03-07 10:00:00+00:00,629.6,629.9,626.4,626.7,313.63015
2026-03-07 11:00:00+00:00,626.7,628.8,626.3,627.6,410.8549
2026-03-07 12:00:00+00:00,627.6,628.1,626.2,626.7,364.8913
2026-03-07 13:00:00+00:00,626.7,627.5,626.2,626.6,327.0314
2026-03-07 14:00:00+00:00,626.6,627.7,623.5,627.4,629.90082
2026-03-07 15:00:00+00:00,627.4,627.6,623.9,625.1,647.84505
2026-03-07 16:00:00+00:00,625.1,625.2,622.5,624.1,566.2994
2026-03-07 17:00:00+00:00,624.1,625.0,623.3,623.4,231.4495
2026-03-07 18:00:00+00:00,623.4,623.9,620.5,622.3,453.24231
2026-03-07 19:00:00+00:00,622.3,622.3,618.2,619.6,1249.95043
2026-03-07 20:00:00+00:00,619.6,621.7,619.6,621.0,218.1353
2026-03-07 21:00:00+00:00,621.0,622.5,620.2,621.0,273.209
2026-03-07 22:00:00+00:00,621.0,621.4,617.7,619.8,253.85158
2026-03-07 23:00:00+00:00,619.8,620.7,619.5,620.1,128.4116
2026-03-08 00:00:00+00:00,620.1,621.9,618.7,619.2,296.0996
2026-03-08 01:00:00+00:00,619.2,620.2,618.0,619.9,296.31075
2026-03-08 02:00:00+00:00,619.9,619.9,615.2,615.8,604.49513
2026-03-08 03:00:00+00:00,615.8,617.6,615.8,616.9,234.4215
2026-03-08 04:00:00+00:00,616.9,617.7,614.3,615.2,199.8822
2026-03-08 05:00:00+00:00,615.2,618.9,615.2,618.1,75.76843
2026-03-08 06:00:00+00:00,618.1,619.5,617.5,619.4,124.1088
2026-03-08 07:00:00+00:00,619.4,622.2,618.9,619.9,389.84419
2026-03-08 08:00:00+00:00,619.9,620.18,617.9,619.4,255.4176
2026-03-08 09:00:00+00:00,619.4,621.6,618.8,620.2,305.14913
2026-03-08 10:00:00+00:00,620.2,624.1,620.1,622.9,355.24908
2026-03-08 11:00:00+00:00,622.9,622.9,618.8,620.2,404.10178
2026-03-08 12:00:00+00:00,620.2,621.1,615.9,619.2,415.86
2026-03-08 13:00:00+00:00,619.2,619.6,613.0,616.4,1079.44772
2026-03-08 14:00:00+00:00,616.4,618.0,615.4,617.7,268.2462
2026-03-08 15:00:00+00:00,617.7,618.0,615.4,616.1,224.0934
2026-03-08 16:00:00+00:00,616.1,616.4,611.7,612.8,627.6526
2026-03-08 17:00:00+00:00,612.8,614.9,612.5,613.1,294.437
2026-03-08 18:00:00+00:00,613.1,614.1,611.9,613.6,151.7798
2026-03-08 19:00:00+00:00,613.6,619.7,613.3,618.9,360.91082
2026-03-08 20:00:00+00:00,618.9,620.1,616.9,617.6,181.38709
2026-03-08 21:00:00+00:00,617.6,618.1,615.1,617.5,457.76025
2026-03-08 22:00:00+00:00,617.5,617.5,607.8,614.4,1292.13969
2026-03-08 23:00:00+00:00,614.4,615.9,611.3,612.0,448.98433
2026-03-09 00:00:00+00:00,612.0,618.6,610.9,615.7,494.69985
2026-03-09 01:00:00+00:00,615.7,618.5,613.9,614.6,595.31418
2026-03-09 02:00:00+00:00,614.6,619.6,613.5,617.8,345.64804
2026-03-09 03:00:00+00:00,617.8,628.2,617.8,623.5,828.50951
2026-03-09 04:00:00+00:00,623.5,626.2,622.6,622.8,133.3168
2026-03-09 05:00:00+00:00,622.8,630.0,622.5,629.5,639.06339
2026-03-09 06:00:00+00:00,629.5,629.8,622.9,623.6,606.28023
2026-03-09 07:00:00+00:00,623.6,623.7,618.2,621.8,686.29852
2026-03-09 08:00:00+00:00,621.8,626.6,621.8,625.7,634.02897
2026-03-09 09:00:00+00:00,625.7,630.4,623.9,627.2,301.56416
2026-03-09 10:00:00+00:00,627.2,628.7,626.4,627.2,453.03925
2026-03-09 11:00:00+00:00,627.2,628.1,624.5,627.4,385.5674
2026-03-09 12:00:00+00:00,627.4,632.8,627.4,631.1,473.53145
2026-03-09 13:00:00+00:00,631.1,638.7,631.0,636.7,864.55872
2026-03-09 14:00:00+00:00,636.7,638.9,633.3,635.9,1090.82799
2026-03-09 15:00:00+00:00,635.9,640.4,635.1,639.4,910.76257
2026-03-09 16:00:00+00:00,639.4,641.7,638.1,639.6,512.93573
2026-03-09 17:00:00+00:00,639.6,640.6,635.2,636.9,613.33315
2026-03-09 18:00:00+00:00,636.9,637.6,634.1,634.9,507.92648
2026-03-09 19:00:00+00:00,634.9,643.2,634.3,638.3,915.49927
2026-03-09 20:00:00+00:00,638.3,638.9,636.8,638.3,276.0816
2026-03-09 21:00:00+00:00,638.3,640.7,638.3,640.2,225.25223
2026-03-09 22:00:00+00:00,640.2,640.7,636.1,636.8,279.42583
2026-03-09 23:00:00+00:00,636.8,637.8,633.9,634.7,230.2956
2026-03-10 00:00:00+00:00,634.7,640.5,634.3,639.1,203.34336
2026-03-10 01:00:00+00:00,639.1,640.0,636.0,638.9,202.90038
2026-03-10 02:00:00+00:00,638.9,646.1,637.9,644.1,377.19547
2026-03-10 03:00:00+00:00,644.1,645.1,639.2,639.7,276.2902
2026-03-10 04:00:00+00:00,639.7,644.4,639.5,643.9,428.08376
2026-03-10 05:00:00+00:00,643.9,646.1,643.7,644.2,179.93903
2026-03-10 06:00:00+00:00,644.2,645.6,642.4,644.2,283.30225
2026-03-10 07:00:00+00:00,644.2,647.0,643.6,644.5,547.90922
2026-03-10 08:00:00+00:00,644.5,649.0,644.2,645.9,367.54994
2026-03-10 09:00:00+00:00,645.9,648.5,644.7,647.6,689.08723
2026-03-10 10:00:00+00:00,647.6,648.0,645.3,647.5,205.10198
2026-03-10 11:00:00+00:00,647.5,648.0,644.8,645.5,210.05735
2026-03-10 12:00:00+00:00,645.5,646.9,644.7,646.6,198.5243
2026-03-10 13:00:00+00:00,646.6,648.2,641.2,642.4,430.53998
2026-03-10 14:00:00+00:00,642.4,652.0,638.3,650.7,923.89058
2026-03-10 15:00:00+00:00,650.7,652.4,646.2,649.3,1001.71501
2026-03-10 16:00:00+00:00,649.3,652.6,647.6,649.8,666.93925
2026-03-10 17:00:00+00:00,649.8,650.2,644.7,646.5,316.62054
2026-03-10 18:00:00+00:00,646.5,646.7,640.5,641.4,382.91211
2026-03-10 19:00:00+00:00,641.4,642.6,639.9,641.8,174.695
2026-03-10 20:00:00+00:00,641.8,644.4,641.7,644.2,187.88913
2026-03-10 21:00:00+00:00,644.2,645.3,639.7,641.5,271.51565
2026-03-10 22:00:00+00:00,641.5,642.5,639.6,641.9,285.5339
2026-03-10 23:00:00+00:00,641.9,642.9,641.2,642.0,100.3574
2026-03-11 00:00:00+00:00,642.0,643.9,641.2,643.3,321.13063
2026-03-11 01:00:00+00:00,643.3,644.2,642.4,644.1,187.2681
2026-03-11 02:00:00+00:00,644.1,644.3,638.7,641.0,353.9851
2026-03-11 03:00:00+00:00,641.0,642.5,639.6,639.9,250.14003
2026-03-11 04:00:00+00:00,639.9,644.9,639.2,644.6,213.83968
2026-03-11 05:00:00+00:00,644.6,644.9,637.7,637.9,441.0875
2026-03-11 06:00:00+00:00,637.9,643.7,637.9,643.1,341.96013
2026-03-11 07:00:00+00:00,643.1,643.4,639.9,640.5,437.6234
2026-03-11 08:00:00+00:00,640.5,642.8,639.9,642.6,394.2036
2026-03-11 09:00:00+00:00,642.6,642.6,639.5,639.9,248.1912
2026-03-11 10:00:00+00:00,639.9,644.2,639.7,643.6,150.01043
2026-03-11 11:00:00+00:00,643.6,643.7,634.7,638.2,2609.08984
2026-03-11 12:00:00+00:00,638.2,642.7,636.7,641.6,733.46948
2026-03-11 13:00:00+00:00,641.6,652.3,641.4,646.7,1075.54364
2026-03-11 14:00:00+00:00,646.7,651.4,644.8,648.2,843.85864
2026-03-11 15:00:00+00:00,648.2,649.4,642.1,646.0,327.15986
2026-03-11 16:00:00+00:00,646.0,649.8,645.3,648.3,521.63853
2026-03-11 17:00:00+00:00,648.3,655.9,648.3,651.9,1270.697
2026-03-11 18:00:00+00:00,651.9,654.3,650.9,652.9,609.9341
2026-03-11 19:00:00+00:00,652.9,654.0,651.2,653.3,314.3238
2026-03-11 20:00:00+00:00,653.3,653.3,651.8,653.0,243.3097
2026-03-11 21:00:00+00:00,653.0,654.4,651.8,654.2,237.4672
2026-03-11 22:00:00+00:00,654.2,656.3,651.7,652.4,326.50275
2026-03-11 23:00:00+00:00,652.4,653.2,650.4,651.7,160.674
2026-03-12 00:00:00+00:00,651.7,652.5,650.8,652.4,530.6946
2026-03-12 01:00:00+00:00,652.4,652.4,646.8,647.0,894.246
2026-03-12 02:00:00+00:00,647.0,647.9,642.6,643.0,430.75086
2026-03-12 03:00:00+00:00,643.0,645.1,642.2,643.3,228.1817
2026-03-12 04:00:00+00:00,643.3,644.3,641.7,643.1,329.2628
2026-03-12 05:00:00+00:00,643.1,644.8,642.8,644.3,208.4091
2026-03-12 06:00:00+00:00,644.3,645.4,643.4,644.4,444.5281
2026-03-12 07:00:00+00:00,644.4,647.0,643.9,645.7,359.47323
2026-03-12 08:00:00+00:00,645.7,648.9,645.7,647.6,199.76155
2026-03-12 09:00:00+00:00,647.6,651.3,645.8,650.2,179.17975
2026-03-12 10:00:00+00:00,650.2,652.7,649.5,652.1,323.54624
2026-03-12 11:00:00+00:00,652.1,654.0,651.0,652.5,166.70373
2026-03-12 12:00:00+00:00,652.5,657.9,651.3,655.7,727.26115
2026-03-12 13:00:00+00:00,655.7,656.4,650.7,652.7,1063.28823
2026-03-12 14:00:00+00:00,652.7,656.3,645.7,646.9,1278.75408
2026-03-12 15:00:00+00:00,646.9,653.8,646.1,650.2,876.48733
2026-03-12 16:00:00+00:00,650.2,652.6,648.1,651.8,331.33611
2026-03-12 17:00:00+00:00,651.8,652.7,649.6,650.7,255.76863
2026-03-12 18:00:00+00:00,650.7,651.7,647.8,647.8,268.62535
2026-03-12 19:00:00+00:00,647.8,651.6,646.4,651.2,321.65586
2026-03-12 20:00:00+00:00,651.2,651.6,649.0,649.7,190.5908
2026-03-12 21:00:00+00:00,649.7,652.5,649.7,652.0,296.1333
2026-03-12 22:00:00+00:00,652.0,652.2,650.2,651.2,264.5016
2026-03-12 23:00:00+00:00,651.2,655.0,651.2,651.8,390.52056
2026-03-13 00:00:00+00:00,651.8,663.9,650.6,659.0,1680.92577
2026-03-13 01:00:00+00:00,659.0,662.3,658.2,662.0,856.03828
2026-03-13 02:00:00+00:00,662.0,662.5,659.2,659.6,483.1999
2026-03-13 03:00:00+00:00,659.6,662.1,657.5,661.6,420.46918
2026-03-13 04:00:00+00:00,661.6,661.9,659.3,660.7,254.4008
2026-03-13 05:00:00+00:00,660.7,662.1,659.3,660.6,295.3726
2026-03-13 06:00:00+00:00,660.6,661.8,658.6,661.0,1470.14363
2026-03-13 07:00:00+00:00,661.0,664.5,660.2,661.5,628.1198
2026-03-13 08:00:00+00:00,661.5,668.2,660.8,666.1,1176.69338
2026-03-13 09:00:00+00:00,666.1,668.1,664.3,667.1,685.11058
2026-03-13 10:00:00+00:00,667.1,668.9,666.1,667.0,1509.707
2026-03-13 11:00:00+00:00,667.0,668.3,665.9,666.8,385.0503
2026-03-13 12:00:00+00:00,666.8,673.8,666.8,671.3,773.6943
2026-03-13 13:00:00+00:00,671.3,679.2,670.6,674.5,1333.09536
2026-03-13 14:00:00+00:00,674.5,678.5,667.7,667.8,1731.40168
2026-03-13 15:00:00+00:00,667.8,671.5,661.2,662.4,1148.12625
2026-03-13 16:00:00+00:00,662.4,663.6,658.2,661.8,1003.71913
2026-03-13 17:00:00+00:00,661.8,664.8,654.0,655.9,1030.33627
2026-03-13 18:00:00+00:00,655.9,658.5,654.1,656.7,578.00811
2026-03-13 19:00:00+00:00,656.7,658.0,655.9,657.1,511.4261
2026-03-13 20:00:00+00:00,657.1,658.5,656.2,657.2,666.8025
2026-03-13 21:00:00+00:00,657.2,658.7,656.0,656.7,406.7684
2026-03-13 22:00:00+00:00,656.7,657.4,653.6,655.5,617.77354
2026-03-13 23:00:00+00:00,655.5,656.1,654.5,655.6,315.8317
2026-03-14 00:00:00+00:00,655.6,656.0,652.2,653.0,409.91556
2026-03-14 01:00:00+00:00,653.0,656.6,652.6,656.4,320.374
2026-03-14 02:00:00+00:00,656.4,656.5,654.9,655.5,166.7298
2026-03-14 03:00:00+00:00,655.5,657.2,655.2,656.9,110.3604
2026-03-14 04:00:00+00:00,656.9,658.2,655.2,655.3,197.28132
2026-03-14 05:00:00+00:00,655.3,656.5,654.5,655.6,184.3156
2026-03-14 06:00:00+00:00,655.6,655.6,650.8,653.3,282.45382
2026-03-14 07:00:00+00:00,653.3,654.4,651.8,652.0,312.5086
2026-03-14 08:00:00+00:00,652.0,654.0,651.7,651.9,175.5218
2026-03-14 09:00:00+00:00,651.9,653.2,650.3,651.1,219.9267
2026-03-14 10:00:00+00:00,651.1,651.2,649.8,650.7,284.31715
2026-03-14 11:00:00+00:00,650.7,654.1,650.7,653.5,802.70683
2026-03-14 12:00:00+00:00,653.5,654.6,652.5,653.5,233.20923
2026-03-14 13:00:00+00:00,653.5,654.5,652.9,654.1,136.4178
2026-03-14 14:00:00+00:00,654.1,655.0,651.7,652.3,349.1603
2026-03-14 15:00:00+00:00,652.3,653.6,651.8,653.3,103.1048
2026-03-14 16:00:00+00:00,653.3,654.3,652.3,654.1,203.7593
2026-03-14 17:00:00+00:00,654.1,654.1,652.7,653.0,102.1461
2026-03-14 18:00:00+00:00,653.0,653.7,652.3,653.3,196.0473
2026-03-14 19:00:00+00:00,653.3,654.1,652.7,653.7,82.5234
2026-03-14 20:00:00+00:00,653.7,654.6,653.1,654.1,134.88823
2026-03-14 21:00:00+00:00,654.1,655.0,653.0,654.6,134.2259
2026-03-14 22:00:00+00:00,654.6,655.3,654.3,654.9,94.3565
2026-03-14 23:00:00+00:00,654.9,658.0,654.9,657.6,331.84083
2026-03-15 00:00:00+00:00,657.6,657.8,655.5,655.8,126.1954
2026-03-15 01:00:00+00:00,655.8,656.1,654.3,655.4,149.0958
2026-03-15 02:00:00+00:00,655.4,660.6,655.4,659.4,151.11435
2026-03-15 03:00:00+00:00,659.4,660.9,657.9,658.7,410.77132
2026-03-15 04:00:00+00:00,658.7,660.4,658.1,658.9,484.196
2026-03-15 05:00:00+00:00,658.9,660.9,658.5,659.5,289.7911
2026-03-15 06:00:00+00:00,659.5,660.1,657.6,658.3,212.3448
2026-03-15 07:00:00+00:00,658.3,660.5,658.0,659.8,444.8024
2026-03-15 08:00:00+00:00,659.8,664.1,659.6,664.0,455.771
2026-03-15 09:00:00+00:00,664.0,666.6,662.8,663.5,322.01369
2026-03-15 10:00:00+00:00,663.5,663.7,662.1,662.9,120.8853
2026-03-15 11:00:00+00:00,662.9,662.9,659.8,661.4,239.5946
2026-03-15 12:00:00+00:00,661.4,661.8,659.7,661.8,278.178
2026-03-15 13:00:00+00:00,661.8,662.5,656.8,659.9,803.47695
2026-03-15 14:00:00+00:00,659.9,660.4,658.2,660.3,282.6356
2026-03-15 15:00:00+00:00,660.3,661.2,659.5,659.7,139.0044
2026-03-15 16:00:00+00:00,659.7,660.9,658.4,658.8,269.04025
2026-03-15 17:00:00+00:00,658.8,663.1,658.7,662.0,221.26076
2026-03-15 18:00:00+00:00,662.0,662.3,658.0,658.3,172.36885
2026-03-15 19:00:00+00:00,658.3,660.5,658.0,660.4,359.2426
2026-03-15 20:00:00+00:00,660.4,665.2,659.6,663.8,337.08821
2026-03-15 21:00:00+00:00,663.8,668.9,662.6,667.4,406.94325
2026-03-15 22:00:00+00:00,667.4,679.2,665.6,676.7,1946.33262
2026-03-15 23:00:00+00:00,676.7,679.0,672.0,673.9,1741.1259
2026-03-16 00:00:00+00:00,673.9,676.8,671.0,672.4,387.16413
2026-03-16 01:00:00+00:00,672.4,677.0,670.4,676.2,447.03234
2026-03-16 02:00:00+00:00,676.2,676.9,670.9,673.2,231.02518
2026-03-16 03:00:00+00:00,673.2,685.9,672.4,680.6,1390.2966
2026-03-16 04:00:00+00:00,680.6,687.6,680.6,683.5,1252.28818
2026-03-16 05:00:00+00:00,683.5,686.4,682.3,685.5,810.9429
2026-03-16 06:00:00+00:00,685.5,685.6,679.5,679.9,503.42003
2026-03-16 07:00:00+00:00,679.9,681.1,677.4,678.2,385.06699
2026-03-16 08:00:00+00:00,678.2,681.2,673.9,675.3,397.9112
2026-03-16 09:00:00+00:00,675.3,677.8,674.8,676.7,320.622
2026-03-16 10:00:00+00:00,676.7,679.2,675.2,679.1,460.01201
2026-03-16 11:00:00+00:00,679.1,679.5,676.3,677.1,221.9767
2026-03-16 12:00:00+00:00,677.1,681.0,677.1,678.7,598.76987
2026-03-16 13:00:00+00:00,678.7,683.6,677.8,681.1,679.6711
2026-03-16 14:00:00+00:00,681.1,682.5,670.1,674.6,1473.47654
2026-03-16 15:00:00+00:00,674.6,677.0,671.1,671.6,509.27143
2026-03-16 16:00:00+00:00,671.6,676.3,671.2,675.3,550.40656
2026-03-16 17:00:00+00:00,675.3,678.4,674.6,678.2,608.48783
2026-03-16 18:00:00+00:00,678.2,680.4,676.8,676.9,585.78626
2026-03-16 19:00:00+00:00,676.9,681.3,676.2,678.6,668.68102
2026-03-16 20:00:00+00:00,678.6,678.6,673.9,676.9,224.10458
2026-03-16 21:00:00+00:00,676.9,682.6,676.2,679.6,588.26122
2026-03-16 22:00:00+00:00,679.6,684.6,679.6,681.4,315.29443
2026-03-16 23:00:00+00:00,681.4,681.5,676.1,679.6,330.32823
2026-03-17 00:00:00+00:00,679.6,684.1,677.6,682.5,693.62994
2026-03-17 01:00:00+00:00,682.5,686.5,680.7,684.0,1169.00562
2026-03-17 02:00:00+00:00,684.0,684.5,680.5,682.8,400.90938
2026-03-17 03:00:00+00:00,682.8,683.1,675.1,676.1,319.34298
2026-03-17 04:00:00+00:00,676.1,677.5,671.9,674.8,569.09969
2026-03-17 05:00:00+00:00,674.8,677.0,673.5,675.0,324.87328
2026-03-17 06:00:00+00:00,675.0,676.9,672.8,673.3,363.39698
2026-03-17 07:00:00+00:00,673.3,675.6,673.2,674.0,741.4736
2026-03-17 08:00:00+00:00,674.0,676.6,673.2,673.6,795.94151
2026-03-17 09:00:00+00:00,673.6,675.5,671.9,672.7,752.4194
2026-03-17 10:00:00+00:00,672.7,673.5,668.0,669.1,1385.5779
2026-03-17 11:00:00+00:00,669.1,670.4,667.3,667.7,622.68444
2026-03-17 12:00:00+00:00,667.7,669.6,664.8,665.5,420.91953
2026-03-17 13:00:00+00:00,665.5,668.7,663.6,665.1,644.96374
2026-03-17 14:00:00+00:00,665.1,670.3,663.3,670.0,507.46915
2026-03-17 15:00:00+00:00,670.0,673.1,665.1,668.4,1179.96726
2026-03-17 16:00:00+00:00,668.4,671.5,667.6,670.7,498.052
2026-03-17 17:00:00+00:00,670.7,673.3,669.8,672.7,431.89623
2026-03-17 18:00:00+00:00,672.7,674.7,672.2,673.8,232.02585
2026-03-17 19:00:00+00:00,673.8,674.4,671.5,671.9,320.89735
2026-03-17 20:00:00+00:00,671.9,672.9,670.7,671.9,145.8615
2026-03-17 21:00:00+00:00,671.9,674.3,671.8,673.3,251.73483
2026-03-17 22:00:00+00:00,673.3,674.3,669.0,671.3,176.33725
2026-03-17 23:00:00+00:00,671.3,671.9,668.0,668.6,308.51975
2026-03-18 00:00:00+00:00,668.6,669.2,665.6,668.3,399.8877
2026-03-18 01:00:00+00:00,668.3,670.8,668.3,669.6,86.41483
2026-03-18 02:00:00+00:00,669.6,672.6,669.6,671.7,132.70173
2026-03-18 03:00:00+00:00,671.7,675.1,671.3,673.5,175.87346
2026-03-18 04:00:00+00:00,673.5,673.8,670.5,671.9,386.49005
2026-03-18 05:00:00+00:00,671.9,673.68,670.0,671.2,372.9096
2026-03-18 06:00:00+00:00,671.2,675.0,671.2,672.8,167.9985
2026-03-18 07:00:00+00:00,672.8,674.0,671.6,673.9,349.6441
2026-03-18 08:00:00+00:00,673.9,676.0,673.9,674.3,177.71908
2026-03-18 09:00:00+00:00,674.3,675.9,674.1,675.8,206.8998
2026-03-18 10:00:00+00:00,675.8,676.4,671.3,672.5,203.21996
2026-03-18 11:00:00+00:00,672.5,673.2,661.4,662.8,1256.66937
2026-03-18 12:00:00+00:00,662.8,662.8,656.1,657.6,1875.71595
2026-03-18 13:00:00+00:00,657.6,659.1,654.8,657.4,632.21998
2026-03-18 14:00:00+00:00,657.4,657.6,647.4,647.8,1867.24381
2026-03-18 15:00:00+00:00,647.8,650.5,645.0,648.5,1839.55535
2026-03-18 16:00:00+00:00,648.5,649.8,645.3,648.3,1240.39398
2026-03-18 17:00:00+00:00,648.3,651.6,646.8,650.0,830.11533
2026-03-18 18:00:00+00:00,650.0,652.9,647.0,647.6,556.87651
2026-03-18 19:00:00+00:00,647.6,650.14,646.9,648.0,410.5354
2026-03-18 20:00:00+00:00,648.0,650.9,644.2,650.2,803.1619
2026-03-18 21:00:00+00:00,650.2,652.8,649.8,652.6,97.30392
2026-03-18 22:00:00+00:00,652.6,652.6,650.5,651.6,65.7123
2026-03-18 23:00:00+00:00,651.6,652.8,650.7,652.2,142.2362
2026-03-19 00:00:00+00:00,652.2,652.7,650.6,651.3,199.3657
2026-03-19 01:00:00+00:00,651.3,652.4,650.5,651.4,124.0513
2026-03-19 02:00:00+00:00,651.4,652.2,649.0,650.5,116.96505
2026-03-19 03:00:00+00:00,650.5,656.3,650.1,652.5,351.23589
2026-03-19 04:00:00+00:00,652.5,652.7,648.2,649.5,147.81975
2026-03-19 05:00:00+00:00,649.5,650.5,648.3,649.4,54.2598
2026-03-19 06:00:00+00:00,649.4,650.8,648.0,648.6,97.65305
2026-03-19 07:00:00+00:00,648.6,648.7,640.9,645.3,636.7169
2026-03-19 08:00:00+00:00,645.3,646.3,643.7,644.5,508.77053
2026-03-19 09:00:00+00:00,644.5,648.8,643.8,648.1,441.9181
2026-03-19 10:00:00+00:00,648.1,648.6,645.8,645.9,180.5567
2026-03-19 11:00:00+00:00,645.9,646.4,643.7,643.9,105.54
2026-03-19 12:00:00+00:00,643.9,643.9,638.2,638.6,402.9516
2026-03-19 13:00:00+00:00,638.6,642.0,636.6,641.1,628.06897
2026-03-19 14:00:00+00:00,641.1,642.3,635.7,638.3,257.77638
2026-03-19 15:00:00+00:00,638.3,640.4,634.4,637.8,480.92496
2026-03-19 16:00:00+00:00,637.8,637.8,634.3,635.9,1048.20328
2026-03-19 17:00:00+00:00,635.9,639.1,633.4,638.4,297.19607
2026-03-19 18:00:00+00:00,638.4,638.4,636.2,638.0,109.3666
2026-03-19 19:00:00+00:00,638.0,642.5,637.9,639.9,715.40026
2026-03-19 20:00:00+00:00,639.9,642.8,639.6,642.0,441.99723
2026-03-19 21:00:00+00:00,642.0,643.7,641.3,642.3,197.8476
2026-03-19 22:00:00+00:00,642.3,642.3,639.0,640.3,154.78975
2026-03-19 23:00:00+00:00,640.3,641.7,638.2,639.1,197.47618
2026-03-20 00:00:00+00:00,639.1,641.8,638.6,641.0,128.27913
2026-03-20 01:00:00+00:00,641.0,643.8,640.9,642.0,102.4151
2026-03-20 02:00:00+00:00,642.0,643.1,639.4,642.7,104.67843
2026-03-20 03:00:00+00:00,642.7,645.1,642.5,644.4,171.47046
2026-03-20 04:00:00+00:00,644.4,645.8,641.7,644.2,440.92293
2026-03-20 05:00:00+00:00,644.2,644.8,642.1,643.3,80.0093
2026-03-20 06:00:00+00:00,643.3,643.3,641.3,642.4,279.37325
2026-03-20 07:00:00+00:00,642.4,644.8,639.7,644.2,289.4499
2026-03-20 08:00:00+00:00,644.2,647.7,643.8,646.4,161.07035
2026-03-20 09:00:00+00:00,646.4,646.4,641.0,641.8,250.79885
2026-03-20 10:00:00+00:00,641.8,643.9,640.2,643.1,167.30383
2026-03-20 11:00:00+00:00,643.1,644.3,640.6,641.5,179.798
2026-03-20 12:00:00+00:00,641.5,643.4,640.5,641.3,206.7131
2026-03-20 13:00:00+00:00,641.3,642.8,637.6,638.0,471.11593
2026-03-20 14:00:00+00:00,638.0,642.2,636.6,638.9,572.56296
2026-03-20 15:00:00+00:00,638.9,641.6,637.9,640.5,593.77733
2026-03-20 16:00:00+00:00,640.5,641.9,639.1,640.5,147.24225
2026-03-20 17:00:00+00:00,640.5,641.3,636.9,640.3,198.40708
2026-03-20 18:00:00+00:00,640.3,640.7,636.5,638.0,228.11805
2026-03-20 19:00:00+00:00,638.0,640.6,636.5,640.3,149.9048
2026-03-20 20:00:00+00:00,640.3,640.8,637.6,639.9,100.9181
2026-03-20 21:00:00+00:00,639.9,643.2,638.9,641.8,366.78223
2026-03-20 22:00:00+00:00,641.8,644.5,641.8,643.9,91.32333
2026-03-20 23:00:00+00:00,643.9,643.9,641.5,642.2,136.65065
2026-03-21 00:00:00+00:00,642.2,643.3,641.5,642.2,115.0094
2026-03-21 01:00:00+00:00,642.2,643.0,640.3,640.6,56.6612
2026-03-21 02:00:00+00:00,640.6,642.5,640.2,642.5,101.3093
2026-03-21 03:00:00+00:00,642.5,642.5,641.6,642.4,48.717
2026-03-21 04:00:00+00:00,642.4,643.4,641.7,641.8,50.5147
2026-03-21 05:00:00+00:00,641.8,643.3,641.8,642.4,81.2976
2026-03-21 06:00:00+00:00,642.4,643.5,642.0,643.3,65.7756
2026-03-21 07:00:00+00:00,643.3,644.4,642.9,643.0,63.06313
2026-03-21 08:00:00+00:00,643.0,643.5,642.2,643.0,96.3793
2026-03-21 09:00:00+00:00,643.0,644.3,643.0,643.2,108.7648
2026-03-21 10:00:00+00:00,643.2,643.2,642.2,642.8,80.4719
2026-03-21 11:00:00+00:00,642.8,644.1,642.8,643.9,73.9473
2026-03-21 12:00:00+00:00,643.9,644.4,643.6,643.8,120.6777
2026-03-21 13:00:00+00:00,643.8,644.3,643.3,644.2,83.4528
2026-03-21 14:00:00+00:00,644.2,646.2,642.0,642.3,239.38114
2026-03-21 15:00:00+00:00,642.3,643.3,641.4,643.0,121.51205
2026-03-21 16:00:00+00:00,643.0,643.3,641.0,641.4,161.986
2026-03-21 17:00:00+00:00,641.4,642.1,640.7,641.5,85.3269
2026-03-21 18:00:00+00:00,641.5,642.5,641.1,641.6,162.9637
2026-03-21 19:00:00+00:00,641.6,642.0,641.4,641.7,58.7087
2026-03-21 20:00:00+00:00,641.7,642.6,641.5,642.5,45.1678
2026-03-21 21:00:00+00:00,642.5,642.8,641.7,641.8,131.3421
2026-03-21 22:00:00+00:00,641.8,642.5,641.2,642.3,45.3936
2026-03-21 23:00:00+00:00,642.3,642.3,627.6,630.7,1075.98243
2026-03-22 00:00:00+00:00,630.7,632.6,622.6,630.3,578.38355
2026-03-22 01:00:00+00:00,630.3,632.0,629.2,630.8,203.7015
2026-03-22 02:00:00+00:00,630.8,635.1,630.8,634.8,284.12605
2026-03-22 03:00:00+00:00,634.8,637.8,632.9,634.8,344.82819
2026-03-22 04:00:00+00:00,634.8,636.6,632.4,635.3,688.40613
2026-03-22 05:00:00+00:00,635.3,635.3,633.2,633.6,384.9093
2026-03-22 06:00:00+00:00,633.6,634.3,632.6,633.7,157.12125
2026-03-22 07:00:00+00:00,633.7,634.6,631.9,632.2,140.5179
2026-03-22 08:00:00+00:00,632.2,632.2,628.9,630.9,187.39977
2026-03-22 09:00:00+00:00,630.9,631.8,630.0,631.2,123.4908
2026-03-22 10:00:00+00:00,631.2,631.6,629.3,629.8,58.9026
2026-03-22 11:00:00+00:00,629.8,630.0,627.6,628.0,177.78045
2026-03-22 12:00:00+00:00,628.0,631.1,628.0,629.4,216.49643
2026-03-22 13:00:00+00:00,629.4,631.8,628.8,630.2,216.1207
2026-03-22 14:00:00+00:00,630.2,631.7,628.9,630.1,163.5365
2026-03-22 15:00:00+00:00,630.1,631.6,629.2,629.8,282.7675
2026-03-22 16:00:00+00:00,629.8,630.9,629.5,630.7,108.1997
2026-03-22 17:00:00+00:00,630.7,632.2,630.1,630.7,231.8814
2026-03-22 18:00:00+00:00,630.7,631.6,627.8,629.6,148.79915
2026-03-22 19:00:00+00:00,629.6,629.6,626.7,627.6,214.04838
2026-03-22 20:00:00+00:00,627.6,629.9,627.6,628.2,110.3953
2026-03-22 21:00:00+00:00,628.2,628.6,621.9,625.9,408.67933
2026-03-22 22:00:00+00:00,625.9,630.1,623.1,629.9,159.24072
2026-03-22 23:00:00+00:00,629.9,631.5,626.3,626.4,175.15739
2026-03-23 00:00:00+00:00,626.4,628.1,622.2,624.8,339.39274
2026-03-23 01:00:00+00:00,624.8,628.2,623.8,626.4,462.21849
2026-03-23 02:00:00+00:00,626.4,630.3,625.6,628.8,130.17303
2026-03-23 03:00:00+00:00,628.8,630.9,626.4,626.5,132.12889
2026-03-23 04:00:00+00:00,626.5,629.7,626.5,629.6,176.09863
2026-03-23 05:00:00+00:00,629.6,632.0,629.6,632.0,184.32753
2026-03-23 06:00:00+00:00,632.0,632.0,621.3,622.9,631.24262
2026-03-23 07:00:00+00:00,622.9,625.7,620.3,624.3,357.22939
2026-03-23 08:00:00+00:00,624.3,626.4,623.5,624.3,371.7884
2026-03-23 09:00:00+00:00,624.3,626.0,621.4,625.8,425.66958
2026-03-23 10:00:00+00:00,625.8,628.1,625.2,626.8,356.51166
2026-03-23 11:00:00+00:00,626.8,650.9,626.7,638.4,6606.77786
2026-03-23 12:00:00+00:00,638.4,645.7,636.0,645.2,748.46509
2026-03-23 13:00:00+00:00,645.2,649.8,643.1,647.8,960.94275
2026-03-23 14:00:00+00:00,647.8,649.6,644.6,646.5,986.83995
2026-03-23 15:00:00+00:00,646.5,648.0,636.9,637.5,1936.99618
2026-03-23 16:00:00+00:00,637.5,639.1,634.1,635.8,1259.33898
2026-03-23 17:00:00+00:00,635.8,638.3,632.8,638.2,1006.30599
2026-03-23 18:00:00+00:00,638.2,639.8,636.3,639.8,441.67753
2026-03-23 19:00:00+00:00,639.8,640.8,637.3,637.8,371.0606
2026-03-23 20:00:00+00:00,637.8,639.9,636.7,639.4,175.7273
2026-03-23 21:00:00+00:00,639.4,642.7,639.4,639.8,454.60725
2026-03-23 22:00:00+00:00,639.8,640.1,637.4,638.8,413.6672
2026-03-23 23:00:00+00:00,638.8,639.4,636.4,639.2,154.47475
2026-03-24 00:00:00+00:00,639.2,640.2,634.9,636.9,283.33006
2026-03-24 01:00:00+00:00,636.9,637.0,632.5,633.8,226.51593
2026-03-24 02:00:00+00:00,633.8,635.4,632.0,632.9,123.4731
2026-03-24 03:00:00+00:00,632.9,633.6,632.4,632.7,46.8975
2026-03-24 04:00:00+00:00,632.7,633.8,628.9,629.5,83.2282
2026-03-24 05:00:00+00:00,629.5,629.7,627.3,629.1,128.8411
2026-03-24 06:00:00+00:00,629.1,631.1,629.1,631.0,60.41563
2026-03-24 07:00:00+00:00,631.0,638.6,630.9,638.1,201.6117
2026-03-24 08:00:00+00:00,638.1,638.4,634.4,634.8,201.16745
2026-03-24 09:00:00+00:00,634.8,638.9,634.1,638.7,207.69373
2026-03-24 10:00:00+00:00,638.7,638.7,636.7,638.3,224.3537
2026-03-24 11:00:00+00:00,638.3,640.0,636.0,638.9,307.88802
2026-03-24 12:00:00+00:00,638.9,639.6,636.7,637.6,202.75535
2026-03-24 13:00:00+00:00,637.6,638.2,631.4,632.2,699.6865
2026-03-24 14:00:00+00:00,632.2,634.2,627.3,629.9,592.19895
2026-03-24 15:00:00+00:00,629.9,633.4,629.9,631.1,301.10253
2026-03-24 16:00:00+00:00,631.1,632.0,628.2,629.3,248.0583
2026-03-24 17:00:00+00:00,629.3,629.8,627.0,628.9,330.04186
2026-03-24 18:00:00+00:00,628.9,632.4,628.8,630.7,195.83589
2026-03-24 19:00:00+00:00,630.7,632.3,629.7,630.3,180.07
2026-03-24 20:00:00+00:00,630.3,637.7,630.0,636.8,425.20989
2026-03-24 21:00:00+00:00,636.8,637.8,635.2,637.7,318.3758
2026-03-24 22:00:00+00:00,637.7,638.8,635.9,637.1,336.4241
2026-03-24 23:00:00+00:00,637.1,640.0,636.6,638.5,350.72582
2026-03-25 00:00:00+00:00,638.5,641.7,637.7,640.2,881.81932
2026-03-25 01:00:00+00:00,640.2,641.5,638.9,639.2,680.0852
2026-03-25 02:00:00+00:00,639.2,640.3,638.6,639.7,531.545
2026-03-25 03:00:00+00:00,639.7,643.2,638.9,642.5,1152.46934
2026-03-25 04:00:00+00:00,642.5,643.3,641.8,643.0,313.3656
2026-03-25 05:00:00+00:00,643.0,646.0,642.6,644.0,598.41149
2026-03-25 06:00:00+00:00,644.0,647.5,643.9,645.2,890.8136
2026-03-25 07:00:00+00:00,645.2,646.4,643.3,643.7,760.38835
2026-03-25 08:00:00+00:00,643.7,649.0,643.7,647.4,930.2885
2026-03-25 09:00:00+00:00,647.4,650.4,647.1,649.7,1723.8412
2026-03-25 10:00:00+00:00,649.7,649.8,646.1,647.1,1023.6157
2026-03-25 11:00:00+00:00,647.1,651.2,646.9,648.5,1845.80048
2026-03-25 12:00:00+00:00,648.5,650.8,646.0,649.3,1300.18998
2026-03-25 13:00:00+00:00,649.3,653.1,648.5,649.7,831.30387
2026-03-25 14:00:00+00:00,649.7,650.6,647.3,647.3,982.67235
2026-03-25 15:00:00+00:00,647.3,647.7,642.1,645.8,1012.60628
2026-03-25 16:00:00+00:00,645.8,651.3,645.2,647.7,1000.57785
2026-03-25 17:00:00+00:00,647.7,648.4,645.2,645.6,328.99185
2026-03-25 18:00:00+00:00,645.6,646.7,644.2,645.5,262.3203
2026-03-25 19:00:00+00:00,645.5,647.4,645.2,645.9,184.9436
2026-03-25 20:00:00+00:00,645.9,647.0,644.2,646.8,280.6596
2026-03-25 21:00:00+00:00,646.8,648.9,646.5,647.4,207.6008
2026-03-25 22:00:00+00:00,647.4,650.2,646.1,649.2,328.58053
2026-03-25 23:00:00+00:00,649.2,649.5,646.9,647.9,183.09415
2026-03-26 00:00:00+00:00,647.9,648.5,646.5,647.3,199.8621
2026-03-26 01:00:00+00:00,647.3,647.9,645.9,646.7,80.7778
2026-03-26 02:00:00+00:00,646.7,646.8,642.6,643.8,140.3267
2026-03-26 03:00:00+00:00,643.8,643.8,641.6,643.0,206.28153
2026-03-26 04:00:00+00:00,643.0,643.4,641.3,642.4,159.90085
2026-03-26 05:00:00+00:00,642.4,642.5,634.6,635.3,425.63885
2026-03-26 06:00:00+00:00,635.3,636.0,633.4,635.1,242.07408
2026-03-26 07:00:00+00:00,635.1,635.7,633.8,635.4,202.6592
2026-03-26 08:00:00+00:00,635.4,635.4,632.6,633.5,250.36225
2026-03-26 09:00:00+00:00,633.5,634.0,628.1,630.0,637.2053
2026-03-26 10:00:00+00:00,630.0,631.6,628.7,630.7,215.07003
2026-03-26 11:00:00+00:00,630.7,630.9,628.0,629.0,1234.82615
2026-03-26 12:00:00+00:00,629.0,629.9,628.3,629.7,250.535
2026-03-26 13:00:00+00:00,629.7,632.5,628.7,631.3,463.2434
2026-03-26 14:00:00+00:00,631.3,632.2,628.2,629.3,341.13655
2026-03-26 15:00:00+00:00,629.3,629.6,625.1,626.7,474.30794
2026-03-26 16:00:00+00:00,626.7,627.5,625.7,626.9,331.4881
2026-03-26 17:00:00+00:00,626.9,628.8,624.6,625.5,339.7609
2026-03-26 18:00:00+00:00,625.5,626.2,622.9,625.6,657.40695
2026-03-26 19:00:00+00:00,625.6,626.6,624.7,625.5,245.548
2026-03-26 20:00:00+00:00,625.5,631.4,625.0,629.8,965.6598
2026-03-26 21:00:00+00:00,629.8,631.4,628.5,630.7,282.41105
2026-03-26 22:00:00+00:00,630.7,631.2,627.9,629.5,165.02935
2026-03-26 23:00:00+00:00,629.5,630.4,627.7,628.8,185.3654
2026-03-27 00:00:00+00:00,628.8,629.7,627.5,629.1,149.6327
2026-03-27 01:00:00+00:00,629.1,631.4,628.5,631.3,91.2917
2026-03-27 02:00:00+00:00,631.3,631.7,630.1,630.3,114.3148
2026-03-27 03:00:00+00:00,630.3,630.6,628.0,628.3,91.44315
2026-03-27 04:00:00+00:00,628.3,628.3,624.9,627.2,244.37688
2026-03-27 05:00:00+00:00,627.2,629.9,626.5,627.8,199.89208
2026-03-27 06:00:00+00:00,627.8,628.7,627.4,628.1,110.4182
2026-03-27 07:00:00+00:00,628.1,629.9,627.3,628.3,136.5176
2026-03-27 08:00:00+00:00,628.3,628.9,617.8,620.5,1013.55319
2026-03-27 09:00:00+00:00,620.5,621.3,617.8,619.8,257.55998
2026-03-27 10:00:00+00:00,619.8,620.2,607.7,608.8,1545.44415
2026-03-27 11:00:00+00:00,608.8,612.3,607.1,611.2,758.81429
2026-03-27 12:00:00+00:00,611.2,611.8,609.9,611.3,253.0896
2026-03-27 13:00:00+00:00,611.3,612.3,607.5,608.1,458.6638
2026-03-27 14:00:00+00:00,608.1,610.2,605.8,609.5,495.85641
2026-03-27 15:00:00+00:00,609.5,614.1,609.2,610.7,612.20893
2026-03-27 16:00:00+00:00,610.7,610.8,607.9,609.3,237.1547
2026-03-27 17:00:00+00:00,609.3,612.0,607.1,607.5,226.15678
2026-03-27 18:00:00+00:00,607.5,609.6,606.7,609.5,200.63353
2026-03-27 19:00:00+00:00,609.5,610.7,608.2,610.3,138.0517
2026-03-27 20:00:00+00:00,610.3,611.3,608.7,611.2,239.138
2026-03-27 21:00:00+00:00,611.2,612.1,610.7,610.9,148.05223
2026-03-27 22:00:00+00:00,610.9,611.0,609.7,610.6,40.6489
2026-03-27 23:00:00+00:00,610.6,614.2,609.8,614.0,109.04589
2026-03-28 00:00:00+00:00,614.0,614.1,612.3,612.5,117.8574
2026-03-28 01:00:00+00:00,612.5,612.6,609.9,611.3,142.7563
2026-03-28 02:00:00+00:00,611.3,612.7,610.7,610.9,136.365
2026-03-28 03:00:00+00:00,610.9,611.9,610.8,611.1,47.114
2026-03-28 04:00:00+00:00,611.1,611.9,610.5,611.0,39.502
2026-03-28 05:00:00+00:00,611.0,612.4,610.6,612.3,56.7538
2026-03-28 06:00:00+00:00,612.3,614.2,612.0,613.8,96.00626
2026-03-28 07:00:00+00:00,613.8,614.4,612.9,614.0,61.0
2026-03-28 08:00:00+00:00,614.0,614.2,612.5,612.6,90.3874
2026-03-28 09:00:00+00:00,612.6,612.6,611.4,612.1,133.8492
2026-03-28 10:00:00+00:00,612.1,613.3,610.3,611.3,172.8146
2026-03-28 11:00:00+00:00,611.3,613.0,611.3,612.9,201.3255
2026-03-28 12:00:00+00:00,612.9,613.8,611.6,612.4,167.09203
2026-03-28 13:00:00+00:00,612.4,618.5,612.2,615.7,772.17651
2026-03-28 14:00:00+00:00,615.7,617.5,614.6,615.1,348.2944
2026-03-28 15:00:00+00:00,615.1,619.0,614.6,617.2,239.08373
2026-03-28 16:00:00+00:00,617.2,617.5,616.4,617.0,133.9785
2026-03-28 17:00:00+00:00,617.0,617.6,615.4,616.2,55.50055
2026-03-28 18:00:00+00:00,616.2,617.1,616.2,616.7,80.4767
2026-03-28 19:00:00+00:00,616.7,616.8,615.5,616.6,95.7635
2026-03-28 20:00:00+00:00,616.6,618.0,616.6,617.9,99.8856
2026-03-28 21:00:00+00:00,617.9,618.0,614.6,615.5,127.0437
2026-03-28 22:00:00+00:00,615.5,616.4,615.0,615.7,68.356
2026-03-28 23:00:00+00:00,615.7,615.7,610.7,610.9,331.75698
2026-03-29 00:00:00+00:00,610.9,611.7,609.8,611.7,125.46738
2026-03-29 01:00:00+00:00,611.7,613.5,611.4,612.7,101.4524
2026-03-29 02:00:00+00:00,612.7,613.9,612.5,613.5,54.3631
2026-03-29 03:00:00+00:00,613.5,615.2,613.0,614.0,160.9362
2026-03-29 04:00:00+00:00,614.0,614.2,612.9,613.0,166.5451
2026-03-29 05:00:00+00:00,613.0,614.0,612.0,613.8,70.0662
2026-03-29 06:00:00+00:00,613.8,614.7,613.3,614.0,40.554
2026-03-29 07:00:00+00:00,614.0,614.2,612.9,613.7,49.247
2026-03-29 08:00:00+00:00,613.7,614.4,613.4,613.9,77.8446
2026-03-29 09:00:00+00:00,613.9,614.2,612.5,613.3,138.8807
2026-03-29 10:00:00+00:00,613.3,613.3,611.2,612.2,128.0482
2026-03-29 11:00:00+00:00,612.2,614.4,612.0,613.7,129.14253
2026-03-29 12:00:00+00:00,613.7,613.7,611.8,612.7,53.9628
2026-03-29 13:00:00+00:00,612.7,612.8,610.0,610.2,120.28453
2026-03-29 14:00:00+00:00,610.2,612.4,609.1,609.4,281.98005
2026-03-29 15:00:00+00:00,609.4,610.1,607.4,609.6,195.64726
2026-03-29 16:00:00+00:00,609.6,611.0,609.1,609.5,70.976
2026-03-29 17:00:00+00:00,609.5,610.0,607.4,609.0,102.5508
2026-03-29 18:00:00+00:00,609.0,610.0,608.4,609.5,95.3511
2026-03-29 19:00:00+00:00,609.5,609.7,608.9,609.1,78.8173
2026-03-29 20:00:00+00:00,609.1,612.2,609.0,609.4,183.94848
2026-03-29 21:00:00+00:00,609.4,611.0,609.3,610.8,142.3119
2026-03-29 22:00:00+00:00,610.8,610.9,596.3,604.2,1152.0509
2026-03-29 23:00:00+00:00,604.2,608.1,604.1,606.0,292.14281
2026-03-30 00:00:00+00:00,606.0,614.6,605.1,609.7,411.2405
2026-03-30 01:00:00+00:00,609.7,614.9,609.7,614.0,173.35552
2026-03-30 02:00:00+00:00,614.0,619.1,612.5,617.1,428.97905
2026-03-30 03:00:00+00:00,617.1,617.1,614.8,615.7,141.75165
2026-03-30 04:00:00+00:00,615.7,618.0,615.7,617.2,240.8927
2026-03-30 05:00:00+00:00,617.2,618.7,616.3,617.1,205.05123
2026-03-30 06:00:00+00:00,617.1,618.0,615.7,615.7,162.00245
2026-03-30 07:00:00+00:00,615.7,619.2,615.4,618.2,321.4718
2026-03-30 08:00:00+00:00,618.2,621.7,617.2,620.0,752.10753
2026-03-30 09:00:00+00:00,620.0,620.1,617.5,617.9,240.9932
2026-03-30 10:00:00+00:00,617.9,618.4,616.5,618.3,127.8876
2026-03-30 11:00:00+00:00,618.3,621.7,617.6,617.8,662.10255
2026-03-30 12:00:00+00:00,617.8,620.0,617.8,619.8,224.0391
2026-03-30 13:00:00+00:00,619.8,620.9,616.5,616.9,410.54935
2026-03-30 14:00:00+00:00,616.9,618.4,613.6,617.3,350.59602
2026-03-30 15:00:00+00:00,617.3,619.5,615.6,618.5,202.24465
2026-03-30 16:00:00+00:00,618.5,618.6,615.5,616.8,285.68145
2026-03-30 17:00:00+00:00,616.8,617.6,611.9,613.4,218.68682
2026-03-30 18:00:00+00:00,613.4,613.7,610.2,610.9,235.41653
2026-03-30 19:00:00+00:00,610.9,611.0,608.2,610.8,133.16275
2026-03-30 20:00:00+00:00,610.8,611.6,609.3,610.1,312.3579
2026-03-30 21:00:00+00:00,610.1,613.5,609.5,612.5,161.0831
2026-03-30 22:00:00+00:00,612.5,613.6,610.6,611.2,238.1195
2026-03-30 23:00:00+00:00,611.2,611.2,607.4,609.1,222.44081
2026-03-31 00:00:00+00:00,609.1,612.4,608.3,611.4,122.73013
2026-03-31 01:00:00+00:00,611.4,619.9,610.7,616.8,379.12501
2026-03-31 02:00:00+00:00,616.8,617.5,615.0,615.2,92.3318
2026-03-31 03:00:00+00:00,615.2,615.2,612.7,613.5,83.92928
2026-03-31 04:00:00+00:00,613.5,614.6,611.6,612.5,172.0046
2026-03-31 05:00:00+00:00,612.5,613.76,611.3,613.4,133.2076
2026-03-31 06:00:00+00:00,613.4,613.4,611.0,612.2,96.2063
2026-03-31 07:00:00+00:00,612.2,612.4,609.4,611.1,244.53823
2026-03-31 08:00:00+00:00,611.1,611.2,606.5,607.3,291.45575
2026-03-31 09:00:00+00:00,607.3,608.2,599.0,600.6,487.83247
2026-03-31 10:00:00+00:00,600.6,603.3,599.9,602.7,391.03285
2026-03-31 11:00:00+00:00,602.7,606.3,602.3,605.3,438.13766
2026-03-31 12:00:00+00:00,605.3,607.7,604.3,606.3,313.98559
2026-03-31 13:00:00+00:00,606.3,613.7,606.2,612.2,476.25539
2026-03-31 14:00:00+00:00,612.2,615.9,606.7,608.5,747.4596
2026-03-31 15:00:00+00:00,608.5,611.7,607.9,608.0,403.30368
2026-03-31 16:00:00+00:00,608.0,616.7,607.9,614.2,607.66848
2026-03-31 17:00:00+00:00,614.2,619.9,613.9,614.1,897.22201
2026-03-31 18:00:00+00:00,614.1,617.2,614.1,616.0,240.9575
2026-03-31 19:00:00+00:00,616.0,617.1,615.2,616.0,118.9684
2026-03-31 20:00:00+00:00,616.0,619.3,615.9,619.3,328.5114
2026-03-31 21:00:00+00:00,619.3,619.4,616.9,618.1,284.1512
2026-03-31 22:00:00+00:00,618.1,618.5,615.3,617.3,290.1219
2026-03-31 23:00:00+00:00,617.3,618.0,616.3,617.5,130.336
2026-04-01 00:00:00+00:00,617.5,619.8,616.2,619.3,268.83723
2026-04-01 01:00:00+00:00,619.3,619.5,615.6,615.7,290.37395
2026-04-01 02:00:00+00:00,615.7,616.6,614.3,614.8,254.3902
2026-04-01 03:00:00+00:00,614.8,617.3,614.8,617.0,657.0499
2026-04-01 04:00:00+00:00,617.0,617.3,615.7,616.1,438.7246
2026-04-01 05:00:00+00:00,616.1,619.5,615.1,617.5,835.85233
2026-04-01 06:00:00+00:00,617.5,622.3,617.5,619.4,1282.45771
2026-04-01 07:00:00+00:00,619.4,621.2,616.4,616.5,531.58633
2026-04-01 08:00:00+00:00,616.5,617.6,615.1,615.5,442.77095
2026-04-01 09:00:00+00:00,615.5,616.2,614.1,615.8,345.4416
2026-04-01 10:00:00+00:00,615.8,616.8,614.0,614.9,744.695
2026-04-01 11:00:00+00:00,614.9,615.9,614.4,615.6,382.038
2026-04-01 12:00:00+00:00,615.6,618.0,613.5,614.9,1000.16682
2026-04-01 13:00:00+00:00,614.9,616.7,610.1,610.9,1337.79759
2026-04-01 14:00:00+00:00,610.9,614.7,610.9,613.9,849.72689
2026-04-01 15:00:00+00:00,613.9,615.3,612.3,615.0,483.5668
2026-04-01 16:00:00+00:00,615.0,617.5,611.4,616.5,1437.64349
2026-04-01 17:00:00+00:00,616.5,619.6,614.0,614.2,846.59818
2026-04-01 18:00:00+00:00,614.2,615.0,612.6,613.1,475.07293
2026-04-01 19:00:00+00:00,613.1,614.8,612.9,613.8,322.745
2026-04-01 20:00:00+00:00,613.8,614.1,611.0,613.7,221.85593
2026-04-01 21:00:00+00:00,613.7,616.0,613.6,614.7,382.67133
2026-04-01 22:00:00+00:00,614.7,614.7,610.0,611.1,479.3215
2026-04-01 23:00:00+00:00,611.1,611.6,610.1,610.9,256.3671
2026-04-02 00:00:00+00:00,610.9,613.7,610.2,613.7,411.1879
2026-04-02 01:00:00+00:00,613.7,613.7,602.7,604.3,732.15984
2026-04-02 02:00:00+00:00,604.3,604.3,596.5,597.2,394.74005
2026-04-02 03:00:00+00:00,597.2,598.1,591.9,592.1,410.90803
2026-04-02 04:00:00+00:00,592.1,592.6,587.4,588.1,407.86501
2026-04-02 05:00:00+00:00,588.1,591.4,588.1,590.9,385.03853
2026-04-02 06:00:00+00:00,590.9,591.7,588.5,589.9,271.6923
2026-04-02 07:00:00+00:00,589.9,592.4,589.3,591.8,329.8161
2026-04-02 08:00:00+00:00,591.8,591.8,587.8,587.9,507.27045
2026-04-02 09:00:00+00:00,587.9,588.2,585.3,586.0,272.27162
2026-04-02 10:00:00+00:00,586.0,586.3,581.2,581.4,369.21513
2026-04-02 11:00:00+00:00,581.4,582.0,577.4,581.3,653.7355
2026-04-02 12:00:00+00:00,581.3,581.5,575.2,575.5,1295.65578
2026-04-02 13:00:00+00:00,575.5,576.2,570.4,573.4,1709.10325
2026-04-02 14:00:00+00:00,573.4,579.3,571.6,576.2,829.12142
2026-04-02 15:00:00+00:00,576.2,576.8,571.7,574.1,545.14673
2026-04-02 16:00:00+00:00,574.1,581.1,574.0,579.8,523.31617
2026-04-02 17:00:00+00:00,579.8,583.0,578.2,578.5,404.59622
2026-04-02 18:00:00+00:00,578.5,582.7,578.4,582.0,144.08843
2026-04-02 19:00:00+00:00,582.0,583.8,580.3,583.4,256.1309
2026-04-02 20:00:00+00:00,583.4,584.9,582.8,583.6,203.56928
2026-04-02 21:00:00+00:00,583.6,584.5,582.0,584.2,167.3179
2026-04-02 22:00:00+00:00,584.2,584.7,581.4,583.3,135.43535
2026-04-02 23:00:00+00:00,583.3,584.0,582.5,583.5,123.83853
2026-04-03 00:00:00+00:00,583.5,585.7,582.8,584.2,122.7386
2026-04-03 01:00:00+00:00,584.2,587.1,583.7,584.3,229.9846
2026-04-03 02:00:00+00:00,584.3,586.0,582.0,584.8,155.31248
2026-04-03 03:00:00+00:00,584.8,586.3,584.5,586.0,89.61283
2026-04-03 04:00:00+00:00,586.0,587.1,585.1,586.7,183.66612
2026-04-03 05:00:00+00:00,586.7,588.08,584.9,586.6,110.31706
2026-04-03 06:00:00+00:00,586.6,587.6,585.3,586.2,154.277
2026-04-03 07:00:00+00:00,586.2,588.9,585.9,586.3,206.0607
2026-04-03 08:00:00+00:00,586.3,588.2,583.9,585.6,207.38085
2026-04-03 09:00:00+00:00,585.6,586.0,583.2,585.3,135.97498
2026-04-03 10:00:00+00:00,585.3,585.9,583.6,585.9,127.9372
2026-04-03 11:00:00+00:00,585.9,587.5,585.6,587.2,251.01323
2026-04-03 12:00:00+00:00,587.2,590.3,584.5,585.5,419.93265
2026-04-03 13:00:00+00:00,585.5,586.6,584.1,586.5,168.8651
2026-04-03 14:00:00+00:00,586.5,588.2,585.7,587.8,147.08643
2026-04-03 15:00:00+00:00,587.8,588.9,586.3,587.0,214.6615
2026-04-03 16:00:00+00:00,587.0,589.0,586.9,588.7,116.7045
2026-04-03 17:00:00+00:00,588.7,589.3,587.1,588.4,51.0962
2026-04-03 18:00:00+00:00,588.4,588.9,587.6,587.8,50.1238
2026-04-03 19:00:00+00:00,587.8,588.7,586.6,588.4,83.9193
2026-04-03 20:00:00+00:00,588.4,589.2,588.1,588.5,69.9146
2026-04-03 21:00:00+00:00,588.5,589.1,587.6,588.9,103.5708
2026-04-03 22:00:00+00:00,588.9,588.9,587.0,587.3,61.304
2026-04-03 23:00:00+00:00,587.3,588.6,587.1,588.1,86.6281
2026-04-04 00:00:00+00:00,588.1,588.6,587.2,587.7,57.3287
2026-04-04 01:00:00+00:00,587.7,588.2,587.1,587.6,66.7361
2026-04-04 02:00:00+00:00,587.6,588.6,587.5,588.3,54.7458
2026-04-04 03:00:00+00:00,588.3,589.3,588.2,589.1,48.5475
2026-04-04 04:00:00+00:00,589.1,589.3,588.5,588.5,40.1327
2026-04-04 05:00:00+00:00,588.5,589.6,588.3,589.5,87.3817
2026-04-04 06:00:00+00:00,589.5,592.0,589.5,591.5,119.34102
2026-04-04 07:00:00+00:00,591.5,591.5,589.1,589.9,153.2972
2026-04-04 08:00:00+00:00,589.9,591.8,589.2,589.5,121.7971
2026-04-04 09:00:00+00:00,589.5,590.3,589.2,590.0,60.7217
2026-04-04 10:00:00+00:00,590.0,590.4,589.0,590.2,171.6561
2026-04-04 11:00:00+00:00,590.2,590.4,589.2,589.5,216.749
2026-04-04 12:00:00+00:00,589.5,589.8,589.1,589.7,128.052
2026-04-04 13:00:00+00:00,589.7,590.9,589.7,590.2,78.6644
2026-04-04 14:00:00+00:00,590.2,590.5,588.1,590.1,136.313
2026-04-04 15:00:00+00:00,590.1,591.7,589.8,591.1,142.3771
2026-04-04 16:00:00+00:00,591.1,593.1,590.4,591.2,158.39633
2026-04-04 17:00:00+00:00,591.2,592.9,590.8,592.6,82.031
2026-04-04 18:00:00+00:00,592.6,593.6,592.4,593.4,90.82941
2026-04-04 19:00:00+00:00,593.4,596.64,593.0,593.5,258.51693
2026-04-04 20:00:00+00:00,593.5,593.7,592.6,593.4,85.8244
2026-04-04 21:00:00+00:00,593.4,595.2,593.1,594.4,225.3852
2026-04-04 22:00:00+00:00,594.4,594.9,593.8,594.2,76.1854
2026-04-04 23:00:00+00:00,594.2,594.2,592.6,593.4,100.4923
2026-04-05 00:00:00+00:00,593.4,594.0,592.2,592.5,148.2792
2026-04-05 01:00:00+00:00,592.5,593.8,591.7,592.1,187.695
2026-04-05 02:00:00+00:00,592.1,593.3,591.3,593.2,96.3116
2026-04-05 03:00:00+00:00,593.2,593.8,592.8,593.5,50.5762
2026-04-05 04:00:00+00:00,593.5,593.6,592.8,593.1,40.3098
2026-04-05 05:00:00+00:00,593.1,594.0,592.2,592.3,96.0333
2026-04-05 06:00:00+00:00,592.3,592.4,587.8,590.5,408.54569
2026-04-05 07:00:00+00:00,590.5,591.5,589.7,590.4,195.051
2026-04-05 08:00:00+00:00,590.4,593.2,590.1,592.6,129.306
2026-04-05 09:00:00+00:00,592.6,593.8,592.6,593.4,98.9438
2026-04-05 10:00:00+00:00,593.4,595.1,592.9,594.0,135.56269
2026-04-05 11:00:00+00:00,594.0,594.4,593.1,594.0,268.0958
2026-04-05 12:00:00+00:00,594.0,594.0,589.3,589.7,223.56886
2026-04-05 13:00:00+00:00,589.7,589.7,587.0,589.1,168.59108
2026-04-05 14:00:00+00:00,589.1,590.9,588.8,589.5,139.10536
2026-04-05 15:00:00+00:00,589.5,596.4,588.5,593.1,310.61809
2026-04-05 16:00:00+00:00,593.1,593.7,592.3,593.0,88.8376
2026-04-05 17:00:00+00:00,593.0,593.5,591.9,593.0,104.1156
2026-04-05 18:00:00+00:00,593.0,593.7,592.0,592.1,95.6226
2026-04-05 19:00:00+00:00,592.1,593.5,591.6,592.5,73.9998
2026-04-05 20:00:00+00:00,592.5,593.6,591.6,593.5,138.2377
2026-04-05 21:00:00+00:00,593.5,593.5,590.6,591.1,168.378
2026-04-05 22:00:00+00:00,591.1,597.7,590.8,597.2,411.07016
2026-04-05 23:00:00+00:00,597.2,604.2,596.7,601.5,558.14665
2026-04-06 00:00:00+00:00,601.5,607.8,601.5,603.4,668.35726
2026-04-06 01:00:00+00:00,603.4,603.9,600.6,601.0,394.87653
2026-04-06 02:00:00+00:00,601.0,605.3,600.8,603.0,285.67208
2026-04-06 03:00:00+00:00,603.0,603.2,600.2,600.6,132.8547
2026-04-06 04:00:00+00:00,600.6,601.5,598.8,600.0,253.38292
2026-04-06 05:00:00+00:00,600.0,602.3,600.0,602.0,140.3404
2026-04-06 06:00:00+00:00,602.0,604.3,600.0,601.3,262.96182
2026-04-06 07:00:00+00:00,601.3,604.4,600.2,603.9,519.56863
2026-04-06 08:00:00+00:00,603.9,605.2,603.8,604.3,271.6396
2026-04-06 09:00:00+00:00,604.3,610.6,604.2,607.1,704.36211
2026-04-06 10:00:00+00:00,607.1,608.1,605.5,606.7,425.3094
2026-04-06 11:00:00+00:00,606.7,606.8,605.1,605.4,162.62275
2026-04-06 12:00:00+00:00,605.4,605.7,604.3,604.4,303.7837
2026-04-06 13:00:00+00:00,604.4,606.8,604.2,605.6,233.3017
2026-04-06 14:00:00+00:00,605.6,608.6,604.9,607.2,501.83708
2026-04-06 15:00:00+00:00,607.2,608.8,606.8,608.4,221.5025
2026-04-06 16:00:00+00:00,608.4,609.1,605.8,605.9,364.9537
2026-04-06 17:00:00+00:00,605.9,605.9,603.1,604.6,305.804
2026-04-06 18:00:00+00:00,604.6,607.3,603.7,607.1,159.90806
2026-04-06 19:00:00+00:00,607.1,607.2,605.2,606.8,279.2503
2026-04-06 20:00:00+00:00,606.8,608.2,606.4,606.6,326.1095
2026-04-06 21:00:00+00:00,606.6,606.6,605.0,605.3,205.12635
2026-04-06 22:00:00+00:00,605.3,606.1,600.0,600.0,222.4249
2026-04-06 23:00:00+00:00,600.0,600.9,596.4,600.2,341.42878
2026-04-07 00:00:00+00:00,600.2,601.3,598.7,599.3,245.36353
2026-04-07 01:00:00+00:00,599.3,600.8,597.2,597.3,329.448
2026-04-07 02:00:00+00:00,597.3,599.5,596.4,598.6,309.07393
2026-04-07 03:00:00+00:00,598.6,599.6,598.0,599.1,111.9598
2026-04-07 04:00:00+00:00,599.1,601.9,598.2,600.1,239.64803
2026-04-07 05:00:00+00:00,600.1,600.3,597.0,597.7,150.73495
2026-04-07 06:00:00+00:00,597.7,599.0,596.7,598.8,227.2266
2026-04-07 07:00:00+00:00,598.8,599.4,597.4,599.1,152.4206
2026-04-07 08:00:00+00:00,599.1,602.9,599.1,602.5,343.24311
2026-04-07 09:00:00+00:00,602.5,606.5,602.4,605.1,322.16264
2026-04-07 10:00:00+00:00,605.1,605.4,597.2,597.7,989.38491
2026-04-07 11:00:00+00:00,597.7,598.3,596.5,597.2,488.59895
2026-04-07 12:00:00+00:00,597.2,599.5,592.2,598.2,1185.68514
2026-04-07 13:00:00+00:00,598.2,600.0,596.5,596.6,250.21565
2026-04-07 14:00:00+00:00,596.6,596.9,593.3,594.6,338.58551
2026-04-07 15:00:00+00:00,594.6,599.1,594.0,598.5,208.34429
2026-04-07 16:00:00+00:00,598.5,602.7,598.5,601.2,248.33878
2026-04-07 17:00:00+00:00,601.2,607.0,601.0,604.7,184.31203
2026-04-07 18:00:00+00:00,604.7,604.8,602.7,603.4,189.95795
2026-04-07 19:00:00+00:00,603.4,608.9,603.2,608.5,493.56887
2026-04-07 20:00:00+00:00,608.5,609.9,607.3,607.8,265.39372
2026-04-07 21:00:00+00:00,607.8,613.8,607.8,611.9,415.64067
2026-04-07 22:00:00+00:00,611.9,619.5,611.9,619.5,933.12217
2026-04-07 23:00:00+00:00,619.5,625.0,617.2,620.2,964.79185
2026-04-08 00:00:00+00:00,620.2,621.6,615.2,617.5,982.09701
2026-04-08 01:00:00+00:00,617.5,619.1,615.8,616.2,390.24013
2026-04-08 02:00:00+00:00,616.2,617.5,615.0,615.4,307.2452
2026-04-08 03:00:00+00:00,615.4,616.0,613.2,613.5,441.68062
2026-04-08 04:00:00+00:00,613.5,616.0,613.4,615.3,532.27
2026-04-08 05:00:00+00:00,615.3,616.9,615.3,616.0,195.0363
2026-04-08 06:00:00+00:00,616.0,617.4,614.0,614.1,212.31446
2026-04-08 07:00:00+00:00,614.1,615.0,612.2,613.3,230.08413
2026-04-08 08:00:00+00:00,613.3,614.0,611.5,612.8,320.30675
2026-04-08 09:00:00+00:00,612.8,614.5,611.5,611.8,163.27548
2026-04-08 10:00:00+00:00,611.8,612.9,611.2,612.1,206.3245
2026-04-08 11:00:00+00:00,612.1,613.2,611.0,612.8,209.9134
2026-04-08 12:00:00+00:00,612.8,614.6,611.6,613.5,578.48638
2026-04-08 13:00:00+00:00,613.5,615.8,606.4,607.3,767.02057
2026-04-08 14:00:00+00:00,607.3,608.3,601.3,602.6,465.34386
2026-04-08 15:00:00+00:00,602.6,605.8,601.7,605.4,190.89145
2026-04-08 16:00:00+00:00,605.4,607.2,604.9,605.2,211.1955
2026-04-08 17:00:00+00:00,605.2,607.6,604.6,606.8,101.69643
2026-04-08 18:00:00+00:00,606.8,607.0,602.8,603.0,173.12988
2026-04-08 19:00:00+00:00,603.0,604.6,602.7,604.2,109.7234
2026-04-08 20:00:00+00:00,604.2,604.9,603.6,604.8,150.8647
2026-04-08 21:00:00+00:00,604.8,607.34,604.8,606.4,176.03616
2026-04-08 22:00:00+00:00,606.4,606.8,604.2,604.4,146.1327
2026-04-08 23:00:00+00:00,604.4,604.4,599.8,601.3,265.56318
2026-04-09 00:00:00+00:00,601.3,601.4,598.6,599.6,183.1416
2026-04-09 01:00:00+00:00,599.6,601.5,597.0,601.5,276.39677
2026-04-09 02:00:00+00:00,601.5,602.9,601.2,601.8,316.66822
2026-04-09 03:00:00+00:00,601.8,601.8,600.0,600.2,123.554
2026-04-09 04:00:00+00:00,600.2,600.2,598.8,598.9,165.08103
2026-04-09 05:00:00+00:00,598.9,601.2,598.7,600.2,120.36025
2026-04-09 06:00:00+00:00,600.2,600.7,598.7,600.6,109.17835
2026-04-09 07:00:00+00:00,600.6,601.4,599.9,600.0,167.5924
2026-04-09 08:00:00+00:00,600.0,601.9,599.3,600.9,200.681
2026-04-09 09:00:00+00:00,600.9,603.0,599.9,602.7,160.65652
2026-04-09 10:00:00+00:00,602.7,603.2,601.1,602.5,240.37683
2026-04-09 11:00:00+00:00,602.5,603.0,601.1,602.4,239.9974
2026-04-09 12:00:00+00:00,602.4,603.6,601.3,603.3,167.6453
2026-04-09 13:00:00+00:00,603.3,603.6,600.2,600.8,306.35135
2026-04-09 14:00:00+00:00,600.8,601.5,598.4,600.9,197.34711
2026-04-09 15:00:00+00:00,600.9,607.3,599.7,606.1,342.62398
2026-04-09 16:00:00+00:00,606.1,607.3,603.3,605.8,421.62008
2026-04-09 17:00:00+00:00,605.8,608.7,605.5,608.5,169.14838
2026-04-09 18:00:00+00:00,608.5,608.6,605.4,606.7,172.8366
2026-04-09 19:00:00+00:00,606.7,609.5,606.4,608.8,411.33283
2026-04-09 20:00:00+00:00,608.8,609.8,607.8,608.5,191.7167
2026-04-09 21:00:00+00:00,608.5,610.2,606.9,606.9,318.222
2026-04-09 22:00:00+00:00,606.9,612.2,605.6,605.9,621.6602
2026-04-09 23:00:00+00:00,605.9,606.2,601.9,603.1,635.83736
2026-04-10 00:00:00+00:00,603.1,603.6,601.1,603.4,108.6106
2026-04-10 01:00:00+00:00,603.4,605.4,601.0,603.0,316.08473
2026-04-10 02:00:00+00:00,603.0,603.6,601.1,601.8,205.719
2026-04-10 03:00:00+00:00,601.8,601.8,599.9,601.2,187.60185
2026-04-10 04:00:00+00:00,601.2,602.7,601.0,601.1,256.4855
2026-04-10 05:00:00+00:00,601.1,602.7,600.7,601.8,256.4214
2026-04-10 06:00:00+00:00,601.8,602.1,599.6,600.6,411.2374
2026-04-10 07:00:00+00:00,600.6,601.3,599.1,599.3,338.6402
2026-04-10 08:00:00+00:00,599.3,600.8,597.5,600.7,633.16803
2026-04-10 09:00:00+00:00,600.7,602.1,600.4,601.8,482.1445
2026-04-10 10:00:00+00:00,601.8,601.9,599.9,600.8,187.3605
2026-04-10 11:00:00+00:00,600.8,603.4,600.6,602.5,499.73963
2026-04-10 12:00:00+00:00,602.5,604.7,601.5,602.7,531.5049
2026-04-10 13:00:00+00:00,602.7,603.3,601.1,602.2,313.6289
2026-04-10 14:00:00+00:00,602.2,607.5,602.1,607.0,536.22688
2026-04-10 15:00:00+00:00,607.0,608.8,602.9,603.2,542.2693
2026-04-10 16:00:00+00:00,603.2,606.2,603.2,606.0,450.39193
2026-04-10 17:00:00+00:00,606.0,607.4,605.4,607.4,109.40383
2026-04-10 18:00:00+00:00,607.4,609.3,606.6,609.1,97.07839
2026-04-10 19:00:00+00:00,609.1,610.1,608.4,609.6,182.22393
2026-04-10 20:00:00+00:00,609.6,610.3,608.0,610.0,113.3843
2026-04-10 21:00:00+00:00,610.0,610.2,606.5,607.6,127.45515
2026-04-10 22:00:00+00:00,607.6,608.0,606.0,606.8,90.4401
2026-04-10 23:00:00+00:00,606.8,606.8,605.5,605.6,56.0263
2026-04-11 00:00:00+00:00,605.6,605.9,604.4,604.8,121.56675
2026-04-11 01:00:00+00:00,604.8,605.4,603.5,605.1,117.44338
2026-04-11 02:00:00+00:00,605.1,606.5,604.5,605.7,223.6253
2026-04-11 03:00:00+00:00,605.7,607.7,605.7,606.6,85.9665
2026-04-11 04:00:00+00:00,606.6,607.5,605.6,605.9,72.9207
2026-04-11 05:00:00+00:00,605.9,607.0,604.9,605.6,79.03995
2026-04-11 06:00:00+00:00,605.6,606.1,604.5,606.0,97.3113
2026-04-11 07:00:00+00:00,606.0,606.6,605.6,606.1,185.8354
2026-04-11 08:00:00+00:00,606.1,607.2,605.3,606.0,369.0089
2026-04-11 09:00:00+00:00,606.0,607.3,605.7,606.8,143.8747
2026-04-11 10:00:00+00:00,606.8,606.9,605.3,605.6,68.2612
2026-04-11 11:00:00+00:00,605.6,605.9,604.5,605.5,146.1097
2026-04-11 12:00:00+00:00,605.5,607.0,605.2,606.5,86.4047
2026-04-11 13:00:00+00:00,606.5,606.5,603.8,604.8,207.2325
2026-04-11 14:00:00+00:00,604.8,605.6,604.5,604.8,139.5658
2026-04-11 15:00:00+00:00,604.8,606.8,604.4,605.8,187.9119
2026-04-11 16:00:00+00:00,605.8,609.1,605.7,607.6,185.66556
2026-04-11 17:00:00+00:00,607.6,608.4,606.6,607.8,77.5612
2026-04-11 18:00:00+00:00,607.8,611.7,607.3,611.0,253.75362
2026-04-11 19:00:00+00:00,611.0,614.1,611.0,613.1,342.1428
2026-04-11 20:00:00+00:00,613.1,613.2,609.6,610.4,951.7326
2026-04-11 21:00:00+00:00,610.4,611.4,610.0,610.5,524.8871
2026-04-11 22:00:00+00:00,610.5,612.3,610.1,611.2,486.0264
2026-04-11 23:00:00+00:00,611.2,611.2,606.0,607.2,771.1476
2026-04-12 00:00:00+00:00,607.2,607.5,606.2,607.0,427.1854
2026-04-12 01:00:00+00:00,607.0,607.6,590.4,593.6,1651.93044
2026-04-12 02:00:00+00:00,593.6,597.7,592.0,597.4,407.33114
2026-04-12 03:00:00+00:00,597.4,597.9,594.9,595.3,1019.7847
2026-04-12 04:00:00+00:00,595.3,595.5,594.1,594.5,2174.1924
2026-04-12 05:00:00+00:00,594.5,595.9,594.0,595.6,917.1468
2026-04-12 06:00:00+00:00,595.6,596.0,594.3,594.6,245.5515
2026-04-12 07:00:00+00:00,594.6,594.6,592.7,594.1,986.99363
2026-04-12 08:00:00+00:00,594.1,594.7,593.4,593.6,454.4809
2026-04-12 09:00:00+00:00,593.6,594.5,593.0,593.5,188.1463
2026-04-12 10:00:00+00:00,593.5,595.6,592.8,593.6,164.8882
2026-04-12 11:00:00+00:00,593.6,595.6,593.6,595.5,1315.472
2026-04-12 12:00:00+00:00,595.5,595.9,592.8,593.0,329.4352
2026-04-12 13:00:00+00:00,593.0,593.0,590.8,591.3,389.79735
2026-04-12 14:00:00+00:00,591.3,592.5,589.0,589.9,387.47351
2026-04-12 15:00:00+00:00,589.9,591.9,589.8,591.5,229.7005
2026-04-12 16:00:00+00:00,591.5,592.3,591.0,591.9,119.5823
2026-04-12 17:00:00+00:00,591.9,593.3,591.4,592.6,121.82545
2026-04-12 18:00:00+00:00,592.6,593.0,591.4,592.3,96.898
2026-04-12 19:00:00+00:00,592.3,593.3,592.3,592.3,189.9098
2026-04-12 20:00:00+00:00,592.3,596.9,591.6,595.5,371.36341
2026-04-12 21:00:00+00:00,595.5,596.7,594.3,595.2,244.9533
2026-04-12 22:00:00+00:00,595.2,595.2,591.1,593.9,400.47568
2026-04-12 23:00:00+00:00,593.9,593.9,590.9,592.1,157.2674
2026-04-13 00:00:00+00:00,592.1,596.3,591.6,596.0,113.17063
2026-04-13 01:00:00+00:00,596.0,596.8,595.0,596.4,73.412
2026-04-13 02:00:00+00:00,596.4,597.9,595.6,596.3,93.46736
2026-04-13 03:00:00+00:00,596.3,596.7,594.6,594.9,46.0659
2026-04-13 04:00:00+00:00,594.9,597.1,594.7,595.5,68.6694
2026-04-13 05:00:00+00:00,595.5,597.8,594.8,597.7,233.8575
2026-04-13 06:00:00+00:00,597.7,599.6,597.7,598.2,112.68445
2026-04-13 07:00:00+00:00,598.2,598.4,596.0,597.4,250.35018
2026-04-13 08:00:00+00:00,597.4,597.4,595.3,596.6,199.0364
2026-04-13 09:00:00+00:00,596.6,598.0,596.6,597.3,106.5191
2026-04-13 10:00:00+00:00,597.3,598.1,596.8,597.4,67.8801
2026-04-13 11:00:00+00:00,597.4,598.7,597.1,597.1,101.224
2026-04-13 12:00:00+00:00,597.1,599.2,596.5,598.5,324.98803
2026-04-13 13:00:00+00:00,598.5,600.0,595.6,599.7,205.08644
2026-04-13 14:00:00+00:00,599.7,603.4,597.7,603.4,305.68302
2026-04-13 15:00:00+00:00,603.4,604.8,600.3,603.4,791.32561
2026-04-13 16:00:00+00:00,603.4,608.0,602.4,606.3,923.33763
2026-04-13 17:00:00+00:00,606.3,607.8,604.6,604.8,418.00243
2026-04-13 18:00:00+00:00,604.8,605.3,603.3,604.9,182.7823
2026-04-13 19:00:00+00:00,604.9,609.2,603.9,608.6,478.38574
2026-04-13 20:00:00+00:00,608.6,609.0,607.2,607.4,187.9475
2026-04-13 21:00:00+00:00,607.4,609.5,607.2,608.1,190.8311
2026-04-13 22:00:00+00:00,608.1,616.5,608.0,615.5,693.33886
2026-04-13 23:00:00+00:00,615.5,618.0,614.5,614.8,431.2813
2026-04-14 00:00:00+00:00,614.8,615.9,612.2,612.3,404.33993
2026-04-14 01:00:00+00:00,612.3,614.3,611.0,613.7,354.48648
2026-04-14 02:00:00+00:00,613.7,615.9,612.8,615.1,324.54543
2026-04-14 03:00:00+00:00,615.1,616.2,614.4,616.0,157.4394
2026-04-14 04:00:00+00:00,616.0,616.1,614.4,614.8,377.7352
2026-04-14 05:00:00+00:00,614.8,614.9,612.0,612.9,154.1659
2026-04-14 06:00:00+00:00,612.9,615.2,612.9,614.8,163.2842
2026-04-14 07:00:00+00:00,614.8,615.6,613.4,613.5,179.0072
2026-04-14 08:00:00+00:00,613.5,619.0,613.3,617.8,1382.24909
2026-04-14 09:00:00+00:00,617.8,619.5,617.5,618.0,438.65389
2026-04-14 10:00:00+00:00,618.0,619.6,617.3,618.1,247.1332
2026-04-14 11:00:00+00:00,618.1,618.1,615.6,616.5,412.40075
2026-04-14 12:00:00+00:00,616.5,616.8,615.3,615.7,239.4539
2026-04-14 13:00:00+00:00,615.7,622.8,615.6,622.4,846.85395
2026-04-14 14:00:00+00:00,622.4,623.0,618.4,619.3,738.25555
2026-04-14 15:00:00+00:00,619.3,625.4,618.5,623.5,1080.90717
2026-04-14 16:00:00+00:00,623.5,625.3,618.1,619.0,470.31188
2026-04-14 17:00:00+00:00,619.0,620.4,615.8,617.1,545.78943
2026-04-14 18:00:00+00:00,617.1,618.4,613.3,614.0,336.83078
2026-04-14 19:00:00+00:00,614.0,615.4,612.0,614.0,167.10813
2026-04-14 20:00:00+00:00,614.0,615.1,613.1,613.7,128.5091
2026-04-14 21:00:00+00:00,613.7,616.4,613.7,615.8,203.98583
2026-04-14 22:00:00+00:00,615.8,617.1,614.1,614.5,187.5611
2026-04-14 23:00:00+00:00,614.5,614.8,613.4,613.9,239.79745
2026-04-15 00:00:00+00:00,613.9,617.1,613.9,616.8,310.80393
2026-04-15 01:00:00+00:00,616.8,619.8,615.8,619.4,355.70169
2026-04-15 02:00:00+00:00,619.4,619.7,615.4,616.0,157.1706
2026-04-15 03:00:00+00:00,616.0,616.5,615.0,616.0,60.5679
2026-04-15 04:00:00+00:00,616.0,617.1,614.2,615.3,117.5806
2026-04-15 05:00:00+00:00,615.3,616.3,613.1,613.5,79.69195
2026-04-15 06:00:00+00:00,613.5,615.0,612.8,614.2,115.2656
2026-04-15 07:00:00+00:00,614.2,614.6,610.8,611.6,129.77795
2026-04-15 08:00:00+00:00,611.6,614.9,610.6,614.7,1017.67773
2026-04-15 09:00:00+00:00,614.7,616.0,613.8,615.6,672.4223
2026-04-15 10:00:00+00:00,615.6,618.7,615.5,617.1,519.96326
2026-04-15 11:00:00+00:00,617.1,620.8,617.1,619.7,667.89398
2026-04-15 12:00:00+00:00,619.7,619.8,617.4,618.1,384.762
2026-04-15 13:00:00+00:00,618.1,619.3,616.7,619.0,358.75868
2026-04-15 14:00:00+00:00,619.0,620.6,617.1,618.6,307.04568
2026-04-15 15:00:00+00:00,618.6,619.9,616.0,619.1,346.876
2026-04-15 16:00:00+00:00,619.1,621.53,618.6,620.9,1115.66311
2026-04-15 17:00:00+00:00,620.9,622.0,620.0,621.4,280.90577
2026-04-15 18:00:00+00:00,621.4,623.1,621.0,622.6,432.87793
2026-04-15 19:00:00+00:00,622.6,627.6,622.3,625.6,622.06174
2026-04-15 20:00:00+00:00,625.6,625.7,622.4,623.7,678.33073
2026-04-15 21:00:00+00:00,623.7,624.1,622.4,623.5,581.6553
2026-04-15 22:00:00+00:00,623.5,627.0,623.2,624.4,842.69338
2026-04-15 23:00:00+00:00,624.4,624.5,621.4,622.7,434.5303
2026-04-16 00:00:00+00:00,622.7,623.5,620.6,623.4,377.6429
2026-04-16 01:00:00+00:00,623.4,623.4,621.0,622.5,383.5041
2026-04-16 02:00:00+00:00,622.5,626.3,622.3,624.4,444.3211
2026-04-16 03:00:00+00:00,624.4,625.8,624.1,624.5,275.7019
2026-04-16 04:00:00+00:00,624.5,625.1,622.3,623.4,264.1808
2026-04-16 05:00:00+00:00,623.4,625.3,622.7,625.1,215.4012
2026-04-16 06:00:00+00:00,625.1,626.2,624.2,624.9,203.4214
2026-04-16 07:00:00+00:00,624.9,625.5,622.0,622.7,251.48925
2026-04-16 08:00:00+00:00,622.7,623.4,620.7,622.5,227.3381
2026-04-16 09:00:00+00:00,622.5,623.9,621.9,622.8,363.9802
2026-04-16 10:00:00+00:00,622.8,623.4,619.4,619.8,246.85346
2026-04-16 11:00:00+00:00,619.8,621.2,619.0,621.0,167.9011
2026-04-16 12:00:00+00:00,621.0,622.0,620.7,621.6,171.369
2026-04-16 13:00:00+00:00,621.6,624.1,615.0,617.8,667.7915
2026-04-16 14:00:00+00:00,617.8,620.6,615.4,619.3,486.83001
2026-04-16 15:00:00+00:00,619.3,626.5,618.8,625.0,467.41406
2026-04-16 16:00:00+00:00,625.0,628.0,623.9,625.5,363.13411
2026-04-16 17:00:00+00:00,625.5,627.7,623.7,627.5,203.10004
2026-04-16 18:00:00+00:00,627.5,637.4,626.5,635.9,855.65792
2026-04-16 19:00:00+00:00,635.9,637.1,634.1,636.6,418.9446
2026-04-16 20:00:00+00:00,636.6,637.4,633.3,634.7,237.28835
2026-04-16 21:00:00+00:00,634.7,635.2,631.8,632.5,154.18045
2026-04-16 22:00:00+00:00,632.5,634.5,632.0,633.4,91.9496
2026-04-16 23:00:00+00:00,633.4,636.5,633.0,635.8,178.48153
2026-04-17 00:00:00+00:00,635.8,636.6,633.1,633.5,125.9668
2026-04-17 01:00:00+00:00,633.5,634.4,629.6,631.5,215.35691
2026-04-17 02:00:00+00:00,631.5,631.9,628.4,629.8,174.6551
2026-04-17 03:00:00+00:00,629.8,631.3,629.0,629.4,254.3366
2026-04-17 04:00:00+00:00,629.4,630.3,628.9,629.7,193.0359
2026-04-17 05:00:00+00:00,629.7,629.8,627.3,628.1,146.67195
2026-04-17 06:00:00+00:00,628.1,629.3,627.7,628.5,95.7682
2026-04-17 07:00:00+00:00,628.5,629.7,626.7,627.3,112.30078
2026-04-17 08:00:00+00:00,627.3,631.3,626.9,630.9,268.22969
2026-04-17 09:00:00+00:00,630.9,635.0,629.5,632.8,338.28096
2026-04-17 10:00:00+00:00,632.8,633.3,629.0,630.5,317.24768
2026-04-17 11:00:00+00:00,630.5,633.9,630.2,632.6,179.01269
2026-04-17 12:00:00+00:00,632.6,636.5,631.8,635.9,232.76274
2026-04-17 13:00:00+00:00,635.9,643.4,635.4,643.1,1110.23762
2026-04-17 14:00:00+00:00,643.1,645.8,640.9,643.9,625.6273
2026-04-17 15:00:00+00:00,643.9,643.9,641.1,643.4,456.18773
2026-04-17 16:00:00+00:00,643.4,645.7,643.3,645.5,384.4186
2026-04-17 17:00:00+00:00,645.5,645.6,640.1,641.9,675.25895
2026-04-17 18:00:00+00:00,641.9,642.2,638.8,640.0,206.89175
2026-04-17 19:00:00+00:00,640.0,642.2,638.9,641.4,148.23083
2026-04-17 20:00:00+00:00,641.4,642.3,639.3,640.9,74.2018
2026-04-17 21:00:00+00:00,640.9,642.5,640.9,642.3,201.21093
2026-04-17 22:00:00+00:00,642.3,644.9,641.6,644.0,242.33233
2026-04-17 23:00:00+00:00,644.0,644.8,641.7,643.1,226.2383
2026-04-18 00:00:00+00:00,643.1,645.5,641.6,643.9,261.9701
2026-04-18 01:00:00+00:00,643.9,646.9,643.1,644.7,212.27468
2026-04-18 02:00:00+00:00,644.7,646.0,643.7,644.2,242.5873
2026-04-18 03:00:00+00:00,644.2,644.2,640.1,640.2,346.5688
2026-04-18 04:00:00+00:00,640.2,645.0,640.0,644.4,136.85663
2026-04-18 05:00:00+00:00,644.4,648.9,644.2,645.2,705.31535
2026-04-18 06:00:00+00:00,645.2,645.8,643.4,643.9,191.48105
2026-04-18 07:00:00+00:00,643.9,644.6,642.9,643.4,150.9175
2026-04-18 08:00:00+00:00,643.4,643.6,634.9,637.0,428.71736
2026-04-18 09:00:00+00:00,637.0,637.0,633.7,635.9,346.96433
2026-04-18 10:00:00+00:00,635.9,635.9,632.2,633.9,167.00103
2026-04-18 11:00:00+00:00,633.9,634.6,631.4,633.2,156.9064
2026-04-18 12:00:00+00:00,633.2,634.7,631.8,634.1,318.7882
2026-04-18 13:00:00+00:00,634.1,634.4,631.4,633.5,194.2863
2026-04-18 14:00:00+00:00,633.5,634.4,632.2,634.2,149.5701
2026-04-18 15:00:00+00:00,634.2,635.0,632.3,633.2,206.7117
2026-04-18 16:00:00+00:00,633.2,634.3,631.2,633.3,245.2702
2026-04-18 17:00:00+00:00,633.3,634.1,631.7,633.5,105.0986
2026-04-18 18:00:00+00:00,633.5,634.0,629.0,629.3,359.94699
2026-04-18 19:00:00+00:00,629.3,631.2,628.2,630.5,152.03075
2026-04-18 20:00:00+00:00,630.5,631.5,629.6,630.1,137.1352
2026-04-18 21:00:00+00:00,630.1,631.8,629.7,631.7,203.4213
2026-04-18 22:00:00+00:00,631.7,631.7,629.6,630.8,76.3448
2026-04-18 23:00:00+00:00,630.8,631.9,629.6,629.8,86.7137
2026-04-19 00:00:00+00:00,629.8,630.2,628.2,629.2,107.65815
2026-04-19 01:00:00+00:00,629.2,630.4,627.4,627.9,146.9096
2026-04-19 02:00:00+00:00,627.9,627.9,623.5,625.3,294.54552
2026-04-19 03:00:00+00:00,625.3,625.3,621.0,623.0,486.39521
2026-04-19 04:00:00+00:00,623.0,624.5,620.2,621.9,767.56523
2026-04-19 05:00:00+00:00,621.9,623.3,621.6,622.5,297.286
2026-04-19 06:00:00+00:00,622.5,623.4,619.7,622.7,335.66093
2026-04-19 07:00:00+00:00,622.7,622.8,618.0,620.4,455.9162
2026-04-19 08:00:00+00:00,620.4,621.4,618.1,621.1,225.6503
2026-04-19 09:00:00+00:00,621.1,621.5,618.9,619.7,222.3435
2026-04-19 10:00:00+00:00,619.7,620.7,619.1,620.2,92.1361
2026-04-19 11:00:00+00:00,620.2,623.1,620.0,622.3,178.98013
2026-04-19 12:00:00+00:00,622.3,623.8,622.0,623.2,163.2497
2026-04-19 13:00:00+00:00,623.2,626.1,623.0,625.1,319.78472
2026-04-19 14:00:00+00:00,625.1,628.3,623.6,626.9,206.42345
2026-04-19 15:00:00+00:00,626.9,627.5,623.2,625.9,549.43133
2026-04-19 16:00:00+00:00,625.9,626.5,622.8,623.5,330.0464
2026-04-19 17:00:00+00:00,623.5,624.8,620.1,620.4,420.95413
2026-04-19 18:00:00+00:00,620.4,622.1,619.1,622.1,356.14253
2026-04-19 19:00:00+00:00,622.1,623.4,621.9,623.0,144.61663
2026-04-19 20:00:00+00:00,623.0,623.0,619.8,620.9,189.77445
2026-04-19 21:00:00+00:00,620.9,623.1,619.9,620.4,338.94485
2026-04-19 22:00:00+00:00,620.4,620.4,614.6,616.9,862.74768
2026-04-19 23:00:00+00:00,616.9,617.6,615.1,616.0,429.0115
2026-04-20 00:00:00+00:00,616.0,620.9,615.9,619.8,251.29499
2026-04-20 01:00:00+00:00,619.8,622.7,619.5,621.8,215.8399
2026-04-20 02:00:00+00:00,621.8,621.9,620.0,621.2,193.3787
2026-04-20 03:00:00+00:00,621.2,622.0,621.0,621.8,111.1676
2026-04-20 04:00:00+00:00,621.8,621.8,620.2,620.9,107.1099
2026-04-20 05:00:00+00:00,620.9,620.9,616.7,618.7,362.11843
2026-04-20 06:00:00+00:00,618.7,624.3,618.5,624.2,247.24466
2026-04-20 07:00:00+00:00,624.2,629.32,623.3,624.5,484.47524
2026-04-20 08:00:00+00:00,624.5,625.5,622.6,623.7,296.555
2026-04-20 09:00:00+00:00,623.7,626.8,623.3,626.6,154.27763
2026-04-20 10:00:00+00:00,626.6,628.1,626.0,626.0,112.47876
2026-04-20 11:00:00+00:00,626.0,626.7,625.1,625.3,169.3306
2026-04-20 12:00:00+00:00,625.3,627.7,624.3,625.0,308.08745
2026-04-20 13:00:00+00:00,625.0,626.4,623.4,625.8,450.22928
2026-04-20 14:00:00+00:00,625.8,627.9,622.8,623.6,356.63626
2026-04-20 15:00:00+00:00,623.6,628.3,620.8,628.2,294.11211
2026-04-20 16:00:00+00:00,628.2,629.3,626.9,627.1,160.854
2026-04-20 17:00:00+00:00,627.1,630.1,626.8,629.5,194.47813
2026-04-20 18:00:00+00:00,629.5,631.8,629.3,630.9,264.98367
2026-04-20 19:00:00+00:00,630.9,631.7,630.0,630.6,121.1675
2026-04-20 20:00:00+00:00,630.6,632.0,629.6,631.0,250.1211
2026-04-20 21:00:00+00:00,631.0,632.1,629.3,630.5,208.4252
2026-04-20 22:00:00+00:00,630.5,631.6,628.7,628.9,91.2286
2026-04-20 23:00:00+00:00,628.9,629.4,627.9,629.3,106.9286
2026-04-21 00:00:00+00:00,629.3,632.0,629.3,631.6,138.57803
2026-04-21 01:00:00+00:00,631.6,632.4,630.1,630.5,353.83309
2026-04-21 02:00:00+00:00,630.5,630.9,628.5,628.7,244.5562
2026-04-21 03:00:00+00:00,628.7,630.2,628.1,630.0,83.7142
2026-04-21 04:00:00+00:00,630.0,630.8,628.8,630.7,89.9594
2026-04-21 05:00:00+00:00,630.7,632.0,630.4,630.9,129.1852
2026-04-21 06:00:00+00:00,630.9,633.1,630.0,632.4,135.9523
2026-04-21 07:00:00+00:00,632.4,633.9,631.8,633.0,153.98454
2026-04-21 08:00:00+00:00,633.0,637.4,632.3,635.2,352.13105
2026-04-21 09:00:00+00:00,635.2,637.0,634.8,636.7,193.2406
2026-04-21 10:00:00+00:00,636.7,640.7,636.7,638.6,135.53326
2026-04-21 11:00:00+00:00,638.6,638.8,633.4,634.1,454.7249
2026-04-21 12:00:00+00:00,634.1,634.8,630.0,632.1,239.5661
2026-04-21 13:00:00+00:00,632.1,633.0,630.8,632.3,147.8447
2026-04-21 14:00:00+00:00,632.3,635.2,630.1,630.6,206.92718
2026-04-21 15:00:00+00:00,630.6,632.9,629.4,631.8,195.66372
2026-04-21 16:00:00+00:00,631.8,633.7,631.3,631.8,428.20393
2026-04-21 17:00:00+00:00,631.8,632.0,627.2,629.7,460.3262
2026-04-21 18:00:00+00:00,629.7,630.6,628.4,630.3,304.132
2026-04-21 19:00:00+00:00,630.3,631.4,624.9,626.4,277.94931
2026-04-21 20:00:00+00:00,626.4,630.6,625.5,629.7,468.59389
2026-04-21 21:00:00+00:00,629.7,630.0,628.5,629.2,81.5388
2026-04-21 22:00:00+00:00,629.2,629.6,627.6,628.9,126.22
2026-04-21 23:00:00+00:00,628.9,632.2,628.8,631.7,168.01845
2026-04-22 00:00:00+00:00,631.7,633.2,631.6,632.8,132.01703
2026-04-22 01:00:00+00:00,632.8,633.0,631.1,632.5,102.438
2026-04-22 02:00:00+00:00,632.5,640.7,632.3,640.0,638.46058
2026-04-22 03:00:00+00:00,640.0,641.3,639.2,639.5,283.19535
2026-04-22 04:00:00+00:00,639.5,640.7,638.7,639.8,208.6578
2026-04-22 05:00:00+00:00,639.8,645.1,639.7,642.8,735.91465
2026-04-22 06:00:00+00:00,642.8,643.4,641.4,642.3,298.9121
2026-04-22 07:00:00+00:00,642.3,642.9,641.5,642.0,251.4814
2026-04-22 08:00:00+00:00,642.0,643.0,641.1,642.4,201.3449
2026-04-22 09:00:00+00:00,642.4,643.9,641.8,642.3,162.02573
2026-04-22 10:00:00+00:00,642.3,643.3,641.4,642.2,263.588
2026-04-22 11:00:00+00:00,642.2,643.0,641.2,642.8,258.5382
2026-04-22 12:00:00+00:00,642.8,644.0,642.3,643.6,205.0269
2026-04-22 13:00:00+00:00,643.6,654.2,643.1,650.8,1448.39188
2026-04-22 14:00:00+00:00,650.8,653.7,648.0,650.5,924.7472
2026-04-22 15:00:00+00:00,650.5,650.7,648.3,649.2,421.4849
2026-04-22 16:00:00+00:00,649.2,651.2,643.2,644.7,577.85244
2026-04-22 17:00:00+00:00,644.7,646.0,643.6,644.6,2316.46555
2026-04-22 18:00:00+00:00,644.6,646.9,644.6,645.0,164.2785
2026-04-22 19:00:00+00:00,645.0,646.5,643.9,644.1,294.3013
2026-04-22 20:00:00+00:00,644.1,644.2,640.5,641.0,352.85201
2026-04-22 21:00:00+00:00,641.0,643.4,640.5,641.5,184.0004
2026-04-22 22:00:00+00:00,641.5,642.5,639.4,640.0,89.16808
2026-04-22 23:00:00+00:00,640.0,640.7,637.2,637.4,159.72325
2026-04-23 00:00:00+00:00,637.4,639.5,634.0,638.5,380.11079
2026-04-23 01:00:00+00:00,638.5,639.0,636.9,637.7,159.4797
2026-04-23 02:00:00+00:00,637.7,638.0,633.7,635.0,238.12925
2026-04-23 03:00:00+00:00,635.0,635.8,633.2,635.5,166.877
2026-04-23 04:00:00+00:00,635.5,636.3,634.9,636.0,205.8625
2026-04-23 05:00:00+00:00,636.0,637.1,635.3,636.7,297.1231
2026-04-23 06:00:00+00:00,636.7,638.1,636.3,636.6,1123.35823
2026-04-23 07:00:00+00:00,636.6,637.1,635.2,635.6,740.5054
2026-04-23 08:00:00+00:00,635.6,636.2,634.0,635.1,734.191
2026-04-23 09:00:00+00:00,635.1,635.3,632.2,632.9,321.6067
2026-04-23 10:00:00+00:00,632.9,633.3,630.9,631.6,368.96449
2026-04-23 11:00:00+00:00,631.6,633.7,631.2,633.5,210.2807
2026-04-23 12:00:00+00:00,633.5,634.8,631.8,634.6,511.7508
2026-04-23 13:00:00+00:00,634.6,635.8,634.3,635.8,316.98663
2026-04-23 14:00:00+00:00,635.8,637.2,635.2,636.9,402.08656
2026-04-23 15:00:00+00:00,636.9,639.9,635.8,639.7,694.01879
2026-04-23 16:00:00+00:00,639.7,640.4,638.3,638.6,178.9292
2026-04-23 17:00:00+00:00,638.6,638.8,631.0,633.9,662.0819
2026-04-23 18:00:00+00:00,633.9,636.7,633.6,634.1,175.44273
2026-04-23 19:00:00+00:00,634.1,636.6,633.6,635.8,309.2337
2026-04-23 20:00:00+00:00,635.8,638.5,635.4,637.7,421.9828
2026-04-23 21:00:00+00:00,637.7,638.8,636.7,637.7,273.2198
2026-04-23 22:00:00+00:00,637.7,639.7,637.7,638.5,168.54743
2026-04-23 23:00:00+00:00,638.5,638.8,637.5,638.6,112.1941
2026-04-24 00:00:00+00:00,638.6,640.4,638.1,639.9,137.1655
2026-04-24 01:00:00+00:00,639.9,640.0,637.4,639.6,99.7613
2026-04-24 02:00:00+00:00,639.6,639.7,636.6,636.7,116.01635
2026-04-24 03:00:00+00:00,636.7,636.8,633.6,634.7,144.36765
2026-04-24 04:00:00+00:00,634.7,634.7,632.5,633.9,99.5697
2026-04-24 05:00:00+00:00,633.9,634.7,632.0,634.0,211.393
2026-04-24 06:00:00+00:00,634.0,635.2,633.3,634.6,196.894
2026-04-24 07:00:00+00:00,634.6,637.0,634.3,635.0,189.1356
2026-04-24 08:00:00+00:00,635.0,637.9,634.7,637.0,177.5827
2026-04-24 09:00:00+00:00,637.0,637.2,633.4,633.9,132.56263
2026-04-24 10:00:00+00:00,633.9,635.5,633.6,635.0,100.1396
2026-04-24 11:00:00+00:00,635.0,638.7,635.0,638.1,208.96626
2026-04-24 12:00:00+00:00,638.1,638.9,636.5,638.5,213.7473
2026-04-24 13:00:00+00:00,638.5,640.4,637.4,638.4,338.6207
2026-04-24 14:00:00+00:00,638.4,639.0,636.0,638.2,368.62885
2026-04-24 15:00:00+00:00,638.2,639.7,635.9,639.5,201.247
2026-04-24 16:00:00+00:00,639.5,639.9,636.8,637.9,134.25165
2026-04-24 17:00:00+00:00,637.9,638.5,636.6,637.8,142.0109
2026-04-24 18:00:00+00:00,637.8,637.8,635.3,637.4,79.6681
2026-04-24 19:00:00+00:00,637.4,638.9,636.9,638.1,107.1314
2026-04-24 20:00:00+00:00,638.1,638.3,636.4,638.0,90.3421
2026-04-24 21:00:00+00:00,638.0,638.5,636.8,637.4,244.1447
2026-04-24 22:00:00+00:00,637.4,637.7,635.4,636.2,56.9562
2026-04-24 23:00:00+00:00,636.2,636.7,635.9,636.3,35.2314
2026-04-25 00:00:00+00:00,636.3,636.7,635.5,636.0,189.2612
2026-04-25 01:00:00+00:00,636.0,637.3,635.5,636.9,87.0512
2026-04-25 02:00:00+00:00,636.9,637.8,636.4,637.7,155.2847
2026-04-25 03:00:00+00:00,637.7,637.8,636.9,637.4,92.6729
2026-04-25 04:00:00+00:00,637.4,638.0,636.9,637.8,98.6496
2026-04-25 05:00:00+00:00,637.8,637.8,636.4,636.7,40.6636
2026-04-25 06:00:00+00:00,636.7,638.1,636.2,637.5,60.0199
2026-04-25 07:00:00+00:00,637.5,637.7,637.0,637.0,132.0972
2026-04-25 08:00:00+00:00,637.0,638.6,636.6,638.1,140.9869
2026-04-25 09:00:00+00:00,638.1,638.5,637.3,637.9,101.3158
2026-04-25 10:00:00+00:00,637.9,638.5,637.6,638.1,164.5317
2026-04-25 11:00:00+00:00,638.1,638.2,634.3,634.8,124.84395
2026-04-25 12:00:00+00:00,634.8,635.3,633.0,633.2,220.94148
2026-04-25 13:00:00+00:00,633.2,634.0,632.8,632.8,168.3842
2026-04-25 14:00:00+00:00,632.8,632.9,630.9,630.9,164.921
2026-04-25 15:00:00+00:00,630.9,631.6,629.1,629.9,230.47003
2026-04-25 16:00:00+00:00,629.9,630.5,627.2,629.5,184.29785
2026-04-25 17:00:00+00:00,629.5,629.9,627.4,627.5,98.1461
2026-04-25 18:00:00+00:00,627.5,629.2,627.2,628.8,119.8638
2026-04-25 19:00:00+00:00,628.8,629.5,628.2,628.8,91.8966
2026-04-25 20:00:00+00:00,628.8,629.4,628.4,629.4,57.8204
2026-04-25 21:00:00+00:00,629.4,629.7,628.9,629.3,114.2865
2026-04-25 22:00:00+00:00,629.3,630.3,629.0,629.5,66.1043
2026-04-25 23:00:00+00:00,629.5,629.6,628.1,628.3,776.5393
2026-04-26 00:00:00+00:00,628.3,629.3,627.4,628.9,176.7325
2026-04-26 01:00:00+00:00,628.9,630.2,628.2,629.6,74.2397
2026-04-26 02:00:00+00:00,629.6,630.1,629.0,629.6,156.374
2026-04-26 03:00:00+00:00,629.6,629.9,626.8,628.5,186.20026
2026-04-26 04:00:00+00:00,628.5,630.7,628.1,629.9,101.07806
2026-04-26 05:00:00+00:00,629.9,632.8,629.7,631.6,216.67923
2026-04-26 06:00:00+00:00,631.6,632.3,630.7,631.0,74.1363
2026-04-26 07:00:00+00:00,631.0,632.6,630.9,632.3,97.2622
2026-04-26 08:00:00+00:00,632.3,632.6,629.9,630.4,245.0144
2026-04-26 09:00:00+00:00,630.4,632.0,629.9,631.6,213.9657
2026-04-26 10:00:00+00:00,631.6,631.7,631.0,631.2,87.9891
2026-04-26 11:00:00+00:00,631.2,632.6,631.2,632.5,61.2114
2026-04-26 12:00:00+00:00,632.5,632.5,630.4,630.8,134.4761
2026-04-26 13:00:00+00:00,630.8,631.5,630.4,631.2,146.5157
2026-04-26 14:00:00+00:00,631.2,632.9,630.8,632.0,246.3692
2026-04-26 15:00:00+00:00,632.0,632.7,631.4,632.1,188.5374
2026-04-26 16:00:00+00:00,632.1,632.2,630.8,631.0,85.2888
2026-04-26 17:00:00+00:00,631.0,631.9,630.4,631.8,161.8252
2026-04-26 18:00:00+00:00,631.8,634.3,631.5,633.6,296.54973
2026-04-26 19:00:00+00:00,633.6,636.5,633.4,635.8,354.80832
2026-04-26 20:00:00+00:00,635.8,636.1,634.4,634.4,166.1406
2026-04-26 21:00:00+00:00,634.4,636.6,633.1,635.6,338.015
2026-04-26 22:00:00+00:00,635.6,638.0,633.7,635.0,122.26924
2026-04-26 23:00:00+00:00,635.0,636.9,633.9,635.8,149.9217
2026-04-27 00:00:00+00:00,635.8,638.5,633.7,638.4,274.91751
2026-04-27 01:00:00+00:00,638.4,639.9,635.8,638.4,248.04025
2026-04-27 02:00:00+00:00,638.4,639.7,637.5,638.5,227.9504
2026-04-27 03:00:00+00:00,638.5,639.9,638.3,638.4,128.1287
2026-04-27 04:00:00+00:00,638.4,638.7,636.4,636.9,60.83865
2026-04-27 05:00:00+00:00,636.9,637.2,627.7,629.1,754.14089
2026-04-27 06:00:00+00:00,629.1,629.5,625.1,627.4,781.18741
2026-04-27 07:00:00+00:00,627.4,627.5,625.3,625.6,393.399
2026-04-27 08:00:00+00:00,625.6,627.9,625.3,627.9,292.5034
2026-04-27 09:00:00+00:00,627.9,628.8,627.1,628.2,493.3539
2026-04-27 10:00:00+00:00,628.2,628.4,627.3,627.5,476.7948
2026-04-27 11:00:00+00:00,627.5,627.6,626.3,627.2,502.3297
2026-04-27 12:00:00+00:00,627.2,627.2,625.1,625.7,229.2567
2026-04-27 13:00:00+00:00,625.7,627.1,624.0,625.4,531.68346
2026-04-27 14:00:00+00:00,625.4,628.4,624.9,626.1,1017.76733
2026-04-27 15:00:00+00:00,626.1,626.3,618.3,620.8,2199.49365
2026-04-27 16:00:00+00:00,620.8,622.1,620.3,621.4,502.5061
2026-04-27 17:00:00+00:00,621.4,624.0,621.4,623.0,501.7241
2026-04-27 18:00:00+00:00,623.0,623.7,622.2,623.5,256.7526
2026-04-27 19:00:00+00:00,623.5,623.5,620.8,623.3,316.6176
2026-04-27 20:00:00+00:00,623.3,624.2,623.3,623.9,173.55
2026-04-27 21:00:00+00:00,623.9,624.5,623.2,623.2,168.09123
2026-04-27 22:00:00+00:00,623.2,625.0,623.1,624.7,234.6029
2026-04-27 23:00:00+00:00,624.7,627.3,624.2,626.8,395.80441
2026-04-28 00:00:00+00:00,626.8,627.5,625.9,627.0,230.0032
2026-04-28 01:00:00+00:00,627.0,627.1,625.6,625.8,87.6817
2026-04-28 02:00:00+00:00,625.8,626.7,623.2,624.5,127.77703
2026-04-28 03:00:00+00:00,624.5,624.6,623.5,624.5,64.6758
2026-04-28 04:00:00+00:00,624.5,625.9,623.8,625.4,179.7928
2026-04-28 05:00:00+00:00,625.4,626.5,624.2,624.6,116.7155
2026-04-28 06:00:00+00:00,624.6,626.0,623.0,623.1,280.2023
2026-04-28 07:00:00+00:00,623.1,624.5,621.7,624.2,209.16885
2026-04-28 08:00:00+00:00,624.2,625.4,623.7,624.4,113.7917
2026-04-28 09:00:00+00:00,624.4,624.8,622.3,622.8,125.1201
2026-04-28 10:00:00+00:00,622.8,623.6,622.5,622.8,95.1752
2026-04-28 11:00:00+00:00,622.8,623.0,621.1,621.7,303.2207
2026-04-28 12:00:00+00:00,621.7,623.4,621.0,623.2,167.5781
2026-04-28 13:00:00+00:00,623.2,623.6,620.5,622.0,268.5654
2026-04-28 14:00:00+00:00,622.0,622.3,619.0,622.3,386.27848
2026-04-28 15:00:00+00:00,622.3,623.0,621.7,622.7,166.04253
2026-04-28 16:00:00+00:00,622.7,623.6,621.7,623.4,171.7634
2026-04-28 17:00:00+00:00,623.4,624.0,622.3,623.5,158.39676
2026-04-28 18:00:00+00:00,623.5,624.0,623.0,623.7,129.8859
2026-04-28 19:00:00+00:00,623.7,624.3,622.8,624.1,100.7337
2026-04-28 20:00:00+00:00,624.1,624.4,623.6,624.2,112.5604
2026-04-28 21:00:00+00:00,624.2,624.6,622.8,623.5,204.85713
2026-04-28 22:00:00+00:00,623.5,624.2,622.7,623.1,109.2117
2026-04-28 23:00:00+00:00,623.1,624.5,622.8,624.5,100.1433
2026-04-29 00:00:00+00:00,624.5,624.8,623.4,624.4,156.3919
2026-04-29 01:00:00+00:00,624.4,625.3,622.4,624.6,149.1708
2026-04-29 02:00:00+00:00,624.6,625.3,623.5,624.1,107.4481
2026-04-29 03:00:00+00:00,624.1,626.7,624.0,626.1,191.84253
2026-04-29 04:00:00+00:00,626.1,628.4,625.1,627.7,230.28089
2026-04-29 05:00:00+00:00,627.7,628.2,626.9,627.3,128.2991
2026-04-29 06:00:00+00:00,627.3,627.6,625.4,626.0,128.9086
2026-04-29 07:00:00+00:00,626.0,626.7,624.9,625.0,121.4024
2026-04-29 08:00:00+00:00,625.0,625.7,624.4,625.4,102.0995
2026-04-29 09:00:00+00:00,625.4,629.5,625.2,629.1,393.22746
2026-04-29 10:00:00+00:00,629.1,629.6,627.5,627.8,181.02763
2026-04-29 11:00:00+00:00,627.8,627.9,626.0,626.0,155.58175
2026-04-29 12:00:00+00:00,626.0,626.2,622.0,623.7,478.73985
2026-04-29 13:00:00+00:00,623.7,624.0,619.9,622.0,285.7571
2026-04-29 14:00:00+00:00,622.0,622.8,620.7,621.2,253.4802
2026-04-29 15:00:00+00:00,621.2,621.2,615.4,616.4,495.57145
2026-04-29 16:00:00+00:00,616.4,618.0,616.2,617.6,566.2861
2026-04-29 17:00:00+00:00,617.6,620.0,617.6,619.8,278.46383
2026-04-29 18:00:00+00:00,619.8,620.2,610.1,613.7,995.753
2026-04-29 19:00:00+00:00,613.7,614.4,612.2,613.2,195.88449
2026-04-29 20:00:00+00:00,613.2,616.0,613.0,615.3,231.4004
2026-04-29 21:00:00+00:00,615.3,618.6,614.8,617.1,320.77193
2026-04-29 22:00:00+00:00,617.1,618.1,616.4,617.9,160.1313
2026-04-29 23:00:00+00:00,617.9,618.1,616.6,617.2,82.639
2026-04-30 00:00:00+00:00,617.2,620.4,616.7,620.2,302.11152
2026-04-30 01:00:00+00:00,620.2,620.6,619.1,619.2,121.2366
2026-04-30 02:00:00+00:00,619.2,620.0,616.0,617.5,184.95023
2026-04-30 03:00:00+00:00,617.5,618.4,616.8,617.9,82.8909
2026-04-30 04:00:00+00:00,617.9,617.9,614.1,614.6,545.6214
2026-04-30 05:00:00+00:00,614.6,616.5,613.4,616.4,320.10433
2026-04-30 06:00:00+00:00,616.4,616.8,615.4,615.5,271.3482
2026-04-30 07:00:00+00:00,615.5,618.3,615.5,617.5,247.54856
2026-04-30 08:00:00+00:00,617.5,618.3,616.6,616.7,151.4619
2026-04-30 09:00:00+00:00,616.7,618.7,616.4,616.7,391.5346
2026-04-30 10:00:00+00:00,616.7,617.1,615.5,615.7,147.3489
2026-04-30 11:00:00+00:00,615.7,617.3,614.4,615.5,207.0317
2026-04-30 12:00:00+00:00,615.5,616.8,615.1,615.3,145.0881
2026-04-30 13:00:00+00:00,615.3,616.9,614.2,615.7,447.5193
2026-04-30 14:00:00+00:00,615.7,616.3,613.4,616.2,243.22998
2026-04-30 15:00:00+00:00,616.2,618.1,615.7,617.1,134.38586
2026-04-30 16:00:00+00:00,617.1,617.2,616.0,616.2,129.9608
2026-04-30 17:00:00+00:00,616.2,617.4,615.7,617.2,83.44395
2026-04-30 18:00:00+00:00,617.2,618.6,617.2,617.6,100.087
2026-04-30 19:00:00+00:00,617.6,618.7,617.2,618.4,206.7676
2026-04-30 20:00:00+00:00,618.4,618.5,617.6,617.6,57.125
2026-04-30 21:00:00+00:00,617.6,617.8,616.0,616.1,89.1061
2026-04-30 22:00:00+00:00,616.1,616.4,614.8,615.0,88.6499
2026-04-30 23:00:00+00:00,615.0,615.6,614.6,615.3,53.4334
2026-05-01 00:00:00+00:00,615.3,616.8,615.3,615.5,116.954
2026-05-01 01:00:00+00:00,615.5,617.5,615.5,617.5,44.8979
2026-05-01 02:00:00+00:00,617.5,617.5,616.5,617.1,54.334
2026-05-01 03:00:00+00:00,617.1,621.3,616.9,618.5,429.3451
2026-05-01 04:00:00+00:00,618.5,619.0,616.6,617.1,173.31168
2026-05-01 05:00:00+00:00,617.1,618.4,617.0,617.9,179.1425
2026-05-01 06:00:00+00:00,617.9,618.5,616.1,616.8,81.4528
2026-05-01 07:00:00+00:00,616.8,617.6,616.2,617.4,116.9715
2026-05-01 08:00:00+00:00,617.4,619.6,617.1,618.7,192.3009
2026-05-01 09:00:00+00:00,618.7,618.7,616.4,617.0,116.3053
2026-05-01 10:00:00+00:00,617.0,617.3,616.0,617.3,82.9615
2026-05-01 11:00:00+00:00,617.3,619.0,617.3,618.9,117.4403
2026-05-01 12:00:00+00:00,618.9,620.8,618.4,619.3,218.60693
2026-05-01 13:00:00+00:00,619.3,622.8,619.3,622.5,336.26655
2026-05-01 14:00:00+00:00,622.5,622.9,619.6,620.8,183.65705
2026-05-01 15:00:00+00:00,620.8,622.6,619.7,620.9,391.58495
2026-05-01 16:00:00+00:00,620.9,621.8,619.4,619.6,174.8732
2026-05-01 17:00:00+00:00,619.6,620.7,618.9,620.4,141.4226
2026-05-01 18:00:00+00:00,620.4,620.9,619.1,619.3,101.0149
2026-05-01 19:00:00+00:00,619.3,620.4,619.0,619.3,51.414
2026-05-01 20:00:00+00:00,619.3,619.4,616.3,617.0,116.6443
2026-05-01 21:00:00+00:00,617.0,617.8,616.9,617.3,108.165
2026-05-01 22:00:00+00:00,617.3,617.8,615.0,615.2,362.3461
2026-05-01 23:00:00+00:00,615.2,615.7,613.9,615.4,97.0323
2026-05-02 00:00:00+00:00,615.4,616.1,614.9,615.9,56.7483
2026-05-02 01:00:00+00:00,615.9,616.7,615.6,615.8,45.9117
2026-05-02 02:00:00+00:00,615.8,617.2,615.7,616.3,82.984
2026-05-02 03:00:00+00:00,616.3,617.0,615.5,616.2,199.1081
2026-05-02 04:00:00+00:00,616.2,616.3,614.5,615.1,203.9514
2026-05-02 05:00:00+00:00,615.1,615.7,614.1,615.2,110.1196
2026-05-02 06:00:00+00:00,615.2,616.2,614.7,616.2,74.3845
2026-05-02 07:00:00+00:00,616.2,616.4,615.1,615.7,95.5886
2026-05-02 08:00:00+00:00,615.7,616.3,615.1,615.8,82.1813
2026-05-02 09:00:00+00:00,615.8,616.0,615.2,615.6,60.936
2026-05-02 10:00:00+00:00,615.6,615.8,615.1,615.7,58.7491
2026-05-02 11:00:00+00:00,615.7,615.7,614.7,615.6,81.1679
2026-05-02 12:00:00+00:00,615.6,616.6,615.4,615.8,153.6291
2026-05-02 13:00:00+00:00,615.8,617.3,615.8,617.1,115.5022
2026-05-02 14:00:00+00:00,617.1,617.6,616.6,616.7,102.5314
2026-05-02 15:00:00+00:00,616.7,618.2,616.7,618.1,136.31753
2026-05-02 16:00:00+00:00,618.1,619.4,617.6,618.6,242.6727
2026-05-02 17:00:00+00:00,618.6,618.8,618.0,618.3,87.386
2026-05-02 18:00:00+00:00,618.3,619.2,617.6,618.7,131.6472
2026-05-02 19:00:00+00:00,618.7,618.9,618.1,618.9,121.0137
2026-05-02 20:00:00+00:00,618.9,619.0,618.4,618.7,91.982
2026-05-02 21:00:00+00:00,618.7,621.8,618.5,619.5,206.30096
2026-05-02 22:00:00+00:00,619.5,619.9,618.3,619.6,73.383
2026-05-02 23:00:00+00:00,619.6,619.6,617.7,618.0,61.52235
2026-05-03 00:00:00+00:00,618.0,618.5,617.0,617.6,77.5733
2026-05-03 01:00:00+00:00,617.6,617.7,615.6,615.9,149.09985
2026-05-03 02:00:00+00:00,615.9,616.2,615.0,615.6,64.8542
2026-05-03 03:00:00+00:00,615.6,616.5,615.2,616.2,73.7126
2026-05-03 04:00:00+00:00,616.2,616.4,615.3,615.5,47.1049
2026-05-03 05:00:00+00:00,615.5,617.5,615.5,617.1,125.6356
2026-05-03 06:00:00+00:00,617.1,617.3,615.4,617.0,105.1398
2026-05-03 07:00:00+00:00,617.0,618.4,616.6,616.9,149.94003
2026-05-03 08:00:00+00:00,616.9,617.9,616.8,617.7,130.7373
2026-05-03 09:00:00+00:00,617.7,619.5,617.6,618.8,174.7709
2026-05-03 10:00:00+00:00,618.8,618.9,617.7,617.7,124.246
2026-05-03 11:00:00+00:00,617.7,619.7,617.2,618.9,185.7407
2026-05-03 12:00:00+00:00,618.9,620.0,618.9,619.2,93.3197
2026-05-03 13:00:00+00:00,619.2,619.5,618.2,619.1,96.7656
2026-05-03 14:00:00+00:00,619.1,620.3,619.0,620.0,123.2065
2026-05-03 15:00:00+00:00,620.0,620.7,619.7,619.9,59.07116
2026-05-03 16:00:00+00:00,619.9,620.4,618.9,620.0,122.9742
2026-05-03 17:00:00+00:00,620.0,620.8,619.0,619.7,94.3673
2026-05-03 18:00:00+00:00,619.7,620.0,619.2,619.7,71.8384
2026-05-03 19:00:00+00:00,619.7,620.0,618.9,619.3,99.4435
2026-05-03 20:00:00+00:00,619.3,621.1,618.9,619.7,129.9412
2026-05-03 21:00:00+00:00,619.7,620.0,617.9,619.0,93.96995
2026-05-03 22:00:00+00:00,619.0,622.0,618.9,620.7,449.58933
2026-05-03 23:00:00+00:00,620.7,622.2,617.1,617.5,93.47343
2026-05-04 00:00:00+00:00,617.5,617.6,615.6,617.2,206.6754
2026-05-04 01:00:00+00:00,617.2,623.4,616.3,622.3,372.49107
2026-05-04 02:00:00+00:00,622.3,626.7,621.8,624.7,652.38629
2026-05-04 03:00:00+00:00,624.7,626.7,624.0,626.7,514.3722
2026-05-04 04:00:00+00:00,626.7,639.4,626.7,632.9,2563.33957
2026-05-04 05:00:00+00:00,632.9,634.7,632.0,633.5,752.4514
2026-05-04 06:00:00+00:00,633.5,634.3,627.2,628.6,678.98216
2026-05-04 07:00:00+00:00,628.6,629.6,627.8,628.4,146.1876
2026-05-04 08:00:00+00:00,628.4,629.1,627.5,628.2,153.2568
2026-05-04 09:00:00+00:00,628.2,631.0,627.8,630.5,164.3604
2026-05-04 10:00:00+00:00,630.5,630.6,620.0,623.8,928.79729
2026-05-04 11:00:00+00:00,623.8,624.5,622.5,622.9,179.8872
2026-05-04 12:00:00+00:00,622.9,623.6,622.1,622.4,99.83965
2026-05-04 13:00:00+00:00,622.4,624.6,621.2,623.3,334.8016
2026-05-04 14:00:00+00:00,623.3,628.5,621.6,627.3,1854.01719
2026-05-04 15:00:00+00:00,627.3,628.4,623.3,625.6,584.3468
2026-05-04 16:00:00+00:00,625.6,626.8,623.6,625.9,568.17613
2026-05-04 17:00:00+00:00,625.9,628.9,625.7,627.7,188.42159
2026-05-04 18:00:00+00:00,627.7,628.1,625.5,625.8,137.57145
2026-05-04 19:00:00+00:00,625.8,625.9,624.8,624.9,49.5109
2026-05-04 20:00:00+00:00,624.9,625.7,622.7,623.1,206.97565
2026-05-04 21:00:00+00:00,623.1,625.4,623.1,625.1,142.2436
2026-05-04 22:00:00+00:00,625.1,626.0,624.2,624.4,91.5036
2026-05-04 23:00:00+00:00,624.4,624.4,622.7,622.7,85.6897
2026-05-05 00:00:00+00:00,622.7,625.0,622.6,624.7,131.6978
2026-05-05 01:00:00+00:00,624.7,625.7,624.1,624.7,92.492
2026-05-05 02:00:00+00:00,624.7,626.8,624.4,625.1,176.97673
2026-05-05 03:00:00+00:00,625.1,628.2,624.8,627.9,267.6044
2026-05-05 04:00:00+00:00,627.9,627.9,626.0,626.2,181.8138
2026-05-05 05:00:00+00:00,626.2,628.6,625.9,628.2,148.7919
2026-05-05 06:00:00+00:00,628.2,628.4,626.3,627.2,152.6781
2026-05-05 07:00:00+00:00,627.2,628.9,626.9,627.7,162.158
2026-05-05 08:00:00+00:00,627.7,629.0,627.3,627.5,163.2609
2026-05-05 09:00:00+00:00,627.5,627.6,626.1,627.2,160.3114
2026-05-05 10:00:00+00:00,627.2,629.1,626.7,628.5,378.64293
2026-05-05 11:00:00+00:00,628.5,629.4,628.2,628.9,501.4826
2026-05-05 12:00:00+00:00,628.9,630.6,628.2,630.1,304.66933
2026-05-05 13:00:00+00:00,630.1,634.1,630.1,631.2,777.93066
2026-05-05 14:00:00+00:00,631.2,631.6,628.5,630.7,468.46465
2026-05-05 15:00:00+00:00,630.7,632.3,630.2,631.1,160.32663
2026-05-05 16:00:00+00:00,631.1,632.0,628.8,629.3,267.2713
2026-05-05 17:00:00+00:00,629.3,629.5,627.9,629.1,354.061
2026-05-05 18:00:00+00:00,629.1,630.6,628.9,630.4,210.8222
2026-05-05 19:00:00+00:00,630.4,632.5,630.2,631.8,498.951
2026-05-05 20:00:00+00:00,631.8,634.5,631.6,633.2,314.21869
2026-05-05 21:00:00+00:00,633.2,635.1,631.7,633.5,478.013
2026-05-05 22:00:00+00:00,633.5,634.8,630.3,632.1,786.33661
2026-05-05 23:00:00+00:00,632.1,632.4,629.9,630.6,181.92895
2026-05-06 00:00:00+00:00,630.6,631.9,629.1,631.2,461.1887
2026-05-06 01:00:00+00:00,631.2,634.6,630.7,634.5,476.97936
2026-05-06 02:00:00+00:00,634.5,635.1,632.9,634.4,340.3523
2026-05-06 03:00:00+00:00,634.4,636.0,631.4,635.2,705.96005
2026-05-06 04:00:00+00:00,635.2,636.4,633.6,634.8,448.7673
2026-05-06 05:00:00+00:00,634.8,635.1,633.0,635.1,239.46385
2026-05-06 06:00:00+00:00,635.1,636.4,634.7,636.1,451.1357
2026-05-06 07:00:00+00:00,636.1,640.8,635.9,638.2,670.49683
2026-05-06 08:00:00+00:00,638.2,646.9,638.1,646.3,1292.54965
2026-05-06 09:00:00+00:00,646.3,648.1,643.6,647.2,1435.96103
2026-05-06 10:00:00+00:00,647.2,648.5,645.3,645.8,909.60405
2026-05-06 11:00:00+00:00,645.8,652.8,645.5,652.7,1452.91168
2026-05-06 12:00:00+00:00,652.7,664.3,651.5,657.2,2568.71233
2026-05-06 13:00:00+00:00,657.2,657.3,645.9,647.6,997.59535
2026-05-06 14:00:00+00:00,647.6,650.3,643.3,647.3,744.98591
2026-05-06 15:00:00+00:00,647.3,649.5,646.7,648.6,193.4287
2026-05-06 16:00:00+00:00,648.6,650.9,646.3,649.6,865.3037
2026-05-06 17:00:00+00:00,649.6,650.8,648.0,648.7,623.9175
2026-05-06 18:00:00+00:00,648.7,650.5,647.6,650.2,418.85963
2026-05-06 19:00:00+00:00,650.2,651.2,648.9,650.7,99.8961
2026-05-06 20:00:00+00:00,650.7,651.7,647.6,648.7,92.08365
2026-05-06 21:00:00+00:00,648.7,650.6,647.5,649.7,140.46813
2026-05-06 22:00:00+00:00,649.7,650.1,646.8,647.0,105.38855
2026-05-06 23:00:00+00:00,647.0,647.9,644.6,647.7,130.7726
2026-05-07 00:00:00+00:00,647.7,649.8,644.7,644.8,313.96338
2026-05-07 01:00:00+00:00,644.8,645.7,641.9,645.1,469.45295
2026-05-07 02:00:00+00:00,645.1,645.3,642.1,644.1,356.2196
2026-05-07 03:00:00+00:00,644.1,644.8,641.7,642.8,414.8509
2026-05-07 04:00:00+00:00,642.8,644.4,642.2,644.3,271.1431
2026-05-07 05:00:00+00:00,644.3,647.2,644.3,647.2,233.0312
2026-05-07 06:00:00+00:00,647.2,648.4,645.0,648.4,294.9863
2026-05-07 07:00:00+00:00,648.4,653.7,647.6,652.1,803.05505
2026-05-07 08:00:00+00:00,652.1,653.3,649.4,651.2,602.0701
2026-05-07 09:00:00+00:00,651.2,651.2,647.6,649.0,425.73045
2026-05-07 10:00:00+00:00,649.0,649.8,646.2,647.9,221.93673
2026-05-07 11:00:00+00:00,647.9,649.4,646.6,648.2,239.7599
2026-05-07 12:00:00+00:00,648.2,651.1,647.5,650.8,189.7402
2026-05-07 13:00:00+00:00,650.8,650.8,645.3,646.9,360.7694
2026-05-07 14:00:00+00:00,646.9,647.3,640.8,642.3,561.17154
2026-05-07 15:00:00+00:00,642.3,644.1,639.2,642.4,392.81172
2026-05-07 16:00:00+00:00,642.4,643.7,639.4,641.6,365.23723
2026-05-07 17:00:00+00:00,641.6,643.7,639.6,643.6,226.2547
2026-05-07 18:00:00+00:00,643.6,644.6,642.1,643.3,85.65973
2026-05-07 19:00:00+00:00,643.3,644.1,641.9,643.5,131.4625
2026-05-07 20:00:00+00:00,643.5,645.3,643.3,643.3,228.3195
2026-05-07 21:00:00+00:00,643.3,643.9,641.3,642.7,283.24453
2026-05-07 22:00:00+00:00,642.7,642.7,633.7,635.6,1330.73051
2026-05-07 23:00:00+00:00,635.6,637.5,634.3,637.2,213.39366
2026-05-08 00:00:00+00:00,637.2,639.0,636.4,637.7,530.6535
2026-05-08 01:00:00+00:00,637.7,638.5,636.1,638.0,153.523
2026-05-08 02:00:00+00:00,638.0,639.8,635.3,638.6,241.10163
2026-05-08 03:00:00+00:00,638.6,640.5,636.8,639.7,154.84558
2026-05-08 04:00:00+00:00,639.7,641.0,638.1,639.9,396.6533
2026-05-08 05:00:00+00:00,639.9,640.2,638.0,638.0,192.6852
2026-05-08 06:00:00+00:00,638.0,638.4,634.5,636.6,450.3983
2026-05-08 07:00:00+00:00,636.6,637.2,634.8,636.8,345.9065
2026-05-08 08:00:00+00:00,636.8,638.3,635.9,638.2,431.74293
2026-05-08 09:00:00+00:00,638.2,639.7,637.4,638.4,143.77773
2026-05-08 10:00:00+00:00,638.4,640.1,637.7,639.6,197.9513
2026-05-08 11:00:00+00:00,639.6,641.5,639.6,641.1,307.7643
2026-05-08 12:00:00+00:00,641.1,641.2,639.2,639.7,158.5059
2026-05-08 13:00:00+00:00,639.7,640.0,637.5,638.7,169.3269
2026-05-08 14:00:00+00:00,638.7,642.7,638.7,642.2,215.77888
2026-05-08 15:00:00+00:00,642.2,644.2,639.4,643.9,161.56788
2026-05-08 16:00:00+00:00,643.9,644.2,642.5,642.5,140.2875
2026-05-08 17:00:00+00:00,642.5,647.1,642.3,645.6,371.33329
2026-05-08 18:00:00+00:00,645.6,649.5,645.6,647.8,502.26424
2026-05-08 19:00:00+00:00,647.8,648.8,647.0,648.1,109.2153
2026-05-08 20:00:00+00:00,648.1,648.9,646.0,646.8,357.6637
2026-05-08 21:00:00+00:00,646.8,650.3,646.5,650.3,144.5128
2026-05-08 22:00:00+00:00,650.3,651.6,650.1,650.2,194.12165
2026-05-08 23:00:00+00:00,650.2,650.4,647.8,649.4,197.05385
2026-05-09 00:00:00+00:00,649.4,652.5,649.0,651.9,238.71169
2026-05-09 01:00:00+00:00,651.9,656.0,651.9,654.6,303.28562
2026-05-09 02:00:00+00:00,654.6,655.1,653.6,654.2,112.0434
2026-05-09 03:00:00+00:00,654.2,654.8,652.8,653.6,295.408
2026-05-09 04:00:00+00:00,653.6,655.9,652.9,653.2,295.6518
2026-05-09 05:00:00+00:00,653.2,653.2,651.1,651.3,106.13445
2026-05-09 06:00:00+00:00,651.3,652.0,650.0,651.5,156.18715
2026-05-09 07:00:00+00:00,651.5,651.7,649.0,650.0,210.7118
2026-05-09 08:00:00+00:00,650.0,651.0,649.8,650.6,130.5925
2026-05-09 09:00:00+00:00,650.6,651.1,648.6,649.9,248.8131
2026-05-09 10:00:00+00:00,649.9,649.9,648.5,649.2,129.0258
2026-05-09 11:00:00+00:00,649.2,650.7,649.1,650.2,104.0965
2026-05-09 12:00:00+00:00,650.2,650.7,649.2,649.9,197.8409
2026-05-09 13:00:00+00:00,649.9,650.0,648.5,649.4,242.9757
2026-05-09 14:00:00+00:00,649.4,649.6,646.9,647.0,138.70835
2026-05-09 15:00:00+00:00,647.0,648.7,646.3,647.6,183.3597
2026-05-09 16:00:00+00:00,647.6,649.8,647.0,648.4,120.295
2026-05-09 17:00:00+00:00,648.4,650.6,648.4,650.0,158.2795
2026-05-09 18:00:00+00:00,650.0,651.9,649.9,651.1,108.6528
2026-05-09 19:00:00+00:00,651.1,651.3,650.5,651.2,81.4496
2026-05-09 20:00:00+00:00,651.2,651.4,650.0,650.7,113.9761
2026-05-09 21:00:00+00:00,650.7,652.4,650.7,651.4,235.23233
2026-05-09 22:00:00+00:00,651.4,652.3,650.5,651.0,81.1883
2026-05-09 23:00:00+00:00,651.0,651.6,649.6,649.8,43.85555
2026-05-10 00:00:00+00:00,649.8,650.5,646.6,646.9,259.5757
2026-05-10 01:00:00+00:00,646.9,647.0,644.3,646.6,2358.90643
2026-05-10 02:00:00+00:00,646.6,647.8,645.5,647.5,87.3931
2026-05-10 03:00:00+00:00,647.5,648.7,646.9,647.7,99.9229
2026-05-10 04:00:00+00:00,647.7,648.6,647.3,647.9,52.748
2026-05-10 05:00:00+00:00,647.9,648.7,647.5,648.5,53.1685
2026-05-10 06:00:00+00:00,648.5,648.8,647.3,648.4,105.52
2026-05-10 07:00:00+00:00,648.4,649.3,647.8,648.3,71.7018
2026-05-10 08:00:00+00:00,648.3,650.7,648.0,650.4,180.52803
2026-05-10 09:00:00+00:00,650.4,651.8,649.6,651.4,387.4818
2026-05-10 10:00:00+00:00,651.4,651.6,649.8,650.9,106.818
2026-05-10 11:00:00+00:00,650.9,651.4,647.9,649.6,286.13015
2026-05-10 12:00:00+00:00,649.6,649.6,648.4,649.5,71.99
2026-05-10 13:00:00+00:00,649.5,651.6,649.3,651.2,87.19213
2026-05-10 14:00:00+00:00,651.2,652.5,650.2,651.7,159.41453
2026-05-10 15:00:00+00:00,651.7,656.3,651.7,655.4,232.90323
2026-05-10 16:00:00+00:00,655.4,657.6,654.4,657.2,359.22973
2026-05-10 17:00:00+00:00,657.2,661.1,656.2,660.6,732.19478
2026-05-10 18:00:00+00:00,660.6,662.2,659.4,660.7,281.7442
2026-05-10 19:00:00+00:00,660.7,662.5,658.9,661.2,352.57903
2026-05-10 20:00:00+00:00,661.2,663.0,648.7,651.6,598.99456
2026-05-10 21:00:00+00:00,651.6,654.6,650.8,652.6,302.14153
2026-05-10 22:00:00+00:00,652.6,666.5,651.9,665.7,1151.9534
2026-05-10 23:00:00+00:00,665.7,666.8,663.2,663.6,284.4894
2026-05-11 00:00:00+00:00,663.6,664.8,656.5,657.9,287.40948
2026-05-11 01:00:00+00:00,657.9,660.4,655.6,657.1,313.64208
2026-05-11 02:00:00+00:00,657.1,657.9,654.0,655.3,154.57571
2026-05-11 03:00:00+00:00,655.3,655.3,650.1,651.7,277.58663
2026-05-11 04:00:00+00:00,651.7,653.1,650.6,652.1,134.3039
2026-05-11 05:00:00+00:00,652.1,653.7,651.2,652.9,249.0382
2026-05-11 06:00:00+00:00,652.9,654.0,650.7,651.4,284.2607
2026-05-11 07:00:00+00:00,651.4,651.4,650.0,650.5,276.45264
2026-05-11 08:00:00+00:00,650.5,652.0,649.2,651.1,208.6246
2026-05-11 09:00:00+00:00,651.1,653.1,650.9,652.9,210.95523
2026-05-11 10:00:00+00:00,652.9,654.7,652.8,653.8,172.08353
2026-05-11 11:00:00+00:00,653.8,655.9,653.2,655.9,89.2925
2026-05-11 12:00:00+00:00,655.9,656.5,654.2,654.6,216.8329
2026-05-11 13:00:00+00:00,654.6,656.5,651.3,654.5,536.2715
2026-05-11 14:00:00+00:00,654.5,656.2,651.6,656.1,412.71148
2026-05-11 15:00:00+00:00,656.1,661.4,655.6,661.3,340.49162
2026-05-11 16:00:00+00:00,661.3,663.3,659.8,661.6,293.77759
2026-05-11 17:00:00+00:00,661.6,663.0,659.5,662.4,138.9551
2026-05-11 18:00:00+00:00,662.4,663.4,661.4,661.5,263.6771
2026-05-11 19:00:00+00:00,661.5,663.4,660.8,663.1,593.589
2026-05-11 20:00:00+00:00,663.1,663.7,660.84,662.5,226.95002
2026-05-11 21:00:00+00:00,662.5,664.2,662.3,663.8,376.3891
2026-05-11 22:00:00+00:00,663.8,671.4,662.9,670.0,694.35466
2026-05-11 23:00:00+00:00,670.0,673.1,668.2,670.5,301.45434
2026-05-12 00:00:00+00:00,670.5,671.4,667.4,668.7,149.1378
2026-05-12 01:00:00+00:00,668.7,669.6,659.2,663.5,424.59646
2026-05-12 02:00:00+00:00,663.5,665.1,661.4,662.8,279.419
2026-05-12 03:00:00+00:00,662.8,663.5,660.9,661.9,129.9774
2026-05-12 04:00:00+00:00,661.9,664.1,661.0,662.5,228.8642
2026-05-12 05:00:00+00:00,662.5,664.1,662.4,662.4,143.2701
2026-05-12 06:00:00+00:00,662.4,663.4,659.8,660.1,182.68295
2026-05-12 07:00:00+00:00,660.1,660.9,657.7,658.5,349.4272
2026-05-12 08:00:00+00:00,658.5,660.2,657.5,659.4,236.512
2026-05-12 09:00:00+00:00,659.4,661.9,658.4,661.8,314.1448
2026-05-12 10:00:00+00:00,661.8,662.4,660.1,661.4,259.7829
2026-05-12 11:00:00+00:00,661.4,663.3,660.6,663.3,227.46053
2026-05-12 12:00:00+00:00,663.3,664.7,661.2,661.6,305.68362
2026-05-12 13:00:00+00:00,661.6,662.8,656.1,656.9,660.37066
2026-05-12 14:00:00+00:00,656.9,658.6,652.4,653.8,1793.59431
2026-05-12 15:00:00+00:00,653.8,655.9,650.4,652.0,811.10734
2026-05-12 16:00:00+00:00,652.0,653.8,650.5,651.8,600.867
2026-05-12 17:00:00+00:00,651.8,656.7,651.7,656.3,247.03996
2026-05-12 18:00:00+00:00,656.3,660.7,656.1,660.3,224.45434
2026-05-12 19:00:00+00:00,660.3,663.3,660.3,662.9,281.38191
2026-05-12 20:00:00+00:00,662.9,665.6,662.8,665.2,195.80145
2026-05-12 21:00:00+00:00,665.2,667.2,664.6,665.2,235.32959
2026-05-12 22:00:00+00:00,665.2,668.1,665.2,666.2,291.62617
2026-05-12 23:00:00+00:00,666.2,666.5,664.1,664.9,345.08925
2026-05-13 00:00:00+00:00,664.9,668.1,664.4,667.8,167.5729
2026-05-13 01:00:00+00:00,667.8,679.9,666.9,678.4,1062.00572
2026-05-13 02:00:00+00:00,678.4,680.9,677.9,680.3,358.13986
2026-05-13 03:00:00+00:00,680.3,683.1,679.8,681.0,443.736
2026-05-13 04:00:00+00:00,681.0,682.3,676.7,679.8,318.82303
2026-05-13 05:00:00+00:00,679.8,681.2,677.6,678.3,269.1372
2026-05-13 06:00:00+00:00,678.3,678.9,675.9,676.4,442.3495
2026-05-13 07:00:00+00:00,676.4,679.0,676.0,679.0,193.2165
2026-05-13 08:00:00+00:00,679.0,682.9,678.3,682.8,270.16716
2026-05-13 09:00:00+00:00,682.8,685.7,681.7,685.1,530.00889
2026-05-13 10:00:00+00:00,685.1,685.4,680.3,680.4,334.9656
2026-05-13 11:00:00+00:00,680.4,680.8,677.4,678.5,361.58658
2026-05-13 12:00:00+00:00,678.5,680.3,669.0,672.6,744.94387
2026-05-13 13:00:00+00:00,672.6,674.8,666.9,667.4,752.57554
2026-05-13 14:00:00+00:00,667.4,673.2,665.4,671.9,860.88531
2026-05-13 15:00:00+00:00,671.9,673.7,663.7,664.0,646.90024
2026-05-13 16:00:00+00:00,664.0,670.2,664.0,670.0,591.42423
2026-05-13 17:00:00+00:00,670.0,671.3,669.0,670.8,173.1192
2026-05-13 18:00:00+00:00,670.8,674.7,670.7,671.6,254.32048
2026-05-13 19:00:00+00:00,671.6,671.9,669.0,671.3,194.80545
2026-05-13 20:00:00+00:00,671.3,672.5,670.7,672.4,115.90383
2026-05-13 21:00:00+00:00,672.4,672.4,668.9,669.2,308.57815
2026-05-13 22:00:00+00:00,669.2,672.2,668.1,672.0,125.42716
2026-05-13 23:00:00+00:00,672.0,673.7,671.1,671.5,141.14768
2026-05-14 00:00:00+00:00,671.5,677.4,671.4,675.1,230.89543
2026-05-14 01:00:00+00:00,675.1,676.4,674.0,675.5,158.9101
2026-05-14 02:00:00+00:00,675.5,675.6,669.3,669.7,149.0437
2026-05-14 03:00:00+00:00,669.7,671.54,665.2,665.7,873.22551
2026-05-14 04:00:00+00:00,665.7,668.4,665.3,667.3,741.1034
2026-05-14 05:00:00+00:00,667.3,671.5,666.9,669.8,858.17643
2026-05-14 06:00:00+00:00,669.8,671.5,668.7,670.2,875.4228
2026-05-14 07:00:00+00:00,670.2,672.0,668.3,669.2,426.77188
2026-05-14 08:00:00+00:00,669.2,673.4,668.6,673.0,300.23463
2026-05-14 09:00:00+00:00,673.0,673.4,669.5,670.6,324.3077
2026-05-14 10:00:00+00:00,670.6,673.4,670.4,673.2,255.4775
2026-05-14 11:00:00+00:00,673.2,673.9,670.7,670.8,257.03203
2026-05-14 12:00:00+00:00,670.8,678.4,670.6,678.3,347.3055
2026-05-14 13:00:00+00:00,678.3,678.5,673.7,674.2,338.02995
2026-05-14 14:00:00+00:00,674.2,680.3,674.0,678.2,843.95714
2026-05-14 15:00:00+00:00,678.2,680.7,676.4,680.0,353.64745
2026-05-14 16:00:00+00:00,680.0,682.7,678.5,682.4,341.45599
2026-05-14 17:00:00+00:00,682.4,687.5,680.8,681.9,726.31706
2026-05-14 18:00:00+00:00,681.9,685.1,680.4,682.5,358.68963
2026-05-14 19:00:00+00:00,682.5,683.2,679.3,680.1,168.36968
2026-05-14 20:00:00+00:00,680.1,680.6,678.1,680.4,120.58444
2026-05-14 21:00:00+00:00,680.4,681.5,679.4,681.3,118.5937
2026-05-14 22:00:00+00:00,681.3,681.9,680.4,680.8,57.7036
2026-05-14 23:00:00+00:00,680.8,680.8,677.4,678.4,133.29805
2026-05-15 00:00:00+00:00,678.4,686.3,678.1,683.6,3741.20011
2026-05-15 01:00:00+00:00,683.6,685.0,679.7,679.8,272.6108
2026-05-15 02:00:00+00:00,679.8,680.8,677.5,679.9,292.41568
2026-05-15 03:00:00+00:00,679.9,684.0,678.8,681.9,722.73823
2026-05-15 04:00:00+00:00,681.9,682.0,678.3,678.4,149.29575
2026-05-15 05:00:00+00:00,678.4,679.7,673.9,676.3,502.67803
2026-05-15 06:00:00+00:00,676.3,683.6,675.8,683.2,338.3737
2026-05-15 07:00:00+00:00,683.2,689.3,681.4,684.6,565.40615
2026-05-15 08:00:00+00:00,684.6,687.3,682.8,685.8,310.96833
2026-05-15 09:00:00+00:00,685.8,686.0,681.7,683.0,447.30625
2026-05-15 10:00:00+00:00,683.0,690.1,682.3,689.2,335.72884
2026-05-15 11:00:00+00:00,689.2,689.6,685.6,686.6,543.74985
2026-05-15 12:00:00+00:00,686.6,686.8,682.1,682.8,243.21195
2026-05-15 13:00:00+00:00,682.8,682.8,670.4,671.3,864.53375
2026-05-15 14:00:00+00:00,671.3,676.6,669.9,676.0,809.84076
2026-05-15 15:00:00+00:00,676.0,676.4,669.0,671.6,338.66128
2026-05-15 16:00:00+00:00,671.6,675.3,671.2,674.6,138.67983
2026-05-15 17:00:00+00:00,674.6,676.9,674.5,675.3,179.44813
2026-05-15 18:00:00+00:00,675.3,676.5,673.2,674.5,47.44325
2026-05-15 19:00:00+00:00,674.5,675.4,672.3,674.0,60.9651
2026-05-15 20:00:00+00:00,674.0,674.4,672.1,673.6,137.644
2026-05-15 21:00:00+00:00,673.6,674.6,671.7,672.1,79.3819
2026-05-15 22:00:00+00:00,672.1,673.7,671.9,673.5,124.0772
2026-05-15 23:00:00+00:00,673.5,673.7,671.2,672.5,131.71615
2026-05-16 00:00:00+00:00,672.5,675.0,671.9,672.1,260.93373
2026-05-16 01:00:00+00:00,672.1,673.5,670.3,670.4,196.7061
2026-05-16 02:00:00+00:00,670.4,671.2,667.3,668.7,903.21137
2026-05-16 03:00:00+00:00,668.7,669.0,664.8,665.2,358.79303
2026-05-16 04:00:00+00:00,665.2,665.2,660.7,662.6,586.38611
2026-05-16 05:00:00+00:00,662.6,664.9,661.5,664.3,401.27473
2026-05-16 06:00:00+00:00,664.3,664.9,659.4,660.3,487.85003
2026-05-16 07:00:00+00:00,660.3,661.2,656.2,660.6,505.31449
2026-05-16 08:00:00+00:00,660.6,661.7,659.5,661.6,327.6366
2026-05-16 09:00:00+00:00,661.6,661.8,651.2,652.4,1547.7088
2026-05-16 10:00:00+00:00,652.4,654.4,650.7,654.0,696.3522
2026-05-16 11:00:00+00:00,654.0,656.0,654.0,654.1,225.748
2026-05-16 12:00:00+00:00,654.1,654.6,652.8,653.4,184.5777
2026-05-16 13:00:00+00:00,653.4,653.5,651.9,652.0,259.76295
2026-05-16 14:00:00+00:00,652.0,655.0,651.0,653.0,537.54293
2026-05-16 15:00:00+00:00,653.0,657.6,652.9,655.0,554.53023
2026-05-16 16:00:00+00:00,655.0,657.0,654.8,656.7,257.7955
2026-05-16 17:00:00+00:00,656.7,657.3,654.9,655.7,316.3634
2026-05-16 18:00:00+00:00,655.7,658.2,655.3,657.8,238.8532
2026-05-16 19:00:00+00:00,657.8,657.8,655.8,656.1,131.23
2026-05-16 20:00:00+00:00,656.1,657.5,655.9,656.6,97.7043
2026-05-16 21:00:00+00:00,656.6,657.5,656.1,657.2,112.8204
2026-05-16 22:00:00+00:00,657.2,657.4,656.2,656.5,94.3948
2026-05-16 23:00:00+00:00,656.5,657.0,655.9,656.2,79.7316
2026-05-17 00:00:00+00:00,656.2,657.2,650.9,651.8,3366.31813
2026-05-17 01:00:00+00:00,651.8,653.9,649.8,650.6,479.03515
2026-05-17 02:00:00+00:00,650.6,652.2,650.5,651.2,312.7961
2026-05-17 03:00:00+00:00,651.2,653.8,651.2,652.6,188.36693
2026-05-17 04:00:00+00:00,652.6,654.8,652.3,654.6,174.5228
2026-05-17 05:00:00+00:00,654.6,656.1,654.6,655.0,141.5258
2026-05-17 06:00:00+00:00,655.0,655.8,654.4,655.1,141.4093
2026-05-17 07:00:00+00:00,655.1,655.7,654.4,655.0,142.8447
2026-05-17 08:00:00+00:00,655.0,655.3,653.7,654.0,1160.9157
2026-05-17 09:00:00+00:00,654.0,654.6,650.2,653.1,216.38685
2026-05-17 10:00:00+00:00,653.1,655.4,653.1,654.7,137.14893
2026-05-17 11:00:00+00:00,654.7,655.4,653.6,655.0,86.2729
2026-05-17 12:00:00+00:00,655.0,657.4,653.7,656.4,485.82343
2026-05-17 13:00:00+00:00,656.4,656.4,653.0,653.6,209.33915
2026-05-17 14:00:00+00:00,653.6,653.6,650.5,652.1,202.8943
2026-05-17 15:00:00+00:00,652.1,652.8,650.9,652.2,291.1276
2026-05-17 16:00:00+00:00,652.2,653.5,651.3,651.7,185.4874
2026-05-17 17:00:00+00:00,651.7,652.0,650.0,651.7,205.86115
2026-05-17 18:00:00+00:00,651.7,653.4,650.7,653.4,147.78483
2026-05-17 19:00:00+00:00,653.4,656.3,653.4,656.0,94.63463
2026-05-17 20:00:00+00:00,656.0,656.2,653.8,654.6,45.7527
2026-05-17 21:00:00+00:00,654.6,657.6,654.1,657.0,110.9574
2026-05-17 22:00:00+00:00,657.0,657.0,652.9,653.7,159.6188
2026-05-17 23:00:00+00:00,653.7,653.7,639.2,649.2,2165.04933
2026-05-18 00:00:00+00:00,649.2,649.5,644.9,646.2,254.8314
2026-05-18 01:00:00+00:00,646.2,646.6,642.2,646.2,167.15928
2026-05-18 02:00:00+00:00,646.2,648.1,644.0,644.5,396.41038
2026-05-18 03:00:00+00:00,644.5,645.8,643.1,643.4,188.67065
2026-05-18 04:00:00+00:00,643.4,644.5,641.0,643.8,1121.03876
2026-05-18 05:00:00+00:00,643.8,644.4,641.58,641.7,139.93105
2026-05-18 06:00:00+00:00,641.7,642.5,637.4,640.6,616.08542
2026-05-18 07:00:00+00:00,640.6,642.2,638.9,641.8,177.84063
2026-05-18 08:00:00+00:00,641.8,642.1,638.5,640.0,785.61505
2026-05-18 09:00:00+00:00,640.0,640.6,638.8,639.3,182.1632
2026-05-18 10:00:00+00:00,639.3,639.4,637.4,638.3,134.5565
2026-05-18 11:00:00+00:00,638.3,643.5,637.5,641.7,192.09193
2026-05-18 12:00:00+00:00,641.7,645.3,641.7,643.3,268.34486
2026-05-18 13:00:00+00:00,643.3,643.3,637.8,639.8,355.0926
2026-05-18 14:00:00+00:00,639.8,639.9,635.16,636.8,420.76919
2026-05-18 15:00:00+00:00,636.8,637.6,634.2,637.0,369.90811
2026-05-18 16:00:00+00:00,637.0,640.1,635.7,639.4,545.97503
2026-05-18 17:00:00+00:00,639.4,641.0,638.7,640.4,159.1306
2026-05-18 18:00:00+00:00,640.4,640.5,636.0,637.7,243.92135
2026-05-18 19:00:00+00:00,637.7,644.9,637.6,644.6,341.95274
2026-05-18 20:00:00+00:00,644.6,645.5,642.1,642.8,153.57493
2026-05-18 21:00:00+00:00,642.8,646.0,641.9,645.6,186.87886
2026-05-18 22:00:00+00:00,645.6,646.4,644.0,645.0,182.6129
2026-05-18 23:00:00+00:00,645.0,645.7,643.0,643.6,108.973
2026-05-19 00:00:00+00:00,643.6,647.0,643.4,645.8,161.02203
2026-05-19 01:00:00+00:00,645.8,646.0,643.0,643.0,116.98765
2026-05-19 02:00:00+00:00,643.0,644.6,641.2,641.9,270.78978
2026-05-19 03:00:00+00:00,641.9,644.6,641.4,642.9,159.89078
2026-05-19 04:00:00+00:00,642.9,644.6,641.7,643.3,94.7533
2026-05-19 05:00:00+00:00,643.3,643.8,640.8,643.8,156.17208
2026-05-19 06:00:00+00:00,643.8,645.2,643.1,644.3,115.7142
2026-05-19 07:00:00+00:00,644.3,646.2,643.1,645.9,202.82713
2026-05-19 08:00:00+00:00,645.9,645.9,641.9,642.3,208.80785
2026-05-19 09:00:00+00:00,642.3,642.6,639.8,640.6,190.15105
2026-05-19 10:00:00+00:00,640.6,641.1,638.0,640.2,333.45521
2026-05-19 11:00:00+00:00,640.2,640.9,638.5,639.9,292.7263
2026-05-19 12:00:00+00:00,639.9,641.7,639.5,641.6,190.4797
2026-05-19 13:00:00+00:00,641.6,642.2,638.8,640.2,236.07333
2026-05-19 14:00:00+00:00,640.2,641.3,636.3,638.2,411.22372
2026-05-19 15:00:00+00:00,638.2,640.4,637.7,638.6,171.77543
2026-05-19 16:00:00+00:00,638.6,640.9,637.9,640.7,128.5847
2026-05-19 17:00:00+00:00,640.7,641.5,639.6,640.6,167.563
2026-05-19 18:00:00+00:00,640.6,641.1,639.3,640.3,95.4617
2026-05-19 19:00:00+00:00,640.3,641.8,639.3,639.8,63.74798
2026-05-19 20:00:00+00:00,639.8,641.3,639.8,641.2,106.1738
2026-05-19 21:00:00+00:00,641.2,641.7,640.3,640.3,111.50563
2026-05-19 22:00:00+00:00,640.3,640.3,637.8,638.6,54.858
2026-05-19 23:00:00+00:00,638.6,641.3,638.1,640.0,77.9301
2026-05-20 00:00:00+00:00,640.0,640.1,637.7,639.4,108.0095
2026-05-20 01:00:00+00:00,639.4,640.8,637.8,640.0,63.3152
2026-05-20 02:00:00+00:00,640.0,640.6,638.3,639.1,278.2055
2026-05-20 03:00:00+00:00,639.1,640.5,638.1,640.1,107.781
2026-05-20 04:00:00+00:00,640.1,640.7,638.4,639.7,43.3557
2026-05-20 05:00:00+00:00,639.7,643.5,639.7,642.7,224.47533
2026-05-20 06:00:00+00:00,642.7,643.8,641.6,643.7,291.0173
2026-05-20 07:00:00+00:00,643.7,645.0,643.1,643.4,150.45727
2026-05-20 08:00:00+00:00,643.4,645.3,643.2,644.4,251.9838
2026-05-20 09:00:00+00:00,644.4,645.1,643.8,644.4,214.4456
2026-05-20 10:00:00+00:00,644.4,645.3,643.6,643.8,491.2023
2026-05-20 11:00:00+00:00,643.8,644.1,642.2,643.3,92.3712
2026-05-20 12:00:00+00:00,643.3,646.1,643.0,645.0,134.44779
2026-05-20 13:00:00+00:00,645.0,645.2,641.8,643.2,453.84975
2026-05-20 14:00:00+00:00,643.2,649.2,641.5,647.9,2050.50758
2026-05-20 15:00:00+00:00,647.9,649.8,646.7,648.7,400.89709
2026-05-20 16:00:00+00:00,648.7,649.6,646.0,648.9,183.1217
2026-05-20 17:00:00+00:00,648.9,651.2,647.7,649.6,276.2855
2026-05-20 18:00:00+00:00,649.6,650.0,648.4,648.8,122.9878
2026-05-20 19:00:00+00:00,648.8,650.8,648.0,650.5,278.284
2026-05-20 20:00:00+00:00,650.5,651.5,648.6,651.1,250.2465
2026-05-20 21:00:00+00:00,651.1,651.7,649.3,649.3,84.2522
2026-05-20 22:00:00+00:00,649.3,649.3,647.2,648.6,79.85715
2026-05-20 23:00:00+00:00,648.6,649.6,647.4,649.4,127.1168
2026-05-21 00:00:00+00:00,649.4,653.9,649.3,653.7,344.14918
2026-05-21 01:00:00+00:00,653.7,654.7,652.3,653.1,223.28963
2026-05-21 02:00:00+00:00,653.1,655.3,652.3,653.8,110.55926
2026-05-21 03:00:00+00:00,653.8,655.5,653.1,654.8,176.0876
2026-05-21 04:00:00+00:00,654.8,655.5,653.5,654.5,134.9868
2026-05-21 05:00:00+00:00,654.5,655.4,652.0,653.0,135.7975
2026-05-21 06:00:00+00:00,653.0,653.2,650.4,651.5,195.1021
2026-05-21 07:00:00+00:00,651.5,653.1,650.8,652.8,434.3508
2026-05-21 08:00:00+00:00,652.8,656.0,652.8,655.0,191.62923
2026-05-21 09:00:00+00:00,655.0,655.5,653.0,653.4,148.0408
2026-05-21 10:00:00+00:00,653.4,653.9,648.0,648.3,386.9971
2026-05-21 11:00:00+00:00,648.3,649.6,647.4,647.8,166.08015
2026-05-21 12:00:00+00:00,647.8,650.3,647.6,649.7,159.61513
2026-05-21 13:00:00+00:00,649.7,650.8,646.3,649.5,413.94938
2026-05-21 14:00:00+00:00,649.5,651.2,647.8,648.8,405.47791
2026-05-21 15:00:00+00:00,648.8,653.2,648.7,652.2,264.70512
2026-05-21 16:00:00+00:00,652.2,653.4,650.3,651.0,218.1523
2026-05-21 17:00:00+00:00,651.0,659.7,650.9,657.8,597.67599
2026-05-21 18:00:00+00:00,657.8,659.3,654.5,655.9,1351.58155
2026-05-21 19:00:00+00:00,655.9,658.6,655.9,658.0,319.7627
2026-05-21 20:00:00+00:00,658.0,658.5,657.1,657.4,84.106
2026-05-21 21:00:00+00:00,657.4,659.0,657.4,657.5,124.5318
2026-05-21 22:00:00+00:00,657.5,658.2,656.3,657.0,128.0488
2026-05-21 23:00:00+00:00,657.0,658.7,656.4,658.7,225.52403
2026-05-22 00:00:00+00:00,658.7,659.1,657.1,657.1,307.9823
2026-05-22 01:00:00+00:00,657.1,660.5,656.2,659.4,222.98097
2026-05-22 02:00:00+00:00,659.4,661.0,658.8,660.5,474.37207
2026-05-22 03:00:00+00:00,660.5,661.5,659.4,659.7,146.1689
2026-05-22 04:00:00+00:00,659.7,660.5,658.5,659.2,234.48835
2026-05-22 05:00:00+00:00,659.2,659.2,656.7,657.1,224.9877
2026-05-22 06:00:00+00:00,657.1,657.8,656.0,656.1,145.22465
2026-05-22 07:00:00+00:00,656.1,659.9,655.6,659.5,188.8679
2026-05-22 08:00:00+00:00,659.5,661.3,659.0,659.3,557.1547
2026-05-22 09:00:00+00:00,659.3,659.3,656.4,657.2,512.2897
2026-05-22 10:00:00+00:00,657.2,657.3,654.9,656.2,176.1548
2026-05-22 11:00:00+00:00,656.2,658.1,655.3,658.1,341.9995
2026-05-22 12:00:00+00:00,658.1,660.8,657.8,660.8,335.4114
2026-05-22 13:00:00+00:00,660.8,664.1,660.4,664.1,1403.91474
2026-05-22 14:00:00+00:00,664.1,664.1,656.7,657.4,601.9581
2026-05-22 15:00:00+00:00,657.4,659.8,656.3,658.4,166.62418
2026-05-22 16:00:00+00:00,658.4,660.9,657.9,660.5,271.27023
2026-05-22 17:00:00+00:00,660.5,661.9,658.6,659.8,936.53623
2026-05-22 18:00:00+00:00,659.8,659.8,648.7,653.5,751.30912
2026-05-22 19:00:00+00:00,653.5,654.1,648.4,652.4,556.16753
2026-05-22 20:00:00+00:00,652.4,654.0,651.8,653.0,245.2064
2026-05-22 21:00:00+00:00,653.0,654.0,652.3,653.4,84.7863
2026-05-22 22:00:00+00:00,653.4,653.4,650.8,652.4,129.5584
2026-05-22 23:00:00+00:00,652.4,653.2,648.8,650.5,457.83335
2026-05-23 00:00:00+00:00,650.5,652.1,648.2,651.1,318.4338
2026-05-23 01:00:00+00:00,651.1,652.2,649.3,650.3,232.808
2026-05-23 02:00:00+00:00,650.3,651.5,649.7,651.5,149.5804
2026-05-23 03:00:00+00:00,651.5,653.1,650.1,652.4,243.11013
2026-05-23 04:00:00+00:00,652.4,652.7,650.0,650.2,316.1121
2026-05-23 05:00:00+00:00,650.2,650.3,647.9,649.0,915.34035
2026-05-23 06:00:00+00:00,649.0,649.5,648.1,648.5,280.5994
2026-05-23 07:00:00+00:00,648.5,648.9,635.1,636.7,1990.71483
2026-05-23 08:00:00+00:00,636.7,640.5,635.8,640.3,529.26303
2026-05-23 09:00:00+00:00,640.3,640.7,638.6,638.6,140.9407
2026-05-23 10:00:00+00:00,638.6,640.7,638.6,640.0,369.3932
2026-05-23 11:00:00+00:00,640.0,641.1,639.7,640.0,226.1359
2026-05-23 12:00:00+00:00,640.0,640.6,639.4,640.4,163.6514
2026-05-23 13:00:00+00:00,640.4,643.3,640.3,642.9,294.58083
2026-05-23 14:00:00+00:00,642.9,647.8,642.1,647.3,509.319
2026-05-23 15:00:00+00:00,647.3,648.7,646.3,647.4,373.99023
2026-05-23 16:00:00+00:00,647.4,648.1,646.3,646.7,119.4232
2026-05-23 17:00:00+00:00,646.7,649.4,646.7,649.0,131.08229
2026-05-23 18:00:00+00:00,649.0,653.0,648.9,651.5,130.91233
2026-05-23 19:00:00+00:00,651.5,653.1,650.7,652.3,180.0046
2026-05-23 20:00:00+00:00,652.3,661.3,651.8,661.2,566.27785
2026-05-23 21:00:00+00:00,661.2,664.0,655.0,657.4,1150.96867
2026-05-23 22:00:00+00:00,657.4,658.4,654.5,656.7,170.7709
2026-05-23 23:00:00+00:00,656.7,657.7,656.0,656.2,103.4374
2026-05-24 00:00:00+00:00,656.2,658.0,655.6,656.6,104.424
2026-05-24 01:00:00+00:00,656.6,658.1,656.5,657.2,308.7485
2026-05-24 02:00:00+00:00,657.2,658.6,656.1,657.9,271.6972
2026-05-24 03:00:00+00:00,657.9,658.7,656.3,657.1,267.12483
2026-05-24 04:00:00+00:00,657.1,658.0,656.3,656.3,94.75
2026-05-24 05:00:00+00:00,656.3,656.3,654.0,655.3,133.27099
2026-05-24 06:00:00+00:00,655.3,657.9,654.9,657.4,107.39803
2026-05-24 07:00:00+00:00,657.4,657.6,655.9,656.5,234.1663
2026-05-24 08:00:00+00:00,656.5,659.2,656.1,658.8,167.4694
2026-05-24 09:00:00+00:00,658.8,660.2,658.2,659.8,224.7231
2026-05-24 10:00:00+00:00,659.8,662.6,658.9,660.9,364.97723
2026-05-24 11:00:00+00:00,660.9,662.6,660.5,661.3,306.0077
2026-05-24 12:00:00+00:00,661.3,661.4,658.7,660.2,153.3095
2026-05-24 13:00:00+00:00,660.2,660.8,656.6,657.6,247.962
2026-05-24 14:00:00+00:00,657.6,658.5,652.0,655.6,605.75125
2026-05-24 15:00:00+00:00,655.6,656.7,655.3,655.5,95.7229
2026-05-24 16:00:00+00:00,655.5,657.6,655.3,656.7,130.7532
2026-05-24 17:00:00+00:00,656.7,657.5,656.4,656.4,179.9807
2026-05-24 18:00:00+00:00,656.4,656.5,654.9,655.5,121.3064
2026-05-24 19:00:00+00:00,655.5,656.5,655.3,656.1,82.8876
2026-05-24 20:00:00+00:00,656.1,656.3,655.0,655.3,79.611
2026-05-24 21:00:00+00:00,655.3,656.1,649.8,650.3,291.03832
2026-05-24 22:00:00+00:00,650.3,656.1,650.3,654.6,435.88816
2026-05-24 23:00:00+00:00,654.6,657.6,654.6,656.7,132.77093
2026-05-25 00:00:00+00:00,656.7,659.7,656.7,658.7,153.47544
2026-05-25 01:00:00+00:00,658.7,659.8,655.8,655.9,124.77735
2026-05-25 02:00:00+00:00,655.9,660.0,655.9,657.0,161.05533
2026-05-25 03:00:00+00:00,657.0,657.6,656.0,657.1,102.09265
2026-05-25 04:00:00+00:00,657.1,660.0,656.4,659.5,202.80983
2026-05-25 05:00:00+00:00,659.5,661.2,659.3,660.9,148.59351
2026-05-25 06:00:00+00:00,660.9,662.0,659.4,660.9,265.15145
2026-05-25 07:00:00+00:00,660.9,662.0,660.2,661.9,368.9527
2026-05-25 08:00:00+00:00,661.9,662.8,660.9,662.2,260.88053
2026-05-25 09:00:00+00:00,662.2,663.4,661.3,661.6,383.90503
2026-05-25 10:00:00+00:00,661.6,662.5,660.8,661.6,433.8052
2026-05-25 11:00:00+00:00,661.6,662.6,660.8,662.3,308.936
2026-05-25 12:00:00+00:00,662.3,671.1,662.3,669.8,1175.45301
2026-05-25 13:00:00+00:00,669.8,672.1,669.2,672.1,660.48857
2026-05-25 14:00:00+00:00,672.1,673.3,670.5,671.5,659.4873
2026-05-25 15:00:00+00:00,671.5,671.8,666.8,667.8,369.2481
2026-05-25 16:00:00+00:00,667.8,668.2,666.5,667.1,273.1196
2026-05-25 17:00:00+00:00,667.1,667.4,661.0,661.2,557.55164
2026-05-25 18:00:00+00:00,661.2,664.2,661.1,663.1,397.3563
2026-05-25 19:00:00+00:00,663.1,663.1,661.1,662.5,100.9887
2026-05-25 20:00:00+00:00,662.5,663.1,660.6,661.4,154.3533
2026-05-25 21:00:00+00:00,661.4,662.4,661.3,662.0,133.511
2026-05-25 22:00:00+00:00,662.0,663.1,660.5,660.8,152.69681
2026-05-25 23:00:00+00:00,660.8,663.2,660.6,663.1,139.7584
2026-05-26 00:00:00+00:00,663.1,663.7,657.3,659.7,423.96221
2026-05-26 01:00:00+00:00,659.7,659.8,656.2,657.7,244.47505
2026-05-26 02:00:00+00:00,657.7,659.7,657.1,659.4,286.76423
2026-05-26 03:00:00+00:00,659.4,659.5,657.2,658.1,242.0184
2026-05-26 04:00:00+00:00,658.1,659.6,657.0,659.0,222.998
2026-05-26 05:00:00+00:00,659.0,659.9,658.3,659.3,247.9222
2026-05-26 06:00:00+00:00,659.3,659.8,657.5,658.2,271.4444
2026-05-26 07:00:00+00:00,658.2,659.1,655.4,657.9,280.9171
2026-05-26 08:00:00+00:00,657.9,658.1,656.5,657.1,296.31135
2026-05-26 09:00:00+00:00,657.1,658.0,656.2,656.8,238.1434
2026-05-26 10:00:00+00:00,656.8,664.5,656.4,662.9,438.40369
2026-05-26 11:00:00+00:00,662.9,663.8,661.7,662.6,329.2056
2026-05-26 12:00:00+00:00,662.6,663.1,660.4,662.6,276.84678
2026-05-26 13:00:00+00:00,662.6,665.1,660.9,663.4,529.212
2026-05-26 14:00:00+00:00,663.4,668.1,660.9,663.2,536.37166
2026-05-26 15:00:00+00:00,663.2,663.6,657.3,660.2,384.54751
2026-05-26 16:00:00+00:00,660.2,661.0,657.6,659.8,376.66963
2026-05-26 17:00:00+00:00,659.8,660.4,653.5,655.7,393.95588
2026-05-26 18:00:00+00:00,655.7,657.7,655.0,655.6,168.2343
2026-05-26 19:00:00+00:00,655.6,657.8,654.8,657.0,93.2118
2026-05-26 20:00:00+00:00,657.0,657.9,656.6,657.2,97.784
2026-05-26 21:00:00+00:00,657.2,657.5,654.9,656.5,213.1942
2026-05-26 22:00:00+00:00,656.5,657.5,655.5,656.0,204.3708
2026-05-26 23:00:00+00:00,656.0,657.9,656.0,656.4,98.5666
2026-05-27 00:00:00+00:00,656.4,658.5,656.3,658.5,89.7505
2026-05-27 01:00:00+00:00,658.5,659.0,656.8,656.9,121.24853
2026-05-27 02:00:00+00:00,656.9,657.4,654.7,656.6,122.24215
2026-05-27 03:00:00+00:00,656.6,656.8,654.2,654.2,108.39915
2026-05-27 04:00:00+00:00,654.2,654.4,650.7,654.3,299.39274
2026-05-27 05:00:00+00:00,654.3,654.6,653.0,653.4,92.61993
2026-05-27 06:00:00+00:00,653.4,653.9,652.2,652.9,76.1978
2026-05-27 07:00:00+00:00,652.9,653.6,651.6,653.2,76.2148
2026-05-27 08:00:00+00:00,653.2,654.9,652.3,653.6,269.08843
2026-05-27 09:00:00+00:00,653.6,654.6,652.9,654.0,120.1814
2026-05-27 10:00:00+00:00,654.0,655.7,653.3,654.4,195.8894
2026-05-27 11:00:00+00:00,654.4,655.6,653.7,653.7,179.9216
2026-05-27 12:00:00+00:00,653.7,657.2,653.1,655.1,197.96703
2026-05-27 13:00:00+00:00,655.1,655.6,650.2,652.3,211.82075
2026-05-27 14:00:00+00:00,652.3,654.4,651.5,654.2,271.4593
2026-05-27 15:00:00+00:00,654.2,658.5,654.0,657.8,804.24783
2026-05-27 16:00:00+00:00,657.8,659.9,654.9,656.1,364.19777
2026-05-27 17:00:00+00:00,656.1,656.2,650.4,651.0,180.27943
2026-05-27 18:00:00+00:00,651.0,653.9,650.4,653.8,103.6321
2026-05-27 19:00:00+00:00,653.8,654.2,652.8,653.5,89.3727
2026-05-27 20:00:00+00:00,653.5,655.1,653.2,654.1,194.51273
2026-05-27 21:00:00+00:00,654.1,654.5,646.7,648.6,316.37137
2026-05-27 22:00:00+00:00,648.6,650.1,646.9,647.0,124.9868
2026-05-27 23:00:00+00:00,647.0,649.3,646.6,648.8,199.30163
2026-05-28 00:00:00+00:00,648.8,649.0,647.0,649.0,100.5341
2026-05-28 01:00:00+00:00,649.0,649.3,645.4,646.6,287.42864
2026-05-28 02:00:00+00:00,646.6,647.1,644.0,645.0,151.94654
2026-05-28 03:00:00+00:00,645.0,645.7,636.9,637.6,686.60407
2026-05-28 04:00:00+00:00,637.6,637.8,633.0,636.3,736.83436
2026-05-28 05:00:00+00:00,636.3,636.5,633.0,634.6,439.33988
2026-05-28 06:00:00+00:00,634.6,635.1,631.3,634.0,1018.00555
2026-05-28 07:00:00+00:00,634.0,636.5,633.5,634.9,536.4168
2026-05-28 08:00:00+00:00,634.9,635.3,633.4,634.5,600.4984
2026-05-28 09:00:00+00:00,634.5,635.1,632.0,633.9,996.272
2026-05-28 10:00:00+00:00,633.9,634.9,632.5,633.1,559.9059
2026-05-28 11:00:00+00:00,633.1,633.4,631.3,632.7,977.2683
2026-05-28 12:00:00+00:00,632.7,633.5,630.1,633.1,916.64076
2026-05-28 13:00:00+00:00,633.1,633.8,629.4,631.4,714.87773
2026-05-28 14:00:00+00:00,631.4,636.7,628.3,635.3,607.07324
2026-05-28 15:00:00+00:00,635.3,635.9,631.5,634.8,676.57725
2026-05-28 16:00:00+00:00,634.8,640.6,633.5,640.3,735.8899
2026-05-28 17:00:00+00:00,640.3,641.9,638.9,640.3,204.56128
2026-05-28 18:00:00+00:00,640.3,642.7,640.3,641.9,104.8223
2026-05-28 19:00:00+00:00,641.9,642.0,639.7,639.7,137.91
2026-05-28 20:00:00+00:00,639.7,641.7,638.4,640.9,383.56638
2026-05-28 21:00:00+00:00,640.9,642.6,640.6,641.7,208.6836
2026-05-28 22:00:00+00:00,641.7,642.4,638.5,638.9,136.1378
2026-05-28 23:00:00+00:00,638.9,639.7,637.8,638.4,103.1574
2026-05-29 00:00:00+00:00,638.4,639.6,638.3,638.6,106.3166
2026-05-29 01:00:00+00:00,638.6,639.3,635.8,637.0,187.27838
2026-05-29 02:00:00+00:00,637.0,637.6,633.7,634.1,376.81025
2026-05-29 03:00:00+00:00,634.1,636.8,634.1,635.6,63.5908
2026-05-29 04:00:00+00:00,635.6,636.8,634.7,636.6,67.4421
2026-05-29 05:00:00+00:00,636.6,638.4,636.4,638.4,144.5424
2026-05-29 06:00:00+00:00,638.4,639.4,637.5,638.0,122.6056
2026-05-29 07:00:00+00:00,638.0,638.6,635.7,637.1,110.1825
2026-05-29 08:00:00+00:00,637.1,638.3,636.6,636.7,121.3948
2026-05-29 09:00:00+00:00,636.7,640.7,636.6,640.7,227.7481
2026-05-29 10:00:00+00:00,640.7,641.1,639.0,639.2,96.8003
2026-05-29 11:00:00+00:00,639.2,639.4,635.4,637.0,115.78815
2026-05-29 12:00:00+00:00,637.0,637.1,635.2,635.7,120.3834
2026-05-29 13:00:00+00:00,635.7,636.7,634.1,635.6,166.41215
2026-05-29 14:00:00+00:00,635.6,636.8,630.8,634.9,567.328
2026-05-29 15:00:00+00:00,634.9,643.0,634.5,639.8,671.90807
2026-05-29 16:00:00+00:00,639.8,644.1,638.2,643.9,374.67715
2026-05-29 17:00:00+00:00,643.9,644.9,642.0,642.5,234.81367
2026-05-29 18:00:00+00:00,642.5,643.0,638.3,639.8,364.356
2026-05-29 19:00:00+00:00,639.8,643.0,639.3,641.4,263.38393
2026-05-29 20:00:00+00:00,641.4,643.4,641.4,642.2,178.3089
2026-05-29 21:00:00+00:00,642.2,643.9,641.5,641.8,210.0126
2026-05-29 22:00:00+00:00,641.8,643.5,641.6,642.7,58.4441
2026-05-29 23:00:00+00:00,642.7,643.3,641.4,643.2,167.9385
2026-05-30 00:00:00+00:00,643.2,647.3,642.7,646.7,239.65904
2026-05-30 01:00:00+00:00,646.7,653.8,646.1,653.4,362.13826
2026-05-30 02:00:00+00:00,653.4,658.6,652.2,657.9,968.32431
2026-05-30 03:00:00+00:00,657.9,661.2,657.2,658.1,510.65448
2026-05-30 04:00:00+00:00,658.1,660.8,656.6,659.1,711.2761
2026-05-30 05:00:00+00:00,659.1,666.7,658.2,666.5,905.83398
2026-05-30 06:00:00+00:00,666.5,669.1,665.2,667.7,438.88452
2026-05-30 07:00:00+00:00,667.7,674.4,667.1,673.0,606.33216
2026-05-30 08:00:00+00:00,673.0,675.5,669.6,673.4,850.1652
2026-05-30 09:00:00+00:00,673.4,677.3,670.6,674.8,482.9467
2026-05-30 10:00:00+00:00,674.8,676.1,674.3,675.3,391.2492
2026-05-30 11:00:00+00:00,675.3,675.3,670.6,673.8,539.05983
2026-05-30 12:00:00+00:00,673.8,674.3,671.6,673.0,179.9186
2026-05-30 13:00:00+00:00,673.0,675.0,671.0,674.8,266.04825
2026-05-30 14:00:00+00:00,674.8,687.8,674.3,686.8,1240.1235
2026-05-30 15:00:00+00:00,686.8,695.1,685.4,694.6,1526.09379
2026-05-30 16:00:00+00:00,694.6,710.4,694.5,709.0,2459.84152
2026-05-30 17:00:00+00:00,709.0,717.4,700.9,713.2,3442.3894
2026-05-30 18:00:00+00:00,713.2,717.1,709.1,716.8,1960.1988
2026-05-30 19:00:00+00:00,716.8,724.7,712.8,720.9,4266.27959
2026-05-30 20:00:00+00:00,720.9,724.0,717.9,719.6,1195.264
2026-05-30 21:00:00+00:00,719.6,728.9,717.6,719.3,1437.63853
2026-05-30 22:00:00+00:00,719.3,719.9,707.4,716.1,1073.87536
2026-05-30 23:00:00+00:00,716.1,720.4,716.0,718.8,674.35785
2026-05-31 00:00:00+00:00,718.8,727.5,718.8,723.5,646.40524
2026-05-31 01:00:00+00:00,723.5,729.7,722.6,728.3,600.50719
2026-05-31 02:00:00+00:00,728.3,743.4,727.5,740.0,2388.40617
2026-05-31 03:00:00+00:00,740.0,745.9,734.5,740.0,1694.65562
2026-05-31 04:00:00+00:00,740.0,742.3,731.5,734.5,874.99586
2026-05-31 05:00:00+00:00,734.5,741.6,732.2,737.7,926.96092
2026-05-31 06:00:00+00:00,737.7,737.8,732.6,736.0,1002.541
2026-05-31 07:00:00+00:00,736.0,736.1,717.3,719.9,2614.26439
2026-05-31 08:00:00+00:00,719.9,725.4,718.9,723.5,1212.72242
2026-05-31 09:00:00+00:00,723.5,725.7,718.0,720.1,661.2841
2026-05-31 10:00:00+00:00,720.1,724.5,719.5,721.1,948.3066
2026-05-31 11:00:00+00:00,721.1,724.6,720.1,723.1,468.8454
2026-05-31 12:00:00+00:00,723.1,726.4,721.9,725.2,1096.0062
2026-05-31 13:00:00+00:00,725.2,733.9,724.4,727.7,1310.07759
2026-05-31 14:00:00+00:00,727.7,729.9,718.4,720.0,1128.3233
2026-05-31 15:00:00+00:00,720.0,725.0,719.5,720.9,389.9391
2026-05-31 16:00:00+00:00,720.9,722.0,703.1,709.4,2131.43453
2026-05-31 17:00:00+00:00,709.4,717.7,709.2,713.9,786.91313
2026-05-31 18:00:00+00:00,713.9,713.9,708.9,709.9,544.6314
2026-05-31 19:00:00+00:00,709.9,710.9,707.3,708.7,519.44039
2026-05-31 20:00:00+00:00,708.7,711.4,708.7,710.4,1013.2813
2026-05-31 21:00:00+00:00,710.4,712.2,707.2,711.4,405.2562
2026-05-31 22:00:00+00:00,711.4,715.8,708.0,711.8,673.6679
2026-05-31 23:00:00+00:00,711.8,713.4,706.5,710.6,414.47228
2026-06-01 00:00:00+00:00,710.6,717.3,709.1,710.7,843.10809
2026-06-01 01:00:00+00:00,710.7,711.0,693.3,695.2,3004.82972
2026-06-01 02:00:00+00:00,695.2,708.9,694.3,707.6,760.6095
2026-06-01 03:00:00+00:00,707.6,710.1,703.0,703.9,482.68389
2026-06-01 04:00:00+00:00,703.9,705.6,696.2,698.2,362.13986
2026-06-01 05:00:00+00:00,698.2,698.5,694.4,695.9,201.34001
2026-06-01 06:00:00+00:00,695.9,696.6,691.0,693.5,1013.07671
2026-06-01 07:00:00+00:00,693.5,694.3,685.0,686.2,770.18447
2026-06-01 08:00:00+00:00,686.2,689.8,685.5,689.6,462.84471
2026-06-01 09:00:00+00:00,689.6,729.6,688.7,711.6,7980.03973
2026-06-01 10:00:00+00:00,711.6,714.8,695.6,702.2,1609.98079
2026-06-01 11:00:00+00:00,702.2,708.2,695.1,697.3,671.42653
2026-06-01 12:00:00+00:00,697.3,698.4,686.4,692.7,1040.15322
2026-06-01 13:00:00+00:00,692.7,693.1,679.4,686.7,1175.05223
2026-06-01 14:00:00+00:00,686.7,686.8,674.8,678.1,1464.35095
2026-06-01 15:00:00+00:00,678.1,685.5,677.5,677.5,500.04546
2026-06-01 16:00:00+00:00,677.5,685.7,674.1,684.6,1327.62246
2026-06-01 17:00:00+00:00,684.6,688.9,683.7,687.8,1216.86472
2026-06-01 18:00:00+00:00,687.8,695.9,686.7,691.3,715.85588
2026-06-01 19:00:00+00:00,691.3,696.4,690.8,696.2,422.88065
2026-06-01 20:00:00+00:00,696.2,701.9,694.9,695.9,773.90493
2026-06-01 21:00:00+00:00,695.9,695.9,689.3,690.4,312.79891
2026-06-01 22:00:00+00:00,690.4,694.6,688.4,693.6,288.71929
2026-06-01 23:00:00+00:00,693.6,695.9,692.4,693.1,130.16063
2026-06-02 00:00:00+00:00,693.1,694.0,690.0,690.6,271.50743
2026-06-02 01:00:00+00:00,690.6,692.5,684.5,684.8,346.66937
2026-06-02 02:00:00+00:00,684.8,693.4,681.3,691.2,623.06813
2026-06-02 03:00:00+00:00,691.2,695.4,690.2,693.5,78.06286
2026-06-02 04:00:00+00:00,693.5,694.2,686.1,686.6,288.05949
2026-06-02 05:00:00+00:00,686.6,689.1,683.1,683.7,171.14806
2026-06-02 06:00:00+00:00,683.7,685.2,680.5,683.2,304.74058
2026-06-02 07:00:00+00:00,683.2,686.4,680.5,682.0,132.46133
2026-06-02 08:00:00+00:00,682.0,685.0,680.8,681.9,634.24468
2026-06-02 09:00:00+00:00,681.9,682.2,676.4,677.7,429.57972
2026-06-02 10:00:00+00:00,677.7,681.0,675.6,680.2,320.56578
2026-06-02 11:00:00+00:00,680.2,680.2,676.8,678.3,193.1683
2026-06-02 12:00:00+00:00,678.3,680.0,675.0,676.3,454.23546
2026-06-02 13:00:00+00:00,676.3,677.0,672.0,674.9,577.16361
2026-06-02 14:00:00+00:00,674.9,677.6,666.7,673.4,842.57331
2026-06-02 15:00:00+00:00,673.4,673.4,658.2,663.2,1771.41551
2026-06-02 16:00:00+00:00,663.2,671.5,660.6,664.1,523.92705
2026-06-02 17:00:00+00:00,664.1,667.3,663.4,666.3,272.13476
2026-06-02 18:00:00+00:00,666.3,667.5,659.1,659.8,627.98087
2026-06-02 19:00:00+00:00,659.8,662.3,652.3,660.3,731.94604
2026-06-02 20:00:00+00:00,660.3,662.9,656.2,661.4,291.00964
2026-06-02 21:00:00+00:00,661.4,663.3,658.8,659.8,280.92238
2026-06-02 22:00:00+00:00,659.8,659.8,642.5,648.0,1098.15445
2026-06-02 23:00:00+00:00,648.0,652.0,645.4,650.7,503.36942
2026-06-03 00:00:00+00:00,650.7,657.2,650.3,654.5,543.90603
2026-06-03 01:00:00+00:00,654.5,654.9,646.7,649.9,336.92276
2026-06-03 02:00:00+00:00,649.9,650.4,644.1,644.8,384.63738
2026-06-03 03:00:00+00:00,644.8,646.7,631.0,633.9,2085.23555
2026-06-03 04:00:00+00:00,633.9,640.0,632.8,636.7,920.95737
2026-06-03 05:00:00+00:00,636.7,646.4,636.0,646.0,1114.41857
2026-06-03 06:00:00+00:00,646.0,646.7,640.4,640.5,1578.68802
2026-06-03 07:00:00+00:00,640.5,645.1,640.2,644.2,269.1993
2026-06-03 08:00:00+00:00,644.2,645.8,640.8,644.6,278.85098
2026-06-03 09:00:00+00:00,644.6,645.9,638.7,641.7,345.74014
2026-06-03 10:00:00+00:00,641.7,646.0,640.8,641.6,337.51136
2026-06-03 11:00:00+00:00,641.6,645.0,637.1,637.4,576.97183
2026-06-03 12:00:00+00:00,637.4,637.4,633.2,635.6,402.69676
2026-06-03 13:00:00+00:00,635.6,637.3,629.7,633.2,686.74373
2026-06-03 14:00:00+00:00,633.2,637.6,630.1,636.7,417.45088
2026-06-03 15:00:00+00:00,636.7,639.1,632.8,632.8,411.93727
2026-06-03 16:00:00+00:00,632.8,633.5,620.0,628.2,1943.68339
2026-06-03 17:00:00+00:00,628.2,628.8,623.7,627.1,566.86029
2026-06-03 18:00:00+00:00,627.1,629.1,625.2,628.2,308.83043
2026-06-03 19:00:00+00:00,628.2,629.0,621.6,622.6,927.75771
2026-06-03 20:00:00+00:00,622.6,625.6,616.1,619.7,1692.71337
2026-06-03 21:00:00+00:00,619.7,629.5,619.0,629.3,339.72872
2026-06-03 22:00:00+00:00,629.3,629.9,625.6,627.0,351.00578
2026-06-03 23:00:00+00:00,627.0,627.7,620.3,620.5,576.29175
2026-06-04 00:00:00+00:00,620.5,624.4,612.8,616.0,1366.73563
2026-06-04 01:00:00+00:00,616.0,617.6,599.2,602.3,2327.03789
2026-06-04 02:00:00+00:00,602.3,609.6,590.1,607.7,4589.47017
2026-06-04 03:00:00+00:00,607.7,621.1,607.7,619.0,946.40794
2026-06-04 04:00:00+00:00,619.0,621.2,613.8,614.7,567.00334
2026-06-04 05:00:00+00:00,614.7,614.7,600.8,604.4,2154.57918
2026-06-04 06:00:00+00:00,604.4,611.0,603.8,605.4,845.34232
2026-06-04 07:00:00+00:00,605.4,605.7,599.3,600.0,935.75583
2026-06-04 08:00:00+00:00,600.0,603.5,596.4,602.2,1579.87224
2026-06-04 09:00:00+00:00,602.2,602.3,591.2,597.9,1238.6577
2026-06-04 10:00:00+00:00,597.9,597.9,588.0,590.4,1308.9852
2026-06-04 11:00:00+00:00,590.4,595.5,588.9,594.9,690.14821
2026-06-04 12:00:00+00:00,594.9,604.7,593.9,603.5,672.06442
2026-06-04 13:00:00+00:00,603.5,606.1,597.2,604.8,683.94342
2026-06-04 14:00:00+00:00,604.8,606.5,602.3,604.8,673.34514
2026-06-04 15:00:00+00:00,604.8,609.5,603.8,606.3,584.73201
2026-06-04 16:00:00+00:00,606.3,607.3,603.0,603.6,600.26408
2026-06-04 17:00:00+00:00,603.6,605.4,599.1,604.6,420.00211
2026-06-04 18:00:00+00:00,604.6,610.2,602.8,609.1,462.60645
2026-06-04 19:00:00+00:00,609.1,609.9,605.1,606.2,175.94163
2026-06-04 20:00:00+00:00,606.2,606.4,602.9,605.3,397.46294
2026-06-04 21:00:00+00:00,605.3,607.4,597.9,599.2,743.40945
2026-06-04 22:00:00+00:00,599.2,603.5,597.9,602.8,771.73709
2026-06-04 23:00:00+00:00,602.8,605.1,599.0,604.4,333.44763
2026-06-05 00:00:00+00:00,604.4,607.9,601.8,601.9,619.66942
2026-06-05 01:00:00+00:00,601.9,602.9,595.7,602.2,839.96108
2026-06-05 02:00:00+00:00,602.2,602.9,594.7,595.7,1146.32377
2026-06-05 03:00:00+00:00,595.7,597.7,591.5,595.4,1323.8093
2026-06-05 04:00:00+00:00,595.4,602.8,593.4,601.9,692.03332
2026-06-05 05:00:00+00:00,601.9,602.8,583.4,584.5,1273.03164
2026-06-05 06:00:00+00:00,584.5,585.3,570.3,580.5,2914.99906
2026-06-05 07:00:00+00:00,580.5,593.3,574.3,593.2,1145.63814
2026-06-05 08:00:00+00:00,593.2,593.2,585.4,586.8,423.31432
2026-06-05 09:00:00+00:00,586.8,596.9,586.6,596.0,659.84342
2026-06-05 10:00:00+00:00,596.0,596.6,590.9,592.8,450.2423
2026-06-05 11:00:00+00:00,592.8,595.4,589.6,590.2,527.50638
2026-06-05 12:00:00+00:00,590.2,593.9,586.8,591.2,710.16384
2026-06-05 13:00:00+00:00,591.2,596.3,580.6,581.0,934.19609
2026-06-05 14:00:00+00:00,581.0,590.0,580.1,582.8,1327.75004
2026-06-05 15:00:00+00:00,582.8,584.0,574.6,578.7,1812.78697
2026-06-05 16:00:00+00:00,578.7,583.0,567.9,577.8,3505.73566
2026-06-05 17:00:00+00:00,577.8,580.0,572.9,575.7,391.89305
2026-06-05 18:00:00+00:00,575.7,576.8,560.9,561.4,1226.67055
2026-06-05 19:00:00+00:00,561.4,570.0,556.7,567.2,1502.43593
2026-06-05 20:00:00+00:00,567.2,578.3,563.2,577.6,679.29623
2026-06-05 21:00:00+00:00,577.6,579.3,575.7,576.5,278.62049
2026-06-05 22:00:00+00:00,576.5,578.3,572.3,577.2,660.00285
2026-06-05 23:00:00+00:00,577.2,578.0,566.8,572.5,352.66376
2026-06-06 00:00:00+00:00,572.5,577.7,572.0,576.6,220.79685
2026-06-06 01:00:00+00:00,576.6,579.8,574.5,576.6,392.65785
2026-06-06 02:00:00+00:00,576.6,579.1,573.7,576.3,261.09459
2026-06-06 03:00:00+00:00,576.3,576.8,570.7,573.1,213.43282
2026-06-06 04:00:00+00:00,573.1,575.5,559.6,565.4,955.71692
2026-06-06 05:00:00+00:00,565.4,577.0,560.5,576.2,727.08788
2026-06-06 06:00:00+00:00,576.2,579.4,574.7,576.2,453.12466
2026-06-06 07:00:00+00:00,576.2,581.5,575.8,579.0,382.0379
2026-06-06 08:00:00+00:00,579.0,584.4,578.0,580.8,459.31071
2026-06-06 09:00:00+00:00,580.8,582.5,574.9,576.5,489.25396
2026-06-06 10:00:00+00:00,576.5,576.6,571.1,573.8,649.71107
2026-06-06 11:00:00+00:00,573.8,576.7,573.4,574.1,367.31005
2026-06-06 12:00:00+00:00,574.1,577.5,571.9,575.9,215.51092
2026-06-06 13:00:00+00:00,575.9,577.2,573.3,574.4,263.49068
2026-06-06 14:00:00+00:00,574.4,577.2,574.1,574.9,199.588
2026-06-06 15:00:00+00:00,574.9,577.0,571.1,576.1,172.84881
2026-06-06 16:00:00+00:00,576.1,577.7,571.3,574.1,317.8453
2026-06-06 17:00:00+00:00,574.1,575.4,572.6,574.0,187.10421
2026-06-06 18:00:00+00:00,574.0,576.3,573.2,574.4,131.46883
2026-06-06 19:00:00+00:00,574.4,576.1,573.7,573.9,124.0176
2026-06-06 20:00:00+00:00,573.9,575.7,572.8,574.9,169.82508
2026-06-06 21:00:00+00:00,574.9,576.8,574.7,575.2,89.2465
2026-06-06 22:00:00+00:00,575.2,575.2,570.9,572.6,92.65481
2026-06-06 23:00:00+00:00,572.6,575.5,572.3,574.5,102.99095
2026-06-07 00:00:00+00:00,574.5,576.2,573.9,574.1,68.5704
2026-06-07 01:00:00+00:00,574.1,581.7,573.5,579.8,483.04158
2026-06-07 02:00:00+00:00,579.8,581.3,577.0,579.2,145.19609
2026-06-07 03:00:00+00:00,579.2,581.8,578.0,581.2,763.61769
2026-06-07 04:00:00+00:00,581.2,583.3,578.0,583.0,1545.5048
2026-06-07 05:00:00+00:00,583.0,587.6,581.8,585.6,1931.79879
2026-06-07 06:00:00+00:00,585.6,591.7,584.0,588.8,2781.69142
2026-06-07 07:00:00+00:00,588.8,590.3,587.6,589.8,887.48593
2026-06-07 08:00:00+00:00,589.8,599.0,587.6,598.0,787.42299
2026-06-07 09:00:00+00:00,598.0,598.4,592.2,593.0,361.80843
2026-06-07 10:00:00+00:00,593.0,596.5,590.2,593.0,1866.20734
2026-06-07 11:00:00+00:00,593.0,596.6,592.7,593.6,1271.64475
2026-06-07 12:00:00+00:00,593.6,594.1,585.9,588.7,847.2458
2026-06-07 13:00:00+00:00,588.7,590.0,587.2,589.2,286.9279
2026-06-07 14:00:00+00:00,589.2,594.1,588.9,591.6,877.76837
2026-06-07 15:00:00+00:00,591.6,593.7,589.4,591.9,1754.82755
2026-06-07 16:00:00+00:00,591.9,595.5,590.4,594.3,648.58556
2026-06-07 17:00:00+00:00,594.3,597.5,593.8,596.2,421.88545
2026-06-07 18:00:00+00:00,596.2,597.8,595.0,595.2,108.1338
2026-06-07 19:00:00+00:00,595.2,595.5,586.9,588.7,394.61466
2026-06-07 20:00:00+00:00,588.7,594.6,587.9,594.2,153.53521
2026-06-07 21:00:00+00:00,594.2,595.4,592.6,594.2,132.8455
2026-06-07 22:00:00+00:00,594.2,611.0,593.0,603.4,1556.58716
2026-06-07 23:00:00+00:00,603.4,606.0,603.1,604.6,308.12743
2026-06-08 00:00:00+00:00,604.6,608.5,603.1,605.8,308.07118
2026-06-08 01:00:00+00:00,605.8,605.9,599.2,604.2,272.79843
2026-06-08 02:00:00+00:00,604.2,604.6,601.6,602.1,379.3309
2026-06-08 03:00:00+00:00,602.1,604.6,601.1,603.4,104.4738
2026-06-08 04:00:00+00:00,603.4,603.8,596.1,596.4,385.41796
2026-06-08 05:00:00+00:00,596.4,597.4,591.8,595.2,204.40307
2026-06-08 06:00:00+00:00,595.2,597.8,595.0,596.1,277.79981
2026-06-08 07:00:00+00:00,596.1,597.7,593.8,596.5,307.01942
2026-06-08 08:00:00+00:00,596.5,596.5,593.7,595.6,245.70163
2026-06-08 09:00:00+00:00,595.6,601.2,595.6,599.9,394.9548
2026-06-08 10:00:00+00:00,599.9,600.2,597.1,598.2,324.2322
2026-06-08 11:00:00+00:00,598.2,604.4,597.2,602.4,398.77244
2026-06-08 12:00:00+00:00,602.4,603.7,597.9,603.4,275.50421
2026-06-08 13:00:00+00:00,603.4,603.6,598.6,600.6,301.99316
2026-06-08 14:00:00+00:00,600.6,603.5,599.6,603.4,336.71705
2026-06-08 15:00:00+00:00,603.4,606.3,603.3,603.9,580.85979
2026-06-08 16:00:00+00:00,603.9,607.9,603.4,603.9,320.81992
2026-06-08 17:00:00+00:00,603.9,608.2,602.6,608.1,256.95718
2026-06-08 18:00:00+00:00,608.1,610.2,606.9,607.9,335.86625
2026-06-08 19:00:00+00:00,607.9,608.8,606.5,607.8,168.956
2026-06-08 20:00:00+00:00,607.8,608.4,605.6,606.9,200.0766
2026-06-08 21:00:00+00:00,606.9,610.9,606.8,607.7,332.41983
2026-06-08 22:00:00+00:00,607.7,607.7,604.4,606.3,116.00873
2026-06-08 23:00:00+00:00,606.3,607.5,601.3,601.9,337.74374
2026-06-09 00:00:00+00:00,601.9,603.0,593.2,595.9,908.48411
2026-06-09 01:00:00+00:00,595.9,599.1,595.1,597.8,220.98889
2026-06-09 02:00:00+00:00,597.8,598.5,594.9,598.3,133.9581
2026-06-09 03:00:00+00:00,598.3,600.1,597.5,599.4,190.44455
2026-06-09 04:00:00+00:00,599.4,603.4,596.6,602.5,316.72975
2026-06-09 05:00:00+00:00,602.5,605.8,600.9,603.6,158.32125
2026-06-09 06:00:00+00:00,603.6,605.3,602.9,604.0,94.83748
2026-06-09 07:00:00+00:00,604.0,605.0,601.3,604.1,273.45333
2026-06-09 08:00:00+00:00,604.1,604.6,601.4,602.1,259.1092
2026-06-09 09:00:00+00:00,602.1,603.6,599.6,600.2,272.51623
2026-06-09 10:00:00+00:00,600.2,601.1,597.2,600.0,407.95431
2026-06-09 11:00:00+00:00,600.0,600.3,596.4,596.9,426.9371
2026-06-09 12:00:00+00:00,596.9,599.7,596.2,597.7,538.90891
2026-06-09 13:00:00+00:00,597.7,598.5,593.4,594.8,227.34746
2026-06-09 14:00:00+00:00,594.8,595.5,584.7,588.8,858.78875
2026-06-09 15:00:00+00:00,588.8,591.6,586.1,586.9,331.27687
2026-06-09 16:00:00+00:00,586.9,589.5,583.9,588.7,666.89879
2026-06-09 17:00:00+00:00,588.7,593.3,588.5,591.7,316.41318
2026-06-09 18:00:00+00:00,591.7,595.3,591.4,594.4,164.65409
2026-06-09 19:00:00+00:00,594.4,597.1,593.4,596.9,242.00822
2026-06-09 20:00:00+00:00,596.9,598.8,596.2,597.1,118.68975
2026-06-09 21:00:00+00:00,597.1,597.5,594.3,594.5,161.0164
2026-06-09 22:00:00+00:00,594.5,596.0,592.5,592.6,170.51743
2026-06-09 23:00:00+00:00,592.6,594.0,591.0,593.5,270.32435
2026-06-10 00:00:00+00:00,593.5,594.9,590.1,593.7,207.38399
2026-06-10 01:00:00+00:00,593.7,594.4,590.9,591.8,211.94336
2026-06-10 02:00:00+00:00,591.8,592.8,586.6,587.2,401.38765
2026-06-10 03:00:00+00:00,587.2,589.6,586.8,588.0,246.0012
2026-06-10 04:00:00+00:00,588.0,588.3,584.3,585.5,163.03386
2026-06-10 05:00:00+00:00,585.5,587.0,583.7,585.6,278.53573
2026-06-10 06:00:00+00:00,585.6,586.9,584.1,586.3,294.7683
2026-06-10 07:00:00+00:00,586.3,589.5,586.1,588.8,370.81239
2026-06-10 08:00:00+00:00,588.8,588.8,584.0,584.7,287.42065
2026-06-10 09:00:00+00:00,584.7,585.7,581.3,585.0,307.79493
2026-06-10 10:00:00+00:00,585.0,585.9,583.2,584.7,90.55
2026-06-10 11:00:00+00:00,584.7,585.1,580.7,583.1,514.43318
2026-06-10 12:00:00+00:00,583.1,591.5,582.4,589.1,689.89419
2026-06-10 13:00:00+00:00,589.1,596.7,587.8,592.9,764.42957
2026-06-10 14:00:00+00:00,592.9,594.4,590.4,593.1,262.48445
2026-06-10 15:00:00+00:00,593.1,598.6,591.4,596.8,409.32114
2026-06-10 16:00:00+00:00,596.8,597.2,590.9,592.6,168.02493
2026-06-10 17:00:00+00:00,592.6,594.2,587.7,590.1,412.01976
2026-06-10 18:00:00+00:00,590.1,590.7,587.1,589.9,336.77503
2026-06-10 19:00:00+00:00,589.9,590.6,587.4,588.0,106.60241
2026-06-10 20:00:00+00:00,588.0,589.3,586.3,587.4,110.99159
2026-06-10 21:00:00+00:00,587.4,587.4,582.1,583.3,153.80179
2026-06-10 22:00:00+00:00,583.3,586.0,582.3,584.0,136.0181
2026-06-10 23:00:00+00:00,584.0,587.1,582.8,586.7,103.03038
2026-06-11 00:00:00+00:00,586.7,589.9,586.6,589.0,132.53639
2026-06-11 01:00:00+00:00,589.0,594.2,589.0,593.2,152.10635
2026-06-11 02:00:00+00:00,593.2,593.2,589.6,592.4,159.61404
2026-06-11 03:00:00+00:00,592.4,597.9,591.5,596.6,897.2752
2026-06-11 04:00:00+00:00,596.6,596.6,594.2,595.3,117.30775
2026-06-11 05:00:00+00:00,595.3,595.7,593.9,594.4,62.55108
2026-06-11 06:00:00+00:00,594.4,597.6,594.1,596.2,159.00416
2026-06-11 07:00:00+00:00,596.2,598.3,595.2,598.2,87.56402
2026-06-11 08:00:00+00:00,598.2,603.6,598.2,601.1,618.05909
2026-06-11 09:00:00+00:00,601.1,601.5,598.9,600.6,147.17393
2026-06-11 10:00:00+00:00,600.6,600.8,598.5,600.2,257.1396
2026-06-11 11:00:00+00:00,600.2,602.8,598.4,600.8,237.84282
2026-06-11 12:00:00+00:00,600.8,601.3,597.4,600.1,490.42328
2026-06-11 13:00:00+00:00,600.1,603.1,598.5,601.7,291.12163
2026-06-11 14:00:00+00:00,601.7,602.3,598.2,598.9,206.02763
2026-06-11 15:00:00+00:00,598.9,600.2,597.2,598.7,336.48185
2026-06-11 16:00:00+00:00,598.7,600.7,598.1,598.6,245.91566
2026-06-11 17:00:00+00:00,598.6,606.4,596.1,606.0,944.61426
2026-06-11 18:00:00+00:00,606.0,607.4,603.5,604.9,322.45482
2026-06-11 19:00:00+00:00,604.9,606.8,602.8,604.5,303.44533
2026-06-11 20:00:00+00:00,604.5,604.7,600.8,602.6,224.25568
2026-06-11 21:00:00+00:00,602.6,605.0,602.6,603.4,184.67173
2026-06-11 22:00:00+00:00,603.4,605.0,603.3,603.7,49.6503
2026-06-11 23:00:00+00:00,603.7,606.3,602.7,605.8,196.86455
2026-06-12 00:00:00+00:00,605.8,606.1,603.9,604.2,149.3941
2026-06-12 01:00:00+00:00,604.2,604.2,601.3,601.8,125.18938
2026-06-12 02:00:00+00:00,601.8,606.2,601.8,605.0,222.01655
2026-06-12 03:00:00+00:00,605.0,605.0,602.4,602.4,56.61015
2026-06-12 04:00:00+00:00,602.4,605.0,602.1,603.7,56.94203
2026-06-12 05:00:00+00:00,603.7,603.8,600.6,600.7,103.6957
2026-06-12 06:00:00+00:00,600.7,602.0,596.7,598.3,234.20435
2026-06-12 07:00:00+00:00,598.3,601.4,598.3,600.0,152.58829
2026-06-12 08:00:00+00:00,600.0,606.1,599.9,605.3,280.20517
2026-06-12 09:00:00+00:00,605.3,608.1,604.5,607.0,299.85651
2026-06-12 10:00:00+00:00,607.0,608.0,604.8,606.3,509.70615
2026-06-12 11:00:00+00:00,606.3,608.9,606.2,606.9,618.3614
2026-06-12 12:00:00+00:00,606.9,606.9,605.1,606.7,540.3851
2026-06-12 13:00:00+00:00,606.7,607.4,603.6,605.4,355.37256
2026-06-12 14:00:00+00:00,605.4,610.4,605.1,609.8,463.50093
2026-06-12 15:00:00+00:00,609.8,613.3,605.1,605.3,799.32628
2026-06-12 16:00:00+00:00,605.3,609.3,604.7,608.6,199.41979
2026-06-12 17:00:00+00:00,608.6,609.5,606.0,606.8,100.31028
2026-06-12 18:00:00+00:00,606.8,608.0,605.6,605.9,141.6836
2026-06-12 19:00:00+00:00,605.9,606.7,602.8,603.3,137.8636
2026-06-12 20:00:00+00:00,603.3,604.7,602.8,603.0,172.6565
2026-06-12 21:00:00+00:00,603.0,604.7,602.4,603.7,223.8487
2026-06-12 22:00:00+00:00,603.7,604.1,602.5,602.9,95.5961
2026-06-12 23:00:00+00:00,602.9,604.0,602.2,603.9,45.50993
2026-06-13 00:00:00+00:00,603.9,605.3,603.6,605.0,26.3077
2026-06-13 01:00:00+00:00,605.0,606.3,603.9,606.1,92.22292
2026-06-13 02:00:00+00:00,606.1,606.2,603.3,603.8,128.0959
2026-06-13 03:00:00+00:00,603.8,604.7,600.5,600.5,595.1465
2026-06-13 04:00:00+00:00,600.5,601.2,599.7,599.8,134.5739
2026-06-13 05:00:00+00:00,599.8,600.7,599.6,600.6,92.9511
2026-06-13 06:00:00+00:00,600.6,603.0,600.5,602.9,160.8438
2026-06-13 07:00:00+00:00,602.9,604.0,601.8,603.3,114.7264
2026-06-13 08:00:00+00:00,603.3,604.7,602.8,604.0,141.4192
2026-06-13 09:00:00+00:00,604.0,604.4,603.3,603.7,354.0489
2026-06-13 10:00:00+00:00,603.7,605.6,603.7,604.9,63.09105
2026-06-13 11:00:00+00:00,604.9,607.5,604.8,606.7,113.17509
2026-06-13 12:00:00+00:00,606.7,609.1,606.3,608.8,189.53125
2026-06-13 13:00:00+00:00,608.8,610.2,608.1,608.8,183.13503
2026-06-13 14:00:00+00:00,608.8,610.7,608.1,610.6,242.95706
2026-06-13 15:00:00+00:00,610.6,611.3,609.6,610.5,163.4705
2026-06-13 16:00:00+00:00,610.5,610.5,607.7,609.0,317.1855
2026-06-13 17:00:00+00:00,609.0,609.2,606.8,607.1,284.31073
2026-06-13 18:00:00+00:00,607.1,608.7,607.1,607.8,61.687
2026-06-13 19:00:00+00:00,607.8,608.8,607.3,608.4,55.8025
2026-06-13 20:00:00+00:00,608.4,609.4,607.8,609.1,34.8869
2026-06-13 21:00:00+00:00,609.1,612.5,608.7,609.8,234.20011
2026-06-13 22:00:00+00:00,609.8,609.8,608.5,609.0,52.0234
2026-06-13 23:00:00+00:00,609.0,610.6,608.7,609.6,62.7842
2026-06-14 00:00:00+00:00,609.6,610.1,608.8,609.5,28.4315
2026-06-14 01:00:00+00:00,609.5,611.0,609.0,609.2,144.276
2026-06-14 02:00:00+00:00,609.2,610.6,609.0,609.5,17.0857
2026-06-14 03:00:00+00:00,609.5,610.1,608.6,610.0,109.3961
2026-06-14 04:00:00+00:00,610.0,610.2,607.8,608.7,54.7192
2026-06-14 05:00:00+00:00,608.7,610.0,608.6,609.9,62.6644
2026-06-14 06:00:00+00:00,609.9,612.1,609.9,611.3,91.03403
2026-06-14 07:00:00+00:00,611.3,611.5,609.8,610.2,109.8865
2026-06-14 08:00:00+00:00,610.2,611.6,610.1,610.6,128.6905
2026-06-14 09:00:00+00:00,610.6,613.0,609.6,612.0,180.1889
2026-06-14 10:00:00+00:00,612.0,613.1,610.9,611.0,282.82668
2026-06-14 11:00:00+00:00,611.0,613.0,611.0,612.2,152.0406
2026-06-14 12:00:00+00:00,612.2,612.5,609.9,611.1,160.9503
2026-06-14 13:00:00+00:00,611.1,612.1,610.9,611.1,156.3466
2026-06-14 14:00:00+00:00,611.1,611.7,605.3,605.8,495.3645
2026-06-14 15:00:00+00:00,605.8,608.2,605.6,608.0,124.2057
2026-06-14 16:00:00+00:00,608.0,608.6,605.9,606.1,152.1824
2026-06-14 17:00:00+00:00,606.1,607.4,603.8,604.0,338.78574
2026-06-14 18:00:00+00:00,604.0,605.4,603.6,604.3,220.0797
2026-06-14 19:00:00+00:00,604.3,604.8,602.9,603.2,835.5854
2026-06-14 20:00:00+00:00,603.2,605.7,602.9,605.0,121.75603
2026-06-14 21:00:00+00:00,605.0,617.2,604.8,614.6,493.75213
2026-06-14 22:00:00+00:00,614.6,616.5,611.8,614.2,295.13663
2026-06-14 23:00:00+00:00,614.2,616.8,612.9,616.8,173.06793
2026-06-15 00:00:00+00:00,616.8,618.0,614.6,615.5,235.5192
2026-06-15 01:00:00+00:00,615.5,616.2,613.1,613.5,92.12598
2026-06-15 02:00:00+00:00,613.5,616.7,612.6,615.5,89.72373
2026-06-15 03:00:00+00:00,615.5,618.1,615.3,617.7,392.22106
2026-06-15 04:00:00+00:00,617.7,617.8,615.7,616.5,237.47195
2026-06-15 05:00:00+00:00,616.5,618.1,615.9,617.6,102.8547
2026-06-15 06:00:00+00:00,617.6,618.9,616.3,617.3,144.41573
2026-06-15 07:00:00+00:00,617.3,617.5,615.3,615.4,245.87745
2026-06-15 08:00:00+00:00,615.4,617.0,615.2,616.0,107.6253
2026-06-15 09:00:00+00:00,616.0,616.2,612.7,614.2,294.59638
2026-06-15 10:00:00+00:00,614.2,618.4,614.1,617.4,424.48802
2026-06-15 11:00:00+00:00,617.4,622.8,616.5,620.7,626.19256
2026-06-15 12:00:00+00:00,620.7,624.5,619.5,624.5,382.66791
2026-06-15 13:00:00+00:00,624.5,632.8,623.7,626.3,873.86975
2026-06-15 14:00:00+00:00,626.3,629.2,625.3,628.1,363.79526
2026-06-15 15:00:00+00:00,628.1,630.0,624.3,628.9,492.73158
2026-06-15 16:00:00+00:00,628.9,629.4,627.0,627.6,227.3008
2026-06-15 17:00:00+00:00,627.6,627.6,623.8,625.2,224.97595
2026-06-15 18:00:00+00:00,625.2,625.2,621.8,621.8,226.30467
2026-06-15 19:00:00+00:00,621.8,624.0,618.5,620.7,461.29454
2026-06-15 20:00:00+00:00,620.7,621.6,619.2,619.4,268.092
2026-06-15 21:00:00+00:00,619.4,620.8,617.9,619.1,214.46895
2026-06-15 22:00:00+00:00,619.1,620.1,615.6,615.6,222.63838
2026-06-15 23:00:00+00:00,615.6,617.9,615.2,617.8,95.79736
2026-06-16 00:00:00+00:00,617.8,619.0,615.3,615.7,389.43423
2026-06-16 01:00:00+00:00,615.7,617.8,615.5,615.7,127.6865
2026-06-16 02:00:00+00:00,615.7,615.7,610.9,612.3,339.83031
2026-06-16 03:00:00+00:00,612.3,615.2,611.5,615.0,412.55386
2026-06-16 04:00:00+00:00,615.0,615.8,611.5,612.6,355.035
2026-06-16 05:00:00+00:00,612.6,614.8,612.6,613.4,155.204
2026-06-16 06:00:00+00:00,613.4,616.3,613.4,615.2,245.6409
2026-06-16 07:00:00+00:00,615.2,619.0,615.2,615.6,537.43925
2026-06-16 08:00:00+00:00,615.6,619.4,615.3,618.9,439.30733
2026-06-16 09:00:00+00:00,618.9,619.2,614.5,615.1,539.1015
2026-06-16 10:00:00+00:00,615.1,616.2,613.3,613.8,425.46
2026-06-16 11:00:00+00:00,613.8,614.8,613.0,614.1,422.1887
2026-06-16 12:00:00+00:00,614.1,617.8,613.1,614.4,484.32089
2026-06-16 13:00:00+00:00,614.4,614.4,601.0,606.1,4802.72398
2026-06-16 14:00:00+00:00,606.1,607.9,602.1,605.4,861.25039
2026-06-16 15:00:00+00:00,605.4,607.7,604.7,606.4,196.62789
2026-06-16 16:00:00+00:00,606.4,607.9,603.9,604.1,381.0285
2026-06-16 17:00:00+00:00,604.1,608.6,603.8,607.8,220.02669
2026-06-16 18:00:00+00:00,607.8,610.5,607.0,607.7,264.12043
2026-06-16 19:00:00+00:00,607.7,608.0,605.8,607.0,100.671
2026-06-16 20:00:00+00:00,607.0,608.8,606.4,608.1,160.1309
2026-06-16 21:00:00+00:00,608.1,608.4,605.9,607.3,122.285
2026-06-16 22:00:00+00:00,607.3,607.9,605.4,606.3,64.1178
2026-06-16 23:00:00+00:00,606.3,607.0,604.6,605.0,93.60975
2026-06-17 00:00:00+00:00,605.0,606.5,604.8,605.0,86.8783
2026-06-17 01:00:00+00:00,605.0,607.7,603.2,607.4,108.03487
2026-06-17 02:00:00+00:00,607.4,608.5,604.2,605.2,123.77775
2026-06-17 03:00:00+00:00,605.2,605.6,603.9,604.5,38.9865
2026-06-17 04:00:00+00:00,604.5,609.3,604.4,607.6,158.96713
2026-06-17 05:00:00+00:00,607.6,609.7,606.6,608.0,55.67933
2026-06-17 06:00:00+00:00,608.0,608.2,605.3,607.0,171.5017
2026-06-17 07:00:00+00:00,607.0,607.9,605.0,606.6,104.3902
2026-06-17 08:00:00+00:00,606.6,606.6,601.4,602.4,290.99926
2026-06-17 09:00:00+00:00,602.4,603.1,601.0,601.4,258.0539
2026-06-17 10:00:00+00:00,601.4,603.1,601.1,601.9,40.7221
2026-06-17 11:00:00+00:00,601.9,604.7,601.0,604.0,120.2926
2026-06-17 12:00:00+00:00,604.0,609.7,603.7,609.6,237.70248
2026-06-17 13:00:00+00:00,609.6,612.6,608.7,608.8,440.27116
2026-06-17 14:00:00+00:00,608.8,608.8,601.1,601.8,651.77294
2026-06-17 15:00:00+00:00,601.8,606.2,601.8,605.5,277.26245
2026-06-17 16:00:00+00:00,605.5,609.5,602.4,605.6,620.82205
2026-06-17 17:00:00+00:00,605.6,609.2,605.1,608.7,175.14563
2026-06-17 18:00:00+00:00,608.7,609.7,600.2,607.7,680.62439
2026-06-17 19:00:00+00:00,607.7,609.2,596.9,598.6,672.88899
2026-06-17 20:00:00+00:00,598.6,601.1,597.6,600.8,169.36409
2026-06-17 21:00:00+00:00,600.8,601.9,599.1,599.4,90.741
2026-06-17 22:00:00+00:00,599.4,600.9,595.2,599.4,151.76872
2026-06-17 23:00:00+00:00,599.4,602.2,599.4,601.6,35.66513
2026-06-18 00:00:00+00:00,601.6,603.3,601.4,602.3,62.96555
2026-06-18 01:00:00+00:00,602.3,604.0,600.9,601.8,43.78495
2026-06-18 02:00:00+00:00,601.8,603.4,600.7,601.8,117.40933
2026-06-18 03:00:00+00:00,601.8,601.9,596.3,596.6,106.71523
2026-06-18 04:00:00+00:00,596.6,596.9,590.7,591.3,264.2761
2026-06-18 05:00:00+00:00,591.3,591.4,587.5,589.6,336.68241
2026-06-18 06:00:00+00:00,589.6,590.3,587.4,589.4,206.09343
2026-06-18 07:00:00+00:00,589.4,590.5,588.0,589.7,227.43163
2026-06-18 08:00:00+00:00,589.7,592.6,589.0,591.5,265.45213
2026-06-18 09:00:00+00:00,591.5,592.6,590.2,590.4,128.4149
2026-06-18 10:00:00+00:00,590.4,591.0,588.7,590.3,248.3012
2026-06-18 11:00:00+00:00,590.3,591.0,588.4,589.6,204.6209
2026-06-18 12:00:00+00:00,589.6,591.7,588.9,591.3,351.3543
2026-06-18 13:00:00+00:00,591.3,592.4,587.4,589.4,171.27413
2026-06-18 14:00:00+00:00,589.4,592.0,588.2,589.5,195.4068
2026-06-18 15:00:00+00:00,589.5,589.5,573.0,573.6,1229.32942
2026-06-18 16:00:00+00:00,573.6,579.7,573.4,577.4,1621.95232
2026-06-18 17:00:00+00:00,577.4,578.0,574.4,575.9,943.49887
2026-06-18 18:00:00+00:00,575.9,577.6,574.8,576.1,838.62638
2026-06-18 19:00:00+00:00,576.1,579.3,575.5,578.8,579.57493
2026-06-18 20:00:00+00:00,578.8,580.9,578.8,579.7,396.41083
2026-06-18 21:00:00+00:00,579.7,580.0,577.9,579.4,279.1282
2026-06-18 22:00:00+00:00,579.4,580.6,577.4,578.1,328.6603
2026-06-18 23:00:00+00:00,578.1,578.8,576.8,578.4,298.16423
2026-06-19 00:00:00+00:00,578.4,579.8,577.5,579.1,306.736
2026-06-19 01:00:00+00:00,579.1,582.3,579.1,581.7,223.21121
2026-06-19 02:00:00+00:00,581.7,582.7,580.3,582.3,183.9856
2026-06-19 03:00:00+00:00,582.3,583.3,575.8,577.9,1082.34483
2026-06-19 04:00:00+00:00,577.9,578.8,570.7,572.5,457.15095
2026-06-19 05:00:00+00:00,572.5,575.8,572.4,575.6,183.49285
2026-06-19 06:00:00+00:00,575.6,576.9,573.3,574.5,138.7939
2026-06-19 07:00:00+00:00,574.5,575.5,572.7,574.8,216.01085
2026-06-19 08:00:00+00:00,574.8,575.0,573.1,573.9,238.5726
2026-06-19 09:00:00+00:00,573.9,574.3,571.0,571.3,175.90863
2026-06-19 10:00:00+00:00,571.3,573.4,570.96,572.9,335.7517
2026-06-19 11:00:00+00:00,572.9,573.9,571.7,573.2,156.0511
2026-06-19 12:00:00+00:00,573.2,576.1,572.0,575.6,208.72995
2026-06-19 13:00:00+00:00,575.6,578.4,573.3,577.4,261.58831
2026-06-19 14:00:00+00:00,577.4,579.0,576.4,577.5,151.7609
2026-06-19 15:00:00+00:00,577.5,579.6,576.4,578.6,124.161
2026-06-19 16:00:00+00:00,578.6,580.6,577.1,577.4,149.51724
2026-06-19 17:00:00+00:00,577.4,580.2,577.1,580.0,270.61983
2026-06-19 18:00:00+00:00,580.0,580.2,578.3,579.2,98.9237
2026-06-19 19:00:00+00:00,579.2,581.8,577.9,579.8,172.20111
2026-06-19 20:00:00+00:00,579.8,581.7,578.9,581.6,136.18538
2026-06-19 21:00:00+00:00,581.6,582.5,579.7,579.9,111.8456
2026-06-19 22:00:00+00:00,579.9,581.6,579.7,580.5,40.3833
2026-06-19 23:00:00+00:00,580.5,582.3,580.0,581.4,60.6606
2026-06-20 00:00:00+00:00,581.4,582.6,580.7,581.0,143.7476
2026-06-20 01:00:00+00:00,581.0,582.0,580.5,581.3,73.0925
2026-06-20 02:00:00+00:00,581.3,581.4,580.2,580.2,58.523
2026-06-20 03:00:00+00:00,580.2,581.3,580.1,580.6,30.469
2026-06-20 04:00:00+00:00,580.6,581.3,580.4,581.1,57.3702
2026-06-20 05:00:00+00:00,581.1,584.4,581.0,582.9,157.77932
2026-06-20 06:00:00+00:00,582.9,588.5,582.9,587.3,198.00303
2026-06-20 07:00:00+00:00,587.3,589.5,585.4,587.7,139.22764
2026-06-20 08:00:00+00:00,587.7,587.9,585.5,585.6,132.74115
2026-06-20 09:00:00+00:00,585.6,588.0,585.6,587.8,86.2655
2026-06-20 10:00:00+00:00,587.8,587.9,585.6,586.9,93.4872
2026-06-20 11:00:00+00:00,586.9,587.8,586.4,586.4,85.8901
2026-06-20 12:00:00+00:00,586.4,587.3,585.8,586.4,72.3339
2026-06-20 13:00:00+00:00,586.4,586.9,583.1,584.8,222.17786
2026-06-20 14:00:00+00:00,584.8,588.3,582.0,586.0,313.08893
2026-06-20 15:00:00+00:00,586.0,589.1,585.1,587.1,192.43413
2026-06-20 16:00:00+00:00,587.1,587.5,585.5,586.9,84.51925
2026-06-20 17:00:00+00:00,586.9,586.9,584.1,585.3,97.0983
2026-06-20 18:00:00+00:00,585.3,587.0,585.3,585.3,73.7112
2026-06-20 19:00:00+00:00,585.3,586.6,585.3,586.0,50.1649
2026-06-20 20:00:00+00:00,586.0,586.6,585.0,586.5,39.3283
2026-06-20 21:00:00+00:00,586.5,587.3,585.8,586.6,44.8076
2026-06-20 22:00:00+00:00,586.6,588.6,586.3,588.1,126.19523
2026-06-20 23:00:00+00:00,588.1,588.6,587.5,587.9,115.5875
2026-06-21 00:00:00+00:00,587.9,588.7,587.5,587.6,51.7394
2026-06-21 01:00:00+00:00,587.6,590.4,587.0,589.6,111.95082
2026-06-21 02:00:00+00:00,589.6,589.7,588.5,589.5,38.8106
2026-06-21 03:00:00+00:00,589.5,591.1,589.2,590.4,118.44646
2026-06-21 04:00:00+00:00,590.4,590.9,589.2,589.3,107.6421
2026-06-21 05:00:00+00:00,589.3,590.6,588.9,589.8,96.7669
2026-06-21 06:00:00+00:00,589.8,591.8,589.1,590.3,152.3119
2026-06-21 07:00:00+00:00,590.3,591.9,589.5,591.0,233.3819
2026-06-21 08:00:00+00:00,591.0,591.1,587.5,588.8,279.3452
2026-06-21 09:00:00+00:00,588.8,590.5,588.3,590.1,144.51633
2026-06-21 10:00:00+00:00,590.1,592.0,589.9,590.1,135.673
2026-06-21 11:00:00+00:00,590.1,590.8,588.1,588.5,115.6127
2026-06-21 12:00:00+00:00,588.5,588.6,585.3,587.2,387.36355
2026-06-21 13:00:00+00:00,587.2,588.9,586.9,588.5,121.6118
2026-06-21 14:00:00+00:00,588.5,589.9,587.9,589.9,232.803
2026-06-21 15:00:00+00:00,589.9,590.6,589.0,589.9,246.52861
2026-06-21 16:00:00+00:00,589.9,590.4,588.8,589.9,178.6888
2026-06-21 17:00:00+00:00,589.9,591.7,589.8,591.0,228.0109
2026-06-21 18:00:00+00:00,591.0,592.1,589.2,591.8,265.4338
2026-06-21 19:00:00+00:00,591.8,592.6,591.6,592.1,131.08203
2026-06-21 20:00:00+00:00,592.1,592.1,587.6,588.6,180.41435
2026-06-21 21:00:00+00:00,588.6,588.9,585.4,587.9,445.14363
2026-06-21 22:00:00+00:00,587.9,589.0,585.7,587.6,202.13895
2026-06-21 23:00:00+00:00,587.6,587.6,583.7,584.5,108.46553
2026-06-22 00:00:00+00:00,584.5,589.6,584.2,588.0,208.19515
2026-06-22 01:00:00+00:00,588.0,595.7,587.3,594.7,700.27049
2026-06-22 02:00:00+00:00,594.7,594.8,591.4,591.4,182.37975
2026-06-22 03:00:00+00:00,591.4,592.8,589.2,590.1,173.61801
2026-06-22 04:00:00+00:00,590.1,590.7,589.4,590.6,57.2689
2026-06-22 05:00:00+00:00,590.6,593.0,590.2,593.0,100.16533
2026-06-22 06:00:00+00:00,593.0,594.2,590.6,590.9,181.52406
2026-06-22 07:00:00+00:00,590.9,595.3,590.7,594.1,473.91973
2026-06-22 08:00:00+00:00,594.1,595.0,592.5,593.2,246.3083
2026-06-22 09:00:00+00:00,593.2,593.8,592.5,593.1,398.9903
2026-06-22 10:00:00+00:00,593.1,593.4,591.4,592.3,96.34485
2026-06-22 11:00:00+00:00,592.3,598.3,591.8,597.4,404.33802
2026-06-22 12:00:00+00:00,597.4,601.0,597.4,600.7,519.29369
2026-06-22 13:00:00+00:00,600.7,602.5,599.4,602.3,477.60467
2026-06-22 14:00:00+00:00,602.3,602.4,596.3,598.0,712.52173
2026-06-22 15:00:00+00:00,598.0,599.5,595.6,596.4,318.69091
2026-06-22 16:00:00+00:00,596.4,596.4,592.7,594.9,348.15407
2026-06-22 17:00:00+00:00,594.9,595.9,593.3,595.6,106.6153
2026-06-22 18:00:00+00:00,595.6,597.0,593.3,593.4,229.22088
2026-06-22 19:00:00+00:00,593.4,594.2,590.3,592.2,221.47877
2026-06-22 20:00:00+00:00,592.2,593.3,590.0,591.7,132.46878
2026-06-22 21:00:00+00:00,591.7,592.2,589.3,591.4,84.59375
2026-06-22 22:00:00+00:00,591.4,592.1,588.0,590.1,200.6593
2026-06-22 23:00:00+00:00,590.1,591.2,589.1,590.3,128.1433
2026-06-23 00:00:00+00:00,590.3,591.8,588.9,591.5,487.8789
2026-06-23 01:00:00+00:00,591.5,592.2,588.1,590.4,81.0695
2026-06-23 02:00:00+00:00,590.4,592.9,589.9,592.8,45.0598
2026-06-23 03:00:00+00:00,592.8,592.8,589.8,592.0,58.36573
2026-06-23 04:00:00+00:00,592.0,592.3,587.2,587.3,86.99578
2026-06-23 05:00:00+00:00,587.3,588.0,585.0,585.3,114.55109
2026-06-23 06:00:00+00:00,585.3,585.9,577.5,581.1,483.96919
2026-06-23 07:00:00+00:00,581.1,582.7,580.7,580.9,99.2747
2026-06-23 08:00:00+00:00,580.9,581.4,570.5,573.9,552.22782
2026-06-23 09:00:00+00:00,573.9,574.8,571.4,571.9,203.99865
2026-06-23 10:00:00+00:00,571.9,573.5,570.8,572.1,354.96185
2026-06-23 11:00:00+00:00,572.1,574.6,571.5,573.8,380.87463
2026-06-23 12:00:00+00:00,573.8,575.4,572.9,573.5,286.9717
2026-06-23 13:00:00+00:00,573.5,575.3,571.1,575.0,728.80653
2026-06-23 14:00:00+00:00,575.0,576.8,573.1,573.5,702.5589
2026-06-23 15:00:00+00:00,573.5,574.8,571.9,574.4,343.1782
2026-06-23 16:00:00+00:00,574.4,577.1,574.0,574.7,238.44313
2026-06-23 17:00:00+00:00,574.7,575.7,573.2,573.9,171.1145
2026-06-23 18:00:00+00:00,573.9,575.0,572.5,573.6,176.07885
2026-06-23 19:00:00+00:00,573.6,576.5,573.6,576.1,325.58953
2026-06-23 20:00:00+00:00,576.1,577.0,575.4,576.2,102.6613
2026-06-23 21:00:00+00:00,576.2,577.6,575.9,576.8,300.64689
2026-06-23 22:00:00+00:00,576.8,578.2,576.4,577.6,164.0917
2026-06-23 23:00:00+00:00,577.6,579.0,576.5,578.0,105.2657
2026-06-24 00:00:00+00:00,578.0,581.0,577.9,579.6,155.66883
2026-06-24 01:00:00+00:00,579.6,581.5,578.7,579.5,159.7877
2026-06-24 02:00:00+00:00,579.5,579.6,577.4,577.4,151.498
2026-06-24 03:00:00+00:00,577.4,578.7,575.3,577.9,124.28153
2026-06-24 04:00:00+00:00,577.9,578.7,574.3,577.5,114.27788
2026-06-24 05:00:00+00:00,577.5,581.2,577.2,579.9,74.23002
2026-06-24 06:00:00+00:00,579.9,580.6,578.8,579.0,69.7542
2026-06-24 07:00:00+00:00,579.0,579.1,576.3,576.9,241.41283
2026-06-24 08:00:00+00:00,576.9,578.0,576.5,577.9,201.4178
2026-06-24 09:00:00+00:00,577.9,577.9,576.1,577.1,67.2062
2026-06-24 10:00:00+00:00,577.1,577.1,575.3,575.4,212.2675
2026-06-24 11:00:00+00:00,575.4,582.1,573.9,579.8,321.47064
2026-06-24 12:00:00+00:00,579.8,580.4,576.6,576.7,246.53843
2026-06-24 13:00:00+00:00,576.7,577.0,568.2,570.1,683.67546
2026-06-24 14:00:00+00:00,570.1,571.7,567.6,570.4,394.65411
2026-06-24 15:00:00+00:00,570.4,570.4,561.1,561.5,689.259
2026-06-24 16:00:00+00:00,561.5,563.7,551.9,554.9,1557.85657
2026-06-24 17:00:00+00:00,554.9,557.0,546.7,548.8,1504.29311
2026-06-24 18:00:00+00:00,548.8,555.7,547.9,553.3,399.80325
2026-06-24 19:00:00+00:00,553.3,555.5,552.1,555.4,354.5782
2026-06-24 20:00:00+00:00,555.4,564.5,554.6,563.0,859.39195
2026-06-24 21:00:00+00:00,563.0,564.2,559.8,564.2,179.65969
2026-06-24 22:00:00+00:00,564.2,566.1,562.9,563.4,126.27865
2026-06-24 23:00:00+00:00,563.4,564.9,562.7,564.5,33.9104
2026-06-25 00:00:00+00:00,564.5,566.0,563.2,563.8,125.6714
2026-06-25 01:00:00+00:00,563.8,566.7,563.5,566.3,68.88842
2026-06-25 02:00:00+00:00,566.3,567.0,565.2,565.6,57.9616
2026-06-25 03:00:00+00:00,565.6,566.8,564.5,565.9,135.987
2026-06-25 04:00:00+00:00,565.9,569.0,563.9,568.5,148.91065
2026-06-25 05:00:00+00:00,568.5,571.0,568.0,570.2,261.35485
2026-06-25 06:00:00+00:00,570.2,572.8,570.1,571.3,131.201
2026-06-25 07:00:00+00:00,571.3,572.1,570.0,570.5,109.1442
2026-06-25 08:00:00+00:00,570.5,570.6,569.2,569.5,92.9695
2026-06-25 09:00:00+00:00,569.5,570.4,568.49,568.9,192.27138
2026-06-25 10:00:00+00:00,568.9,569.0,563.4,563.7,174.9073
2026-06-25 11:00:00+00:00,563.7,564.3,561.0,562.9,194.7789
2026-06-25 12:00:00+00:00,562.9,566.8,561.2,563.1,419.54675
2026-06-25 13:00:00+00:00,563.1,568.5,540.6,542.1,1602.0291
2026-06-25 14:00:00+00:00,542.1,559.3,542.1,553.1,1689.90941
2026-06-25 15:00:00+00:00,553.1,554.6,548.2,553.9,628.53373
2026-06-25 16:00:00+00:00,553.9,557.3,552.4,554.2,259.33871
2026-06-25 17:00:00+00:00,554.2,559.6,553.2,559.6,266.92393
2026-06-25 18:00:00+00:00,559.6,560.2,554.7,555.5,286.50202
2026-06-25 19:00:00+00:00,555.5,555.7,552.5,554.2,118.64353
2026-06-25 20:00:00+00:00,554.2,557.1,554.2,555.6,185.72885
2026-06-25 21:00:00+00:00,555.6,561.7,555.5,561.4,140.49099
2026-06-25 22:00:00+00:00,561.4,561.4,559.6,560.4,149.5767
2026-06-25 23:00:00+00:00,560.4,563.0,559.4,560.7,197.80535
2026-06-26 00:00:00+00:00,560.7,565.0,560.1,561.0,1542.21095
2026-06-26 01:00:00+00:00,561.0,561.5,557.2,558.5,173.25396
2026-06-26 02:00:00+00:00,558.5,558.7,550.5,552.4,632.83222
2026-06-26 03:00:00+00:00,552.4,563.7,551.0,563.1,579.66143
2026-06-26 04:00:00+00:00,563.1,563.5,559.8,560.4,273.50015
2026-06-26 05:00:00+00:00,560.4,561.9,559.3,561.5,202.9442
2026-06-26 06:00:00+00:00,561.5,565.4,559.1,564.2,241.67899
2026-06-26 07:00:00+00:00,564.2,570.4,564.2,569.6,358.78531
2026-06-26 08:00:00+00:00,569.6,570.1,566.8,568.8,638.5442
2026-06-26 09:00:00+00:00,568.8,568.8,563.7,564.3,651.83011
2026-06-26 10:00:00+00:00,564.3,566.6,563.1,564.2,308.3751
2026-06-26 11:00:00+00:00,564.2,565.8,558.9,559.1,356.80347
2026-06-26 12:00:00+00:00,559.1,561.4,554.5,556.3,1227.2618
2026-06-26 13:00:00+00:00,556.3,564.1,551.7,563.9,642.73127
2026-06-26 14:00:00+00:00,563.9,565.0,559.3,560.2,1614.60045
2026-06-26 15:00:00+00:00,560.2,567.3,559.7,565.5,451.912
2026-06-26 16:00:00+00:00,565.5,569.1,563.1,567.1,631.49562
2026-06-26 17:00:00+00:00,567.1,568.4,566.4,567.8,248.0699
2026-06-26 18:00:00+00:00,567.8,568.6,564.9,565.4,135.76753
2026-06-26 19:00:00+00:00,565.4,568.9,564.9,565.9,354.9867
2026-06-26 20:00:00+00:00,565.9,568.6,564.6,565.2,248.98523
2026-06-26 21:00:00+00:00,565.2,568.4,564.5,568.0,217.14983
2026-06-26 22:00:00+00:00,568.0,568.6,565.8,568.4,156.77742
2026-06-26 23:00:00+00:00,568.4,568.9,567.2,567.7,51.5676
2026-06-27 00:00:00+00:00,567.7,568.7,566.0,567.7,72.0718
2026-06-27 01:00:00+00:00,567.7,567.8,565.7,566.0,61.5435
2026-06-27 02:00:00+00:00,566.0,568.6,565.4,568.1,175.74603
2026-06-27 03:00:00+00:00,568.1,568.1,566.2,567.1,87.8748
2026-06-27 04:00:00+00:00,567.1,568.1,564.5,564.7,148.9283
2026-06-27 05:00:00+00:00,564.7,566.3,564.1,565.6,252.5487
2026-06-27 06:00:00+00:00,565.6,567.0,564.4,565.7,175.0169
2026-06-27 07:00:00+00:00,565.7,565.9,565.1,565.7,118.0062
2026-06-27 08:00:00+00:00,565.7,566.0,564.6,565.7,310.3639
2026-06-27 09:00:00+00:00,565.7,566.0,564.3,564.9,235.3865
2026-06-27 10:00:00+00:00,564.9,564.9,563.8,564.7,206.7639
2026-06-27 11:00:00+00:00,564.7,564.9,562.6,563.3,151.9181
2026-06-27 12:00:00+00:00,563.3,564.8,562.6,564.5,90.2656
2026-06-27 13:00:00+00:00,564.5,565.6,563.9,564.5,262.0644
2026-06-27 14:00:00+00:00,564.5,565.5,563.4,564.7,227.0482
2026-06-27 15:00:00+00:00,564.7,567.2,564.4,565.7,294.30213
2026-06-27 16:00:00+00:00,565.7,566.8,565.0,566.7,188.4372
2026-06-27 17:00:00+00:00,566.7,566.9,563.3,563.3,400.60175
2026-06-27 18:00:00+00:00,563.3,563.6,562.0,562.3,131.9786
2026-06-27 19:00:00+00:00,562.3,563.0,558.0,559.3,233.95458
2026-06-27 20:00:00+00:00,559.3,560.1,559.3,559.7,75.5801
2026-06-27 21:00:00+00:00,559.7,563.2,556.5,557.5,294.12006
2026-06-27 22:00:00+00:00,557.5,559.2,554.6,559.1,169.3525
2026-06-27 23:00:00+00:00,559.1,559.2,557.0,557.4,48.5005
2026-06-28 00:00:00+00:00,557.4,558.5,556.9,558.0,69.5758
2026-06-28 01:00:00+00:00,558.0,558.4,556.7,558.0,24.8407
2026-06-28 02:00:00+00:00,558.0,558.8,556.9,557.6,32.9081
2026-06-28 03:00:00+00:00,557.6,559.0,557.6,558.8,44.4134
2026-06-28 04:00:00+00:00,558.8,558.8,556.8,557.0,55.0212
2026-06-28 05:00:00+00:00,557.0,557.2,554.9,556.1,76.59385
2026-06-28 06:00:00+00:00,556.1,556.4,554.1,555.0,93.0716
2026-06-28 07:00:00+00:00,555.0,556.9,555.0,556.3,71.5458
2026-06-28 08:00:00+00:00,556.3,558.9,555.3,557.5,66.20523
2026-06-28 09:00:00+00:00,557.5,558.1,555.1,555.3,65.7962
2026-06-28 10:00:00+00:00,555.3,556.2,554.2,555.3,77.3657
2026-06-28 11:00:00+00:00,555.3,557.3,555.0,557.1,100.291
2026-06-28 12:00:00+00:00,557.1,557.9,555.4,556.7,79.6097
2026-06-28 13:00:00+00:00,556.7,556.7,554.2,555.3,122.2443
2026-06-28 14:00:00+00:00,555.3,556.9,554.9,554.9,244.1477
2026-06-28 15:00:00+00:00,554.9,556.1,553.7,554.5,196.13345
2026-06-28 16:00:00+00:00,554.5,554.8,551.5,552.4,146.86486
2026-06-28 17:00:00+00:00,552.4,553.4,549.8,551.9,232.74491
2026-06-28 18:00:00+00:00,551.9,553.8,551.3,553.8,175.30582
2026-06-28 19:00:00+00:00,553.8,553.8,547.3,548.6,316.06074
2026-06-28 20:00:00+00:00,548.6,555.3,548.4,550.0,552.76556
2026-06-28 21:00:00+00:00,550.0,551.6,548.5,548.9,114.44595
2026-06-28 22:00:00+00:00,548.9,553.09,545.6,547.2,250.11544
2026-06-28 23:00:00+00:00,547.2,553.3,547.0,551.1,165.09562
2026-06-29 00:00:00+00:00,551.1,553.0,546.7,552.9,204.2338
2026-06-29 01:00:00+00:00,552.9,553.0,549.7,552.4,130.296
2026-06-29 02:00:00+00:00,552.4,554.7,547.3,553.8,223.42367
2026-06-29 03:00:00+00:00,553.8,556.7,553.7,555.3,140.46773
2026-06-29 04:00:00+00:00,555.3,555.3,551.0,551.4,110.44248
2026-06-29 05:00:00+00:00,551.4,553.3,548.3,553.3,130.17019
2026-06-29 06:00:00+00:00,553.3,555.5,553.1,554.0,170.74303
2026-06-29 07:00:00+00:00,554.0,554.7,552.8,553.6,119.0921
2026-06-29 08:00:00+00:00,553.6,554.5,551.5,553.0,184.11655
2026-06-29 09:00:00+00:00,553.0,554.8,552.3,553.7,584.4109
2026-06-29 10:00:00+00:00,553.7,555.8,553.6,553.8,211.0632
2026-06-29 11:00:00+00:00,553.8,554.7,550.5,552.0,266.74463
2026-06-29 12:00:00+00:00,552.0,558.4,549.6,553.3,375.23741
2026-06-29 13:00:00+00:00,553.3,555.8,549.1,550.7,362.65594
2026-06-29 14:00:00+00:00,550.7,551.9,546.3,550.8,306.38775
2026-06-29 15:00:00+00:00,550.8,552.6,547.5,551.9,151.77053
2026-06-29 16:00:00+00:00,551.9,558.9,550.4,556.4,428.1908
2026-06-29 17:00:00+00:00,556.4,562.9,556.1,561.2,430.01747
2026-06-29 18:00:00+00:00,561.2,562.6,560.4,561.2,262.3256
2026-06-29 19:00:00+00:00,561.2,562.6,560.0,561.8,293.35665
2026-06-29 20:00:00+00:00,561.8,562.4,560.1,560.2,141.16995
2026-06-29 21:00:00+00:00,560.2,561.8,559.5,561.3,183.3242
2026-06-29 22:00:00+00:00,561.3,561.9,560.2,560.2,116.7516
2026-06-29 23:00:00+00:00,560.2,560.7,559.4,559.7,125.8128
2026-06-30 00:00:00+00:00,559.7,560.5,555.4,555.9,308.35901
2026-06-30 01:00:00+00:00,555.9,557.2,555.0,555.9,170.0529
2026-06-30 02:00:00+00:00,555.9,557.5,554.6,556.5,118.3926
2026-06-30 03:00:00+00:00,556.5,557.0,553.9,553.9,88.17348
2026-06-30 04:00:00+00:00,553.9,554.8,551.7,553.3,171.7769
2026-06-30 05:00:00+00:00,553.3,554.2,552.0,554.1,210.7887
2026-06-30 06:00:00+00:00,554.1,554.2,552.6,553.4,85.4873
2026-06-30 07:00:00+00:00,553.4,553.6,551.9,552.5,89.702
2026-06-30 08:00:00+00:00,552.5,553.2,549.8,550.3,230.48364
2026-06-30 09:00:00+00:00,550.3,551.3,549.3,549.9,200.76465
2026-06-30 10:00:00+00:00,549.9,550.5,549.3,549.5,73.5171
2026-06-30 11:00:00+00:00,549.5,549.7,547.1,547.8,125.10878
2026-06-30 12:00:00+00:00,547.8,547.8,543.7,543.7,289.34997
2026-06-30 13:00:00+00:00,543.7,548.7,543.6,548.3,279.89408
2026-06-30 14:00:00+00:00,548.3,551.4,545.0,545.6,249.13248
2026-06-30 15:00:00+00:00,545.6,547.4,543.8,544.9,132.12345
2026-06-30 16:00:00+00:00,544.9,548.2,544.8,546.8,223.691
2026-06-30 17:00:00+00:00,546.8,548.7,546.0,546.8,178.8792
2026-06-30 18:00:00+00:00,546.8,548.6,545.5,547.1,94.2762
2026-06-30 19:00:00+00:00,547.1,548.0,545.9,547.4,190.7473
2026-06-30 20:00:00+00:00,547.4,547.7,545.3,545.7,70.9896
2026-06-30 21:00:00+00:00,545.7,545.9,544.2,545.2,99.8977
2026-06-30 22:00:00+00:00,545.2,546.1,544.5,545.0,167.9467
2026-06-30 23:00:00+00:00,545.0,546.8,545.0,546.6,77.4036
2026-07-01 00:00:00+00:00,546.6,548.3,545.3,547.9,223.2543
2026-07-01 01:00:00+00:00,547.9,549.9,539.9,548.1,469.76885
2026-07-01 02:00:00+00:00,548.1,550.6,547.2,549.9,187.21232
2026-07-01 03:00:00+00:00,549.9,552.9,548.8,551.7,385.73768
2026-07-01 04:00:00+00:00,551.7,552.7,550.7,551.2,116.7567
2026-07-01 05:00:00+00:00,551.2,551.7,550.0,551.1,85.0756
2026-07-01 06:00:00+00:00,551.1,551.1,545.0,546.0,252.08476
2026-07-01 07:00:00+00:00,546.0,547.6,545.3,546.9,154.8366
2026-07-01 08:00:00+00:00,546.9,547.3,544.1,547.3,200.76098
2026-07-01 09:00:00+00:00,547.3,547.8,544.7,545.3,178.93816
2026-07-01 10:00:00+00:00,545.3,545.9,542.1,542.4,365.31988
2026-07-01 11:00:00+00:00,542.4,544.6,537.3,542.7,715.06131
2026-07-01 12:00:00+00:00,542.7,543.6,541.4,542.7,182.1319
2026-07-01 13:00:00+00:00,542.7,550.9,542.6,549.2,463.52591
2026-07-01 14:00:00+00:00,549.2,552.5,547.5,549.6,400.31043
2026-07-01 15:00:00+00:00,549.6,555.9,549.6,554.7,658.65619
2026-07-01 16:00:00+00:00,554.7,555.0,551.1,551.9,1197.37075
2026-07-01 17:00:00+00:00,551.9,554.6,550.5,554.4,590.40897
2026-07-01 18:00:00+00:00,554.4,554.6,552.4,553.0,327.5985
2026-07-01 19:00:00+00:00,553.0,554.2,550.6,551.3,443.89905
2026-07-01 20:00:00+00:00,551.3,552.7,550.2,552.7,118.0591
2026-07-01 21:00:00+00:00,552.7,557.2,552.7,556.6,373.79653
2026-07-01 22:00:00+00:00,556.6,559.7,553.3,553.9,507.55311
2026-07-01 23:00:00+00:00,553.9,553.9,550.2,550.6,229.94036
2026-07-02 00:00:00+00:00,550.6,550.6,546.4,547.8,196.40383
2026-07-02 01:00:00+00:00,547.8,551.8,547.8,550.5,373.57469
2026-07-02 02:00:00+00:00,550.5,551.9,549.1,551.1,111.06213
2026-07-02 03:00:00+00:00,551.1,558.0,550.3,557.1,570.48452
2026-07-02 04:00:00+00:00,557.1,557.1,552.9,554.4,146.40725
2026-07-02 05:00:00+00:00,554.4,554.4,552.1,552.1,133.8092
2026-07-02 06:00:00+00:00,552.1,552.3,549.1,549.2,89.13041
2026-07-02 07:00:00+00:00,549.2,550.0,548.8,549.4,215.2578
2026-07-02 08:00:00+00:00,549.4,551.2,549.3,550.9,126.8411
2026-07-02 09:00:00+00:00,550.9,556.0,550.1,554.5,279.45167
2026-07-02 10:00:00+00:00,554.5,556.7,554.0,556.1,247.85332
2026-07-02 11:00:00+00:00,556.1,561.7,555.7,560.1,419.8969
2026-07-02 12:00:00+00:00,560.1,563.4,559.3,563.3,681.70258
2026-07-02 13:00:00+00:00,563.3,567.4,561.7,565.2,1326.90541
2026-07-02 14:00:00+00:00,565.2,566.4,560.2,562.1,886.39646
2026-07-02 15:00:00+00:00,562.1,563.6,560.5,562.7,322.1585
2026-07-02 16:00:00+00:00,562.7,564.2,559.6,562.1,380.36618
2026-07-02 17:00:00+00:00,562.1,563.5,560.1,560.9,366.65298
2026-07-02 18:00:00+00:00,560.9,561.9,560.0,560.2,209.0831
2026-07-02 19:00:00+00:00,560.2,560.6,558.0,558.3,305.10723
2026-07-02 20:00:00+00:00,558.3,558.9,557.5,558.4,80.0907
2026-07-02 21:00:00+00:00,558.4,558.6,557.3,557.5,128.62298
2026-07-02 22:00:00+00:00,557.5,558.3,556.4,557.6,109.9404
2026-07-02 23:00:00+00:00,557.6,559.6,556.8,558.8,146.3081
2026-07-03 00:00:00+00:00,558.8,559.3,557.3,557.9,157.3318
2026-07-03 01:00:00+00:00,557.9,562.0,557.3,561.5,139.65499
2026-07-03 02:00:00+00:00,561.5,561.9,559.1,561.7,99.2404
2026-07-03 03:00:00+00:00,561.7,561.9,559.6,561.2,72.1523
2026-07-03 04:00:00+00:00,561.2,561.5,560.1,560.8,245.3817
2026-07-03 05:00:00+00:00,560.8,563.2,560.4,562.4,477.8607
2026-07-03 06:00:00+00:00,562.4,563.8,561.2,561.6,232.3789
2026-07-03 07:00:00+00:00,561.6,562.4,561.0,561.5,183.7577
2026-07-03 08:00:00+00:00,561.5,564.0,561.4,562.1,191.8549
2026-07-03 09:00:00+00:00,562.1,564.4,561.7,563.0,160.19016
2026-07-03 10:00:00+00:00,563.0,566.6,562.7,566.0,192.88694
2026-07-03 11:00:00+00:00,566.0,567.5,565.2,566.7,152.34369
2026-07-03 12:00:00+00:00,566.7,567.7,564.4,564.9,237.72985
2026-07-03 13:00:00+00:00,564.9,567.8,564.7,566.9,170.58683
2026-07-03 14:00:00+00:00,566.9,566.9,563.3,565.8,228.69263
2026-07-03 15:00:00+00:00,565.8,568.5,564.8,565.7,329.55843
2026-07-03 16:00:00+00:00,565.7,567.3,564.7,566.7,137.0621
2026-07-03 17:00:00+00:00,566.7,568.3,566.5,567.9,113.1384
2026-07-03 18:00:00+00:00,567.9,568.7,567.7,568.6,62.2856
2026-07-03 19:00:00+00:00,568.6,571.5,567.9,569.8,275.82097
2026-07-03 20:00:00+00:00,569.8,574.7,569.6,573.2,303.79053
2026-07-03 21:00:00+00:00,573.2,575.0,571.9,573.9,216.4811
2026-07-03 22:00:00+00:00,573.9,574.4,572.4,573.3,145.3586
2026-07-03 23:00:00+00:00,573.3,575.3,572.7,573.8,412.5667
2026-07-04 00:00:00+00:00,573.8,575.6,573.4,574.2,137.64102
2026-07-04 01:00:00+00:00,574.2,574.2,571.1,572.0,104.31538
2026-07-04 02:00:00+00:00,572.0,572.6,571.3,571.9,102.999
2026-07-04 03:00:00+00:00,571.9,573.2,571.6,572.4,111.0879
2026-07-04 04:00:00+00:00,572.4,573.3,571.6,573.3,49.8247
2026-07-04 05:00:00+00:00,573.3,573.3,570.0,571.3,96.48753
2026-07-04 06:00:00+00:00,571.3,572.4,568.7,569.9,380.59095
2026-07-04 07:00:00+00:00,569.9,570.1,568.7,569.8,214.0839
2026-07-04 08:00:00+00:00,569.8,576.2,569.2,575.2,333.87636
2026-07-04 09:00:00+00:00,575.2,575.3,572.2,572.5,204.5369
2026-07-04 10:00:00+00:00,572.5,572.8,571.3,571.9,234.28673
2026-07-04 11:00:00+00:00,571.9,572.7,571.1,572.0,159.284
2026-07-04 12:00:00+00:00,572.0,573.4,571.7,573.2,210.703
2026-07-04 13:00:00+00:00,573.2,574.5,572.0,573.1,236.7425
2026-07-04 14:00:00+00:00,573.1,575.9,573.0,574.6,523.68485
2026-07-04 15:00:00+00:00,574.6,578.1,573.8,576.7,399.62851
2026-07-04 16:00:00+00:00,576.7,576.8,574.9,575.8,147.24295
2026-07-04 17:00:00+00:00,575.8,578.6,574.4,578.4,216.42598
2026-07-04 18:00:00+00:00,578.4,578.7,576.3,576.7,152.5516
2026-07-04 19:00:00+00:00,576.7,577.1,575.5,575.6,72.0426
2026-07-04 20:00:00+00:00,575.6,576.0,573.2,573.2,292.02858
2026-07-04 21:00:00+00:00,573.2,575.3,572.5,574.4,205.39955
2026-07-04 22:00:00+00:00,574.4,578.2,574.4,576.7,944.43631
2026-07-04 23:00:00+00:00,576.7,576.8,573.5,575.2,270.37986
2026-07-05 00:00:00+00:00,575.2,575.4,572.3,573.1,305.24325
2026-07-05 01:00:00+00:00,573.1,573.8,569.9,571.9,201.20758
2026-07-05 02:00:00+00:00,571.9,572.1,568.3,569.5,151.4716
2026-07-05 03:00:00+00:00,569.5,571.1,569.3,570.4,74.40053
2026-07-05 04:00:00+00:00,570.4,572.1,569.9,571.5,170.28742
2026-07-05 05:00:00+00:00,571.5,572.2,570.4,571.7,78.8962
2026-07-05 06:00:00+00:00,571.7,572.4,570.7,571.7,253.7632
2026-07-05 07:00:00+00:00,571.7,575.8,571.5,575.7,91.25998
2026-07-05 08:00:00+00:00,575.7,579.0,574.9,578.5,209.65751
2026-07-05 09:00:00+00:00,578.5,578.5,572.7,574.6,168.87143
2026-07-05 10:00:00+00:00,574.6,576.3,573.8,576.0,132.1927
2026-07-05 11:00:00+00:00,576.0,578.3,574.5,577.0,99.85821
2026-07-05 12:00:00+00:00,577.0,586.6,576.2,583.9,289.09391
2026-07-05 13:00:00+00:00,583.9,587.9,582.2,587.0,458.19949
2026-07-05 14:00:00+00:00,587.0,589.9,586.3,587.4,303.87667
2026-07-05 15:00:00+00:00,587.4,589.9,586.6,587.4,380.2137
2026-07-05 16:00:00+00:00,587.4,589.0,585.0,585.9,274.01585
2026-07-05 17:00:00+00:00,585.9,587.4,584.7,585.4,203.7571
2026-07-05 18:00:00+00:00,585.4,592.0,583.6,590.8,291.68762
2026-07-05 19:00:00+00:00,590.8,591.2,588.8,589.5,391.7407
2026-07-05 20:00:00+00:00,589.5,590.6,587.7,588.3,110.33595
2026-07-05 21:00:00+00:00,588.3,591.3,585.9,589.7,274.77593
2026-07-05 22:00:00+00:00,589.7,593.4,588.9,591.6,481.75419
2026-07-05 23:00:00+00:00,591.6,593.1,589.1,589.9,99.6805
2026-07-06 00:00:00+00:00,589.9,591.8,587.0,591.8,193.60132
2026-07-06 01:00:00+00:00,591.8,593.1,588.4,588.6,515.72338
2026-07-06 02:00:00+00:00,588.6,589.4,585.7,586.7,425.31609
2026-07-06 03:00:00+00:00,586.7,586.7,583.1,585.4,226.59908
2026-07-06 04:00:00+00:00,585.4,585.8,583.7,584.2,119.7091
2026-07-06 05:00:00+00:00,584.2,584.8,581.4,583.4,185.93478
2026-07-06 06:00:00+00:00,583.4,583.4,581.8,582.5,109.763
2026-07-06 07:00:00+00:00,582.5,583.0,581.1,582.2,163.8614
2026-07-06 08:00:00+00:00,582.2,582.9,580.1,580.7,284.96495
2026-07-06 09:00:00+00:00,580.7,580.7,576.4,577.5,328.54524
2026-07-06 10:00:00+00:00,577.5,581.0,577.4,580.2,152.01929
2026-07-06 11:00:00+00:00,580.2,581.2,578.0,578.0,154.1195
2026-07-06 12:00:00+00:00,578.0,578.0,572.1,572.1,691.9463
2026-07-06 13:00:00+00:00,572.1,575.3,570.3,573.2,348.56714
2026-07-06 14:00:00+00:00,573.2,578.9,573.0,577.1,430.83899
2026-07-06 15:00:00+00:00,577.1,585.1,577.0,585.1,447.72528
2026-07-06 16:00:00+00:00,585.1,586.7,583.6,585.4,588.20777
2026-07-06 17:00:00+00:00,585.4,586.4,583.1,583.4,401.8093
2026-07-06 18:00:00+00:00,583.4,585.4,583.0,584.6,171.1271
2026-07-06 19:00:00+00:00,584.6,586.1,584.3,585.3,240.7682
2026-07-06 20:00:00+00:00,585.3,586.5,583.7,586.0,247.77428
2026-07-06 21:00:00+00:00,586.0,592.2,585.9,589.3,458.99378
2026-07-06 22:00:00+00:00,589.3,589.7,587.4,588.3,161.64635
2026-07-06 23:00:00+00:00,588.3,589.0,585.7,586.2,175.56013
2026-07-07 00:00:00+00:00,586.2,587.9,585.6,587.0,132.9533
2026-07-07 01:00:00+00:00,587.0,587.0,582.6,583.1,204.67813
2026-07-07 02:00:00+00:00,583.1,583.7,580.4,581.0,258.67213
2026-07-07 03:00:00+00:00,581.0,581.9,578.5,579.3,313.95216
2026-07-07 04:00:00+00:00,579.3,579.5,577.9,579.1,159.0301
2026-07-07 05:00:00+00:00,579.1,579.9,576.6,579.0,263.34036
2026-07-07 06:00:00+00:00,579.0,580.9,578.2,580.2,172.7027
2026-07-07 07:00:00+00:00,580.2,580.6,578.5,578.5,111.1088
2026-07-07 08:00:00+00:00,578.5,578.7,576.6,577.4,139.88406
2026-07-07 09:00:00+00:00,577.4,578.7,576.9,578.0,165.2042
2026-07-07 10:00:00+00:00,578.0,580.1,577.9,578.5,122.87613
2026-07-07 11:00:00+00:00,578.5,580.5,577.5,580.3,173.4266
2026-07-07 12:00:00+00:00,580.3,582.3,579.9,581.0,148.04996
2026-07-07 13:00:00+00:00,581.0,581.2,577.0,577.4,364.35119
2026-07-07 14:00:00+00:00,577.4,581.4,575.3,581.1,412.91098
2026-07-07 15:00:00+00:00,581.1,585.6,579.4,584.6,338.21546
2026-07-07 16:00:00+00:00,584.6,587.0,583.4,585.3,249.95012
2026-07-07 17:00:00+00:00,585.3,586.5,584.2,585.9,186.7601
2026-07-07 18:00:00+00:00,585.9,586.0,582.3,582.4,155.04468
2026-07-07 19:00:00+00:00,582.4,584.2,580.2,583.3,243.32227
2026-07-07 20:00:00+00:00,583.3,583.9,580.2,580.7,147.42901
2026-07-07 21:00:00+00:00,580.7,581.6,577.8,578.1,148.12886
2026-07-07 22:00:00+00:00,578.1,579.6,576.7,578.7,110.87156
2026-07-07 23:00:00+00:00,578.7,579.3,576.5,576.8,74.6949
2026-07-08 00:00:00+00:00,576.8,578.9,576.2,578.5,111.5891
2026-07-08 01:00:00+00:00,578.5,579.0,571.4,572.1,221.73155
2026-07-08 02:00:00+00:00,572.1,572.1,567.5,571.0,262.96554
2026-07-08 03:00:00+00:00,571.0,572.4,568.5,568.9,115.08345
2026-07-08 04:00:00+00:00,568.9,569.9,568.2,569.5,64.4602
2026-07-08 05:00:00+00:00,569.5,570.2,567.5,568.2,86.5136
2026-07-08 06:00:00+00:00,568.2,568.3,566.0,566.6,106.63554
2026-07-08 07:00:00+00:00,566.6,568.1,565.3,567.8,203.3474
2026-07-08 08:00:00+00:00,567.8,568.6,560.8,561.5,306.87813
2026-07-08 09:00:00+00:00,561.5,563.4,560.3,561.5,139.6976
2026-07-08 10:00:00+00:00,561.5,563.2,560.5,562.8,188.1662
2026-07-08 11:00:00+00:00,562.8,568.8,562.3,566.0,405.4397
2026-07-08 12:00:00+00:00,566.0,566.7,563.8,563.9,222.30958
2026-07-08 13:00:00+00:00,563.9,566.1,562.8,565.4,169.4529
2026-07-08 14:00:00+00:00,565.4,567.2,563.3,564.4,308.38608
2026-07-08 15:00:00+00:00,564.4,564.5,560.9,562.4,121.1056
2026-07-08 16:00:00+00:00,562.4,566.7,561.7,566.6,338.15685
2026-07-08 17:00:00+00:00,566.6,567.8,564.5,564.7,141.93466
2026-07-08 18:00:00+00:00,564.7,566.9,564.3,566.4,241.29463
2026-07-08 19:00:00+00:00,566.4,567.6,565.7,567.1,260.0375
2026-07-08 20:00:00+00:00,567.1,567.6,565.9,566.1,228.4522
2026-07-08 21:00:00+00:00,566.1,567.0,564.8,566.9,186.9228
2026-07-08 22:00:00+00:00,566.9,568.3,566.6,568.0,157.4859
2026-07-08 23:00:00+00:00,568.0,568.9,567.2,568.7,128.63945
2026-07-09 00:00:00+00:00,568.7,569.2,567.7,568.7,78.0226
2026-07-09 01:00:00+00:00,568.7,572.8,567.1,567.4,181.96957
2026-07-09 02:00:00+00:00,567.4,569.5,566.2,566.3,83.74205
2026-07-09 03:00:00+00:00,566.3,568.5,565.6,568.3,103.6949
2026-07-09 04:00:00+00:00,568.3,570.7,567.7,570.7,65.03113
2026-07-09 05:00:00+00:00,570.7,573.7,569.5,573.7,104.83727
2026-07-09 06:00:00+00:00,573.7,575.2,572.5,574.8,101.69108
2026-07-09 07:00:00+00:00,574.8,576.7,572.4,572.9,371.36632
2026-07-09 08:00:00+00:00,572.9,573.4,572.0,572.3,138.4957
2026-07-09 09:00:00+00:00,572.3,573.5,570.7,573.1,139.08821
2026-07-09 10:00:00+00:00,573.1,573.2,569.5,570.0,151.27425
2026-07-09 11:00:00+00:00,570.0,570.7,568.9,569.9,228.9392
2026-07-09 12:00:00+00:00,569.9,570.8,568.2,568.9,319.45402
2026-07-09 13:00:00+00:00,568.9,572.3,568.0,571.1,175.92323
2026-07-09 14:00:00+00:00,571.1,572.1,568.8,572.1,148.16363
2026-07-09 15:00:00+00:00,572.1,572.9,570.6,571.1,132.5049
2026-07-09 16:00:00+00:00,571.1,571.5,569.2,569.9,107.2658
2026-07-09 17:00:00+00:00,569.9,572.6,569.4,571.5,235.5544
2026-07-09 18:00:00+00:00,571.5,573.7,571.1,571.8,171.29233
2026-07-09 19:00:00+00:00,571.8,571.8,570.0,570.1,73.88035
2026-07-09 20:00:00+00:00,570.1,570.8,569.5,570.0,59.1294
2026-07-09 21:00:00+00:00,570.0,571.1,570.0,570.5,59.4417
2026-07-09 22:00:00+00:00,570.5,571.0,569.7,570.4,81.0922
2026-07-09 23:00:00+00:00,570.4,570.5,568.7,568.7,63.6037
2026-07-10 00:00:00+00:00,568.7,570.5,568.1,570.5,237.98273
2026-07-10 01:00:00+00:00,570.5,576.6,569.6,575.0,829.83149
2026-07-10 02:00:00+00:00,575.0,575.7,573.9,575.4,147.2492
2026-07-10 03:00:00+00:00,575.4,575.9,574.5,575.5,65.9009
2026-07-10 04:00:00+00:00,575.5,577.4,575.0,576.2,245.25749
2026-07-10 05:00:00+00:00,576.2,578.3,575.5,577.4,170.8237
2026-07-10 06:00:00+00:00,577.4,577.6,576.1,576.5,55.2514
2026-07-10 07:00:00+00:00,576.5,577.2,573.9,574.2,81.44598
2026-07-10 08:00:00+00:00,574.2,577.2,574.0,576.1,131.2171
2026-07-10 09:00:00+00:00,576.1,577.1,574.8,576.6,161.3172
2026-07-10 10:00:00+00:00,576.6,577.5,575.5,576.2,130.27769
2026-07-10 11:00:00+00:00,576.2,577.1,574.7,575.5,261.43315
2026-07-10 12:00:00+00:00,575.5,576.9,573.4,573.6,418.2633
2026-07-10 13:00:00+00:00,573.6,576.6,572.9,575.6,215.44698
2026-07-10 14:00:00+00:00,575.6,575.6,569.5,572.0,396.52291
2026-07-10 15:00:00+00:00,572.0,574.5,572.0,573.8,232.11809
2026-07-10 16:00:00+00:00,573.8,577.4,573.8,577.1,166.15504
2026-07-10 17:00:00+00:00,577.1,578.2,575.9,575.9,77.09532
2026-07-10 18:00:00+00:00,575.9,577.4,574.6,575.2,127.89365
2026-07-10 19:00:00+00:00,575.2,576.6,573.8,575.9,98.8418
2026-07-10 20:00:00+00:00,575.9,576.4,574.6,575.3,102.3495
2026-07-10 21:00:00+00:00,575.3,576.8,574.7,575.8,44.8151
2026-07-10 22:00:00+00:00,575.8,576.3,575.7,576.1,71.3736
2026-07-10 23:00:00+00:00,576.1,576.2,575.1,575.4,85.2497
2026-07-11 00:00:00+00:00,575.4,575.6,574.3,574.5,146.2073
2026-07-11 01:00:00+00:00,574.5,576.0,573.2,573.2,135.6246
2026-07-11 02:00:00+00:00,573.2,574.9,573.0,574.9,63.57145
2026-07-11 03:00:00+00:00,574.9,575.9,574.2,574.9,172.07873
2026-07-11 04:00:00+00:00,574.9,576.0,574.5,575.1,106.2362
2026-07-11 05:00:00+00:00,575.1,576.3,574.9,575.2,86.8789
2026-07-11 06:00:00+00:00,575.2,576.3,574.8,576.1,118.2203
2026-07-11 07:00:00+00:00,576.1,577.6,575.9,576.9,225.67189
2026-07-11 08:00:00+00:00,576.9,579.1,576.6,579.1,196.60222
2026-07-11 09:00:00+00:00,579.1,579.7,577.3,577.6,138.58228
2026-07-11 10:00:00+00:00,577.6,578.8,577.0,578.8,78.8736
2026-07-11 11:00:00+00:00,578.8,579.3,577.7,579.0,148.2262
2026-07-11 12:00:00+00:00,579.0,580.3,578.7,579.5,98.52537
2026-07-11 13:00:00+00:00,579.5,582.0,579.2,581.2,99.86949
2026-07-11 14:00:00+00:00,581.2,582.9,580.9,581.6,106.64822
2026-07-11 15:00:00+00:00,581.6,582.0,577.9,579.8,291.93435
2026-07-11 16:00:00+00:00,579.8,580.4,579.3,579.9,120.5314
2026-07-11 17:00:00+00:00,579.9,581.1,579.5,580.6,215.6977
2026-07-11 18:00:00+00:00,580.6,581.2,580.3,580.6,57.2903
2026-07-11 19:00:00+00:00,580.6,581.5,580.3,580.5,44.5222
2026-07-11 20:00:00+00:00,580.5,581.4,580.5,580.9,26.4753
2026-07-11 21:00:00+00:00,580.9,581.5,580.8,581.0,110.0528
2026-07-11 22:00:00+00:00,581.0,581.9,579.7,580.2,149.87913
2026-07-11 23:00:00+00:00,580.2,580.5,574.6,574.6,196.79131
2026-07-12 00:00:00+00:00,574.6,575.1,570.4,571.1,309.96176
2026-07-12 01:00:00+00:00,571.1,574.1,570.7,573.8,107.9589
2026-07-12 02:00:00+00:00,573.8,574.3,572.8,574.1,148.6464
2026-07-12 03:00:00+00:00,574.1,575.7,573.7,575.1,135.92675
2026-07-12 04:00:00+00:00,575.1,575.7,573.6,574.1,243.7073
2026-07-12 05:00:00+00:00,574.1,574.2,572.5,572.9,334.5614
2026-07-12 06:00:00+00:00,572.9,572.9,569.9,571.7,509.01453
2026-07-12 07:00:00+00:00,571.7,572.6,571.5,572.1,134.2849
2026-07-12 08:00:00+00:00,572.1,573.8,572.1,573.7,313.49063
2026-07-12 09:00:00+00:00,573.7,574.9,572.2,574.1,99.36578
2026-07-12 10:00:00+00:00,574.1,574.6,573.7,574.2,66.672
2026-07-12 11:00:00+00:00,574.2,580.4,573.7,580.0,196.83047
2026-07-12 12:00:00+00:00,580.0,584.6,580.0,582.3,394.14544
2026-07-12 13:00:00+00:00,582.3,582.4,580.6,581.2,109.2008
2026-07-12 14:00:00+00:00,581.2,582.8,579.4,581.6,175.22038
2026-07-12 15:00:00+00:00,581.6,581.6,580.3,581.1,215.7863
2026-07-12 16:00:00+00:00,581.1,582.1,580.8,581.2,108.5286
2026-07-12 17:00:00+00:00,581.2,581.3,578.9,579.2,156.8133
2026-07-12 18:00:00+00:00,579.2,579.8,579.0,579.4,100.5232
2026-07-12 19:00:00+00:00,579.4,579.9,578.8,579.7,91.3452
2026-07-12 20:00:00+00:00,579.7,579.9,578.5,578.7,64.8239
2026-07-12 21:00:00+00:00,578.7,579.3,575.9,575.9,102.64326
2026-07-12 22:00:00+00:00,575.9,575.9,572.6,574.0,274.34231
2026-07-12 23:00:00+00:00,574.0,574.7,573.0,573.7,178.0316
2026-07-13 00:00:00+00:00,573.7,579.7,572.8,577.9,400.91196
2026-07-13 01:00:00+00:00,577.9,579.0,572.0,572.2,327.14109
2026-07-13 02:00:00+00:00,572.2,573.7,570.7,571.9,303.81533
2026-07-13 03:00:00+00:00,571.9,571.9,566.4,568.8,363.75567
2026-07-13 04:00:00+00:00,568.8,569.4,567.0,567.2,190.1071
2026-07-13 05:00:00+00:00,567.2,569.3,566.1,568.4,146.1962
2026-07-13 06:00:00+00:00,568.4,569.2,567.6,568.4,29.1805
2026-07-13 07:00:00+00:00,568.4,570.4,567.9,569.9,88.8191
2026-07-13 08:00:00+00:00,569.9,571.0,569.3,570.2,82.66686
2026-07-13 09:00:00+00:00,570.2,570.2,569.2,569.5,107.2831
2026-07-13 10:00:00+00:00,569.5,570.2,568.3,569.5,75.64295
2026-07-13 11:00:00+00:00,569.5,570.8,569.3,569.6,49.8411
2026-07-13 12:00:00+00:00,569.6,569.7,567.6,568.4,71.6689
2026-07-13 13:00:00+00:00,568.4,569.5,566.4,568.0,123.45943
2026-07-13 14:00:00+00:00,568.0,570.9,565.5,570.7,359.47763
2026-07-13 15:00:00+00:00,570.7,571.7,568.2,568.7,57.4635
2026-07-13 16:00:00+00:00,568.7,568.7,565.6,566.0,110.27575
2026-07-13 17:00:00+00:00,566.0,566.6,562.3,562.5,117.08603
2026-07-13 18:00:00+00:00,562.5,565.2,562.2,564.1,77.35563
2026-07-13 19:00:00+00:00,564.1,566.2,563.8,566.1,90.61782
2026-07-13 20:00:00+00:00,566.1,566.6,564.3,565.3,81.8125
2026-07-13 21:00:00+00:00,565.3,565.5,563.1,564.8,85.9737
2026-07-13 22:00:00+00:00,564.8,566.5,564.6,565.3,84.8432
2026-07-13 23:00:00+00:00,565.3,567.5,565.1,567.4,40.74716
2026-07-14 00:00:00+00:00,567.4,570.0,566.7,569.2,137.64565
2026-07-14 01:00:00+00:00,569.2,570.4,568.5,569.9,69.9803
2026-07-14 02:00:00+00:00,569.9,570.2,567.5,569.8,63.2348
2026-07-14 03:00:00+00:00,569.8,570.5,567.9,569.9,63.9247
2026-07-14 04:00:00+00:00,569.9,571.3,569.7,571.1,122.99146
2026-07-14 05:00:00+00:00,571.1,571.6,570.0,570.5,60.0439
2026-07-14 06:00:00+00:00,570.5,570.5,569.0,569.2,61.9307
2026-07-14 07:00:00+00:00,569.2,570.3,568.6,570.1,338.4113
2026-07-14 08:00:00+00:00,570.1,571.6,569.1,570.6,118.54813
2026-07-14 09:00:00+00:00,570.6,571.2,569.5,569.9,65.2164
2026-07-14 10:00:00+00:00,569.9,571.1,569.3,570.9,55.9174
2026-07-14 11:00:00+00:00,570.9,571.4,570.4,570.7,66.6307
2026-07-14 12:00:00+00:00,570.7,577.9,570.2,577.5,702.86529
2026-07-14 13:00:00+00:00,577.5,582.1,576.2,579.0,674.89815
2026-07-14 14:00:00+00:00,579.0,582.2,577.8,581.6,497.41183
2026-07-14 15:00:00+00:00,581.6,584.5,581.1,582.8,307.17447
2026-07-14 16:00:00+00:00,582.8,583.5,581.7,581.8,163.5966
2026-07-14 17:00:00+00:00,581.8,581.8,579.2,580.7,314.50123
2026-07-14 18:00:00+00:00,580.7,581.1,579.8,580.0,127.6848
2026-07-14 19:00:00+00:00,580.0,581.7,580.0,580.7,191.6073
2026-07-14 20:00:00+00:00,580.7,581.0,579.52,580.0,42.2649
2026-07-14 21:00:00+00:00,580.0,581.3,579.6,580.8,85.0433
2026-07-14 22:00:00+00:00,580.8,582.9,579.3,581.6,202.20548
2026-07-14 23:00:00+00:00,581.6,582.8,581.1,581.9,297.8158
2026-07-15 00:00:00+00:00,581.9,583.1,581.5,582.4,221.0475
2026-07-15 01:00:00+00:00,582.4,582.4,580.1,580.2,418.6759
2026-07-15 02:00:00+00:00,580.2,581.4,579.5,580.1,823.9805
2026-07-15 03:00:00+00:00,580.1,581.6,579.8,581.1,489.152
2026-07-15 04:00:00+00:00,581.1,581.5,577.4,579.8,337.8174
2026-07-15 05:00:00+00:00,579.8,580.9,578.9,580.8,237.7817
2026-07-15 06:00:00+00:00,580.8,582.4,579.7,579.9,187.37893
2026-07-15 07:00:00+00:00,579.9,580.3,576.6,576.6,263.43741
2026-07-15 08:00:00+00:00,576.6,577.8,575.9,577.2,120.06282
2026-07-15 09:00:00+00:00,577.2,578.0,576.6,576.9,116.1108
2026-07-15 10:00:00+00:00,576.9,578.9,576.9,578.7,104.822
2026-07-15 11:00:00+00:00,578.7,579.1,577.9,579.1,122.0034
2026-07-15 12:00:00+00:00,579.1,584.5,577.2,582.7,538.52153
2026-07-15 13:00:00+00:00,582.7,585.4,581.1,582.6,422.70715
2026-07-15 14:00:00+00:00,582.6,583.8,580.3,581.6,435.35651
2026-07-15 15:00:00+00:00,581.6,582.4,580.4,581.7,243.1727
2026-07-15 16:00:00+00:00,581.7,581.7,576.5,578.7,330.45138
2026-07-15 17:00:00+00:00,578.7,580.8,578.4,580.1,186.69686
2026-07-15 18:00:00+00:00,580.1,582.0,579.5,579.8,233.28765
2026-07-15 19:00:00+00:00,579.8,580.4,578.7,579.4,180.91275
2026-07-15 20:00:00+00:00,579.4,581.4,579.4,580.9,115.9614
2026-07-15 21:00:00+00:00,580.9,581.5,580.7,581.1,149.6625
2026-07-15 22:00:00+00:00,581.1,581.9,580.6,581.1,280.3862
2026-07-15 23:00:00+00:00,581.1,581.8,580.1,580.6,114.9874
2026-07-16 00:00:00+00:00,580.6,582.5,578.1,579.5,416.24225
2026-07-16 01:00:00+00:00,579.5,580.5,577.9,580.0,188.1506
2026-07-16 02:00:00+00:00,580.0,580.5,579.5,580.4,93.8164
2026-07-16 03:00:00+00:00,580.4,581.5,580.2,581.5,52.8774
2026-07-16 04:00:00+00:00,581.5,582.2,580.6,580.8,56.541
2026-07-16 05:00:00+00:00,580.8,585.8,580.8,583.8,279.56751
2026-07-16 06:00:00+00:00,583.8,584.8,581.7,583.0,282.4511
2026-07-16 07:00:00+00:00,583.0,583.1,579.0,580.1,136.33451
2026-07-16 08:00:00+00:00,580.1,580.1,574.5,577.0,469.85484
2026-07-16 09:00:00+00:00,577.0,578.1,576.8,577.5,231.2253
2026-07-16 10:00:00+00:00,577.5,578.3,577.2,577.6,92.3807
2026-07-16 11:00:00+00:00,577.6,578.5,576.3,578.2,237.212
2026-07-16 12:00:00+00:00,578.2,578.2,575.7,576.8,176.5471
2026-07-16 13:00:00+00:00,576.8,579.7,576.2,578.3,149.30123
2026-07-16 14:00:00+00:00,578.3,581.2,578.2,579.8,256.65382
2026-07-16 15:00:00+00:00,579.8,581.1,577.3,579.6,237.49207
2026-07-16 16:00:00+00:00,579.6,579.6,577.0,577.2,236.99443
2026-07-16 17:00:00+00:00,577.2,577.2,574.3,575.3,167.29818
2026-07-16 18:00:00+00:00,575.3,576.8,575.1,576.1,72.2677
2026-07-16 19:00:00+00:00,576.1,576.4,575.2,575.9,93.3658
2026-07-16 20:00:00+00:00,575.9,576.0,574.8,574.9,58.6645
2026-07-16 21:00:00+00:00,574.9,576.8,574.8,576.4,47.6939
2026-07-16 22:00:00+00:00,576.4,577.1,573.7,573.8,83.82728
2026-07-16 23:00:00+00:00,573.8,573.9,571.7,572.6,112.24235
2026-07-17 00:00:00+00:00,572.6,573.9,570.8,573.9,92.96271
2026-07-17 01:00:00+00:00,573.9,574.9,571.3,571.7,162.61862
2026-07-17 02:00:00+00:00,571.7,572.4,570.4,571.1,157.39715
2026-07-17 03:00:00+00:00,571.1,573.5,570.8,572.4,65.4199
2026-07-17 04:00:00+00:00,572.4,572.7,570.5,572.0,51.12135
2026-07-17 05:00:00+00:00,572.0,572.0,567.3,567.8,237.98401
2026-07-17 06:00:00+00:00,567.8,570.0,567.3,570.0,94.7448
2026-07-17 07:00:00+00:00,570.0,570.1,566.1,566.1,115.628
2026-07-17 08:00:00+00:00,566.1,566.1,562.9,564.6,187.00814
2026-07-17 09:00:00+00:00,564.6,565.6,564.2,564.5,157.1039
2026-07-17 10:00:00+00:00,564.5,565.7,563.8,564.3,476.2375
2026-07-17 11:00:00+00:00,564.3,564.8,563.0,564.8,241.4285
2026-07-17 12:00:00+00:00,564.8,565.1,561.4,561.6,178.38668
2026-07-17 13:00:00+00:00,561.6,561.6,555.6,560.3,504.58095
2026-07-17 14:00:00+00:00,560.3,563.0,560.3,561.9,132.58355
2026-07-17 15:00:00+00:00,561.9,562.9,559.3,562.9,295.43938
2026-07-17 16:00:00+00:00,562.9,564.9,562.2,564.2,264.21027
2026-07-17 17:00:00+00:00,564.2,567.7,564.2,566.2,111.3781
2026-07-17 18:00:00+00:00,566.2,568.0,565.8,567.4,85.56672
2026-07-17 19:00:00+00:00,567.4,568.1,565.7,568.1,116.62
2026-07-17 20:00:00+00:00,568.1,568.4,567.1,568.0,95.6229
2026-07-17 21:00:00+00:00,568.0,569.2,567.9,568.5,124.7965
2026-07-17 22:00:00+00:00,568.5,568.8,567.0,567.6,110.1844
2026-07-17 23:00:00+00:00,567.6,568.6,566.7,568.2,31.7557
2026-07-18 00:00:00+00:00,568.2,569.1,567.6,568.0,75.9713
2026-07-18 01:00:00+00:00,568.0,568.0,566.7,566.9,60.1379
2026-07-18 02:00:00+00:00,566.9,568.4,566.3,567.8,155.11795
2026-07-18 03:00:00+00:00,567.8,568.9,567.7,568.5,83.9099
2026-07-18 04:00:00+00:00,568.5,568.5,567.0,567.2,81.0105
2026-07-18 05:00:00+00:00,567.2,567.7,566.9,567.6,95.4152
2026-07-18 06:00:00+00:00,567.6,568.5,566.4,567.2,84.73335
2026-07-18 07:00:00+00:00,567.2,568.0,567.1,567.9,99.3691
2026-07-18 08:00:00+00:00,567.9,568.8,567.7,567.9,51.4216
2026-07-18 09:00:00+00:00,567.9,568.82,567.6,568.5,100.3709
2026-07-18 10:00:00+00:00,568.5,569.7,568.3,569.6,118.4448
2026-07-18 11:00:00+00:00,569.6,570.5,569.5,569.7,70.7683
2026-07-18 12:00:00+00:00,569.7,571.8,568.9,571.3,165.80378
2026-07-18 13:00:00+00:00,571.3,571.3,569.0,569.6,119.022
2026-07-18 14:00:00+00:00,569.6,571.1,569.1,570.8,87.2642
2026-07-18 15:00:00+00:00,570.8,571.0,569.7,570.7,39.6134
2026-07-18 16:00:00+00:00,570.7,571.4,570.1,571.1,80.0871
2026-07-18 17:00:00+00:00,571.1,572.7,570.6,571.3,153.45328
2026-07-18 18:00:00+00:00,571.3,572.6,570.4,570.6,77.6273
2026-07-18 19:00:00+00:00,570.6,571.4,570.4,570.8,25.6108
2026-07-18 20:00:00+00:00,570.8,572.3,570.5,571.6,34.3697
2026-07-18 21:00:00+00:00,571.6,572.5,570.2,570.9,53.7227
2026-07-18 22:00:00+00:00,570.9,571.4,569.8,570.4,50.9395
2026-07-18 23:00:00+00:00,570.4,571.0,569.8,570.8,56.7122
2026-07-19 00:00:00+00:00,570.8,571.6,570.8,571.1,61.7404
2026-07-19 01:00:00+00:00,571.1,571.2,570.3,570.4,17.3523
2026-07-19 02:00:00+00:00,570.4,572.6,570.4,571.0,48.412
2026-07-19 03:00:00+00:00,571.0,571.2,568.7,569.2,55.53675
2026-07-19 04:00:00+00:00,569.2,569.3,567.4,568.9,39.34973
2026-07-19 05:00:00+00:00,568.9,569.3,568.6,568.9,25.3542
2026-07-19 06:00:00+00:00,568.9,569.4,568.7,569.3,41.4289
2026-07-19 07:00:00+00:00,569.3,569.7,568.6,569.0,39.7684
2026-07-19 08:00:00+00:00,569.0,569.5,568.5,568.9,56.975
2026-07-19 09:00:00+00:00,568.9,568.9,567.3,568.1,41.48878
2026-07-19 10:00:00+00:00,568.1,569.0,567.6,568.4,61.1856
2026-07-19 11:00:00+00:00,568.4,570.0,567.9,568.2,42.0964
2026-07-19 12:00:00+00:00,568.2,568.2,567.0,568.0,66.3711
2026-07-19 13:00:00+00:00,568.0,568.4,567.3,568.4,32.5517
2026-07-19 14:00:00+00:00,568.4,570.1,567.8,569.8,69.9625
2026-07-19 15:00:00+00:00,569.8,570.9,569.4,570.2,63.63936
2026-07-19 16:00:00+00:00,570.2,570.4,568.2,568.2,72.6388
2026-07-19 17:00:00+00:00,568.2,569.7,566.9,568.3,72.27078
2026-07-19 18:00:00+00:00,568.3,568.3,566.3,567.3,93.3331
2026-07-19 19:00:00+00:00,567.3,568.1,566.8,568.1,23.1506
2026-07-19 20:00:00+00:00,568.1,569.7,568.1,569.7,23.15553
2026-07-19 21:00:00+00:00,569.7,569.9,568.1,568.7,41.4473
2026-07-19 22:00:00+00:00,568.7,571.8,568.4,570.7,266.81299
2026-07-19 23:00:00+00:00,570.7,571.8,569.9,571.1,79.6407
2026-07-20 00:00:00+00:00,571.1,574.0,568.6,569.5,139.59558
2026-07-20 01:00:00+00:00,569.5,572.9,568.4,569.2,185.06065
2026-07-20 02:00:00+00:00,569.2,571.7,568.8,570.5,110.10075
2026-07-20 03:00:00+00:00,570.5,571.1,569.1,570.2,104.3004
2026-07-20 04:00:00+00:00,570.2,570.2,567.4,567.4,97.74958
2026-07-20 05:00:00+00:00,567.4,567.6,564.0,565.2,124.77124
2026-07-20 06:00:00+00:00,565.2,565.7,562.9,564.2,192.13715
2026-07-20 07:00:00+00:00,564.2,566.9,563.8,566.5,130.85743
2026-07-20 08:00:00+00:00,566.5,567.0,564.4,565.3,187.1624
2026-07-20 09:00:00+00:00,565.3,567.1,564.7,566.0,152.64633
2026-07-20 10:00:00+00:00,566.0,567.8,565.7,566.8,116.6849
2026-07-20 11:00:00+00:00,566.8,571.5,566.4,571.3,206.47068
2026-07-20 12:00:00+00:00,571.3,571.3,569.1,569.4,144.3819
2026-07-20 13:00:00+00:00,569.4,570.1,566.2,566.8,263.69618
2026-07-20 14:00:00+00:00,566.8,568.5,565.1,567.6,133.93843
2026-07-20 15:00:00+00:00,567.6,574.8,567.6,574.0,329.15729
2026-07-20 16:00:00+00:00,574.0,574.9,572.5,573.3,277.5504
2026-07-20 17:00:00+00:00,573.3,574.9,572.4,574.1,233.4341
2026-07-20 18:00:00+00:00,574.1,575.5,572.1,572.4,226.83917
2026-07-20 19:00:00+00:00,572.4,572.7,571.1,571.3,184.2206
2026-07-20 20:00:00+00:00,571.3,573.1,571.0,572.5,54.1737
2026-07-20 21:00:00+00:00,572.5,572.9,571.2,571.3,61.9655
2026-07-20 22:00:00+00:00,571.3,571.3,570.0,570.1,37.69583
2026-07-20 23:00:00+00:00,570.1,571.4,569.9,571.1,50.4018
2026-07-21 00:00:00+00:00,571.1,573.6,570.7,573.5,105.8409
2026-07-21 01:00:00+00:00,573.5,574.0,572.1,572.1,42.8919
2026-07-21 02:00:00+00:00,572.1,574.1,571.2,573.4,74.9326
2026-07-21 03:00:00+00:00,573.4,575.24,573.4,575.1,53.00062
2026-07-21 04:00:00+00:00,575.1,576.1,573.7,573.9,98.12303
2026-07-21 05:00:00+00:00,573.9,575.7,573.9,574.8,107.076
2026-07-21 06:00:00+00:00,574.8,577.1,574.8,576.3,140.3193
2026-07-21 07:00:00+00:00,576.3,577.2,575.2,576.8,167.875
2026-07-21 08:00:00+00:00,576.8,578.4,576.2,577.8,279.90341
2026-07-21 09:00:00+00:00,577.8,579.9,577.1,579.5,215.47701
2026-07-21 10:00:00+00:00,579.5,579.9,577.4,577.8,268.342
2026-07-21 11:00:00+00:00,577.8,578.1,576.5,576.8,302.294
2026-07-21 12:00:00+00:00,576.8,578.1,576.4,577.9,425.7975
2026-07-21 13:00:00+00:00,577.9,578.1,576.4,577.8,249.7103
2026-07-21 14:00:00+00:00,577.8,577.8,574.5,575.9,524.79523
2026-07-21 15:00:00+00:00,575.9,575.9,574.7,575.3,114.1158
2026-07-21 16:00:00+00:00,575.3,575.7,573.9,574.8,231.79108
2026-07-21 17:00:00+00:00,574.8,574.9,572.3,573.0,189.92716
2026-07-21 18:00:00+00:00,573.0,573.8,572.3,573.1,102.5941
2026-07-21 19:00:00+00:00,573.1,573.3,572.7,572.8,61.7986
2026-07-21 20:00:00+00:00,572.8,573.6,572.5,573.1,55.3247
2026-07-21 21:00:00+00:00,573.1,574.1,572.5,573.5,81.8138
2026-07-21 22:00:00+00:00,573.5,573.6,572.3,573.0,61.4403
2026-07-21 23:00:00+00:00,573.0,574.2,571.8,574.0,50.4274
2026-07-22 00:00:00+00:00,574.0,575.6,573.5,574.8,175.96813
2026-07-22 01:00:00+00:00,574.8,574.9,573.0,573.2,68.18235
2026-07-22 02:00:00+00:00,573.2,574.1,572.6,572.6,40.9727
2026-07-22 03:00:00+00:00,572.6,572.9,570.9,570.9,68.15918
2026-07-22 04:00:00+00:00,570.9,572.5,570.5,572.1,78.79658
2026-07-22 05:00:00+00:00,572.1,572.2,568.5,569.2,139.6759
2026-07-22 06:00:00+00:00,569.2,569.6,567.1,567.9,232.07064
2026-07-22 07:00:00+00:00,567.9,568.3,567.3,568.2,133.5906
2026-07-22 08:00:00+00:00,568.2,570.3,568.0,570.0,87.9652
2026-07-22 09:00:00+00:00,570.0,571.4,569.1,571.1,104.23219
2026-07-22 10:00:00+00:00,571.1,571.8,570.8,571.0,143.89862
2026-07-22 11:00:00+00:00,571.0,571.8,570.5,571.1,270.2823
2026-07-22 12:00:00+00:00,571.1,571.1,569.4,570.2,247.7255
2026-07-22 13:00:00+00:00,570.2,572.8,570.0,572.5,212.7969
2026-07-22 14:00:00+00:00,572.5,575.2,570.5,571.0,309.96443
2026-07-22 15:00:00+00:00,571.0,573.3,571.0,572.7,271.69803
2026-07-22 16:00:00+00:00,572.7,575.1,571.1,574.9,178.91422
2026-07-22 17:00:00+00:00,574.9,575.5,571.7,571.8,167.8241
2026-07-22 18:00:00+00:00,571.8,572.4,569.7,570.3,98.42093
2026-07-22 19:00:00+00:00,570.3,570.5,568.9,570.2,154.8947
2026-07-22 20:00:00+00:00,570.2,570.9,569.7,570.6,167.6578
2026-07-22 21:00:00+00:00,570.6,572.1,570.5,571.1,46.273
2026-07-22 22:00:00+00:00,571.1,571.4,570.1,571.3,48.2007
2026-07-22 23:00:00+00:00,571.3,571.3,569.4,571.1,49.6431
2026-07-23 00:00:00+00:00,571.1,572.2,570.9,571.3,98.7759
2026-07-23 01:00:00+00:00,571.3,571.7,570.1,570.9,54.109
2026-07-23 02:00:00+00:00,570.9,571.1,570.0,570.9,59.7337
2026-07-23 03:00:00+00:00,570.9,571.2,569.7,570.2,56.2219
2026-07-23 04:00:00+00:00,570.2,570.6,569.5,569.8,164.7542
2026-07-23 05:00:00+00:00,569.8,570.7,569.1,570.0,89.3173
2026-07-23 06:00:00+00:00,570.0,570.6,569.5,570.4,88.1397
2026-07-23 07:00:00+00:00,570.4,570.4,568.3,569.8,174.36945
2026-07-23 08:00:00+00:00,569.8,571.5,569.7,570.6,92.25023
2026-07-23 09:00:00+00:00,570.6,571.1,569.2,569.3,200.9765
2026-07-23 10:00:00+00:00,569.3,570.3,569.2,570.0,107.795
2026-07-23 11:00:00+00:00,570.0,571.1,569.5,569.9,159.801
2026-07-23 12:00:00+00:00,569.9,570.4,566.8,569.0,330.17391
2026-07-23 13:00:00+00:00,569.0,569.4,566.4,566.5,374.57036
2026-07-23 14:00:00+00:00,566.5,568.1,565.9,566.9,264.5261
2026-07-23 15:00:00+00:00,566.9,567.9,563.8,567.6,238.99741
2026-07-23 16:00:00+00:00,567.6,567.8,566.2,566.7,146.1027
2026-07-23 17:00:00+00:00,566.7,567.7,565.0,565.5,148.7744
2026-07-23 18:00:00+00:00,565.5,567.7,565.5,567.3,129.581
2026-07-23 19:00:00+00:00,567.3,567.5,565.5,566.7,99.7423
2026-07-23 20:00:00+00:00,566.7,568.9,566.7,567.8,71.5445
2026-07-23 21:00:00+00:00,567.8,568.2,566.8,567.3,82.9675
2026-07-23 22:00:00+00:00,567.3,567.8,566.1,567.8,70.4533
2026-07-23 23:00:00+00:00,567.8,568.2,567.1,567.3,48.7259
2026-07-24 00:00:00+00:00,567.3,567.9,565.8,567.9,96.6983
2026-07-24 01:00:00+00:00,567.9,568.6,567.4,568.0,74.3452
2026-07-24 02:00:00+00:00,568.0,568.4,566.5,567.4,74.4977
2026-07-24 03:00:00+00:00,567.4,570.4,567.0,569.1,102.4744
2026-07-24 04:00:00+00:00,569.1,569.2,567.1,567.2,52.6773
2026-07-24 05:00:00+00:00,567.2,567.9,566.8,567.6,88.4934
2026-07-24 06:00:00+00:00,567.6,569.2,567.5,568.6,94.3028
2026-07-24 07:00:00+00:00,568.6,571.4,568.6,569.6,255.98599
2026-07-24 08:00:00+00:00,569.6,569.7,568.2,568.3,100.7051
2026-07-24 09:00:00+00:00,568.3,568.6,566.6,568.4,338.7703
2026-07-24 10:00:00+00:00,568.4,568.7,566.8,567.1,91.0338
2026-07-24 11:00:00+00:00,567.1,567.2,565.3,566.9,165.8687
2026-07-24 12:00:00+00:00,566.9,566.9,563.1,563.9,192.09848
2026-07-24 13:00:00+00:00,563.9,563.9,556.2,558.9,650.58367
2026-07-24 14:00:00+00:00,558.9,560.6,556.6,560.5,228.8991
2026-07-24 15:00:00+00:00,560.5,562.7,559.5,561.6,197.27286
2026-07-24 16:00:00+00:00,561.6,562.0,559.8,560.5,89.71815
2026-07-24 17:00:00+00:00,560.5,562.7,560.2,562.4,144.33053
2026-07-24 18:00:00+00:00,562.4,562.8,561.3,562.3,82.2621
2026-07-24 19:00:00+00:00,562.3,566.3,562.3,565.2,354.4948
2026-07-24 20:00:00+00:00,565.2,565.7,564.9,565.1,145.8646
2026-07-24 21:00:00+00:00,565.1,565.3,563.5,563.8,106.2002
2026-07-24 22:00:00+00:00,563.8,565.1,563.8,564.8,909.5379
2026-07-24 23:00:00+00:00,564.8,565.1,564.3,564.8,106.7116
2026-07-25 00:00:00+00:00,564.8,565.2,564.3,564.9,164.7234
2026-07-25 01:00:00+00:00,564.9,565.3,564.1,564.8,201.5995
2026-07-25 02:00:00+00:00,564.8,565.9,564.4,565.9,186.9062
2026-07-25 03:00:00+00:00,565.9,566.2,564.8,565.2,202.924
2026-07-25 04:00:00+00:00,565.2,565.5,564.8,565.4,119.8953
2026-07-25 05:00:00+00:00,565.4,565.9,564.6,564.8,71.9685
2026-07-25 06:00:00+00:00,564.8,565.0,564.1,564.8,84.1366
2026-07-25 07:00:00+00:00,564.8,565.0,563.8,564.6,49.6497
2026-07-25 08:00:00+00:00,564.6,565.3,564.2,564.9,123.2686
2026-07-25 09:00:00+00:00,564.9,565.9,564.4,565.5,68.5045
2026-07-25 10:00:00+00:00,565.5,566.1,565.3,565.6,158.3121
2026-07-25 11:00:00+00:00,565.6,566.1,565.0,565.7,76.5863
2026-07-25 12:00:00+00:00,565.7,566.8,565.1,566.8,84.14392
2026-07-25 13:00:00+00:00,566.8,569.3,566.8,568.3,681.94761
2026-07-25 14:00:00+00:00,568.3,568.3,566.5,567.2,94.8651
2026-07-25 15:00:00+00:00,567.2,567.6,566.4,567.4,92.3796
2026-07-25 16:00:00+00:00,567.4,568.2,566.5,567.2,106.3874
2026-07-25 17:00:00+00:00,567.2,568.9,566.9,568.3,83.0375
2026-07-25 18:00:00+00:00,568.3,569.1,568.1,568.9,101.3523
2026-07-25 19:00:00+00:00,568.9,568.9,568.3,568.6,45.6275
2026-07-25 20:00:00+00:00,568.6,569.0,568.2,568.4,34.7327
2026-07-25 21:00:00+00:00,568.4,570.0,568.2,568.7,66.8122
2026-07-25 22:00:00+00:00,568.7,569.8,568.7,569.5,77.5917
2026-07-25 23:00:00+00:00,569.5,569.6,568.8,568.9,62.0639
2026-07-26 00:00:00+00:00,568.9,570.4,568.9,570.2,198.4235
2026-07-26 01:00:00+00:00,570.2,570.4,569.7,570.1,57.8728
2026-07-26 02:00:00+00:00,570.1,570.3,569.6,570.3,79.1302
2026-07-26 03:00:00+00:00,570.3,570.8,570.0,570.4,30.103
2026-07-26 04:00:00+00:00,570.4,571.3,569.9,570.7,71.64513
2026-07-26 05:00:00+00:00,570.7,571.9,570.4,571.2,108.4303
2026-07-26 06:00:00+00:00,571.2,572.4,570.3,572.3,142.5333
2026-07-26 07:00:00+00:00,572.3,572.9,571.3,571.5,122.1246
2026-07-26 08:00:00+00:00,571.5,571.8,571.0,571.6,134.1634
2026-07-26 09:00:00+00:00,571.6,572.5,571.0,571.4,190.2859
2026-07-26 10:00:00+00:00,571.4,571.4,570.7,570.9,107.3828
2026-07-26 11:00:00+00:00,570.9,571.1,570.3,570.5,53.3836
2026-07-26 12:00:00+00:00,570.5,571.9,570.2,570.7,136.5447
2026-07-26 13:00:00+00:00,570.7,571.8,569.9,571.4,114.3877
2026-07-26 14:00:00+00:00,571.4,572.9,571.4,572.8,156.2661
2026-07-26 15:00:00+00:00,572.8,574.0,572.5,573.7,170.6358
2026-07-26 16:00:00+00:00,573.7,574.7,573.0,573.4,125.42348
2026-07-26 17:00:00+00:00,573.4,573.8,572.7,572.8,46.52
2026-07-26 18:00:00+00:00,572.8,573.5,572.2,573.0,202.4071
2026-07-26 19:00:00+00:00,573.0,573.6,572.8,573.6,68.7108
2026-07-26 20:00:00+00:00,573.6,573.7,573.0,573.0,48.2409
2026-07-26 21:00:00+00:00,573.0,574.3,572.8,573.8,67.1062
2026-07-26 22:00:00+00:00,573.8,576.6,573.8,575.6,211.47722
2026-07-26 23:00:00+00:00,575.6,576.4,573.8,575.3,190.1831
2026-07-27 00:00:00+00:00,575.3,575.7,572.4,572.6,160.63025
2026-07-27 01:00:00+00:00,572.6,573.5,571.6,573.5,129.7063
2026-07-27 02:00:00+00:00,573.5,574.1,572.8,573.1,76.284
2026-07-27 03:00:00+00:00,573.1,573.7,572.6,573.6,72.3073
2026-07-27 04:00:00+00:00,573.6,574.7,573.1,573.5,84.0627
2026-07-27 05:00:00+00:00,573.5,575.8,573.5,575.4,84.08103
2026-07-27 06:00:00+00:00,575.4,577.1,574.7,575.0,149.6164
2026-07-27 07:00:00+00:00,575.0,575.5,574.4,574.7,172.3646
2026-07-27 08:00:00+00:00,574.7,575.2,573.5,573.6,224.6598
2026-07-27 09:00:00+00:00,573.6,573.6,571.7,572.7,151.01155
2026-07-27 10:00:00+00:00,572.7,574.1,572.1,573.7,121.7321
2026-07-27 11:00:00+00:00,573.7,574.4,572.8,573.0,176.8803
2026-07-27 12:00:00+00:00,573.0,573.8,570.9,573.5,159.21101
2026-07-27 13:00:00+00:00,573.5,577.0,572.7,574.4,200.01205
2026-07-27 14:00:00+00:00,574.4,575.3,565.7,567.6,590.82932
2026-07-27 15:00:00+00:00,567.6,570.4,567.0,568.5,241.93293
2026-07-27 16:00:00+00:00,568.5,572.4,568.0,571.8,188.83371
2026-07-27 17:00:00+00:00,571.8,574.9,571.3,574.8,165.51668
2026-07-27 18:00:00+00:00,574.8,575.6,573.5,575.6,287.81652
2026-07-27 19:00:00+00:00,575.6,576.1,574.8,575.7,153.4444
2026-07-27 20:00:00+00:00,575.7,575.9,574.2,574.5,59.9102
2026-07-27 21:00:00+00:00,574.5,575.0,573.3,574.0,83.3541
2026-07-27 22:00:00+00:00,574.0,574.0,565.7,566.5,354.36741
2026-07-27 23:00:00+00:00,566.5,568.2,565.4,566.2,195.50463
2026-07-28 00:00:00+00:00,566.2,567.0,564.9,565.7,119.9595
2026-07-28 01:00:00+00:00,565.7,566.5,562.2,565.1,264.5361
2026-07-28 02:00:00+00:00,565.1,565.7,564.2,565.2,61.0002
2026-07-28 03:00:00+00:00,565.2,566.9,564.9,566.5,57.69543
2026-07-28 04:00:00+00:00,566.5,566.8,564.9,565.0,132.531
2026-07-28 05:00:00+00:00,565.0,566.7,564.8,565.6,67.3741
2026-07-28 06:00:00+00:00,565.6,565.6,564.6,565.5,71.7817
2026-07-28 07:00:00+00:00,565.5,566.0,565.0,565.8,136.6149
2026-07-28 08:00:00+00:00,565.8,566.0,564.8,565.3,88.2446
2026-07-28 09:00:00+00:00,565.3,567.4,565.1,565.9,73.03616
2026-07-28 10:00:00+00:00,565.9,567.0,565.4,565.8,176.8298
2026-07-28 11:00:00+00:00,565.8,567.2,565.4,567.0,241.7265
2026-07-28 12:00:00+00:00,567.0,568.8,566.6,568.6,338.82452
2026-07-28 13:00:00+00:00,568.6,569.2,563.5,565.7,556.77841
2026-07-28 14:00:00+00:00,565.7,569.5,564.7,568.7,376.67501
2026-07-28 15:00:00+00:00,568.7,575.8,568.1,573.5,856.35261
2026-07-28 16:00:00+00:00,573.5,574.0,571.1,571.8,436.65503
2026-07-28 17:00:00+00:00,571.8,571.9,567.2,568.5,156.59186
2026-07-28 18:00:00+00:00,568.5,569.8,568.5,569.6,90.5593
2026-07-28 19:00:00+00:00,569.6,571.0,569.6,570.9,64.66196
2026-07-28 20:00:00+00:00,570.9,571.7,570.7,571.0,181.85092
2026-07-28 21:00:00+00:00,571.0,572.0,571.0,571.7,124.0797
2026-07-28 22:00:00+00:00,571.7,571.9,568.8,569.0,86.91945
2026-07-28 23:00:00+00:00,569.0,571.5,568.3,571.4,90.89233
2026-07-29 00:00:00+00:00,571.4,573.5,571.4,572.0,263.24263
2026-07-29 01:00:00+00:00,572.0,572.5,570.6,570.6,66.6325
2026-07-29 02:00:00+00:00,570.6,571.8,569.8,570.5,62.8482
2026-07-29 03:00:00+00:00,570.5,570.6,567.2,567.5,84.56813
2026-07-29 04:00:00+00:00,567.5,568.9,566.0,568.5,92.76864
2026-07-29 05:00:00+00:00,568.5,570.0,568.3,569.7,79.3941
2026-07-29 06:00:00+00:00,569.7,572.2,569.0,571.3,60.52765
2026-07-29 07:00:00+00:00,571.3,572.1,570.6,572.0,90.9788
2026-07-29 08:00:00+00:00,572.0,572.3,570.3,571.4,204.2649
2026-07-29 09:00:00+00:00,571.4,573.3,571.3,573.0,117.0195
2026-07-29 10:00:00+00:00,573.0,573.4,570.3,570.8,168.38565
2026-07-29 11:00:00+00:00,570.8,571.6,570.3,570.8,79.4136
2026-07-29 12:00:00+00:00,570.8,570.9,568.7,569.6,160.04935
2026-07-29 13:00:00+00:00,569.6,570.2,568.4,570.2,191.26673
2026-07-29 14:00:00+00:00,570.2,570.5,567.4,568.5,177.4076
2026-07-29 15:00:00+00:00,568.5,569.5,567.8,568.6,119.3687
2026-07-29 16:00:00+00:00,568.6,569.5,567.4,569.0,102.64
2026-07-29 17:00:00+00:00,569.0,570.2,568.6,570.0,178.808
2026-07-29 18:00:00+00:00,570.0,573.6,568.6,572.6,565.09908
2026-07-29 19:00:00+00:00,572.6,573.1,567.8,568.8,427.7943
2026-07-29 20:00:00+00:00,568.8,569.7,566.4,567.6,209.94253
2026-07-29 21:00:00+00:00,567.6,569.1,565.4,569.0,130.3694
2026-07-29 22:00:00+00:00,569.0,572.1,569.0,571.2,145.87831
2026-07-29 23:00:00+00:00,571.2,572.8,571.0,572.2,153.0355
2026-07-30 00:00:00+00:00,572.2,573.6,571.2,572.1,457.0715
2026-07-30 01:00:00+00:00,572.1,576.7,572.0,576.0,817.00569
2026-07-30 02:00:00+00:00,576.0,577.7,574.2,574.9,846.43545
2026-07-30 03:00:00+00:00,574.9,575.1,573.5,573.7,296.68868
2026-07-30 04:00:00+00:00,573.7,573.8,571.8,572.0,289.17165
2026-07-30 05:00:00+00:00,572.0,573.6,571.7,573.1,119.9667
2026-07-30 06:00:00+00:00,573.1,574.5,572.8,574.4,105.1842
2026-07-30 07:00:00+00:00,574.4,576.3,574.3,574.9,203.04903
2026-07-30 08:00:00+00:00,574.9,579.5,574.5,579.0,1094.3209
2026-07-30 09:00:00+00:00,579.0,580.3,578.4,580.0,511.6089
2026-07-30 10:00:00+00:00,580.0,588.8,579.8,587.6,2745.53789
2026-07-30 11:00:00+00:00,587.6,591.5,586.3,589.3,2563.27248
2026-07-30 12:00:00+00:00,589.3,590.3,586.0,587.0,1554.82003
2026-07-30 13:00:00+00:00,587.0,589.6,585.8,588.2,898.54225
2026-07-30 14:00:00+00:00,588.2,589.0,586.6,588.0,695.0177
2026-07-30 15:00:00+00:00,588.0,591.8,587.7,591.7,3929.63966
2026-07-30 16:00:00+00:00,591.7,594.4,591.7,594.1,4756.16373
2026-07-30 17:00:00+00:00,594.1,596.8,592.8,594.4,4790.89537
2026-07-30 18:00:00+00:00,594.4,596.5,594.4,596.4,4574.7168
2026-07-30 19:00:00+00:00,596.4,596.7,594.3,594.9,1803.0672
2026-07-30 20:00:00+00:00,594.9,595.7,592.9,593.1,835.55783
2026-07-30 21:00:00+00:00,593.1,593.3,591.4,591.6,473.7051
2026-07-30 22:00:00+00:00,591.6,593.8,591.0,592.9,572.3973
2026-07-30 23:00:00+00:00,592.9,594.7,592.3,592.3,605.17433
2026-07-31 00:00:00+00:00,592.3,593.2,590.5,590.7,985.6937
2026-07-31 01:00:00+00:00,590.7,594.5,589.1,589.6,440.31953
2026-07-31 02:00:00+00:00,589.6,590.3,587.7,588.2,293.85925
2026-07-31 03:00:00+00:00,588.2,590.1,586.0,589.5,297.06704
2026-07-31 04:00:00+00:00,589.5,590.1,588.7,589.2,155.4108
2026-07-31 05:00:00+00:00,589.2,591.0,589.2,590.1,214.28306
2026-07-31 06:00:00+00:00,590.1,593.5,590.1,593.1,2427.2293
2026-07-31 07:00:00+00:00,593.1,593.3,590.0,590.2,4915.2161
2026-07-31 08:00:00+00:00,590.2,593.8,590.2,593.3,4320.768
2026-07-31 09:00:00+00:00,593.3,593.3,590.2,591.0,3022.9471
2026-07-31 10:00:00+00:00,591.0,593.6,588.4,593.1,1892.0998
2026-07-31 11:00:00+00:00,593.1,594.4,591.8,592.5,1620.5796
2026-07-31 12:00:00+00:00,592.5,593.1,590.1,592.7,1231.95933
2026-07-31 13:00:00+00:00,592.7,595.9,588.1,588.9,1215.12946
2026-07-31 14:00:00+00:00,588.9,589.1,584.8,586.7,758.54377
2026-07-31 15:00:00+00:00,586.7,586.8,584.1,585.5,257.7173
2026-07-31 16:00:00+00:00,585.5,588.0,585.4,587.6,175.8732
2026-07-31 17:00:00+00:00,587.6,590.1,587.0,589.1,145.8707
2026-07-31 18:00:00+00:00,589.1,589.8,587.7,589.0,110.5344
2026-07-31 19:00:00+00:00,589.0,589.4,588.1,588.1,137.7106
2026-07-31 20:00:00+00:00,588.1,589.1,586.9,586.9,183.85493
2026-07-31 21:00:00+00:00,586.9,588.6,586.4,587.2,177.9114
2026-07-31 22:00:00+00:00,587.2,587.8,586.7,586.9,78.1972
2026-07-31 23:00:00+00:00,586.9,587.9,586.9,587.2,144.7128
2026-08-01 00:00:00+00:00,587.2,589.3,587.2,588.7,205.7013
2026-08-01 01:00:00+00:00,588.7,590.1,588.5,590.0,111.1899
2026-08-01 02:00:00+00:00,590.0,590.9,589.5,590.9,104.8177
2026-08-01 03:00:00+00:00,590.9,591.6,589.1,589.4,223.9831
2026-08-01 04:00:00+00:00,589.4,593.0,588.9,592.0,280.60333
2026-08-01 05:00:00+00:00,592.0,592.1,590.4,591.0,112.4378
2026-08-01 06:00:00+00:00,591.0,592.6,590.6,591.5,259.8538
2026-08-01 07:00:00+00:00,591.5,592.0,590.2,590.2,135.1662
2026-08-01 08:00:00+00:00,590.2,590.7,585.7,585.9,511.15561
2026-08-01 09:00:00+00:00,585.9,586.1,583.5,583.8,3417.552
2026-08-01 10:00:00+00:00,583.8,584.3,579.9,580.5,4442.5897
2026-08-01 11:00:00+00:00,580.5,580.8,579.4,579.9,3390.13865
2026-08-01 12:00:00+00:00,579.9,580.1,577.6,577.8,4850.0729
2026-08-01 13:00:00+00:00,577.8,579.7,577.3,578.7,5768.7908
2026-08-01 14:00:00+00:00,578.7,579.8,577.7,578.5,6453.7353
2026-08-01 15:00:00+00:00,578.5,578.5,575.8,575.9,5464.91787
2026-08-01 16:00:00+00:00,575.9,578.2,575.7,578.2,741.6776
2026-08-01 17:00:00+00:00,578.2,578.4,576.2,577.0,516.083
2026-08-01 18:00:00+00:00,577.0,577.5,573.5,576.5,1613.55761
2026-08-01 19:00:00+00:00,576.5,578.0,575.6,575.6,617.73869
2026-08-01 20:00:00+00:00,575.6,575.8,574.7,575.6,289.039
2026-08-01 21:00:00+00:00,575.6,576.4,574.9,575.8,402.3706
2026-08-01 22:00:00+00:00,575.8,576.3,575.6,575.8,208.6433
2026-08-01 23:00:00+00:00,575.8,576.0,575.1,575.1,209.7356
2026-08-02 00:00:00+00:00,575.1,576.7,573.8,574.3,576.65551
2026-08-02 01:00:00+00:00,574.3,577.8,574.3,577.3,436.6841
2026-08-02 02:00:00+00:00,577.3,581.0,577.0,581.0,781.08639
2026-08-02 03:00:00+00:00,581.0,582.9,580.9,582.2,585.26223
2026-08-02 04:00:00+00:00,582.2,585.2,582.2,584.8,439.30062
2026-08-02 05:00:00+00:00,584.8,585.7,583.6,584.6,496.0429
2026-08-02 06:00:00+00:00,584.6,585.5,583.3,585.0,163.9059
2026-08-02 07:00:00+00:00,585.0,586.0,584.4,585.2,467.61283
2026-08-02 08:00:00+00:00,585.2,585.5,583.5,583.6,147.40135
2026-08-02 09:00:00+00:00,583.6,584.5,582.4,583.7,107.2837
2026-08-02 10:00:00+00:00,583.7,584.1,582.8,583.8,123.8854
2026-08-02 11:00:00+00:00,583.8,583.8,581.5,582.1,121.0393
2026-08-02 12:00:00+00:00,582.1,582.8,581.3,581.8,135.6273
2026-08-02 13:00:00+00:00,581.8,583.6,581.6,582.9,129.8685
2026-08-02 14:00:00+00:00,582.9,585.2,582.3,584.2,139.9923
2026-08-02 15:00:00+00:00,584.2,587.6,584.2,586.2,277.1424
2026-08-02 16:00:00+00:00,586.2,588.9,586.0,587.7,235.9072
2026-08-02 17:00:00+00:00,587.7,588.3,587.3,587.7,83.8803
2026-08-02 18:00:00+00:00,587.7,591.1,587.7,589.3,193.16318
2026-08-02 19:00:00+00:00,589.3,589.8,588.5,589.4,69.9089
2026-08-02 20:00:00+00:00,589.4,589.6,588.3,589.6,163.6425
2026-08-02 21:00:00+00:00,589.6,590.9,589.0,589.8,112.2848
2026-08-02 22:00:00+00:00,589.8,590.9,587.7,588.3,363.74585
2026-08-02 23:00:00+00:00,588.3,588.8,587.6,588.4,225.7202
2026-08-03 00:00:00+00:00,588.4,588.5,584.3,585.0,123.53803
2026-08-03 01:00:00+00:00,585.0,585.3,584.0,584.4,82.0584
2026-08-03 02:00:00+00:00,584.4,586.4,584.0,585.7,97.7673
2026-08-03 03:00:00+00:00,585.7,585.9,583.0,583.1,70.99146
2026-08-03 04:00:00+00:00,583.1,584.5,582.6,582.6,82.02393
2026-08-03 05:00:00+00:00,582.6,583.6,582.2,582.9,62.2038
2026-08-03 06:00:00+00:00,582.9,583.4,582.0,582.4,58.5114
2026-08-03 07:00:00+00:00,582.4,584.2,581.9,583.5,390.1106
2026-08-03 08:00:00+00:00,583.5,584.3,580.9,584.1,491.92948
2026-08-03 09:00:00+00:00,584.1,586.7,583.7,586.5,284.6837
2026-08-03 10:00:00+00:00,586.5,587.6,586.1,587.0,110.46186
2026-08-03 11:00:00+00:00,587.0,587.9,585.7,585.8,111.8606
2026-08-03 12:00:00+00:00,585.8,587.6,585.2,586.9,161.5892
2026-08-03 13:00:00+00:00,586.9,588.4,584.5,588.3,353.46241
2026-08-03 14:00:00+00:00,588.3,590.3,586.6,589.9,368.07145
2026-08-03 15:00:00+00:00,589.9,593.8,589.5,592.6,782.62438
2026-08-03 16:00:00+00:00,592.6,594.3,591.9,592.4,347.7344
2026-08-03 17:00:00+00:00,592.4,593.9,591.3,592.2,327.7734
2026-08-03 18:00:00+00:00,592.2,592.7,591.2,591.5,82.3356
2026-08-03 19:00:00+00:00,591.5,592.7,591.3,591.3,165.5232
2026-08-03 20:00:00+00:00,591.3,592.6,591.0,591.1,112.9005
2026-08-03 21:00:00+00:00,591.1,591.2,589.9,589.9,204.15926
2026-08-03 22:00:00+00:00,589.9,590.7,589.1,589.8,76.5539
2026-08-03 23:00:00+00:00,589.8,590.2,589.1,589.4,97.7324
2026-08-04 00:00:00+00:00,589.4,590.4,589.0,589.0,201.9082
2026-08-04 01:00:00+00:00,589.0,592.3,589.0,592.2,239.923
2026-08-04 02:00:00+00:00,592.2,592.6,590.6,591.0,141.32793
2026-08-04 03:00:00+00:00,591.0,591.5,590.2,590.9,105.0203
2026-08-04 04:00:00+00:00,590.9,593.2,590.5,591.9,105.2988
2026-08-04 05:00:00+00:00,591.9,592.1,589.6,589.6,122.1342
2026-08-04 06:00:00+00:00,589.6,591.6,589.3,590.7,423.6266
2026-08-04 07:00:00+00:00,590.7,591.0,589.6,590.4,165.7097
2026-08-04 08:00:00+00:00,590.4,590.9,588.8,589.9,232.1187
2026-08-04 09:00:00+00:00,589.9,589.9,588.2,588.9,299.7361
2026-08-04 10:00:00+00:00,588.9,590.5,587.8,589.9,348.64583
2026-08-04 11:00:00+00:00,589.9,592.0,589.3,591.6,229.6859
2026-08-04 12:00:00+00:00,591.6,592.0,590.1,591.7,208.1954
2026-08-04 13:00:00+00:00,591.7,592.0,588.7,589.1,437.5971
2026-08-04 14:00:00+00:00,589.1,595.1,588.7,594.2,747.20492
2026-08-04 15:00:00+00:00,594.2,594.9,591.4,593.2,354.97295
2026-08-04 16:00:00+00:00,593.2,594.8,592.3,593.2,415.85565
2026-08-04 17:00:00+00:00,593.2,594.1,592.4,592.8,208.376
2026-08-04 18:00:00+00:00,592.8,595.1,592.8,594.1,251.14153
2026-08-04 19:00:00+00:00,594.1,594.4,593.6,593.8,157.6409
2026-08-04 20:00:00+00:00,593.8,594.8,592.7,593.7,296.6438
2026-08-04 21:00:00+00:00,593.7,594.3,593.3,594.1,489.8348
2026-08-04 22:00:00+00:00,594.1,594.4,593.4,594.1,171.1314
2026-08-04 23:00:00+00:00,594.1,594.9,593.0,593.3,169.9692
2026-08-05 00:00:00+00:00,593.3,602.7,592.7,596.1,1663.43769
2026-08-05 01:00:00+00:00,596.1,604.7,596.1,603.5,662.6344
2026-08-05 02:00:00+00:00,603.5,605.5,600.6,603.9,632.05323
2026-08-05 03:00:00+00:00,603.9,603.9,598.1,598.9,542.04901
2026-08-05 04:00:00+00:00,598.9,599.7,598.2,599.5,119.3353
2026-08-05 05:00:00+00:00,599.5,603.0,599.0,602.3,170.7446
2026-08-05 06:00:00+00:00,602.3,602.4,600.9,601.2,161.3827
2026-08-05 07:00:00+00:00,601.2,601.5,598.6,600.3,258.75198
2026-08-05 08:00:00+00:00,600.3,601.2,599.1,599.3,209.92513
2026-08-05 09:00:00+00:00,599.3,599.8,597.9,598.2,689.44495
2026-08-05 10:00:00+00:00,598.2,598.2,595.4,597.3,377.76075
2026-08-05 11:00:00+00:00,597.3,598.3,596.4,596.8,222.3208
2026-08-05 12:00:00+00:00,596.8,600.0,596.5,599.5,346.73065
2026-08-05 13:00:00+00:00,599.5,601.1,598.0,600.8,869.47733
2026-08-05 14:00:00+00:00,600.8,603.0,598.9,603.0,898.4872
2026-08-05 15:00:00+00:00,603.0,604.0,599.7,599.9,618.25571
2026-08-05 16:00:00+00:00,599.9,602.7,598.7,599.1,367.45653
2026-08-05 17:00:00+00:00,599.1,601.1,597.1,601.0,427.03684
2026-08-05 18:00:00+00:00,601.0,601.9,599.9,600.1,249.3517
2026-08-05 19:00:00+00:00,600.1,600.8,599.5,599.6,150.5549
2026-08-05 20:00:00+00:00,599.6,599.8,597.4,597.5,177.24265
2026-08-05 21:00:00+00:00,597.5,597.5,595.4,595.4,210.29851
2026-08-05 22:00:00+00:00,595.4,595.7,592.1,592.4,348.02125
2026-08-05 23:00:00+00:00,592.4,594.3,591.9,593.8,309.3667
2026-08-06 00:00:00+00:00,593.8,597.1,593.8,595.9,1631.87108
2026-08-06 01:00:00+00:00,595.9,596.0,594.0,594.0,127.33615
2026-08-06 02:00:00+00:00,594.0,594.4,592.0,593.6,289.8522
2026-08-06 03:00:00+00:00,593.6,594.5,593.0,594.5,322.16203
2026-08-06 04:00:00+00:00,594.5,595.9,594.0,595.5,203.8907
2026-08-06 05:00:00+00:00,595.5,598.4,595.3,596.7,99.88211
2026-08-06 06:00:00+00:00,596.7,596.8,594.8,595.3,149.165
2026-08-06 07:00:00+00:00,595.3,596.3,594.9,595.5,124.9209
2026-08-06 08:00:00+00:00,595.5,596.2,594.6,595.7,180.1986
2026-08-06 09:00:00+00:00,595.7,595.7,593.2,594.7,352.37743
2026-08-06 10:00:00+00:00,594.7,595.0,593.0,593.3,148.6027
2026-08-06 11:00:00+00:00,593.3,594.4,592.4,593.9,234.3633
2026-08-06 12:00:00+00:00,593.9,594.4,592.7,593.0,229.037
2026-08-06 13:00:00+00:00,593.0,593.3,591.0,593.0,615.22455
2026-08-06 14:00:00+00:00,593.0,594.2,591.5,593.4,351.5135
2026-08-06 15:00:00+00:00,593.4,594.7,592.6,592.6,103.27193
2026-08-06 16:00:00+00:00,592.6,593.0,591.5,593.0,300.44555
2026-08-06 17:00:00+00:00,593.0,593.7,592.5,593.1,131.8657
2026-08-06 18:00:00+00:00,593.1,593.5,590.7,591.7,195.0409
2026-08-06 19:00:00+00:00,591.7,591.7,589.9,590.4,406.83204
2026-08-06 20:00:00+00:00,590.4,591.6,590.2,591.2,183.7974
2026-08-06 21:00:00+00:00,591.2,592.4,591.2,592.1,55.41223
2026-08-06 22:00:00+00:00,592.1,592.8,591.5,591.9,47.3891
2026-08-06 23:00:00+00:00,591.9,592.4,590.8,592.3,436.8699
2026-08-07 00:00:00+00:00,592.3,593.5,592.1,592.9,137.23012
2026-08-07 01:00:00+00:00,592.9,594.0,592.9,593.4,49.9637
2026-08-07 02:00:00+00:00,593.4,594.0,592.2,593.5,184.9474
2026-08-07 03:00:00+00:00,593.5,594.6,592.9,592.9,136.79393
2026-08-07 04:00:00+00:00,592.9,593.1,587.1,587.5,422.75635
2026-08-07 05:00:00+00:00,587.5,588.2,586.2,587.9,305.5662
2026-08-07 06:00:00+00:00,587.9,588.0,586.6,587.1,99.7549
2026-08-07 07:00:00+00:00,587.1,588.4,585.4,585.5,224.28955
2026-08-07 08:00:00+00:00,585.5,588.9,585.4,588.6,267.55103
2026-08-07 09:00:00+00:00,588.6,590.6,588.6,590.0,336.4658
2026-08-07 10:00:00+00:00,590.0,590.8,589.7,590.3,99.0373
2026-08-07 11:00:00+00:00,590.3,591.8,590.2,591.3,68.1601
2026-08-07 12:00:00+00:00,591.3,593.8,590.6,592.9,351.95354
2026-08-07 13:00:00+00:00,592.9,593.3,591.0,592.5,142.2356
2026-08-07 14:00:00+00:00,592.5,593.3,590.3,591.1,162.8581
2026-08-07 15:00:00+00:00,591.1,592.8,591.0,592.3,143.1076
2026-08-07 16:00:00+00:00,592.3,594.4,592.3,592.7,115.44946
2026-08-07 17:00:00+00:00,592.7,593.0,591.0,592.0,69.3314
2026-08-07 18:00:00+00:00,592.0,592.5,591.1,591.3,73.0246
2026-08-07 19:00:00+00:00,591.3,593.6,591.3,593.4,438.8028
2026-08-07 20:00:00+00:00,593.4,593.8,592.3,592.8,45.0236
2026-08-07 21:00:00+00:00,592.8,593.6,592.2,592.7,122.0782
2026-08-07 22:00:00+00:00,592.7,593.0,592.2,592.5,43.8684
2026-08-07 23:00:00+00:00,592.5,593.0,592.3,592.5,48.9848
2026-08-08 00:00:00+00:00,592.5,592.6,590.6,590.7,538.6588
2026-08-08 01:00:00+00:00,590.7,590.9,590.5,590.6,757.195
2026-08-08 02:00:00+00:00,590.6,591.7,590.6,591.5,81.8986
2026-08-08 03:00:00+00:00,591.5,593.8,591.4,593.4,65.7845
2026-08-08 04:00:00+00:00,593.4,593.6,592.5,593.5,89.7449
2026-08-08 05:00:00+00:00,593.5,593.9,592.9,593.4,343.9772
2026-08-08 06:00:00+00:00,593.4,595.3,593.1,594.7,188.68583
2026-08-08 07:00:00+00:00,594.7,595.2,594.2,594.6,166.8188
2026-08-08 08:00:00+00:00,594.6,594.9,593.6,594.5,90.8389
2026-08-08 09:00:00+00:00,594.5,595.5,594.1,594.7,49.6436
2026-08-08 10:00:00+00:00,594.7,596.0,594.6,595.1,64.3434
2026-08-08 11:00:00+00:00,595.1,596.5,594.9,596.5,83.5652
2026-08-08 12:00:00+00:00,596.5,596.7,595.4,596.1,253.4135
2026-08-08 13:00:00+00:00,596.1,599.2,595.8,598.2,308.04593
2026-08-08 14:00:00+00:00,598.2,612.0,598.2,603.5,4752.37529
2026-08-08 15:00:00+00:00,603.5,606.4,603.4,605.3,480.21623
2026-08-08 16:00:00+00:00,605.3,607.5,603.3,605.5,257.20757
2026-08-08 17:00:00+00:00,605.5,606.0,604.0,604.6,101.8845
2026-08-08 18:00:00+00:00,604.6,604.9,603.9,603.9,76.6258
2026-08-08 19:00:00+00:00,603.9,603.9,602.9,603.2,98.5566
2026-08-08 20:00:00+00:00,603.2,603.3,601.9,602.4,74.28483
2026-08-08 21:00:00+00:00,602.4,603.0,601.6,601.8,120.2116
2026-08-08 22:00:00+00:00,601.8,601.9,599.2,600.4,123.21275
2026-08-08 23:00:00+00:00,600.4,601.8,600.1,600.5,94.6663
2026-08-09 00:00:00+00:00,600.5,604.1,600.5,603.9,1262.24888
2026-08-09 01:00:00+00:00,603.9,604.6,602.3,602.9,395.8434
2026-08-09 02:00:00+00:00,602.9,602.9,600.5,601.2,133.875
2026-08-09 03:00:00+00:00,601.2,602.2,600.1,600.4,110.7559
2026-08-09 04:00:00+00:00,600.4,601.9,600.4,601.4,140.0112
2026-08-09 05:00:00+00:00,601.4,602.2,601.1,601.9,113.88
2026-08-09 06:00:00+00:00,601.9,603.8,601.9,603.8,145.75883
2026-08-09 07:00:00+00:00,603.8,604.0,601.6,603.2,260.8779
2026-08-09 08:00:00+00:00,603.2,603.7,601.5,602.1,251.0405
2026-08-09 09:00:00+00:00,602.1,602.7,601.1,602.7,99.2994
2026-08-09 10:00:00+00:00,602.7,604.7,602.7,604.3,109.8867
2026-08-09 11:00:00+00:00,604.3,604.7,604.0,604.0,98.3917
2026-08-09 12:00:00+00:00,604.0,605.3,603.3,604.3,193.70033
2026-08-09 13:00:00+00:00,604.3,609.3,604.3,607.4,446.98021
2026-08-09 14:00:00+00:00,607.4,611.5,607.1,608.3,655.21084
2026-08-09 15:00:00+00:00,608.3,609.6,607.9,608.7,363.0582
2026-08-09 16:00:00+00:00,608.7,609.4,607.6,608.9,239.0708
2026-08-09 17:00:00+00:00,608.9,609.5,608.6,608.7,187.6704
2026-08-09 18:00:00+00:00,608.7,609.2,607.7,608.5,302.0459
2026-08-09 19:00:00+00:00,608.5,609.2,607.6,607.7,139.0908
2026-08-09 20:00:00+00:00,607.7,608.4,607.6,608.2,64.2874
2026-08-09 21:00:00+00:00,608.2,608.9,607.9,608.7,159.1545
2026-08-09 22:00:00+00:00,608.7,611.0,603.5,605.3,589.64433
2026-08-09 23:00:00+00:00,605.3,605.9,601.9,602.3,267.78073
2026-08-10 00:00:00+00:00,602.3,606.8,601.9,603.9,361.085
2026-08-10 01:00:00+00:00,603.9,606.9,603.6,604.9,150.1799
2026-08-10 02:00:00+00:00,604.9,605.0,602.2,603.1,126.8815
2026-08-10 03:00:00+00:00,603.1,603.6,601.1,602.5,161.1508
2026-08-10 04:00:00+00:00,602.5,603.3,601.0,601.6,112.328
2026-08-10 05:00:00+00:00,601.6,603.5,601.3,602.8,72.3972
2026-08-10 06:00:00+00:00,602.8,604.2,602.8,603.9,55.1646
2026-08-10 07:00:00+00:00,603.9,604.9,603.1,603.9,84.3314
2026-08-10 08:00:00+00:00,603.9,604.9,603.8,604.6,111.664
2026-08-10 09:00:00+00:00,604.6,604.6,603.4,604.1,109.0378
2026-08-10 10:00:00+00:00,604.1,606.6,604.1,606.4,154.70225
2026-08-10 11:00:00+00:00,606.4,606.5,604.6,605.1,110.9875
2026-08-10 12:00:00+00:00,605.1,605.5,602.2,602.5,143.9298
2026-08-10 13:00:00+00:00,602.5,602.9,599.4,600.1,395.42955
2026-08-10 14:00:00+00:00,600.1,602.6,599.8,601.5,156.8815
2026-08-10 15:00:00+00:00,601.5,601.6,599.6,601.0,181.8968
2026-08-10 16:00:00+00:00,601.0,602.4,597.5,598.3,331.80915
2026-08-10 17:00:00+00:00,598.3,600.4,597.2,600.0,183.7517
2026-08-10 18:00:00+00:00,600.0,600.5,599.0,600.1,61.4575
2026-08-10 19:00:00+00:00,600.1,601.1,600.0,600.5,139.4972
2026-08-10 20:00:00+00:00,600.5,601.4,600.3,600.7,55.9391
2026-08-10 21:00:00+00:00,600.7,600.7,599.0,599.1,68.8414
2026-08-10 22:00:00+00:00,599.1,600.0,598.4,599.2,82.6722
2026-08-10 23:00:00+00:00,599.2,599.8,598.2,599.1,56.3276
2026-08-11 00:00:00+00:00,599.1,600.1,598.9,599.8,133.5525
2026-08-11 01:00:00+00:00,599.8,600.7,599.4,599.9,63.8062
2026-08-11 02:00:00+00:00,599.9,600.7,599.7,600.4,56.707
2026-08-11 03:00:00+00:00,600.4,600.9,599.9,600.3,156.9685
2026-08-11 04:00:00+00:00,600.3,600.6,599.6,599.7,79.8899
2026-08-11 05:00:00+00:00,599.7,600.6,599.2,599.6,60.6098
2026-08-11 06:00:00+00:00,599.6,600.6,598.4,598.5,95.8117
2026-08-11 07:00:00+00:00,598.5,602.4,598.4,602.4,456.31655
2026-08-11 08:00:00+00:00,602.4,606.4,602.2,605.4,488.80414
2026-08-11 09:00:00+00:00,605.4,607.9,605.0,607.1,316.99169
2026-08-11 10:00:00+00:00,607.1,608.5,606.7,608.2,208.8273
2026-08-11 11:00:00+00:00,608.2,608.6,606.5,608.5,241.8664
2026-08-11 12:00:00+00:00,608.5,615.0,608.5,612.2,1381.85302
2026-08-11 13:00:00+00:00,612.2,613.8,610.2,611.7,582.15598
2026-08-11 14:00:00+00:00,611.7,611.8,606.6,607.7,945.98065
2026-08-11 15:00:00+00:00,607.7,609.6,605.6,608.4,590.49353
2026-08-11 16:00:00+00:00,608.4,610.2,607.7,609.3,252.28183
2026-08-11 17:00:00+00:00,609.3,610.4,609.2,610.3,141.9511
2026-08-11 18:00:00+00:00,610.3,610.6,607.9,610.0,130.10686
2026-08-11 19:00:00+00:00,610.0,611.8,608.9,611.6,137.34133
2026-08-11 20:00:00+00:00,611.6,613.1,611.1,612.7,298.4775
2026-08-11 21:00:00+00:00,612.7,613.6,611.8,612.6,273.2412
2026-08-11 22:00:00+00:00,612.6,614.8,612.3,614.6,75.05569
2026-08-11 23:00:00+00:00,614.6,617.7,613.6,616.7,281.59873
2026-08-12 00:00:00+00:00,616.7,617.7,614.5,617.7,1754.8369
2026-08-12 01:00:00+00:00,617.7,620.4,615.7,618.4,741.30393
2026-08-12 02:00:00+00:00,618.4,619.2,615.5,616.0,708.97855
2026-08-12 03:00:00+00:00,616.0,616.0,613.0,613.2,327.05633
2026-08-12 04:00:00+00:00,613.2,615.8,612.6,614.7,235.4763
2026-08-12 05:00:00+00:00,614.7,614.9,612.7,613.1,381.5257
2026-08-12 06:00:00+00:00,613.1,613.4,608.9,611.4,703.8748
2026-08-12 07:00:00+00:00,611.4,612.4,611.1,612.2,153.9905
2026-08-12 08:00:00+00:00,612.2,612.9,609.9,610.4,189.2893
2026-08-12 09:00:00+00:00,610.4,613.6,610.1,613.6,166.9343
2026-08-12 10:00:00+00:00,613.6,614.8,613.0,613.7,168.26573
2026-08-12 11:00:00+00:00,613.7,614.8,613.1,614.7,111.3995
2026-08-12 12:00:00+00:00,614.7,615.6,610.0,612.9,540.30068
2026-08-12 13:00:00+00:00,612.9,614.0,612.2,612.4,146.66293
2026-08-12 14:00:00+00:00,612.4,614.0,609.2,609.4,446.40583
2026-08-12 15:00:00+00:00,609.4,611.4,608.9,610.9,239.8428
2026-08-12 16:00:00+00:00,610.9,611.2,610.2,610.4,129.2696
2026-08-12 17:00:00+00:00,610.4,611.6,610.2,610.6,90.0987
2026-08-12 18:00:00+00:00,610.6,611.4,609.9,610.3,205.1113
2026-08-12 19:00:00+00:00,610.3,610.8,609.0,609.8,139.4389
2026-08-12 20:00:00+00:00,609.8,612.1,609.7,611.7,123.31243
2026-08-12 21:00:00+00:00,611.7,612.1,608.6,609.6,181.97235
2026-08-12 22:00:00+00:00,609.6,610.7,609.1,609.9,69.7094
2026-08-12 23:00:00+00:00,609.9,610.8,609.5,610.2,76.2882
2026-08-13 00:00:00+00:00,610.2,611.7,609.9,610.5,162.4163
2026-08-13 01:00:00+00:00,610.5,611.5,609.8,610.9,73.6155
2026-08-13 02:00:00+00:00,610.9,611.2,610.0,611.0,47.8164
2026-08-13 03:00:00+00:00,611.0,612.4,610.4,612.2,220.5366
2026-08-13 04:00:00+00:00,612.2,612.9,611.5,612.5,273.3607
2026-08-13 05:00:00+00:00,612.5,614.7,612.5,613.7,159.76879
2026-08-13 06:00:00+00:00,613.7,613.7,610.8,612.7,248.8904
2026-08-13 07:00:00+00:00,612.7,614.0,612.6,613.6,100.29063
2026-08-13 08:00:00+00:00,613.6,614.3,613.1,614.1,133.4299
2026-08-13 09:00:00+00:00,614.1,614.1,611.3,612.0,238.7365
2026-08-13 10:00:00+00:00,612.0,612.1,610.1,610.4,196.17718
2026-08-13 11:00:00+00:00,610.4,611.2,607.7,608.9,284.09805
2026-08-13 12:00:00+00:00,608.9,610.1,608.4,609.5,257.947
2026-08-13 13:00:00+00:00,609.5,611.2,609.0,610.5,380.5863
2026-08-13 14:00:00+00:00,610.5,611.4,609.6,609.8,365.7324
2026-08-13 15:00:00+00:00,609.8,610.2,606.4,607.3,434.6777
2026-08-13 16:00:00+00:00,607.3,609.4,604.9,607.2,906.75358
2026-08-13 17:00:00+00:00,607.2,608.7,607.0,608.0,382.3051
2026-08-13 18:00:00+00:00,608.0,609.6,607.1,609.2,210.7918
2026-08-13 19:00:00+00:00,609.2,610.1,609.0,609.7,144.3994
2026-08-13 20:00:00+00:00,609.7,611.0,609.4,610.3,66.02256
2026-08-13 21:00:00+00:00,610.3,611.4,610.2,610.9,121.9409
2026-08-13 22:00:00+00:00,610.9,611.8,610.7,610.7,71.79383
2026-08-13 23:00:00+00:00,610.7,611.1,610.2,610.6,37.3789
2026-08-14 00:00:00+00:00,610.6,611.4,610.3,610.9,66.3727
2026-08-14 01:00:00+00:00,610.9,611.0,609.9,610.9,114.1754
2026-08-14 02:00:00+00:00,610.9,612.4,609.7,612.4,142.9125
2026-08-14 03:00:00+00:00,612.4,612.8,611.1,611.7,59.2181
2026-08-14 04:00:00+00:00,611.7,612.6,610.5,610.7,75.3103
2026-08-14 05:00:00+00:00,610.7,610.9,610.0,610.2,34.79
2026-08-14 06:00:00+00:00,610.2,610.2,607.7,608.3,342.05575
2026-08-14 07:00:00+00:00,608.3,609.2,607.3,607.3,84.51475
2026-08-14 08:00:00+00:00,607.3,608.4,606.3,608.4,192.2957
2026-08-14 09:00:00+00:00,608.4,608.8,607.2,607.2,131.1247
2026-08-14 10:00:00+00:00,607.2,607.7,605.3,605.8,212.7286
2026-08-14 11:00:00+00:00,605.8,606.1,603.4,604.8,397.5091
2026-08-14 12:00:00+00:00,604.8,605.9,604.4,604.6,294.3588
2026-08-14 13:00:00+00:00,604.6,604.9,603.4,603.8,235.0032
2026-08-14 14:00:00+00:00,603.8,605.5,602.7,603.7,328.41263
2026-08-14 15:00:00+00:00,603.7,606.9,603.5,606.6,358.9482
2026-08-14 16:00:00+00:00,606.6,607.1,606.0,607.0,265.9731
2026-08-14 17:00:00+00:00,607.0,607.4,605.6,606.1,142.96286
2026-08-14 18:00:00+00:00,606.1,607.0,605.5,606.1,198.2887
2026-08-14 19:00:00+00:00,606.1,606.6,605.0,606.4,116.1983
2026-08-14 20:00:00+00:00,606.4,607.1,606.4,606.8,107.5988
2026-08-14 21:00:00+00:00,606.8,607.2,606.5,607.1,64.6884
2026-08-14 22:00:00+00:00,607.1,607.34,606.4,606.9,139.0427
2026-08-14 23:00:00+00:00,606.9,608.5,606.7,608.2,89.51403
2026-08-15 00:00:00+00:00,608.2,608.2,607.2,607.8,109.0589
2026-08-15 01:00:00+00:00,607.8,608.5,607.5,607.6,278.0243
2026-08-15 02:00:00+00:00,607.6,608.6,607.5,608.4,107.5703
2026-08-15 03:00:00+00:00,608.4,610.8,608.4,610.5,133.90703
2026-08-15 04:00:00+00:00,610.5,612.3,610.2,611.5,188.90483
2026-08-15 05:00:00+00:00,611.5,611.9,610.4,610.7,81.4286
2026-08-15 06:00:00+00:00,610.7,612.3,610.7,612.1,140.0228
2026-08-15 07:00:00+00:00,612.1,612.4,610.8,611.6,133.5536
2026-08-15 08:00:00+00:00,611.6,612.1,610.4,610.7,85.788
2026-08-15 09:00:00+00:00,610.7,612.3,610.0,612.0,97.0935
2026-08-15 10:00:00+00:00,612.0,612.1,611.2,611.6,82.0263
2026-08-15 11:00:00+00:00,611.6,612.1,611.2,611.8,96.0029
2026-08-15 12:00:00+00:00,611.8,612.8,610.4,611.4,147.7497
2026-08-15 13:00:00+00:00,611.4,611.4,609.3,609.7,250.0529
2026-08-15 14:00:00+00:00,609.7,610.6,608.6,610.4,128.9443
2026-08-15 15:00:00+00:00,610.4,611.8,610.3,611.7,74.09993
2026-08-15 16:00:00+00:00,611.7,612.6,611.0,611.3,484.3727
2026-08-15 17:00:00+00:00,611.3,611.7,610.3,610.7,112.294
2026-08-15 18:00:00+00:00,610.7,611.1,610.0,610.1,88.3081
2026-08-15 19:00:00+00:00,610.1,611.4,609.9,611.2,100.5121
2026-08-15 20:00:00+00:00,611.2,611.6,610.5,610.5,54.1226
2026-08-15 21:00:00+00:00,610.5,610.8,610.2,610.2,342.4463
2026-08-15 22:00:00+00:00,610.2,610.3,609.1,609.2,89.35805
2026-08-15 23:00:00+00:00,609.2,609.2,607.4,607.7,75.1736
2026-08-16 00:00:00+00:00,607.7,607.8,606.8,607.5,483.55685
2026-08-16 01:00:00+00:00,607.5,607.7,606.4,606.9,95.2116
2026-08-16 02:00:00+00:00,606.9,607.6,606.3,607.2,79.1768
2026-08-16 03:00:00+00:00,607.2,607.2,606.3,606.3,23.026
2026-08-16 04:00:00+00:00,606.3,606.5,605.5,605.8,155.9297
2026-08-16 05:00:00+00:00,605.8,606.5,605.7,606.2,95.8684
2026-08-16 06:00:00+00:00,606.2,606.2,604.2,605.2,112.05405
2026-08-16 07:00:00+00:00,605.2,605.7,605.1,605.6,90.4791
2026-08-16 08:00:00+00:00,605.6,607.4,604.9,607.4,109.20323
2026-08-16 09:00:00+00:00,607.4,608.3,606.8,607.4,215.6403
2026-08-16 10:00:00+00:00,607.4,607.4,606.4,606.8,81.9314
2026-08-16 11:00:00+00:00,606.8,607.2,606.5,606.9,54.9462
2026-08-16 12:00:00+00:00,606.9,607.6,606.6,607.3,48.0298
2026-08-16 13:00:00+00:00,607.3,608.5,607.3,607.5,102.8237
2026-08-16 14:00:00+00:00,607.5,608.4,607.2,607.7,92.5661
2026-08-16 15:00:00+00:00,607.7,608.0,607.0,607.4,126.7619
2026-08-16 16:00:00+00:00,607.4,608.1,606.9,607.4,150.5957
2026-08-16 17:00:00+00:00,607.4,607.8,606.0,606.2,102.2293
2026-08-16 18:00:00+00:00,606.2,606.5,605.2,605.3,143.7052
2026-08-16 19:00:00+00:00,605.3,606.3,605.1,605.9,90.3005
2026-08-16 20:00:00+00:00,605.9,606.0,604.8,605.4,200.559
2026-08-16 21:00:00+00:00,605.4,605.4,603.2,603.8,249.6609
2026-08-16 22:00:00+00:00,603.8,604.4,601.3,602.2,206.40141
2026-08-16 23:00:00+00:00,602.2,604.0,601.5,602.8,194.8557
2026-08-17 00:00:00+00:00,602.8,602.9,600.9,602.3,213.4825
2026-08-17 01:00:00+00:00,602.3,604.9,602.2,603.0,333.00123
2026-08-17 02:00:00+00:00,603.0,605.5,601.9,604.5,376.75283
2026-08-17 03:00:00+00:00,604.5,605.5,603.9,604.9,129.8008
2026-08-17 04:00:00+00:00,604.9,606.1,604.7,606.1,243.1364
2026-08-17 05:00:00+00:00,606.1,606.8,605.1,605.4,132.7093
2026-08-17 06:00:00+00:00,605.4,607.2,605.3,606.4,151.74376
2026-08-17 07:00:00+00:00,606.4,606.4,604.8,604.9,236.2099
2026-08-17 08:00:00+00:00,604.9,605.3,604.1,604.6,206.4353
2026-08-17 09:00:00+00:00,604.6,605.0,603.4,604.0,270.42548
2026-08-17 10:00:00+00:00,604.0,605.4,602.7,605.0,430.26185
2026-08-17 11:00:00+00:00,605.0,605.5,604.5,604.8,133.5279
2026-08-17 12:00:00+00:00,604.8,605.0,603.7,603.8,321.1345
2026-08-17 13:00:00+00:00,603.8,606.9,603.7,605.8,303.4954
2026-08-17 14:00:00+00:00,605.8,607.5,604.8,607.4,268.67556
2026-08-17 15:00:00+00:00,607.4,607.7,605.9,607.0,221.4242
2026-08-17 16:00:00+00:00,607.0,607.8,606.4,607.3,550.124
2026-08-17 17:00:00+00:00,607.3,607.8,605.6,606.0,281.1143
2026-08-17 18:00:00+00:00,606.0,607.2,605.7,606.3,198.9567
2026-08-17 19:00:00+00:00,606.3,606.3,604.7,605.2,118.5789
2026-08-17 20:00:00+00:00,605.2,605.7,604.8,605.4,92.6198
2026-08-17 21:00:00+00:00,605.4,606.0,604.8,604.9,123.3802
2026-08-17 22:00:00+00:00,604.9,605.3,604.5,604.7,62.6393
2026-08-17 23:00:00+00:00,604.7,606.3,604.2,605.6,219.1057
2026-08-18 00:00:00+00:00,605.6,605.8,604.8,605.2,67.597
2026-08-18 01:00:00+00:00,605.2,605.6,603.4,603.8,93.8899
2026-08-18 02:00:00+00:00,603.8,603.9,601.9,602.8,318.0286
2026-08-18 03:00:00+00:00,602.8,603.6,602.8,603.6,40.4251
2026-08-18 04:00:00+00:00,603.6,603.9,602.8,603.4,92.3785
2026-08-18 05:00:00+00:00,603.4,603.9,603.1,603.7,68.0555
2026-08-18 06:00:00+00:00,603.7,605.1,603.2,604.2,133.7816
2026-08-18 07:00:00+00:00,604.2,604.3,603.0,603.1,82.7729
2026-08-18 08:00:00+00:00,603.1,603.2,601.6,602.5,214.8361
2026-08-18 09:00:00+00:00,602.5,602.8,600.6,601.0,323.0955
2026-08-18 10:00:00+00:00,601.0,601.5,600.5,601.0,820.1077
2026-08-18 11:00:00+00:00,601.0,602.5,601.0,602.1,168.0985
2026-08-18 12:00:00+00:00,602.1,602.1,601.0,601.0,105.9523
2026-08-18 13:00:00+00:00,601.0,601.0,599.5,600.1,495.9346
2026-08-18 14:00:00+00:00,600.1,604.1,600.1,602.4,633.57896
2026-08-18 15:00:00+00:00,602.4,603.9,602.4,603.3,231.5711
2026-08-18 16:00:00+00:00,603.3,604.4,603.0,603.8,97.7429
2026-08-18 17:00:00+00:00,603.8,603.8,602.6,602.7,67.5012
