ts,open,high,low,close,volume
2026-05-20 02:00:00+00:00,76815.5,76907.9,76592.7,76688.8,223.903422
2026-05-20 03:00:00+00:00,76688.8,76825.2,76602.2,76724.9,198.873125
2026-05-20 04:00:00+00:00,76724.9,76841.7,76688.6,76783.1,153.883769
2026-05-20 05:00:00+00:00,76783.1,77329.4,76783.1,77202.9,387.256405
2026-05-20 06:00:00+00:00,77202.9,77419.3,77191.6,77407.9,230.396049
2026-05-20 07:00:00+00:00,77407.9,77476.1,77243.9,77285.7,214.059372
2026-05-20 08:00:00+00:00,77285.7,77636.7,77204.6,77456.8,357.618352
2026-05-20 09:00:00+00:00,77456.8,77542.0,77361.8,77481.9,221.870557
2026-05-20 10:00:00+00:00,77481.9,77668.3,77481.9,77513.4,214.762712
2026-05-20 11:00:00+00:00,77513.4,77565.9,77320.0,77384.9,164.953864
2026-05-20 12:00:00+00:00,77384.9,77744.4,77362.3,77620.6,250.866114
2026-05-20 13:00:00+00:00,77620.6,77653.1,76964.0,77204.9,745.007624
2026-05-20 14:00:00+00:00,77204.9,77574.7,76890.0,77446.3,877.859116
2026-05-20 15:00:00+00:00,77446.3,77858.8,77300.0,77460.7,721.996124
2026-05-20 16:00:00+00:00,77460.7,77560.0,77010.6,77335.5,399.982746
2026-05-20 17:00:00+00:00,77335.5,77719.6,77220.6,77571.4,367.26997
2026-05-20 18:00:00+00:00,77571.4,77637.1,77390.2,77415.2,283.553208
2026-05-20 19:00:00+00:00,77415.2,77708.3,77348.6,77671.2,279.040769
2026-05-20 20:00:00+00:00,77671.2,77769.3,77472.0,77714.4,310.610805
2026-05-20 21:00:00+00:00,77714.4,77774.9,77503.2,77503.3,147.756257
2026-05-20 22:00:00+00:00,77503.3,77503.3,77220.5,77500.7,266.88076
2026-05-20 23:00:00+00:00,77500.7,77558.9,77380.5,77547.9,135.112138
2026-05-21 00:00:00+00:00,77547.9,78076.7,77515.0,77965.9,345.913814
2026-05-21 01:00:00+00:00,77965.9,78174.7,77797.4,77858.8,272.420861
2026-05-21 02:00:00+00:00,77858.8,78098.6,77817.3,77958.7,238.792811
2026-05-21 03:00:00+00:00,77958.7,78100.4,77904.4,78078.0,178.188669
2026-05-21 04:00:00+00:00,78078.0,78183.5,77966.3,78035.1,165.6207
2026-05-21 05:00:00+00:00,78035.1,78151.3,77702.6,77827.4,219.947321
2026-05-21 06:00:00+00:00,77827.4,77875.2,77518.7,77620.6,231.197899
2026-05-21 07:00:00+00:00,77620.6,77899.9,77520.9,77877.3,206.941143
2026-05-21 08:00:00+00:00,77877.3,78200.1,77877.3,77928.4,370.13916
2026-05-21 09:00:00+00:00,77928.4,77981.5,77633.2,77635.5,192.309911
2026-05-21 10:00:00+00:00,77635.5,77686.2,77189.1,77203.7,529.581602
2026-05-21 11:00:00+00:00,77203.7,77381.2,77136.1,77193.0,293.942421
2026-05-21 12:00:00+00:00,77193.0,77371.1,77076.7,77279.9,304.597285
2026-05-21 13:00:00+00:00,77279.9,77356.6,76720.9,77120.2,671.603649
2026-05-21 14:00:00+00:00,77120.2,77240.0,76783.4,76977.5,515.545187
2026-05-21 15:00:00+00:00,76977.5,77415.3,76894.2,77262.9,397.504
2026-05-21 16:00:00+00:00,77262.9,77354.6,77003.2,77195.8,374.100338
2026-05-21 17:00:00+00:00,77195.8,78095.6,77173.7,77874.3,805.584726
2026-05-21 18:00:00+00:00,77874.3,77934.0,77246.5,77394.1,538.809262
2026-05-21 19:00:00+00:00,77394.1,77823.2,77369.4,77694.6,328.786486
2026-05-21 20:00:00+00:00,77694.6,77805.4,77648.2,77704.9,139.973988
2026-05-21 21:00:00+00:00,77704.9,77816.2,77646.0,77676.5,131.486935
2026-05-21 22:00:00+00:00,77676.5,77758.5,77549.8,77627.7,135.082919
2026-05-21 23:00:00+00:00,77627.7,77754.9,77533.2,77619.9,157.396167
2026-05-22 00:00:00+00:00,77619.9,77635.0,77365.0,77376.3,211.341101
2026-05-22 01:00:00+00:00,77376.3,77668.2,77317.6,77617.1,178.66332
2026-05-22 02:00:00+00:00,77617.1,77742.3,77588.0,77679.3,191.122338
2026-05-22 03:00:00+00:00,77679.3,77811.1,77676.8,77775.1,125.872049
2026-05-22 04:00:00+00:00,77775.1,77901.6,77646.2,77664.6,230.321069
2026-05-22 05:00:00+00:00,77664.6,77732.8,77469.2,77494.4,246.632591
2026-05-22 06:00:00+00:00,77494.4,77536.2,77366.7,77425.1,295.287742
2026-05-22 07:00:00+00:00,77425.1,77548.9,77283.6,77402.0,313.995887
2026-05-22 08:00:00+00:00,77402.0,77542.6,77210.0,77270.7,347.346885
2026-05-22 09:00:00+00:00,77270.7,77365.8,77193.9,77305.8,202.78445
2026-05-22 10:00:00+00:00,77305.8,77370.7,77265.4,77323.3,157.907036
2026-05-22 11:00:00+00:00,77323.3,77434.0,77186.3,77433.9,220.198461
2026-05-22 12:00:00+00:00,77433.9,77586.3,77397.0,77534.0,321.513562
2026-05-22 13:00:00+00:00,77534.0,77557.9,77130.2,77292.0,544.004022
2026-05-22 14:00:00+00:00,77292.0,77292.0,76750.0,76772.3,803.330636
2026-05-22 15:00:00+00:00,76772.3,77035.7,76570.8,76795.7,670.379059
2026-05-22 16:00:00+00:00,76795.7,77008.1,76773.1,76950.5,308.368687
2026-05-22 17:00:00+00:00,76950.5,77102.2,76755.4,76755.7,436.634761
2026-05-22 18:00:00+00:00,76755.7,76911.7,76086.5,76532.9,785.75724
2026-05-22 19:00:00+00:00,76532.9,76586.5,75649.6,75869.2,935.858617
2026-05-22 20:00:00+00:00,75869.2,76091.5,75815.2,75984.1,333.603643
2026-05-22 21:00:00+00:00,75984.1,76089.6,75927.6,75976.9,202.697293
2026-05-22 22:00:00+00:00,75976.9,75987.0,75545.1,75737.1,301.53548
2026-05-22 23:00:00+00:00,75737.1,75883.6,75350.0,75540.3,321.082966
2026-05-23 00:00:00+00:00,75540.3,75635.8,75217.8,75360.6,463.225748
2026-05-23 01:00:00+00:00,75360.6,75508.2,75353.7,75492.6,219.199496
2026-05-23 02:00:00+00:00,75492.6,75585.9,75417.3,75570.3,177.957282
2026-05-23 03:00:00+00:00,75570.3,75665.2,75559.0,75633.9,102.627706
2026-05-23 04:00:00+00:00,75633.9,75649.9,75496.9,75535.6,103.747158
2026-05-23 05:00:00+00:00,75535.6,75560.5,75467.7,75491.9,176.659599
2026-05-23 06:00:00+00:00,75491.9,75500.6,75386.4,75401.0,144.260344
2026-05-23 07:00:00+00:00,75401.0,75439.4,74263.8,74605.4,1002.033851
2026-05-23 08:00:00+00:00,74605.4,74776.9,74346.2,74680.9,715.218179
2026-05-23 09:00:00+00:00,74680.9,74758.2,74608.0,74655.7,216.207808
2026-05-23 10:00:00+00:00,74655.7,74787.3,74655.7,74714.5,131.999958
2026-05-23 11:00:00+00:00,74714.5,74866.5,74709.5,74794.2,127.074763
2026-05-23 12:00:00+00:00,74794.2,74795.2,74652.1,74754.8,135.32731
2026-05-23 13:00:00+00:00,74754.8,75258.7,74750.3,75208.5,424.532165
2026-05-23 14:00:00+00:00,75208.5,75707.9,75098.9,75534.4,409.637322
2026-05-23 15:00:00+00:00,75534.4,75685.8,75397.1,75520.0,313.433857
2026-05-23 16:00:00+00:00,75520.0,75638.3,75409.4,75438.1,211.035475
2026-05-23 17:00:00+00:00,75438.1,75527.9,75362.7,75486.5,210.792459
2026-05-23 18:00:00+00:00,75486.5,76000.0,75463.6,75849.4,405.015497
2026-05-23 19:00:00+00:00,75849.4,76018.8,75772.7,75986.1,226.145158
2026-05-23 20:00:00+00:00,75986.1,77297.1,75947.4,77285.9,1024.875835
2026-05-23 21:00:00+00:00,77285.9,77416.0,76538.2,76816.5,746.79185
2026-05-23 22:00:00+00:00,76816.5,76892.6,76400.1,76583.6,277.781848
2026-05-23 23:00:00+00:00,76583.6,76828.2,76533.3,76747.1,256.130171
2026-05-24 00:00:00+00:00,76747.1,76932.3,76626.5,76837.0,231.497626
2026-05-24 01:00:00+00:00,76837.0,76926.6,76753.1,76890.9,207.990044
2026-05-24 02:00:00+00:00,76890.9,76963.2,76705.6,76820.8,167.869719
2026-05-24 03:00:00+00:00,76820.8,77007.5,76737.8,76738.0,188.257933
2026-05-24 04:00:00+00:00,76738.0,76855.8,76718.2,76777.2,144.638062
2026-05-24 05:00:00+00:00,76777.2,76867.7,76648.1,76816.8,141.978846
2026-05-24 06:00:00+00:00,76816.8,77073.9,76721.5,76998.3,188.184502
2026-05-24 07:00:00+00:00,76998.3,77026.5,76779.3,76800.4,330.295836
2026-05-24 08:00:00+00:00,76800.4,76858.2,76727.8,76834.5,269.914372
2026-05-24 09:00:00+00:00,76834.5,77046.8,76815.5,77024.6,166.716512
2026-05-24 10:00:00+00:00,77024.6,77530.2,76923.6,77189.9,497.387905
2026-05-24 11:00:00+00:00,77189.9,77354.4,77181.0,77317.4,226.217334
2026-05-24 12:00:00+00:00,77317.4,77329.2,77036.3,77111.9,243.09021
2026-05-24 13:00:00+00:00,77111.9,77122.1,76682.4,76806.5,276.299223
2026-05-24 14:00:00+00:00,76806.5,76840.4,76184.2,76461.6,646.190776
2026-05-24 15:00:00+00:00,76461.6,76543.6,76355.3,76372.5,210.628495
2026-05-24 16:00:00+00:00,76372.5,76735.6,76372.5,76668.9,256.31246
2026-05-24 17:00:00+00:00,76668.9,76792.6,76562.2,76691.6,167.658359
2026-05-24 18:00:00+00:00,76691.6,76787.9,76590.7,76663.6,136.509498
2026-05-24 19:00:00+00:00,76663.6,76784.4,76602.4,76773.6,129.690527
2026-05-24 20:00:00+00:00,76773.6,76798.3,76603.5,76668.8,178.638536
2026-05-24 21:00:00+00:00,76668.8,76753.2,76103.1,76142.5,331.364266
2026-05-24 22:00:00+00:00,76142.5,77014.6,76132.7,76806.6,462.020192
2026-05-24 23:00:00+00:00,76806.6,77227.4,76806.2,77068.5,298.262872
2026-05-25 00:00:00+00:00,77068.5,77295.3,77068.5,77156.3,312.132717
2026-05-25 01:00:00+00:00,77156.3,77253.6,76913.4,76941.1,349.703514
2026-05-25 02:00:00+00:00,76941.1,77485.0,76941.1,77108.8,319.56677
2026-05-25 03:00:00+00:00,77108.8,77173.5,77006.8,77028.9,190.880204
2026-05-25 04:00:00+00:00,77028.9,77460.1,76990.8,77395.2,257.81283
2026-05-25 05:00:00+00:00,77395.2,77509.8,77326.9,77418.7,286.711249
2026-05-25 06:00:00+00:00,77418.7,77661.1,77228.4,77431.4,343.814958
2026-05-25 07:00:00+00:00,77431.4,77535.1,77186.3,77413.6,279.995871
2026-05-25 08:00:00+00:00,77413.6,77486.3,77279.7,77467.2,213.615218
2026-05-25 09:00:00+00:00,77467.2,77712.8,77426.6,77611.8,391.1003
2026-05-25 10:00:00+00:00,77611.8,77699.6,77497.7,77549.4,180.57392
2026-05-25 11:00:00+00:00,77549.4,77549.4,77333.1,77362.5,191.429618
2026-05-25 12:00:00+00:00,77362.5,77442.6,77292.3,77367.0,193.617702
2026-05-25 13:00:00+00:00,77367.0,77457.0,77291.8,77349.6,168.303994
2026-05-25 14:00:00+00:00,77349.6,77788.8,77317.3,77725.2,392.254911
2026-05-25 15:00:00+00:00,77725.2,77916.2,77568.0,77634.1,375.026234
2026-05-25 16:00:00+00:00,77634.1,77824.2,77517.2,77744.4,244.827432
2026-05-25 17:00:00+00:00,77744.4,77814.1,77558.0,77572.1,237.999464
2026-05-25 18:00:00+00:00,77572.1,77670.7,77551.2,77556.8,116.845159
2026-05-25 19:00:00+00:00,77556.8,77558.6,77354.9,77445.4,155.653249
2026-05-25 20:00:00+00:00,77445.4,77509.3,77223.2,77283.1,265.449291
2026-05-25 21:00:00+00:00,77283.1,77399.6,77281.8,77374.3,188.438035
2026-05-25 22:00:00+00:00,77374.3,77457.7,77046.0,77120.5,357.598216
2026-05-25 23:00:00+00:00,77120.5,77379.9,77071.6,77322.1,196.443326
2026-05-26 00:00:00+00:00,77322.1,77354.9,76572.8,76784.8,566.026818
2026-05-26 01:00:00+00:00,76784.8,76897.3,76575.9,76751.8,403.980461
2026-05-26 02:00:00+00:00,76751.8,76814.8,76510.7,76657.3,305.743068
2026-05-26 03:00:00+00:00,76657.3,76714.4,76475.5,76662.0,269.400716
2026-05-26 04:00:00+00:00,76662.0,76821.1,76605.1,76747.2,184.034288
2026-05-26 05:00:00+00:00,76747.2,76985.2,76703.8,76920.9,198.809661
2026-05-26 06:00:00+00:00,76920.9,77061.2,76765.0,76902.8,297.903275
2026-05-26 07:00:00+00:00,76902.8,76920.2,76604.0,76727.5,296.070741
2026-05-26 08:00:00+00:00,76727.5,76856.5,76695.6,76728.1,184.753195
2026-05-26 09:00:00+00:00,76728.1,76803.8,76639.4,76675.2,254.14948
2026-05-26 10:00:00+00:00,76675.2,77626.2,76578.2,77433.1,787.812655
2026-05-26 11:00:00+00:00,77433.1,77513.2,77175.3,77195.9,329.706603
2026-05-26 12:00:00+00:00,77195.9,77239.8,76878.9,77144.8,398.298295
2026-05-26 13:00:00+00:00,77144.8,77509.7,76691.4,77242.6,1670.606631
2026-05-26 14:00:00+00:00,77242.6,78089.9,76717.3,76904.6,1565.993783
2026-05-26 15:00:00+00:00,76904.6,77006.7,76256.5,76506.2,1153.734998
2026-05-26 16:00:00+00:00,76506.2,76711.9,76190.7,76555.7,667.388689
2026-05-26 17:00:00+00:00,76555.7,76646.1,75843.9,75929.7,744.811298
2026-05-26 18:00:00+00:00,75929.7,76266.5,75766.6,75839.9,488.933102
2026-05-26 19:00:00+00:00,75839.9,76098.2,75794.1,76054.0,335.979997
2026-05-26 20:00:00+00:00,76054.0,76180.7,75982.2,76106.1,264.437092
2026-05-26 21:00:00+00:00,76106.1,76117.8,75842.5,75892.7,191.004307
2026-05-26 22:00:00+00:00,75892.7,75997.5,75671.0,75748.2,263.178978
2026-05-26 23:00:00+00:00,75748.2,75989.9,75748.2,75929.4,171.781664
2026-05-27 00:00:00+00:00,75929.4,76084.3,75875.6,76075.2,251.926039
2026-05-27 01:00:00+00:00,76075.2,76104.1,75815.2,75875.2,267.607359
2026-05-27 02:00:00+00:00,75875.2,75891.1,75678.9,75872.3,219.51492
2026-05-27 03:00:00+00:00,75872.3,75958.6,75597.4,75659.0,269.746896
2026-05-27 04:00:00+00:00,75659.0,75704.7,75300.0,75562.4,418.526623
2026-05-27 05:00:00+00:00,75562.4,75729.3,75562.4,75691.1,235.760546
2026-05-27 06:00:00+00:00,75691.1,75887.7,75675.7,75826.9,248.457168
2026-05-27 07:00:00+00:00,75826.9,75976.2,75752.2,75961.8,332.638537
2026-05-27 08:00:00+00:00,75961.8,76064.4,75828.0,75864.0,328.31155
2026-05-27 09:00:00+00:00,75864.0,75972.1,75699.5,75903.6,257.008401
2026-05-27 10:00:00+00:00,75903.6,76034.6,75867.3,75893.5,208.407803
2026-05-27 11:00:00+00:00,75893.5,76021.0,75750.1,75765.3,256.491435
2026-05-27 12:00:00+00:00,75765.3,76168.7,75568.1,75682.9,661.061425
2026-05-27 13:00:00+00:00,75682.9,75761.4,74850.0,75074.2,1186.411596
2026-05-27 14:00:00+00:00,75074.2,75269.9,74763.7,75035.0,846.122612
2026-05-27 15:00:00+00:00,75035.0,75504.0,74976.7,75325.2,563.521212
2026-05-27 16:00:00+00:00,75325.2,75413.4,74987.0,75303.7,394.873159
2026-05-27 17:00:00+00:00,75303.7,75344.8,74683.9,74861.7,531.144619
2026-05-27 18:00:00+00:00,74861.7,75033.2,74662.9,75026.9,341.586217
2026-05-27 19:00:00+00:00,75026.9,75103.6,74947.3,75066.4,316.424425
2026-05-27 20:00:00+00:00,75066.4,75417.1,75050.4,75270.9,231.443731
2026-05-27 21:00:00+00:00,75270.9,75271.0,74345.2,74474.0,440.415335
2026-05-27 22:00:00+00:00,74474.0,74782.6,74268.2,74421.8,467.805423
2026-05-27 23:00:00+00:00,74421.8,74574.3,74238.8,74444.0,374.915044
2026-05-28 00:00:00+00:00,74444.0,74580.9,74361.7,74563.1,370.432561
2026-05-28 01:00:00+00:00,74563.1,74584.4,74153.8,74336.3,601.574581
2026-05-28 02:00:00+00:00,74336.3,74398.9,74105.2,74281.1,401.938498
2026-05-28 03:00:00+00:00,74281.1,74376.5,73074.0,73259.5,1415.770299
2026-05-28 04:00:00+00:00,73259.5,73261.0,72727.2,73181.4,853.141866
2026-05-28 05:00:00+00:00,73181.4,73181.5,72910.6,72993.0,379.216603
2026-05-28 06:00:00+00:00,72993.0,73208.7,72763.1,73198.1,370.367809
2026-05-28 07:00:00+00:00,73198.1,73514.6,73154.6,73498.8,476.495151
2026-05-28 08:00:00+00:00,73498.8,73514.5,73209.0,73329.3,289.339013
2026-05-28 09:00:00+00:00,73329.3,73569.3,73261.3,73546.4,260.510041
2026-05-28 10:00:00+00:00,73546.4,73626.3,73350.0,73402.4,208.275478
2026-05-28 11:00:00+00:00,73402.4,73541.6,73314.7,73506.0,199.378025
2026-05-28 12:00:00+00:00,73506.0,73586.8,73251.7,73525.8,302.094483
2026-05-28 13:00:00+00:00,73525.8,73582.5,72768.5,73024.1,865.848896
2026-05-28 14:00:00+00:00,73024.1,73591.4,72580.9,73033.2,1469.829156
2026-05-28 15:00:00+00:00,73033.2,73188.9,72694.9,72931.8,561.535159
2026-05-28 16:00:00+00:00,72931.8,73449.8,72731.1,73449.8,651.147831
2026-05-28 17:00:00+00:00,73449.8,73740.6,73315.5,73554.1,553.096731
2026-05-28 18:00:00+00:00,73554.1,73757.8,73521.0,73665.5,407.70029
2026-05-28 19:00:00+00:00,73665.5,73665.5,73385.0,73428.4,400.693074
2026-05-28 20:00:00+00:00,73428.4,73733.6,73246.9,73582.0,395.863937
2026-05-28 21:00:00+00:00,73582.0,73933.4,73557.7,73827.1,236.514607
2026-05-28 22:00:00+00:00,73827.1,73953.6,73455.1,73479.3,250.481876
2026-05-28 23:00:00+00:00,73479.3,73731.4,73479.2,73628.0,180.416596
2026-05-29 00:00:00+00:00,73628.0,73870.0,73628.0,73728.9,366.266969
2026-05-29 01:00:00+00:00,73728.9,73878.6,73470.5,73601.9,364.47698
2026-05-29 02:00:00+00:00,73601.9,73655.0,73185.1,73227.5,395.499951
2026-05-29 03:00:00+00:00,73227.5,73459.0,73227.5,73296.9,222.214
2026-05-29 04:00:00+00:00,73296.9,73507.0,73200.2,73501.2,227.789872
2026-05-29 05:00:00+00:00,73501.2,73737.5,73492.5,73701.0,272.126195
2026-05-29 06:00:00+00:00,73701.0,73942.2,73638.0,73784.0,225.389765
2026-05-29 07:00:00+00:00,73784.0,73824.5,73374.4,73523.9,427.916119
2026-05-29 08:00:00+00:00,73523.9,73836.0,73518.3,73658.9,343.612217
2026-05-29 09:00:00+00:00,73658.9,73910.9,73654.2,73742.6,222.76899
2026-05-29 10:00:00+00:00,73742.6,73742.7,73582.8,73635.5,181.201896
2026-05-29 11:00:00+00:00,73635.5,73702.6,73346.0,73485.0,276.262007
2026-05-29 12:00:00+00:00,73485.0,73485.1,73203.3,73294.7,284.915891
2026-05-29 13:00:00+00:00,73294.7,73348.8,72900.0,73141.2,647.570926
2026-05-29 14:00:00+00:00,73141.2,73208.5,72492.5,73094.2,919.676542
2026-05-29 15:00:00+00:00,73094.2,74204.8,73000.0,73809.4,1140.936316
2026-05-29 16:00:00+00:00,73809.4,74122.0,73562.5,74048.5,711.094257
2026-05-29 17:00:00+00:00,74048.5,74331.6,73921.7,73986.7,607.236243
2026-05-29 18:00:00+00:00,73986.7,74068.5,73177.4,73377.2,506.608522
2026-05-29 19:00:00+00:00,73377.2,73738.6,73242.4,73521.1,293.354515
2026-05-29 20:00:00+00:00,73521.1,73764.7,73513.0,73682.2,205.605878
2026-05-29 21:00:00+00:00,73682.2,73850.0,73411.5,73421.2,206.952687
2026-05-29 22:00:00+00:00,73421.2,73575.9,73378.1,73487.5,154.956777
2026-05-29 23:00:00+00:00,73487.5,73517.7,73317.4,73468.1,127.019584
2026-05-30 00:00:00+00:00,73468.1,73588.3,73410.9,73506.7,206.748895
2026-05-30 01:00:00+00:00,73506.7,73672.2,73471.6,73667.4,193.88855
2026-05-30 02:00:00+00:00,73667.4,73790.7,73617.4,73790.7,146.529224
2026-05-30 03:00:00+00:00,73790.7,73795.9,73523.5,73534.7,164.812511
2026-05-30 04:00:00+00:00,73534.7,73585.8,73205.0,73406.3,376.081031
2026-05-30 05:00:00+00:00,73406.3,73638.5,73352.2,73601.5,248.764483
2026-05-30 06:00:00+00:00,73601.5,73710.1,73525.9,73578.4,212.86666
2026-05-30 07:00:00+00:00,73578.4,73585.2,73481.6,73543.0,100.300564
2026-05-30 08:00:00+00:00,73543.0,73559.6,73500.0,73519.9,110.336055
2026-05-30 09:00:00+00:00,73519.9,73611.2,73500.1,73605.2,86.216516
2026-05-30 10:00:00+00:00,73605.2,73676.6,73586.9,73650.0,148.064277
2026-05-30 11:00:00+00:00,73650.0,73652.5,73563.6,73598.4,105.603731
2026-05-30 12:00:00+00:00,73598.4,73716.9,73590.3,73692.1,115.108182
2026-05-30 13:00:00+00:00,73692.1,73841.3,73673.5,73826.6,144.665646
2026-05-30 14:00:00+00:00,73826.6,74102.2,73812.8,73926.7,271.766785
2026-05-30 15:00:00+00:00,73926.7,74041.9,73831.1,73919.6,222.018393
2026-05-30 16:00:00+00:00,73919.6,73981.5,73875.5,73932.2,99.0074
2026-05-30 17:00:00+00:00,73932.2,74025.7,73810.1,74018.9,166.955525
2026-05-30 18:00:00+00:00,74018.9,74145.4,73942.8,74041.8,150.926853
2026-05-30 19:00:00+00:00,74041.8,74079.5,73977.6,74015.2,137.832465
2026-05-30 20:00:00+00:00,74015.2,74022.7,73924.6,73984.1,111.867105
2026-05-30 21:00:00+00:00,73984.1,74059.1,73931.3,73987.0,107.011369
2026-05-30 22:00:00+00:00,73987.0,73990.3,73794.8,73880.0,133.658622
2026-05-30 23:00:00+00:00,73880.0,73997.3,73782.1,73889.6,133.468922
2026-05-31 00:00:00+00:00,73889.6,74042.5,73853.7,74034.9,185.694384
2026-05-31 01:00:00+00:00,74034.9,74273.0,74022.3,74053.1,309.717614
2026-05-31 02:00:00+00:00,74053.1,74248.1,73887.1,74089.7,311.243769
2026-05-31 03:00:00+00:00,74089.7,74222.1,74063.0,74144.3,200.312067
2026-05-31 04:00:00+00:00,74144.3,74225.4,74100.1,74177.3,118.876649
2026-05-31 05:00:00+00:00,74177.3,74209.6,74054.1,74060.3,116.118046
2026-05-31 06:00:00+00:00,74060.3,74105.2,73995.1,74054.0,97.542207
2026-05-31 07:00:00+00:00,74054.0,74054.0,73831.8,73872.9,183.973917
2026-05-31 08:00:00+00:00,73872.9,74003.7,73851.3,73947.7,210.575607
2026-05-31 09:00:00+00:00,73947.7,74028.9,73810.7,73845.2,172.941782
2026-05-31 10:00:00+00:00,73845.2,73907.1,73728.9,73902.3,217.518234
2026-05-31 11:00:00+00:00,73902.3,73978.7,73898.3,73946.9,237.319169
2026-05-31 12:00:00+00:00,73946.9,74005.0,73873.5,73922.1,289.794836
2026-05-31 13:00:00+00:00,73922.1,74031.3,73812.1,73873.4,293.870662
2026-05-31 14:00:00+00:00,73873.4,73873.5,73504.0,73605.3,953.379702
2026-05-31 15:00:00+00:00,73605.3,73785.4,73589.8,73655.8,244.077928
2026-05-31 16:00:00+00:00,73655.8,73733.5,73398.5,73530.2,307.226203
2026-05-31 17:00:00+00:00,73530.2,73736.1,73462.4,73715.9,176.722705
2026-05-31 18:00:00+00:00,73715.9,73717.5,73581.2,73611.2,89.92476
2026-05-31 19:00:00+00:00,73611.2,73659.3,73452.6,73555.4,90.436368
2026-05-31 20:00:00+00:00,73555.4,73771.0,73555.3,73744.9,150.995027
2026-05-31 21:00:00+00:00,73744.9,73921.5,73624.4,73889.0,273.113636
2026-05-31 22:00:00+00:00,73889.0,74004.3,73683.3,73948.6,231.577733
2026-05-31 23:00:00+00:00,73948.6,74206.0,73500.0,73683.6,322.710238
2026-06-01 00:00:00+00:00,73683.6,74089.6,73652.8,73884.9,382.204617
2026-06-01 01:00:00+00:00,73884.9,73918.7,73267.2,73290.2,406.991647
2026-06-01 02:00:00+00:00,73290.2,73878.3,73213.6,73787.8,450.727511
2026-06-01 03:00:00+00:00,73787.8,74014.9,73729.6,73763.6,304.869099
2026-06-01 04:00:00+00:00,73763.6,73840.4,73341.8,73529.8,261.857054
2026-06-01 05:00:00+00:00,73529.8,73543.7,73320.8,73351.6,243.074662
2026-06-01 06:00:00+00:00,73351.6,73370.6,72958.4,73137.9,430.932081
2026-06-01 07:00:00+00:00,73137.9,73200.0,72700.0,72803.9,421.335892
2026-06-01 08:00:00+00:00,72803.9,72924.3,72615.7,72900.6,468.825777
2026-06-01 09:00:00+00:00,72900.6,73106.6,72825.4,72880.8,439.274874
2026-06-01 10:00:00+00:00,72880.8,72902.2,72590.2,72746.3,355.39144
2026-06-01 11:00:00+00:00,72746.3,72764.5,72279.5,72482.3,498.527575
2026-06-01 12:00:00+00:00,72482.3,72618.2,71900.2,72213.3,927.306878
2026-06-01 13:00:00+00:00,72213.3,72234.7,71375.1,71709.2,1421.74907
2026-06-01 14:00:00+00:00,71709.2,71885.9,71409.0,71565.9,692.924947
2026-06-01 15:00:00+00:00,71565.9,71674.0,71064.6,71123.1,647.594183
2026-06-01 16:00:00+00:00,71123.1,71599.1,70678.6,71561.0,990.095166
2026-06-01 17:00:00+00:00,71561.0,71797.1,71463.6,71641.8,570.996013
2026-06-01 18:00:00+00:00,71641.8,71695.9,71374.8,71492.9,323.543943
2026-06-01 19:00:00+00:00,71492.9,71670.4,71379.9,71595.0,252.334849
2026-06-01 20:00:00+00:00,71595.0,71696.0,71413.5,71448.3,167.428503
2026-06-01 21:00:00+00:00,71448.3,71448.8,70928.6,71034.5,410.583865
2026-06-01 22:00:00+00:00,71034.5,71458.6,70835.3,71401.8,336.248786
2026-06-01 23:00:00+00:00,71401.8,71598.5,71219.7,71407.5,320.363442
2026-06-02 00:00:00+00:00,71407.5,71413.9,71083.0,71284.9,366.510885
2026-06-02 01:00:00+00:00,71284.9,71374.7,70600.0,70657.5,564.233848
2026-06-02 02:00:00+00:00,70657.5,70883.6,70100.5,70853.2,894.837863
2026-06-02 03:00:00+00:00,70853.2,71044.3,70802.3,70954.7,373.181947
2026-06-02 04:00:00+00:00,70954.7,71054.1,70711.7,70810.6,332.529115
2026-06-02 05:00:00+00:00,70810.6,70848.1,70256.7,70267.8,438.381193
2026-06-02 06:00:00+00:00,70267.8,70445.3,69952.6,70109.3,460.131607
2026-06-02 07:00:00+00:00,70109.3,70273.4,69738.1,70112.6,455.598502
2026-06-02 08:00:00+00:00,70112.6,70178.0,69708.1,69821.5,531.130042
2026-06-02 09:00:00+00:00,69821.5,69850.9,69325.6,69422.9,667.854368
2026-06-02 10:00:00+00:00,69422.9,69756.3,69346.2,69650.0,492.213691
2026-06-02 11:00:00+00:00,69650.0,69665.5,69388.7,69457.2,286.399282
2026-06-02 12:00:00+00:00,69457.2,69542.1,68980.1,69012.8,1432.341406
2026-06-02 13:00:00+00:00,69012.8,69179.5,68751.1,68808.5,1792.197692
2026-06-02 14:00:00+00:00,68808.5,68833.4,67613.58,68022.9,1299.444829
2026-06-02 15:00:00+00:00,68022.9,68095.3,67074.4,67300.2,1346.810958
2026-06-02 16:00:00+00:00,67300.2,68146.6,67221.9,67412.9,974.551953
2026-06-02 17:00:00+00:00,67412.9,67843.2,67370.1,67485.1,529.756228
2026-06-02 18:00:00+00:00,67485.1,67666.3,67117.6,67335.9,420.835261
2026-06-02 19:00:00+00:00,67335.9,67499.9,66392.8,67312.5,1073.065093
2026-06-02 20:00:00+00:00,67312.5,67684.5,66907.0,67584.7,510.997769
2026-06-02 21:00:00+00:00,67584.7,67921.7,67405.2,67567.2,462.311131
2026-06-02 22:00:00+00:00,67567.2,67567.2,66234.1,66394.9,1040.125342
2026-06-02 23:00:00+00:00,66394.9,66872.7,66200.0,66754.8,909.955448
2026-06-03 00:00:00+00:00,66754.8,67209.6,66650.7,66933.5,828.544083
2026-06-03 01:00:00+00:00,66933.5,67050.0,66464.0,66912.2,665.223349
2026-06-03 02:00:00+00:00,66912.2,66937.7,66579.7,66613.7,517.154461
2026-06-03 03:00:00+00:00,66613.7,66663.2,65412.0,65845.1,1252.279721
2026-06-03 04:00:00+00:00,65845.1,66621.2,65824.2,66467.4,588.248038
2026-06-03 05:00:00+00:00,66467.4,67408.8,66467.4,67334.2,864.294211
2026-06-03 06:00:00+00:00,67334.2,67534.2,66968.3,66986.4,1409.254653
2026-06-03 07:00:00+00:00,66986.4,67361.5,66870.2,67226.2,389.109995
2026-06-03 08:00:00+00:00,67226.2,67267.2,66975.9,67029.0,472.278188
2026-06-03 09:00:00+00:00,67029.0,67331.6,66657.3,67081.0,741.974256
2026-06-03 10:00:00+00:00,67081.0,67484.8,67066.3,67298.3,488.377503
2026-06-03 11:00:00+00:00,67298.3,67371.5,67056.1,67073.6,353.168763
2026-06-03 12:00:00+00:00,67073.6,67170.4,66784.6,67084.2,600.740101
2026-06-03 13:00:00+00:00,67084.2,67253.9,66634.2,66909.4,911.620366
2026-06-03 14:00:00+00:00,66909.4,66997.2,66650.8,66865.4,755.123348
2026-06-03 15:00:00+00:00,66865.4,66896.8,66071.4,66074.2,853.426484
2026-06-03 16:00:00+00:00,66074.2,66377.2,65550.3,66064.4,1368.038269
2026-06-03 17:00:00+00:00,66064.4,66189.4,65702.6,65963.5,704.277156
2026-06-03 18:00:00+00:00,65963.5,66164.9,65736.4,66032.6,510.808497
2026-06-03 19:00:00+00:00,66032.6,66064.1,65244.4,65464.9,823.701941
2026-06-03 20:00:00+00:00,65464.9,65606.8,64735.7,65003.4,1090.15915
2026-06-03 21:00:00+00:00,65003.4,65861.9,64955.3,65769.8,798.951112
2026-06-03 22:00:00+00:00,65769.8,65854.6,64773.1,64912.8,915.673421
2026-06-03 23:00:00+00:00,64912.8,64992.6,64090.1,64146.0,1024.866336
2026-06-04 00:00:00+00:00,64146.0,64439.9,62993.6,63341.3,2130.93374
2026-06-04 01:00:00+00:00,63341.3,63506.3,62101.8,62179.1,2166.281693
2026-06-04 02:00:00+00:00,62179.1,63642.2,61370.0,63228.8,2373.522598
2026-06-04 03:00:00+00:00,63228.8,64545.1,63219.9,64373.0,1172.910222
2026-06-04 04:00:00+00:00,64373.0,64770.8,64266.0,64409.3,599.265493
2026-06-04 05:00:00+00:00,64409.3,64409.3,63652.0,63958.0,692.842934
2026-06-04 06:00:00+00:00,63958.0,64492.8,63888.7,64038.8,524.523555
2026-06-04 07:00:00+00:00,64038.8,64072.3,63395.5,63595.5,1965.007462
2026-06-04 08:00:00+00:00,63595.5,63910.0,63244.6,63637.4,1885.514915
2026-06-04 09:00:00+00:00,63637.4,63653.5,62713.9,63268.0,954.740792
2026-06-04 10:00:00+00:00,63268.0,63283.5,62280.0,62420.7,1453.0159
2026-06-04 11:00:00+00:00,62420.7,62841.0,62189.9,62546.9,1080.389969
2026-06-04 12:00:00+00:00,62546.9,63973.6,62387.0,63765.5,1527.468612
2026-06-04 13:00:00+00:00,63765.5,64254.1,63058.7,64230.1,1590.415572
2026-06-04 14:00:00+00:00,64230.1,64503.6,63794.7,63955.7,1124.293211
2026-06-04 15:00:00+00:00,63955.7,64410.9,63693.6,63896.7,844.686153
2026-06-04 16:00:00+00:00,63896.7,63929.0,63454.8,63566.1,758.049101
2026-06-04 17:00:00+00:00,63566.1,63726.8,62945.6,63536.5,1113.285611
2026-06-04 18:00:00+00:00,63536.5,64112.6,63134.6,63809.1,973.756221
2026-06-04 19:00:00+00:00,63809.1,64159.6,63534.6,63627.4,621.114136
2026-06-04 20:00:00+00:00,63627.4,63662.5,63180.7,63635.2,611.10413
2026-06-04 21:00:00+00:00,63635.2,63890.7,63111.1,63286.5,585.827611
2026-06-04 22:00:00+00:00,63286.5,63779.6,63184.6,63728.3,833.725115
2026-06-04 23:00:00+00:00,63728.3,63920.0,63369.5,63879.1,538.87583
2026-06-05 00:00:00+00:00,63879.1,63983.1,63385.7,63419.5,648.542454
2026-06-05 01:00:00+00:00,63419.5,63575.1,63042.3,63371.8,762.124947
2026-06-05 02:00:00+00:00,63371.8,63458.9,62590.2,62623.6,996.827629
2026-06-05 03:00:00+00:00,62623.6,62895.4,62336.1,62730.3,975.549331
2026-06-05 04:00:00+00:00,62730.3,63648.0,62479.9,63615.9,1042.904709
2026-06-05 05:00:00+00:00,63615.9,63690.8,62274.6,62328.5,1203.866144
2026-06-05 06:00:00+00:00,62328.5,62641.6,61123.0,61948.5,2677.984827
2026-06-05 07:00:00+00:00,61948.5,63124.9,61375.0,63113.0,2742.951032
2026-06-05 08:00:00+00:00,63113.0,63124.9,62294.0,62466.6,988.318397
2026-06-05 09:00:00+00:00,62466.6,63274.7,62442.3,62865.0,778.309344
2026-06-05 10:00:00+00:00,62865.0,62942.9,62381.1,62543.6,562.020831
2026-06-05 11:00:00+00:00,62543.6,62648.8,61962.6,61962.6,820.616801
2026-06-05 12:00:00+00:00,61962.6,62461.1,61613.6,61964.1,1226.002358
2026-06-05 13:00:00+00:00,61964.1,62335.0,60722.3,60729.4,1729.095538
2026-06-05 14:00:00+00:00,60729.4,61232.6,60325.8,60864.6,2418.780019
2026-06-05 15:00:00+00:00,60864.6,61134.8,60056.9,60431.6,2013.27956
2026-06-05 16:00:00+00:00,60431.6,61568.0,59777.0,61391.9,2815.06901
2026-06-05 17:00:00+00:00,61391.9,61518.2,60652.0,60815.4,1023.793516
2026-06-05 18:00:00+00:00,60815.4,60955.1,59136.1,59394.9,2055.916004
2026-06-05 19:00:00+00:00,59394.9,60464.9,59130.0,60302.9,1623.627629
2026-06-05 20:00:00+00:00,60302.9,61788.6,59932.6,61623.0,1096.914286
2026-06-05 21:00:00+00:00,61623.0,62006.9,61455.6,61675.1,838.097381
2026-06-05 22:00:00+00:00,61675.1,61973.4,61214.1,61582.8,1305.808598
2026-06-05 23:00:00+00:00,61582.8,61790.6,60513.2,61060.8,811.095581
2026-06-06 00:00:00+00:00,61060.8,61526.7,61054.5,61270.1,454.676722
2026-06-06 01:00:00+00:00,61270.1,61380.8,60954.1,61057.8,321.690269
2026-06-06 02:00:00+00:00,61057.8,61182.3,60672.9,60954.2,344.830074
2026-06-06 03:00:00+00:00,60954.2,60971.6,60514.2,60693.1,335.488549
2026-06-06 04:00:00+00:00,60693.1,60874.7,59486.2,60103.1,968.934437
2026-06-06 05:00:00+00:00,60103.1,61074.6,59611.0,60945.9,955.57244
2026-06-06 06:00:00+00:00,60945.9,61308.4,60681.7,60796.6,654.609124
2026-06-06 07:00:00+00:00,60796.6,61244.9,60734.9,61009.3,510.944907
2026-06-06 08:00:00+00:00,61009.3,61499.7,60883.0,61274.2,413.745623
2026-06-06 09:00:00+00:00,61274.2,61334.0,60880.7,60979.9,347.550313
2026-06-06 10:00:00+00:00,60979.9,60981.2,60176.8,60588.4,809.586527
2026-06-06 11:00:00+00:00,60588.4,60973.0,60550.9,60805.1,361.089868
2026-06-06 12:00:00+00:00,60805.1,61189.9,60638.0,61034.2,515.3322
2026-06-06 13:00:00+00:00,61034.2,61104.8,60701.1,60805.8,316.931678
2026-06-06 14:00:00+00:00,60805.8,61019.6,60767.5,60792.9,284.246985
2026-06-06 15:00:00+00:00,60792.9,60929.9,60389.5,60780.8,404.922502
2026-06-06 16:00:00+00:00,60780.8,60975.3,60465.7,60780.8,389.529902
2026-06-06 17:00:00+00:00,60780.8,60853.1,60502.8,60585.4,303.714525
2026-06-06 18:00:00+00:00,60585.4,60753.3,60404.7,60639.6,318.198808
2026-06-06 19:00:00+00:00,60639.6,60789.5,60536.7,60593.2,256.477429
2026-06-06 20:00:00+00:00,60593.2,60759.4,60517.9,60710.6,281.646108
2026-06-06 21:00:00+00:00,60710.6,60998.0,60704.9,60751.9,208.389994
2026-06-06 22:00:00+00:00,60751.9,60823.6,60428.5,60541.2,276.158376
2026-06-06 23:00:00+00:00,60541.2,60951.6,60541.2,60884.1,222.410345
2026-06-07 00:00:00+00:00,60884.1,60997.1,60742.3,60785.5,196.625366
2026-06-07 01:00:00+00:00,60785.5,61665.0,60757.8,61477.6,504.578782
2026-06-07 02:00:00+00:00,61477.6,61571.3,61180.3,61504.9,237.58688
2026-06-07 03:00:00+00:00,61504.9,61780.0,61413.5,61702.2,226.880107
2026-06-07 04:00:00+00:00,61702.2,61903.9,61482.1,61889.9,196.454617
2026-06-07 05:00:00+00:00,61889.9,62216.9,61648.2,61743.3,409.677969
2026-06-07 06:00:00+00:00,61743.3,62274.4,61614.0,62110.8,346.600791
2026-06-07 07:00:00+00:00,62110.8,62414.8,61985.9,62397.9,427.890994
2026-06-07 08:00:00+00:00,62397.9,62993.3,62253.2,62859.6,697.231779
2026-06-07 09:00:00+00:00,62859.6,62903.5,62411.4,62538.4,333.591213
2026-06-07 10:00:00+00:00,62538.4,62576.9,62295.1,62373.1,231.279673
2026-06-07 11:00:00+00:00,62373.1,62758.0,62357.1,62628.9,212.600924
2026-06-07 12:00:00+00:00,62628.9,62652.5,61570.4,61902.9,717.654547
2026-06-07 13:00:00+00:00,61902.9,61915.7,61655.6,61708.0,254.337883
2026-06-07 14:00:00+00:00,61708.0,62342.4,61704.2,61905.7,270.455113
2026-06-07 15:00:00+00:00,61905.7,62220.7,61672.2,62098.7,207.064762
2026-06-07 16:00:00+00:00,62098.7,62328.9,61965.9,62084.8,205.50896
2026-06-07 17:00:00+00:00,62084.8,62327.5,62045.2,62160.8,205.004844
2026-06-07 18:00:00+00:00,62160.8,62296.2,62016.2,62028.5,143.009335
2026-06-07 19:00:00+00:00,62028.5,62039.0,61183.2,61333.3,544.488874
2026-06-07 20:00:00+00:00,61333.3,61964.7,61213.6,61875.9,300.253253
2026-06-07 21:00:00+00:00,61875.9,62010.5,61650.4,61780.2,179.551736
2026-06-07 22:00:00+00:00,61780.2,64282.9,61722.3,62867.9,1398.209103
2026-06-07 23:00:00+00:00,62867.9,63461.8,62801.8,63337.1,302.219295
2026-06-08 00:00:00+00:00,63337.1,63871.2,63148.5,63640.0,490.561596
2026-06-08 01:00:00+00:00,63640.0,63659.9,62720.2,63213.9,736.620494
2026-06-08 02:00:00+00:00,63213.9,63262.7,62912.9,63132.4,487.557655
2026-06-08 03:00:00+00:00,63132.4,63470.2,62973.0,63127.3,333.738101
2026-06-08 04:00:00+00:00,63127.3,63174.3,62654.2,62676.9,443.19132
2026-06-08 05:00:00+00:00,62676.9,62825.2,62408.2,62768.9,568.085848
2026-06-08 06:00:00+00:00,62768.9,63148.0,62731.3,62991.5,424.498815
2026-06-08 07:00:00+00:00,62991.5,63364.0,62804.0,63295.2,1324.983636
2026-06-08 08:00:00+00:00,63295.2,63295.3,62985.5,63137.7,381.862422
2026-06-08 09:00:00+00:00,63137.7,63582.9,63123.1,63502.1,492.92153
2026-06-08 10:00:00+00:00,63502.1,63565.6,63077.9,63162.6,459.716689
2026-06-08 11:00:00+00:00,63162.6,63889.7,63050.0,63481.6,598.09751
2026-06-08 12:00:00+00:00,63481.6,63960.0,62703.7,63878.5,1030.474109
2026-06-08 13:00:00+00:00,63878.5,63955.6,63353.2,63751.8,888.363294
2026-06-08 14:00:00+00:00,63751.8,64094.2,63563.5,63967.6,768.857851
2026-06-08 15:00:00+00:00,63967.6,64217.5,63707.1,63779.5,528.421658
2026-06-08 16:00:00+00:00,63779.5,64048.9,63472.3,63530.7,484.251383
2026-06-08 17:00:00+00:00,63530.7,63655.1,63275.3,63551.5,530.178715
2026-06-08 18:00:00+00:00,63551.5,63694.2,63335.0,63471.5,223.065213
2026-06-08 19:00:00+00:00,63471.5,63599.3,63350.1,63375.5,287.318369
2026-06-08 20:00:00+00:00,63375.5,63485.2,63151.3,63485.2,248.21851
2026-06-08 21:00:00+00:00,63485.2,63850.3,63484.9,63725.9,200.496875
2026-06-08 22:00:00+00:00,63725.9,63725.9,63212.8,63440.0,231.211817
2026-06-08 23:00:00+00:00,63440.0,63599.4,62975.7,63087.9,263.968589
2026-06-09 00:00:00+00:00,63087.9,63188.0,62418.1,62561.6,668.81014
2026-06-09 01:00:00+00:00,62561.6,62881.0,62549.8,62764.9,470.641081
2026-06-09 02:00:00+00:00,62764.9,62873.1,62539.5,62873.1,315.567546
2026-06-09 03:00:00+00:00,62873.1,62974.9,62700.0,62873.2,357.60382
2026-06-09 04:00:00+00:00,62873.2,63431.2,62743.8,63244.0,636.666482
2026-06-09 05:00:00+00:00,63244.0,63527.6,63116.2,63347.7,417.433216
2026-06-09 06:00:00+00:00,63347.7,63514.7,63229.1,63304.3,382.108541
2026-06-09 07:00:00+00:00,63304.3,63451.7,63009.4,63200.0,396.880327
2026-06-09 08:00:00+00:00,63200.0,63217.4,62751.9,62850.2,2067.904697
2026-06-09 09:00:00+00:00,62850.2,62960.9,62597.0,62719.3,1251.975788
2026-06-09 10:00:00+00:00,62719.3,62844.0,62570.0,62786.0,348.253205
2026-06-09 11:00:00+00:00,62786.0,62822.3,62495.5,62713.3,446.920148
2026-06-09 12:00:00+00:00,62713.3,62905.3,62422.4,62643.0,515.577773
2026-06-09 13:00:00+00:00,62643.0,62746.3,62150.7,62275.5,929.929914
2026-06-09 14:00:00+00:00,62275.5,62400.6,61147.5,61545.2,1541.077373
2026-06-09 15:00:00+00:00,61545.2,61708.4,61033.3,61129.1,841.706569
2026-06-09 16:00:00+00:00,61129.1,61490.9,60763.8,61394.8,1192.70256
2026-06-09 17:00:00+00:00,61394.8,61896.2,61394.8,61695.3,715.44404
2026-06-09 18:00:00+00:00,61695.3,61970.3,61601.8,61790.3,457.782963
2026-06-09 19:00:00+00:00,61790.3,62113.0,61720.9,62096.1,519.09679
2026-06-09 20:00:00+00:00,62096.1,62279.2,61953.7,62168.0,371.588093
2026-06-09 21:00:00+00:00,62168.0,62183.8,61697.1,61763.8,247.562274
2026-06-09 22:00:00+00:00,61763.8,61983.7,61665.1,61723.5,142.822365
2026-06-09 23:00:00+00:00,61723.5,61886.2,61552.0,61730.4,213.235892
2026-06-10 00:00:00+00:00,61730.4,61938.2,61440.9,61918.8,415.127674
2026-06-10 01:00:00+00:00,61918.8,61976.2,61580.3,61717.3,366.80932
2026-06-10 02:00:00+00:00,61717.3,61843.9,61235.5,61305.1,419.224137
2026-06-10 03:00:00+00:00,61305.1,61596.7,61284.1,61549.5,211.850118
2026-06-10 04:00:00+00:00,61549.5,61565.3,61191.4,61294.6,239.174912
2026-06-10 05:00:00+00:00,61294.6,61395.6,61075.6,61351.3,281.162038
2026-06-10 06:00:00+00:00,61351.3,61526.6,61137.2,61470.2,325.596545
2026-06-10 07:00:00+00:00,61470.2,61793.2,61434.3,61688.8,1154.018737
2026-06-10 08:00:00+00:00,61688.8,61737.6,61161.2,61263.8,441.318427
2026-06-10 09:00:00+00:00,61263.8,61433.2,60709.3,61333.3,670.115757
2026-06-10 10:00:00+00:00,61333.3,61473.5,61148.4,61381.8,384.032224
2026-06-10 11:00:00+00:00,61381.8,61440.3,60847.8,61028.3,776.631167
2026-06-10 12:00:00+00:00,61028.3,61978.4,60955.1,61565.3,1090.491806
2026-06-10 13:00:00+00:00,61565.3,62457.0,61444.0,62151.9,1125.336951
2026-06-10 14:00:00+00:00,62151.9,62269.6,61807.4,62202.8,936.361763
2026-06-10 15:00:00+00:00,62202.8,62860.5,61846.2,62639.8,1187.390318
2026-06-10 16:00:00+00:00,62639.8,62653.3,61923.8,62227.0,666.230311
2026-06-10 17:00:00+00:00,62227.0,62362.7,61650.0,61976.4,864.912772
2026-06-10 18:00:00+00:00,61976.4,62163.6,61600.0,61891.2,537.845832
2026-06-10 19:00:00+00:00,61891.2,62069.5,61672.5,61945.3,537.84981
2026-06-10 20:00:00+00:00,61945.3,61950.3,61684.3,61803.2,428.003975
2026-06-10 21:00:00+00:00,61803.2,61803.2,61163.0,61354.9,475.233239
2026-06-10 22:00:00+00:00,61354.9,61579.2,61095.1,61380.1,613.824229
2026-06-10 23:00:00+00:00,61380.1,61606.4,61162.6,61507.1,403.453691
2026-06-11 00:00:00+00:00,61507.1,61990.0,61506.7,61822.4,526.763645
2026-06-11 01:00:00+00:00,61822.4,62386.2,61822.4,62208.0,518.551068
2026-06-11 02:00:00+00:00,62208.0,62306.2,61941.1,62143.2,425.152011
2026-06-11 03:00:00+00:00,62143.2,62973.0,62008.8,62693.8,1018.959074
2026-06-11 04:00:00+00:00,62693.8,62863.5,62545.1,62731.9,401.089436
2026-06-11 05:00:00+00:00,62731.9,62731.9,62560.1,62619.8,318.965209
2026-06-11 06:00:00+00:00,62619.8,63021.2,62547.9,62771.6,477.867798
2026-06-11 07:00:00+00:00,62771.6,62859.4,62604.0,62717.5,406.55629
2026-06-11 08:00:00+00:00,62717.5,63050.2,62711.2,62964.2,1242.46608
2026-06-11 09:00:00+00:00,62964.2,62999.8,62792.6,62929.1,310.096837
2026-06-11 10:00:00+00:00,62929.1,63246.2,62805.9,63144.3,526.55555
2026-06-11 11:00:00+00:00,63144.3,63266.9,63030.7,63104.7,461.588586
2026-06-11 12:00:00+00:00,63104.7,63196.2,62498.0,63009.4,1140.389551
2026-06-11 13:00:00+00:00,63009.4,63247.7,62677.4,63081.4,816.885566
2026-06-11 14:00:00+00:00,63081.4,63108.0,62733.2,62735.1,640.118448
2026-06-11 15:00:00+00:00,62735.1,62888.2,62536.9,62753.9,781.097487
2026-06-11 16:00:00+00:00,62753.9,62847.9,62551.3,62578.3,546.982853
2026-06-11 17:00:00+00:00,62578.3,63661.5,62340.9,63647.6,1511.966509
2026-06-11 18:00:00+00:00,63647.6,63797.0,63327.7,63460.3,692.470169
2026-06-11 19:00:00+00:00,63460.3,63942.7,63396.8,63612.5,885.409453
2026-06-11 20:00:00+00:00,63612.5,63667.7,63278.1,63404.5,406.168785
2026-06-11 21:00:00+00:00,63404.5,63610.3,63401.7,63523.6,228.661224
2026-06-11 22:00:00+00:00,63523.6,63679.5,63469.5,63502.6,212.523343
2026-06-11 23:00:00+00:00,63502.6,63719.8,63362.0,63630.8,308.775468
2026-06-12 00:00:00+00:00,63630.8,63796.0,63522.6,63650.3,259.670756
2026-06-12 01:00:00+00:00,63650.3,63650.3,63293.6,63431.0,378.597914
2026-06-12 02:00:00+00:00,63431.0,63798.6,63431.0,63623.5,302.662076
2026-06-12 03:00:00+00:00,63623.5,63657.6,63357.2,63528.0,269.932249
2026-06-12 04:00:00+00:00,63528.0,63869.4,63428.9,63706.8,412.110916
2026-06-12 05:00:00+00:00,63706.8,63724.4,63307.0,63361.2,361.041499
2026-06-12 06:00:00+00:00,63361.2,63418.1,62839.1,62985.7,459.691573
2026-06-12 07:00:00+00:00,62985.7,63241.4,62938.9,63100.6,1739.579931
2026-06-12 08:00:00+00:00,63100.6,63634.9,63097.4,63472.3,556.635957
2026-06-12 09:00:00+00:00,63472.3,63972.2,63432.7,63758.5,681.09376
2026-06-12 10:00:00+00:00,63758.5,63865.6,63589.2,63700.1,510.186174
2026-06-12 11:00:00+00:00,63700.1,63904.2,63683.5,63762.6,499.943519
2026-06-12 12:00:00+00:00,63762.6,63779.7,63376.8,63462.0,627.737052
2026-06-12 13:00:00+00:00,63462.0,63539.7,63050.0,63236.7,1096.236273
2026-06-12 14:00:00+00:00,63236.7,64010.4,63173.8,64003.9,1461.323199
2026-06-12 15:00:00+00:00,64003.9,64397.3,63551.3,63593.0,1437.384575
2026-06-12 16:00:00+00:00,63593.0,64001.1,63507.1,63982.4,809.431306
2026-06-12 17:00:00+00:00,63982.4,64115.3,63735.0,63865.1,490.424071
2026-06-12 18:00:00+00:00,63865.1,63935.4,63678.4,63685.4,480.813914
2026-06-12 19:00:00+00:00,63685.4,63823.4,63579.0,63582.9,463.725416
2026-06-12 20:00:00+00:00,63582.9,63696.5,63390.9,63446.5,335.522291
2026-06-12 21:00:00+00:00,63446.5,63627.3,63435.0,63478.6,207.41754
2026-06-12 22:00:00+00:00,63478.6,63660.8,63459.7,63505.8,312.165943
2026-06-12 23:00:00+00:00,63505.8,63590.4,63424.6,63575.4,217.536295
2026-06-13 00:00:00+00:00,63575.4,63648.6,63510.6,63602.2,199.681335
2026-06-13 01:00:00+00:00,63602.2,63846.8,63602.2,63833.2,258.473127
2026-06-13 02:00:00+00:00,63833.2,63834.0,63547.2,63644.4,215.032288
2026-06-13 03:00:00+00:00,63644.4,63722.4,63414.5,63528.5,258.508055
2026-06-13 04:00:00+00:00,63528.5,63648.0,63482.4,63509.5,146.828676
2026-06-13 05:00:00+00:00,63509.5,63615.9,63489.8,63588.0,258.367504
2026-06-13 06:00:00+00:00,63588.0,63743.7,63551.5,63733.2,190.761745
2026-06-13 07:00:00+00:00,63733.2,63888.5,63674.6,63849.6,352.025368
2026-06-13 08:00:00+00:00,63849.6,63917.5,63762.4,63808.1,333.124256
2026-06-13 09:00:00+00:00,63808.1,63868.2,63739.5,63746.0,217.4715
2026-06-13 10:00:00+00:00,63746.0,63914.0,63716.1,63844.9,236.518791
2026-06-13 11:00:00+00:00,63844.9,63972.0,63840.4,63969.1,216.716741
2026-06-13 12:00:00+00:00,63969.1,64218.5,63921.1,64135.5,345.619021
2026-06-13 13:00:00+00:00,64135.5,64250.5,64042.6,64093.4,760.960966
2026-06-13 14:00:00+00:00,64093.4,64237.9,64079.7,64225.3,233.638509
2026-06-13 15:00:00+00:00,64225.3,64347.5,64186.0,64298.6,391.905541
2026-06-13 16:00:00+00:00,64298.6,64311.9,63775.7,64021.0,1356.881023
2026-06-13 17:00:00+00:00,64021.0,64119.6,63937.7,63976.4,325.105516
2026-06-13 18:00:00+00:00,63976.4,64281.1,63974.5,64154.9,305.178547
2026-06-13 19:00:00+00:00,64154.9,64332.0,64142.8,64298.1,353.440353
2026-06-13 20:00:00+00:00,64298.1,64298.2,64229.5,64286.3,187.788543
2026-06-13 21:00:00+00:00,64286.3,64762.4,64213.5,64468.0,439.450893
2026-06-13 22:00:00+00:00,64468.0,64555.6,64380.2,64448.0,326.056034
2026-06-13 23:00:00+00:00,64448.0,64598.2,64387.2,64450.4,250.833808
2026-06-14 00:00:00+00:00,64450.4,64580.4,64372.5,64556.6,291.57116
2026-06-14 01:00:00+00:00,64556.6,64711.5,64501.3,64575.1,332.282073
2026-06-14 02:00:00+00:00,64575.1,64635.3,64474.3,64489.2,243.119491
2026-06-14 03:00:00+00:00,64489.2,64546.7,64447.3,64545.3,258.986081
2026-06-14 04:00:00+00:00,64545.3,64562.3,64326.9,64333.6,269.934029
2026-06-14 05:00:00+00:00,64333.6,64414.7,64294.3,64359.3,273.777095
2026-06-14 06:00:00+00:00,64359.3,64482.1,64244.1,64290.0,357.45437
2026-06-14 07:00:00+00:00,64290.0,64445.9,64221.4,64431.7,258.418504
2026-06-14 08:00:00+00:00,64431.7,64520.7,64389.5,64461.1,212.456608
2026-06-14 09:00:00+00:00,64461.1,64621.2,64325.9,64618.0,333.151428
2026-06-14 10:00:00+00:00,64618.0,64668.7,64497.8,64525.9,233.728044
2026-06-14 11:00:00+00:00,64525.9,64646.2,64457.9,64548.4,227.635492
2026-06-14 12:00:00+00:00,64548.4,64565.7,64296.0,64329.6,297.419466
2026-06-14 13:00:00+00:00,64329.6,64399.9,64247.1,64322.3,351.093641
2026-06-14 14:00:00+00:00,64322.3,64345.6,63868.6,63987.5,574.905876
2026-06-14 15:00:00+00:00,63987.5,64151.1,63978.4,64023.8,403.985053
2026-06-14 16:00:00+00:00,64023.8,64218.0,63933.9,63944.3,364.213401
2026-06-14 17:00:00+00:00,63944.3,64027.8,63695.1,63735.4,461.781854
2026-06-14 18:00:00+00:00,63735.4,63819.0,63685.5,63818.5,366.508508
2026-06-14 19:00:00+00:00,63818.5,63866.1,63731.4,63803.4,239.475901
2026-06-14 20:00:00+00:00,63803.4,64097.1,63793.0,64009.6,397.729423
2026-06-14 21:00:00+00:00,64009.6,65693.4,64008.8,65310.5,1316.997777
2026-06-14 22:00:00+00:00,65310.5,65587.0,64950.1,65422.5,1271.073851
2026-06-14 23:00:00+00:00,65422.5,65804.1,65262.1,65750.1,819.336474
2026-06-15 00:00:00+00:00,65750.1,65920.2,65484.5,65628.7,943.5081
2026-06-15 01:00:00+00:00,65628.7,65734.0,65347.0,65516.7,564.247758
2026-06-15 02:00:00+00:00,65516.7,65785.8,65415.5,65465.6,491.337745
2026-06-15 03:00:00+00:00,65465.6,66005.5,65432.3,65929.0,600.188535
2026-06-15 04:00:00+00:00,65929.0,65929.0,65637.4,65646.7,380.291892
2026-06-15 05:00:00+00:00,65646.7,65876.1,65615.9,65863.7,373.075059
2026-06-15 06:00:00+00:00,65863.7,65966.9,65773.9,65813.6,387.685563
2026-06-15 07:00:00+00:00,65813.6,66015.8,65628.3,65674.8,504.503363
2026-06-15 08:00:00+00:00,65674.8,65802.0,65621.3,65664.6,389.64214
2026-06-15 09:00:00+00:00,65664.6,65789.9,65511.2,65597.5,381.209619
2026-06-15 10:00:00+00:00,65597.5,65976.1,65583.8,65923.5,554.672758
2026-06-15 11:00:00+00:00,65923.5,66400.0,65848.3,66232.0,857.281082
2026-06-15 12:00:00+00:00,66232.0,66605.9,66103.4,66566.4,641.605601
2026-06-15 13:00:00+00:00,66566.4,66951.7,66411.4,66450.6,1313.191799
2026-06-15 14:00:00+00:00,66450.6,66681.3,66302.4,66588.8,634.489528
2026-06-15 15:00:00+00:00,66588.8,67302.3,66577.4,67294.9,758.203499
2026-06-15 16:00:00+00:00,67294.9,67294.9,67094.5,67163.5,506.930601
2026-06-15 17:00:00+00:00,67163.5,67163.6,66683.7,66859.6,674.570554
2026-06-15 18:00:00+00:00,66859.6,66945.2,66722.8,66768.8,454.005931
2026-06-15 19:00:00+00:00,66768.8,66893.5,66353.7,66620.3,551.253683
2026-06-15 20:00:00+00:00,66620.3,66689.0,66488.9,66524.1,357.557117
2026-06-15 21:00:00+00:00,66524.1,66566.2,66340.8,66374.1,368.268365
2026-06-15 22:00:00+00:00,66374.1,66478.7,66100.2,66205.5,591.198769
2026-06-15 23:00:00+00:00,66205.5,66372.7,66121.2,66325.4,255.672368
2026-06-16 00:00:00+00:00,66325.4,66466.0,66240.7,66254.7,266.21532
2026-06-16 01:00:00+00:00,66254.7,66421.7,66247.0,66350.1,249.769366
2026-06-16 02:00:00+00:00,66350.1,66371.5,65688.0,65743.5,542.720681
2026-06-16 03:00:00+00:00,65743.5,66170.0,65650.0,66160.1,412.069078
2026-06-16 04:00:00+00:00,66160.1,66281.9,65795.2,65839.8,342.091537
2026-06-16 05:00:00+00:00,65839.8,66149.9,65839.8,66062.4,315.993576
2026-06-16 06:00:00+00:00,66062.4,66569.6,66062.4,66437.3,452.289156
2026-06-16 07:00:00+00:00,66437.3,66525.1,66300.7,66370.5,1916.250388
2026-06-16 08:00:00+00:00,66370.5,66991.7,66338.9,66893.9,633.844248
2026-06-16 09:00:00+00:00,66893.9,66917.9,66475.1,66512.2,479.734209
2026-06-16 10:00:00+00:00,66512.2,66784.2,66487.7,66513.2,389.235379
2026-06-16 11:00:00+00:00,66513.2,66650.4,66369.5,66493.5,350.881902
2026-06-16 12:00:00+00:00,66493.5,66828.2,66371.9,66432.6,524.945201
2026-06-16 13:00:00+00:00,66432.6,66474.9,65938.5,66051.0,747.866135
2026-06-16 14:00:00+00:00,66051.0,66269.7,65364.1,65662.6,960.78776
2026-06-16 15:00:00+00:00,65662.6,66008.2,65614.2,65871.3,656.625365
2026-06-16 16:00:00+00:00,65871.3,65961.5,65700.8,65760.6,503.481707
2026-06-16 17:00:00+00:00,65760.6,66016.8,65707.9,65980.7,469.298618
2026-06-16 18:00:00+00:00,65980.7,66254.2,65801.2,65847.3,465.141449
2026-06-16 19:00:00+00:00,65847.3,65847.3,65557.8,65680.5,593.886334
2026-06-16 20:00:00+00:00,65680.5,65868.5,65588.5,65861.1,286.085873
2026-06-16 21:00:00+00:00,65861.1,65945.3,65650.8,65781.1,259.912601
2026-06-16 22:00:00+00:00,65781.1,65891.2,65681.7,65781.0,201.382117
2026-06-16 23:00:00+00:00,65781.0,65841.4,65631.6,65679.1,198.830007
2026-06-17 00:00:00+00:00,65679.1,65855.3,65679.1,65712.4,280.274924
2026-06-17 01:00:00+00:00,65712.4,65957.5,65486.4,65936.8,492.488216
2026-06-17 02:00:00+00:00,65936.8,66138.5,65787.3,65909.2,396.131708
2026-06-17 03:00:00+00:00,65909.2,65909.2,65713.6,65856.4,248.280811
2026-06-17 04:00:00+00:00,65856.4,66056.8,65796.4,65891.9,237.86081
2026-06-17 05:00:00+00:00,65891.9,65985.5,65744.0,65835.1,251.94919
2026-06-17 06:00:00+00:00,65835.1,65902.2,65580.8,65627.6,334.729889
2026-06-17 07:00:00+00:00,65627.6,65718.5,65248.8,65551.9,1978.432745
2026-06-17 08:00:00+00:00,65551.9,65593.0,64836.2,64929.6,937.156784
2026-06-17 09:00:00+00:00,64929.6,65084.8,64850.0,64918.3,463.594047
2026-06-17 10:00:00+00:00,64918.3,65002.0,64767.6,64799.9,375.763076
2026-06-17 11:00:00+00:00,64799.9,64868.3,64563.2,64812.7,498.080991
2026-06-17 12:00:00+00:00,64812.7,65109.9,64589.9,65042.3,509.532607
2026-06-17 13:00:00+00:00,65042.3,65369.4,64846.1,65272.2,774.271253
2026-06-17 14:00:00+00:00,65272.2,65461.8,64767.7,65102.4,907.709412
2026-06-17 15:00:00+00:00,65102.4,65849.9,64984.9,65750.2,1047.555822
2026-06-17 16:00:00+00:00,65750.2,66436.6,65718.2,65863.2,1021.711719
2026-06-17 17:00:00+00:00,65863.2,66199.1,65799.0,66108.8,730.78301
2026-06-17 18:00:00+00:00,66108.8,66108.8,64807.3,65511.7,2212.236116
2026-06-17 19:00:00+00:00,65511.7,65668.5,64036.5,64292.1,1865.328449
2026-06-17 20:00:00+00:00,64292.1,64485.5,64180.0,64431.8,716.03504
2026-06-17 21:00:00+00:00,64431.8,64452.3,64133.3,64254.7,397.812514
2026-06-17 22:00:00+00:00,64254.7,64433.2,63909.7,64297.6,541.11914
2026-06-17 23:00:00+00:00,64297.6,64525.1,64250.3,64504.7,347.224594
2026-06-18 00:00:00+00:00,64504.7,64706.1,64456.3,64464.6,366.037178
2026-06-18 01:00:00+00:00,64464.6,64809.7,64460.3,64546.5,352.340612
2026-06-18 02:00:00+00:00,64546.5,64779.9,64487.2,64684.2,332.308651
2026-06-18 03:00:00+00:00,64684.2,64684.2,64261.4,64284.9,305.119507
2026-06-18 04:00:00+00:00,64284.9,64346.2,63820.1,63879.4,652.876054
2026-06-18 05:00:00+00:00,63879.4,64025.7,63687.5,63993.5,425.208385
2026-06-18 06:00:00+00:00,63993.5,64125.0,63844.7,64083.0,467.65016
2026-06-18 07:00:00+00:00,64083.0,64509.3,64013.3,64503.3,471.760375
2026-06-18 08:00:00+00:00,64503.3,64652.3,64380.6,64403.3,505.421677
2026-06-18 09:00:00+00:00,64403.3,64479.8,64195.0,64204.5,349.695468
2026-06-18 10:00:00+00:00,64204.5,64230.5,63918.9,64079.0,458.315133
2026-06-18 11:00:00+00:00,64079.0,64204.7,63884.8,63969.6,380.731107
2026-06-18 12:00:00+00:00,63969.6,64403.7,63922.8,64373.4,410.363209
2026-06-18 13:00:00+00:00,64373.4,64448.0,63788.0,63979.5,858.663484
2026-06-18 14:00:00+00:00,63979.5,64204.9,63568.8,63814.1,868.281664
2026-06-18 15:00:00+00:00,63814.1,63825.5,62287.3,62363.0,2009.82979
2026-06-18 16:00:00+00:00,62363.0,62810.8,62338.0,62683.4,1006.249357
2026-06-18 17:00:00+00:00,62683.4,62742.9,62260.7,62599.1,814.251574
2026-06-18 18:00:00+00:00,62599.1,62956.3,62567.1,62698.6,784.993469
2026-06-18 19:00:00+00:00,62698.6,63004.2,62626.5,62943.7,534.149665
2026-06-18 20:00:00+00:00,62943.7,63271.0,62942.6,63083.5,469.884967
2026-06-18 21:00:00+00:00,63083.5,63121.3,62867.2,62964.2,308.322227
2026-06-18 22:00:00+00:00,62964.2,62996.4,62732.6,62876.9,334.301561
2026-06-18 23:00:00+00:00,62876.9,62986.3,62751.8,62953.1,349.215133
2026-06-19 00:00:00+00:00,62953.1,63091.6,62842.4,63023.5,359.636762
2026-06-19 01:00:00+00:00,63023.5,63103.8,62846.5,63024.0,340.979892
2026-06-19 02:00:00+00:00,63024.0,63113.8,62888.6,63002.1,286.06458
2026-06-19 03:00:00+00:00,63002.1,63028.8,62379.4,62774.1,751.061455
2026-06-19 04:00:00+00:00,62774.1,62915.3,62406.5,62449.2,459.459063
2026-06-19 05:00:00+00:00,62449.2,62741.4,62446.9,62735.2,391.305662
2026-06-19 06:00:00+00:00,62735.2,62914.4,62722.7,62892.7,295.830742
2026-06-19 07:00:00+00:00,62892.7,62921.7,62463.0,62630.5,2126.28433
2026-06-19 08:00:00+00:00,62630.5,62785.5,62531.5,62605.6,395.985854
2026-06-19 09:00:00+00:00,62605.6,62658.2,62315.0,62385.3,521.869841
2026-06-19 10:00:00+00:00,62385.3,62595.7,62380.9,62534.2,371.000417
2026-06-19 11:00:00+00:00,62534.2,62685.8,62450.1,62629.7,337.662627
2026-06-19 12:00:00+00:00,62629.7,62876.2,62350.8,62825.8,527.326921
2026-06-19 13:00:00+00:00,62825.8,63414.6,62660.6,63205.7,782.889589
2026-06-19 14:00:00+00:00,63205.7,63418.3,63004.6,63204.9,545.3176
2026-06-19 15:00:00+00:00,63204.9,63286.4,63020.6,63216.7,387.188628
2026-06-19 16:00:00+00:00,63216.7,63392.9,62922.7,62969.7,454.60099
2026-06-19 17:00:00+00:00,62969.7,63230.0,62867.0,63196.1,378.687632
2026-06-19 18:00:00+00:00,63196.1,63201.1,62986.2,63110.5,228.199672
2026-06-19 19:00:00+00:00,63110.5,63144.5,62940.0,63025.9,204.075206
2026-06-19 20:00:00+00:00,63025.9,63287.4,62957.6,63250.0,221.712708
2026-06-19 21:00:00+00:00,63250.0,63270.4,63057.4,63076.4,181.099383
2026-06-19 22:00:00+00:00,63076.4,63374.6,63048.9,63314.0,185.397337
2026-06-19 23:00:00+00:00,63314.0,63672.7,63271.8,63541.3,318.606842
2026-06-20 00:00:00+00:00,63541.3,63780.0,63467.3,63529.2,354.093473
2026-06-20 01:00:00+00:00,63529.2,63620.8,63400.4,63578.5,195.986064
2026-06-20 02:00:00+00:00,63578.5,63578.5,63331.2,63338.4,206.171147
2026-06-20 03:00:00+00:00,63338.4,63512.4,63319.1,63475.3,149.644076
2026-06-20 04:00:00+00:00,63475.3,63614.7,63399.9,63583.2,146.11677
2026-06-20 05:00:00+00:00,63583.2,63942.2,63541.7,63676.5,308.456951
2026-06-20 06:00:00+00:00,63676.5,63760.7,63642.9,63743.6,123.316753
2026-06-20 07:00:00+00:00,63743.6,63799.9,63596.4,63641.6,340.074151
2026-06-20 08:00:00+00:00,63641.6,63656.1,63385.8,63420.1,316.509597
2026-06-20 09:00:00+00:00,63420.1,63790.5,63420.1,63731.4,192.148773
2026-06-20 10:00:00+00:00,63731.4,63776.2,63595.9,63676.6,139.383023
2026-06-20 11:00:00+00:00,63676.6,63802.8,63618.8,63684.5,148.262088
2026-06-20 12:00:00+00:00,63684.5,63793.7,63542.5,63656.7,248.098913
2026-06-20 13:00:00+00:00,63656.7,63656.7,63277.0,63398.7,298.310432
2026-06-20 14:00:00+00:00,63398.7,64151.7,63191.9,63956.1,645.582009
2026-06-20 15:00:00+00:00,63956.1,64386.9,63839.3,64165.3,454.67273
2026-06-20 16:00:00+00:00,64165.3,64173.6,63906.0,64028.5,228.634701
2026-06-20 17:00:00+00:00,64028.5,64037.6,63733.1,63844.2,316.129162
2026-06-20 18:00:00+00:00,63844.2,63932.7,63781.2,63807.9,101.986986
2026-06-20 19:00:00+00:00,63807.9,63967.7,63798.7,63940.5,139.127468
2026-06-20 20:00:00+00:00,63940.5,63980.5,63856.7,63931.2,90.022911
2026-06-20 21:00:00+00:00,63931.2,64097.5,63924.6,64016.7,135.480939
2026-06-20 22:00:00+00:00,64016.7,64354.3,63982.7,64272.1,250.539273
2026-06-20 23:00:00+00:00,64272.1,64338.0,64252.6,64298.6,146.611969
2026-06-21 00:00:00+00:00,64298.6,64328.1,64231.8,64295.1,142.060448
2026-06-21 01:00:00+00:00,64295.1,64327.3,64212.7,64249.2,133.094994
2026-06-21 02:00:00+00:00,64249.2,64276.0,64217.3,64244.5,66.521467
2026-06-21 03:00:00+00:00,64244.5,64477.9,64231.8,64424.9,189.693998
2026-06-21 04:00:00+00:00,64424.9,64590.5,64266.0,64281.8,210.689244
2026-06-21 05:00:00+00:00,64281.8,64370.9,64200.0,64252.1,178.916439
2026-06-21 06:00:00+00:00,64252.1,64324.5,64195.6,64302.4,93.952249
2026-06-21 07:00:00+00:00,64302.4,64302.5,64167.8,64187.5,117.571771
2026-06-21 08:00:00+00:00,64187.5,64225.1,63900.0,64017.1,202.014112
2026-06-21 09:00:00+00:00,64017.1,64252.5,63956.3,64207.4,195.909926
2026-06-21 10:00:00+00:00,64207.4,64406.9,64200.5,64363.8,213.685724
2026-06-21 11:00:00+00:00,64363.8,64480.0,64108.0,64167.9,264.545396
2026-06-21 12:00:00+00:00,64167.9,64232.7,63948.3,64191.7,270.398857
2026-06-21 13:00:00+00:00,64191.7,64191.7,64010.1,64142.4,169.958135
2026-06-21 14:00:00+00:00,64142.4,64154.7,63996.9,64145.3,175.702179
2026-06-21 15:00:00+00:00,64145.3,64349.5,64115.9,64220.8,228.149846
2026-06-21 16:00:00+00:00,64220.8,64253.5,64038.5,64145.6,185.437147
2026-06-21 17:00:00+00:00,64145.6,64220.4,64072.9,64146.3,150.65155
2026-06-21 18:00:00+00:00,64146.3,64235.7,63940.7,64204.7,185.721294
2026-06-21 19:00:00+00:00,64204.7,64300.4,64161.7,64201.3,107.398223
2026-06-21 20:00:00+00:00,64201.3,64265.0,63692.7,63846.3,218.692561
2026-06-21 21:00:00+00:00,63846.3,63962.3,63507.9,63806.2,381.525514
2026-06-21 22:00:00+00:00,63806.2,63865.4,63573.4,63798.8,431.223322
2026-06-21 23:00:00+00:00,63798.8,63798.8,63270.0,63309.3,597.036166
2026-06-22 00:00:00+00:00,63309.3,64096.2,63309.3,63893.2,632.618895
2026-06-22 01:00:00+00:00,63893.2,64832.0,63852.9,64604.5,989.414381
2026-06-22 02:00:00+00:00,64604.5,64670.5,64247.5,64258.2,391.500359
2026-06-22 03:00:00+00:00,64258.2,64463.9,63900.0,63971.5,522.825646
2026-06-22 04:00:00+00:00,63971.5,64118.3,63870.7,64096.5,311.295442
2026-06-22 05:00:00+00:00,64096.5,64339.9,64084.4,64248.4,287.180067
2026-06-22 06:00:00+00:00,64248.4,64331.5,63953.7,63992.5,235.116595
2026-06-22 07:00:00+00:00,63992.5,64398.8,63969.0,64212.9,317.622781
2026-06-22 08:00:00+00:00,64212.9,64350.9,64021.9,64166.4,1324.21898
2026-06-22 09:00:00+00:00,64166.4,64267.4,64052.3,64149.4,328.157708
2026-06-22 10:00:00+00:00,64149.4,64280.1,64074.1,64140.0,208.487031
2026-06-22 11:00:00+00:00,64140.0,64778.3,64099.1,64657.8,861.554969
2026-06-22 12:00:00+00:00,64657.8,65221.6,64579.4,65151.8,975.44552
2026-06-22 13:00:00+00:00,65151.8,65591.2,64951.8,65584.8,904.61432
2026-06-22 14:00:00+00:00,65584.8,65624.7,64830.5,64972.0,724.333621
2026-06-22 15:00:00+00:00,64972.0,65143.1,64751.0,64835.3,560.308548
2026-06-22 16:00:00+00:00,64835.3,64862.6,64516.4,64718.6,548.043935
2026-06-22 17:00:00+00:00,64718.6,64770.0,64387.4,64606.2,438.600778
2026-06-22 18:00:00+00:00,64606.2,64734.4,64311.4,64338.9,365.142459
2026-06-22 19:00:00+00:00,64338.9,64499.7,64271.9,64479.3,497.5205
2026-06-22 20:00:00+00:00,64479.3,64663.0,64358.4,64432.5,350.928248
2026-06-22 21:00:00+00:00,64432.5,64480.5,64142.7,64313.8,247.473391
2026-06-22 22:00:00+00:00,64313.8,64397.1,63801.6,63971.5,566.202372
2026-06-22 23:00:00+00:00,63971.5,64052.0,63876.3,64020.0,355.340336
2026-06-23 00:00:00+00:00,64020.0,64161.4,63829.3,64150.0,445.067076
2026-06-23 01:00:00+00:00,64150.0,64274.2,63888.3,64154.7,486.217195
2026-06-23 02:00:00+00:00,64154.7,64272.7,64039.9,64198.8,285.148115
2026-06-23 03:00:00+00:00,64198.8,64202.8,63964.5,64066.0,257.658342
2026-06-23 04:00:00+00:00,64066.0,64093.0,63613.2,63623.3,396.921456
2026-06-23 05:00:00+00:00,63623.3,63729.8,63354.8,63393.9,669.455994
2026-06-23 06:00:00+00:00,63393.9,63396.9,62563.2,62938.5,1003.735019
2026-06-23 07:00:00+00:00,62938.5,63094.7,62857.8,62889.8,1710.813035
2026-06-23 08:00:00+00:00,62889.8,62973.0,61933.5,62384.6,1687.710585
2026-06-23 09:00:00+00:00,62384.6,62509.4,62340.3,62382.0,373.629945
2026-06-23 10:00:00+00:00,62382.0,62576.2,62239.6,62320.3,441.706829
2026-06-23 11:00:00+00:00,62320.3,62645.5,62320.3,62504.7,557.724014
2026-06-23 12:00:00+00:00,62504.7,62555.9,62187.5,62258.8,510.516952
2026-06-23 13:00:00+00:00,62258.8,62537.6,61954.9,62480.0,904.711702
2026-06-23 14:00:00+00:00,62480.0,62858.6,62400.8,62487.7,770.922513
2026-06-23 15:00:00+00:00,62487.7,62513.5,62194.2,62482.4,737.010131
2026-06-23 16:00:00+00:00,62482.4,62828.0,62417.2,62549.6,622.603286
2026-06-23 17:00:00+00:00,62549.6,62684.4,62328.7,62353.8,441.10997
2026-06-23 18:00:00+00:00,62353.8,62446.9,62100.0,62240.2,457.55659
2026-06-23 19:00:00+00:00,62240.2,62479.0,62229.3,62387.8,571.64848
2026-06-23 20:00:00+00:00,62387.8,62535.9,62375.1,62468.8,291.633811
2026-06-23 21:00:00+00:00,62468.8,62654.9,62468.8,62597.8,280.375657
2026-06-23 22:00:00+00:00,62597.8,62774.0,62520.6,62588.3,290.777352
2026-06-23 23:00:00+00:00,62588.3,62797.5,62490.1,62726.9,274.404824
2026-06-24 00:00:00+00:00,62726.9,63025.6,62726.8,63016.4,458.993211
2026-06-24 01:00:00+00:00,63016.4,63120.5,62773.1,62931.8,418.479763
2026-06-24 02:00:00+00:00,62931.8,63013.1,62603.1,62632.0,488.08829
2026-06-24 03:00:00+00:00,62632.0,62830.7,62460.1,62735.7,387.35048
2026-06-24 04:00:00+00:00,62735.7,62802.9,62529.3,62750.9,308.013347
2026-06-24 05:00:00+00:00,62750.9,63076.8,62708.3,62888.5,361.463918
2026-06-24 06:00:00+00:00,62888.5,62913.2,62728.6,62784.0,284.743058
2026-06-24 07:00:00+00:00,62784.0,62851.6,62609.0,62659.6,1372.802477
2026-06-24 08:00:00+00:00,62659.6,62822.6,62602.4,62803.3,400.320378
2026-06-24 09:00:00+00:00,62803.3,62803.4,62640.4,62683.0,235.53876
2026-06-24 10:00:00+00:00,62683.0,62688.2,62421.0,62448.3,559.018022
2026-06-24 11:00:00+00:00,62448.3,63236.1,62316.4,62916.6,751.425827
2026-06-24 12:00:00+00:00,62916.6,62974.5,62587.1,62618.4,611.582286
2026-06-24 13:00:00+00:00,62618.4,62637.8,61250.0,61328.6,1784.654408
2026-06-24 14:00:00+00:00,61328.6,61460.0,60882.0,61105.6,1676.088426
2026-06-24 15:00:00+00:00,61105.6,61141.7,60258.1,60273.2,1728.639929
2026-06-24 16:00:00+00:00,60273.2,60678.2,59615.1,59842.6,2017.310458
2026-06-24 17:00:00+00:00,59842.6,60057.8,59102.0,59397.8,1816.55103
2026-06-24 18:00:00+00:00,59397.8,59922.0,59302.1,59602.9,1304.712968
2026-06-24 19:00:00+00:00,59602.9,59994.9,59514.7,59956.2,952.236167
2026-06-24 20:00:00+00:00,59956.2,61208.5,59850.0,60959.5,1446.96974
2026-06-24 21:00:00+00:00,60959.5,61136.7,60670.6,61106.2,541.525628
2026-06-24 22:00:00+00:00,61106.2,61266.8,60798.2,60869.1,580.989295
2026-06-24 23:00:00+00:00,60869.1,61106.1,60821.7,61072.4,556.820765
2026-06-25 00:00:00+00:00,61072.4,61162.2,60723.1,60815.1,696.570463
2026-06-25 01:00:00+00:00,60815.1,60990.3,60710.9,60915.3,485.328861
2026-06-25 02:00:00+00:00,60915.3,60965.3,60700.0,60794.4,430.093017
2026-06-25 03:00:00+00:00,60794.4,60901.4,60680.1,60882.6,394.673351
2026-06-25 04:00:00+00:00,60882.6,61408.0,60787.0,61354.5,423.272785
2026-06-25 05:00:00+00:00,61354.5,61825.8,61278.8,61593.8,887.045007
2026-06-25 06:00:00+00:00,61593.8,61849.0,61593.8,61724.3,424.121802
2026-06-25 07:00:00+00:00,61724.3,61961.6,61638.4,61912.2,2075.869155
2026-06-25 08:00:00+00:00,61912.2,61921.8,61677.6,61708.5,383.015309
2026-06-25 09:00:00+00:00,61708.5,61789.9,61606.2,61732.1,290.64715
2026-06-25 10:00:00+00:00,61732.1,61750.6,61262.2,61270.2,477.161774
2026-06-25 11:00:00+00:00,61270.2,61423.0,61060.1,61277.2,688.147885
2026-06-25 12:00:00+00:00,61277.2,61766.4,61071.4,61237.2,990.259315
2026-06-25 13:00:00+00:00,61237.2,61363.6,58112.0,58301.1,2729.103553
2026-06-25 14:00:00+00:00,58301.1,60487.2,58297.0,59472.1,2679.978004
2026-06-25 15:00:00+00:00,59472.1,59654.04,58872.0,59561.3,1354.532251
2026-06-25 16:00:00+00:00,59561.3,60069.1,59156.1,59313.5,930.964438
2026-06-25 17:00:00+00:00,59313.5,59739.7,59139.8,59679.2,780.674087
2026-06-25 18:00:00+00:00,59679.2,59791.8,59358.6,59515.8,749.738925
2026-06-25 19:00:00+00:00,59515.8,59521.9,59168.4,59326.6,670.176369
2026-06-25 20:00:00+00:00,59326.6,59745.4,59323.9,59456.3,549.806093
2026-06-25 21:00:00+00:00,59456.3,60260.7,59451.5,60211.5,474.284669
2026-06-25 22:00:00+00:00,60211.5,60211.5,59736.3,59843.3,507.002139
2026-06-25 23:00:00+00:00,59843.3,60195.1,59742.6,59796.0,456.839244
2026-06-26 00:00:00+00:00,59796.0,59905.5,59635.6,59666.6,570.619585
2026-06-26 01:00:00+00:00,59666.6,59785.5,59226.0,59432.3,560.974819
2026-06-26 02:00:00+00:00,59432.3,59457.2,58358.4,58564.5,977.106787
2026-06-26 03:00:00+00:00,58564.5,60120.3,58324.3,60034.5,995.803771
2026-06-26 04:00:00+00:00,60034.5,60235.1,59833.3,59920.9,590.673092
2026-06-26 05:00:00+00:00,59920.9,60048.6,59732.2,59941.5,529.723933
2026-06-26 06:00:00+00:00,59941.5,60458.2,59681.9,60326.4,637.016476
2026-06-26 07:00:00+00:00,60326.4,60763.1,60276.9,60518.6,944.404629
2026-06-26 08:00:00+00:00,60518.6,60576.5,60148.6,60242.8,533.248001
2026-06-26 09:00:00+00:00,60242.8,60257.9,59580.1,59732.0,688.212292
2026-06-26 10:00:00+00:00,59732.0,59855.8,59242.8,59321.1,664.904548
2026-06-26 11:00:00+00:00,59321.1,59590.6,59263.9,59416.3,633.545264
2026-06-26 12:00:00+00:00,59416.3,60010.0,58968.4,59189.8,1013.930156
2026-06-26 13:00:00+00:00,59189.8,60210.8,58491.9,60171.7,1366.492819
2026-06-26 14:00:00+00:00,60171.7,60299.5,59377.5,59590.4,931.207409
2026-06-26 15:00:00+00:00,59590.4,60502.5,59582.9,60324.5,856.497825
2026-06-26 16:00:00+00:00,60324.5,60597.9,59952.0,60042.7,741.221773
2026-06-26 17:00:00+00:00,60042.7,60291.4,59951.4,60024.2,719.029396
2026-06-26 18:00:00+00:00,60024.2,60155.6,59557.0,59668.6,691.380306
2026-06-26 19:00:00+00:00,59668.6,60105.5,59611.1,59763.4,784.970151
2026-06-26 20:00:00+00:00,59763.4,60005.7,59551.7,59718.5,579.34927
2026-06-26 21:00:00+00:00,59718.5,60052.1,59677.8,59918.1,314.981145
2026-06-26 22:00:00+00:00,59918.1,60083.2,59752.7,60045.8,283.659893
2026-06-26 23:00:00+00:00,60045.8,60118.5,59927.4,60103.9,245.079304
2026-06-27 00:00:00+00:00,60103.9,60196.0,59873.5,60056.6,222.498868
2026-06-27 01:00:00+00:00,60056.6,60069.1,59931.6,59946.9,119.009389
2026-06-27 02:00:00+00:00,59946.9,60378.0,59916.4,60287.2,392.845498
2026-06-27 03:00:00+00:00,60287.2,60414.9,60163.5,60300.5,282.552736
2026-06-27 04:00:00+00:00,60300.5,60483.1,60215.3,60241.0,271.078351
2026-06-27 05:00:00+00:00,60241.0,60310.5,60133.6,60235.4,225.632144
2026-06-27 06:00:00+00:00,60235.4,60499.0,60110.7,60368.7,269.573726
2026-06-27 07:00:00+00:00,60368.7,60574.9,60293.2,60545.1,280.040534
2026-06-27 08:00:00+00:00,60545.1,60545.2,60373.1,60453.5,261.747842
2026-06-27 09:00:00+00:00,60453.5,60511.0,60293.2,60420.8,228.043361
2026-06-27 10:00:00+00:00,60420.8,60488.3,60377.3,60419.2,125.747289
2026-06-27 11:00:00+00:00,60419.2,60455.6,60198.5,60366.8,258.776927
2026-06-27 12:00:00+00:00,60366.8,60432.7,60259.4,60422.8,195.066403
2026-06-27 13:00:00+00:00,60422.8,60666.1,60386.4,60579.6,277.663321
2026-06-27 14:00:00+00:00,60579.6,60726.9,60506.2,60614.0,272.979437
2026-06-27 15:00:00+00:00,60614.0,60942.2,60566.0,60840.2,448.458544
2026-06-27 16:00:00+00:00,60840.2,60854.9,60669.9,60810.6,271.282296
2026-06-27 17:00:00+00:00,60810.6,60819.0,60410.9,60524.6,536.826413
2026-06-27 18:00:00+00:00,60524.6,60568.9,60448.0,60564.7,532.23006
2026-06-27 19:00:00+00:00,60564.7,60598.6,60067.9,60170.5,1011.408622
2026-06-27 20:00:00+00:00,60170.5,60302.7,60170.4,60295.2,457.891778
2026-06-27 21:00:00+00:00,60295.2,60482.8,60134.2,60194.2,791.248837
2026-06-27 22:00:00+00:00,60194.2,60256.4,59846.6,60227.1,1128.110531
2026-06-27 23:00:00+00:00,60227.1,60314.5,59939.4,60023.7,1077.219695
2026-06-28 00:00:00+00:00,60023.7,60186.7,60012.6,60144.2,744.261056
2026-06-28 01:00:00+00:00,60144.2,60274.4,59979.0,60214.2,758.101278
2026-06-28 02:00:00+00:00,60214.2,60340.7,60044.9,60152.6,596.715681
2026-06-28 03:00:00+00:00,60152.6,60277.8,60152.6,60198.9,481.480273
2026-06-28 04:00:00+00:00,60198.9,60230.2,60084.8,60131.0,428.256218
2026-06-28 05:00:00+00:00,60131.0,60139.5,59746.2,59987.0,821.463327
2026-06-28 06:00:00+00:00,59987.0,60026.2,59803.3,60000.3,626.784783
2026-06-28 07:00:00+00:00,60000.3,60264.0,59997.0,60216.8,552.307142
2026-06-28 08:00:00+00:00,60216.8,60552.1,60136.1,60369.9,681.900902
2026-06-28 09:00:00+00:00,60369.9,60473.4,60249.0,60256.5,627.394714
2026-06-28 10:00:00+00:00,60256.5,60293.8,60057.3,60161.2,502.10475
2026-06-28 11:00:00+00:00,60161.2,60376.7,60117.2,60339.3,675.140579
2026-06-28 12:00:00+00:00,60339.3,60460.4,60189.1,60293.6,645.722703
2026-06-28 13:00:00+00:00,60293.6,60293.7,59966.0,60070.4,850.721057
2026-06-28 14:00:00+00:00,60070.4,60257.1,60009.3,60026.0,699.227182
2026-06-28 15:00:00+00:00,60026.0,60135.9,59814.2,59889.9,885.023886
2026-06-28 16:00:00+00:00,59889.9,59943.1,59584.4,59688.9,1021.802856
2026-06-28 17:00:00+00:00,59688.9,59847.4,59396.1,59580.5,542.722333
2026-06-28 18:00:00+00:00,59580.5,59701.1,59501.6,59611.4,227.915981
2026-06-28 19:00:00+00:00,59611.4,59687.5,59264.0,59480.2,317.16629
2026-06-28 20:00:00+00:00,59480.2,59771.5,59471.9,59653.6,193.721422
2026-06-28 21:00:00+00:00,59653.6,59795.6,59325.7,59441.8,214.998531
2026-06-28 22:00:00+00:00,59441.8,59906.6,58887.8,59067.2,535.820365
2026-06-28 23:00:00+00:00,59067.2,59846.4,59006.0,59575.1,662.620896
2026-06-29 00:00:00+00:00,59575.1,59704.9,59000.4,59665.9,584.402497
2026-06-29 01:00:00+00:00,59665.9,59702.3,59200.4,59437.0,499.756091
2026-06-29 02:00:00+00:00,59437.0,59811.3,58886.6,59752.1,540.962355
2026-06-29 03:00:00+00:00,59752.1,60232.3,59752.1,60048.4,383.57639
2026-06-29 04:00:00+00:00,60048.4,60057.1,59741.2,59829.2,283.155683
2026-06-29 05:00:00+00:00,59829.2,60102.3,59385.1,60102.3,480.675051
2026-06-29 06:00:00+00:00,60102.3,60347.2,60048.9,60075.3,433.86061
2026-06-29 07:00:00+00:00,60075.3,60189.9,59928.4,60006.0,507.939032
2026-06-29 08:00:00+00:00,60006.0,60080.9,59730.9,59839.1,2977.587103
2026-06-29 09:00:00+00:00,59839.1,60115.0,59779.0,60063.0,529.7471
2026-06-29 10:00:00+00:00,60063.0,60324.5,60063.0,60094.2,615.185762
2026-06-29 11:00:00+00:00,60094.2,60233.6,59800.3,59960.8,478.849347
2026-06-29 12:00:00+00:00,59960.8,60799.2,59592.3,59952.7,1405.85214
2026-06-29 13:00:00+00:00,59952.7,60347.9,59326.3,59575.0,868.302511
2026-06-29 14:00:00+00:00,59575.0,59699.9,58999.4,59466.9,853.433641
2026-06-29 15:00:00+00:00,59466.9,59959.5,59088.0,59821.3,745.044265
2026-06-29 16:00:00+00:00,59821.3,60014.6,59584.5,59889.3,475.068718
2026-06-29 17:00:00+00:00,59889.3,60691.1,59889.3,60412.2,700.150227
2026-06-29 18:00:00+00:00,60412.2,60521.2,60191.8,60298.8,456.25072
2026-06-29 19:00:00+00:00,60298.8,60559.3,60159.2,60434.4,415.919369
2026-06-29 20:00:00+00:00,60434.4,60553.1,60298.8,60298.8,317.084372
2026-06-29 21:00:00+00:00,60298.8,60595.7,60260.4,60485.7,206.00923
2026-06-29 22:00:00+00:00,60485.7,60528.1,60352.9,60356.5,215.095239
2026-06-29 23:00:00+00:00,60356.5,60383.1,60199.1,60259.6,235.823381
2026-06-30 00:00:00+00:00,60259.6,60279.3,59691.3,59836.7,614.18347
2026-06-30 01:00:00+00:00,59836.7,60052.8,59771.6,59938.6,462.628039
2026-06-30 02:00:00+00:00,59938.6,60043.7,59748.8,59943.2,259.698488
2026-06-30 03:00:00+00:00,59943.2,60022.0,59593.8,59616.3,281.579469
2026-06-30 04:00:00+00:00,59616.3,59694.3,59420.8,59486.8,427.260235
2026-06-30 05:00:00+00:00,59486.8,59654.2,59353.7,59651.7,317.222888
2026-06-30 06:00:00+00:00,59651.7,59720.0,59509.5,59594.4,249.758547
2026-06-30 07:00:00+00:00,59594.4,59634.2,59428.0,59523.8,598.95555
2026-06-30 08:00:00+00:00,59523.8,59556.4,59185.1,59308.8,649.165346
2026-06-30 09:00:00+00:00,59308.8,59418.8,59250.0,59372.9,268.177504
2026-06-30 10:00:00+00:00,59372.9,59420.9,59285.1,59327.6,201.285132
2026-06-30 11:00:00+00:00,59327.6,59416.4,59123.1,59186.8,229.802321
2026-06-30 12:00:00+00:00,59186.8,59189.4,58377.8,58401.6,728.999896
2026-06-30 13:00:00+00:00,58401.6,58806.9,58222.5,58735.6,814.714573
2026-06-30 14:00:00+00:00,58735.6,59276.4,58430.9,58488.5,829.565068
2026-06-30 15:00:00+00:00,58488.5,58797.5,58195.1,58383.3,659.000774
2026-06-30 16:00:00+00:00,58383.3,58636.5,58256.7,58499.7,571.652924
2026-06-30 17:00:00+00:00,58499.7,58623.5,58314.3,58424.8,427.872744
2026-06-30 18:00:00+00:00,58424.8,58707.1,58359.4,58686.8,409.559819
2026-06-30 19:00:00+00:00,58686.8,58844.0,58582.2,58827.6,460.567485
2026-06-30 20:00:00+00:00,58827.6,58879.7,58648.1,58734.2,223.349888
2026-06-30 21:00:00+00:00,58734.2,58775.5,58510.6,58642.8,246.17787
2026-06-30 22:00:00+00:00,58642.8,58818.8,58514.0,58605.3,159.884619
2026-06-30 23:00:00+00:00,58605.3,58667.3,58548.6,58631.0,156.333876
2026-07-01 00:00:00+00:00,58631.0,58748.1,58311.0,58576.6,406.02565
2026-07-01 01:00:00+00:00,58576.6,59017.0,57802.2,58770.0,1081.766822
2026-07-01 02:00:00+00:00,58770.0,59175.9,58670.2,59090.3,454.77871
2026-07-01 03:00:00+00:00,59090.3,59339.1,58846.2,59202.9,658.425123
2026-07-01 04:00:00+00:00,59202.9,59468.7,59064.6,59343.2,404.378863
2026-07-01 05:00:00+00:00,59343.2,59380.5,59127.7,59157.1,356.185836
2026-07-01 06:00:00+00:00,59157.1,59160.7,58536.1,58765.7,525.733005
2026-07-01 07:00:00+00:00,58765.7,58828.7,58602.7,58770.6,308.812158
2026-07-01 08:00:00+00:00,58770.6,58989.8,58500.1,58976.5,512.661884
2026-07-01 09:00:00+00:00,58976.5,59097.7,58819.2,58945.1,374.289124
2026-07-01 10:00:00+00:00,58945.1,58948.5,58622.1,58661.2,459.184091
2026-07-01 11:00:00+00:00,58661.2,58760.2,58552.7,58619.0,563.739696
2026-07-01 12:00:00+00:00,58619.0,58680.7,58323.4,58525.4,587.083756
2026-07-01 13:00:00+00:00,58525.4,59509.0,58522.9,59492.0,946.09608
2026-07-01 14:00:00+00:00,59492.0,60097.1,59276.1,59544.9,794.202373
2026-07-01 15:00:00+00:00,59544.9,60545.2,59518.3,60149.3,1088.509219
2026-07-01 16:00:00+00:00,60149.3,60269.1,59867.3,59924.7,704.157833
2026-07-01 17:00:00+00:00,59924.7,60242.8,59785.2,60193.9,793.131204
2026-07-01 18:00:00+00:00,60193.9,60306.5,60024.2,60174.1,694.051378
2026-07-01 19:00:00+00:00,60174.1,60357.1,59992.0,60033.4,663.033153
2026-07-01 20:00:00+00:00,60033.4,60199.3,59863.8,60129.6,561.120645
2026-07-01 21:00:00+00:00,60129.6,60854.8,60126.2,60812.8,607.476105
2026-07-01 22:00:00+00:00,60812.8,61343.6,60346.3,60477.3,808.462085
2026-07-01 23:00:00+00:00,60477.3,60477.3,59982.1,60027.7,699.509631
2026-07-02 00:00:00+00:00,60027.7,60033.3,59590.7,59752.5,820.596641
2026-07-02 01:00:00+00:00,59752.5,60332.4,59721.1,60178.9,745.445043
2026-07-02 02:00:00+00:00,60178.9,60498.3,60015.9,60420.6,640.939433
2026-07-02 03:00:00+00:00,60420.6,61128.3,60302.7,61065.0,786.892626
2026-07-02 04:00:00+00:00,61065.0,61065.0,60732.6,60790.4,624.530405
2026-07-02 05:00:00+00:00,60790.4,60881.1,60483.4,60505.8,636.043075
2026-07-02 06:00:00+00:00,60505.8,60657.6,60259.8,60274.4,431.551179
2026-07-02 07:00:00+00:00,60274.4,60318.6,60088.8,60143.2,839.165855
2026-07-02 08:00:00+00:00,60143.2,60553.8,60106.1,60514.2,441.38553
2026-07-02 09:00:00+00:00,60514.2,61430.4,60373.7,61176.1,1173.532763
2026-07-02 10:00:00+00:00,61176.1,61356.9,61045.7,61263.9,560.849795
2026-07-02 11:00:00+00:00,61263.9,61387.8,61128.2,61351.7,606.479727
2026-07-02 12:00:00+00:00,61351.7,61611.5,61144.8,61541.7,909.84427
2026-07-02 13:00:00+00:00,61541.7,62064.4,61501.7,61943.7,1044.492431
2026-07-02 14:00:00+00:00,61943.7,62208.9,61396.6,61702.6,787.030151
2026-07-02 15:00:00+00:00,61702.6,61853.4,61425.1,61608.1,911.418632
2026-07-02 16:00:00+00:00,61608.1,61785.1,61130.8,61676.7,805.822023
2026-07-02 17:00:00+00:00,61676.7,61951.5,61620.2,61668.4,451.461005
2026-07-02 18:00:00+00:00,61668.4,61880.9,61664.1,61759.9,488.710098
2026-07-02 19:00:00+00:00,61759.9,61764.4,61415.4,61470.3,589.144922
2026-07-02 20:00:00+00:00,61470.3,61594.6,61338.8,61576.1,497.274242
2026-07-02 21:00:00+00:00,61576.1,61655.8,61500.1,61585.8,245.177715
2026-07-02 22:00:00+00:00,61585.8,61588.9,61400.0,61463.8,212.072524
2026-07-02 23:00:00+00:00,61463.8,61603.7,61350.2,61557.6,293.680116
2026-07-03 00:00:00+00:00,61557.6,61575.9,61243.9,61301.6,517.930775
2026-07-03 01:00:00+00:00,61301.6,61737.0,61282.1,61585.6,468.352321
2026-07-03 02:00:00+00:00,61585.6,61663.8,61288.8,61430.7,468.990951
2026-07-03 03:00:00+00:00,61430.7,61573.4,61321.0,61431.1,412.129481
2026-07-03 04:00:00+00:00,61431.1,61521.4,61329.0,61438.9,371.44344
2026-07-03 05:00:00+00:00,61438.9,61805.8,61423.7,61697.4,358.846973
2026-07-03 06:00:00+00:00,61697.4,61852.4,61608.7,61705.8,332.801041
2026-07-03 07:00:00+00:00,61705.8,61869.7,61660.5,61757.4,431.037299
2026-07-03 08:00:00+00:00,61757.4,61900.0,61557.0,61585.9,307.753144
2026-07-03 09:00:00+00:00,61585.9,61785.8,61510.1,61715.7,284.915197
2026-07-03 10:00:00+00:00,61715.7,62043.9,61670.1,61916.8,476.986315
2026-07-03 11:00:00+00:00,61916.8,62101.5,61833.1,62022.5,383.45374
2026-07-03 12:00:00+00:00,62022.5,62173.9,61865.8,61983.2,480.196135
2026-07-03 13:00:00+00:00,61983.2,62278.1,61942.4,62116.0,404.711998
2026-07-03 14:00:00+00:00,62116.0,62278.1,61696.4,62166.6,450.133643
2026-07-03 15:00:00+00:00,62166.6,62401.8,61814.8,61924.3,486.396136
2026-07-03 16:00:00+00:00,61924.3,62132.6,61910.7,62108.0,348.738834
2026-07-03 17:00:00+00:00,62108.0,62287.8,62064.9,62201.3,285.562731
2026-07-03 18:00:00+00:00,62201.3,62249.9,62115.8,62206.5,249.772676
2026-07-03 19:00:00+00:00,62206.5,62316.7,62146.3,62207.7,389.248555
2026-07-03 20:00:00+00:00,62207.7,62908.7,62184.6,62777.0,747.71126
2026-07-03 21:00:00+00:00,62777.0,62961.2,62512.2,62730.7,328.999633
2026-07-03 22:00:00+00:00,62730.7,62741.8,62539.3,62573.2,293.803675
2026-07-03 23:00:00+00:00,62573.2,62703.0,62534.8,62585.6,246.762339
2026-07-04 00:00:00+00:00,62585.6,62955.1,62584.7,62758.2,322.232435
2026-07-04 01:00:00+00:00,62758.2,62758.2,62406.2,62473.3,289.73396
2026-07-04 02:00:00+00:00,62473.3,62577.6,62429.0,62540.9,210.9349
2026-07-04 03:00:00+00:00,62540.9,62751.8,62483.4,62633.0,231.940647
2026-07-04 04:00:00+00:00,62633.0,62752.3,62595.5,62681.1,246.523705
2026-07-04 05:00:00+00:00,62681.1,62681.2,62430.8,62469.8,228.34953
2026-07-04 06:00:00+00:00,62469.8,62565.6,62333.4,62498.7,248.27527
2026-07-04 07:00:00+00:00,62498.7,62633.2,62469.6,62570.4,244.950785
2026-07-04 08:00:00+00:00,62570.4,62669.1,62510.2,62549.0,220.636866
2026-07-04 09:00:00+00:00,62549.0,62578.8,62410.3,62487.8,197.580648
2026-07-04 10:00:00+00:00,62487.8,62536.2,62444.4,62509.1,140.145546
2026-07-04 11:00:00+00:00,62509.1,62561.4,62457.4,62486.3,187.551019
2026-07-04 12:00:00+00:00,62486.3,62691.3,62486.3,62661.0,181.093016
2026-07-04 13:00:00+00:00,62661.0,62780.5,62541.9,62586.1,182.211105
2026-07-04 14:00:00+00:00,62586.1,62737.6,62586.1,62697.3,180.806559
2026-07-04 15:00:00+00:00,62697.3,63084.4,62691.2,62935.8,377.38625
2026-07-04 16:00:00+00:00,62935.8,62969.3,62783.8,62920.4,214.583913
2026-07-04 17:00:00+00:00,62920.4,63445.2,62801.8,63274.1,392.014823
2026-07-04 18:00:00+00:00,63274.1,63346.8,63095.1,63164.1,216.638418
2026-07-04 19:00:00+00:00,63164.1,63462.7,63123.2,63293.9,294.14842
2026-07-04 20:00:00+00:00,63293.9,63392.4,63157.6,63234.9,184.558262
2026-07-04 21:00:00+00:00,63234.9,63451.3,63200.0,63300.2,237.325574
2026-07-04 22:00:00+00:00,63300.2,63311.5,63162.5,63194.0,221.703721
2026-07-04 23:00:00+00:00,63194.0,63234.5,62928.3,63143.1,230.359718
2026-07-05 00:00:00+00:00,63143.1,63147.0,62894.5,62985.7,236.590939
2026-07-05 01:00:00+00:00,62985.7,63041.9,62797.2,62888.1,233.729395
2026-07-05 02:00:00+00:00,62888.1,62925.0,62597.0,62696.7,259.86018
2026-07-05 03:00:00+00:00,62696.7,62792.6,62650.9,62768.1,211.085551
2026-07-05 04:00:00+00:00,62768.1,62957.3,62711.5,62815.9,232.971035
2026-07-05 05:00:00+00:00,62815.9,62815.9,62652.7,62742.4,208.873392
2026-07-05 06:00:00+00:00,62742.4,62825.6,62672.1,62779.0,172.286552
2026-07-05 07:00:00+00:00,62779.0,63058.4,62719.8,63020.3,273.665282
2026-07-05 08:00:00+00:00,63020.3,63122.9,62899.4,62913.6,229.96019
2026-07-05 09:00:00+00:00,62913.6,62933.0,62431.6,62622.2,328.435028
2026-07-05 10:00:00+00:00,62622.2,62755.2,62540.3,62752.5,127.04457
2026-07-05 11:00:00+00:00,62752.5,62815.2,62610.9,62651.6,167.555006
2026-07-05 12:00:00+00:00,62651.6,62769.2,62564.7,62741.8,172.257354
2026-07-05 13:00:00+00:00,62741.8,62819.0,62645.7,62792.7,163.720041
2026-07-05 14:00:00+00:00,62792.7,62818.2,62654.3,62810.0,156.977136
2026-07-05 15:00:00+00:00,62810.0,62942.4,62674.7,62740.0,215.47484
2026-07-05 16:00:00+00:00,62740.0,62784.8,62602.5,62641.5,190.417625
2026-07-05 17:00:00+00:00,62641.5,62827.2,62600.5,62633.6,205.519739
2026-07-05 18:00:00+00:00,62633.6,62889.5,62620.5,62821.3,178.668247
2026-07-05 19:00:00+00:00,62821.3,62883.8,62729.4,62774.0,143.703859
2026-07-05 20:00:00+00:00,62774.0,62844.6,62704.0,62735.0,84.939208
2026-07-05 21:00:00+00:00,62735.0,63223.1,62610.8,63094.1,250.224755
2026-07-05 22:00:00+00:00,63094.1,63949.9,63007.9,63739.2,586.535714
2026-07-05 23:00:00+00:00,63739.2,64000.0,63572.6,63642.5,362.926647
2026-07-06 00:00:00+00:00,63642.5,63774.6,63344.8,63754.5,351.859832
2026-07-06 01:00:00+00:00,63754.5,63919.6,63550.6,63572.4,295.703799
2026-07-06 02:00:00+00:00,63572.4,63672.7,63370.4,63453.0,283.322847
2026-07-06 03:00:00+00:00,63453.0,63498.8,63130.3,63298.0,286.059098
2026-07-06 04:00:00+00:00,63298.0,63401.1,63189.6,63265.0,224.275615
2026-07-06 05:00:00+00:00,63265.0,63265.4,62944.3,63110.7,311.092327
2026-07-06 06:00:00+00:00,63110.7,63152.3,62973.4,62985.2,233.645827
2026-07-06 07:00:00+00:00,62985.2,63121.0,62886.6,63089.1,244.148276
2026-07-06 08:00:00+00:00,63089.1,63244.9,62826.8,62899.2,251.911013
2026-07-06 09:00:00+00:00,62899.2,62911.0,62625.0,62660.9,278.302889
2026-07-06 10:00:00+00:00,62660.9,63037.9,62660.8,62820.8,238.736205
2026-07-06 11:00:00+00:00,62820.8,62999.9,62484.4,62484.4,335.549173
2026-07-06 12:00:00+00:00,62484.4,62489.5,61669.4,61752.9,1212.287582
2026-07-06 13:00:00+00:00,61752.9,62029.6,61308.8,61765.3,938.330094
2026-07-06 14:00:00+00:00,61765.3,62402.7,61697.1,62044.9,540.801787
2026-07-06 15:00:00+00:00,62044.9,63548.9,62044.9,63543.4,867.697206
2026-07-06 16:00:00+00:00,63543.4,63862.9,63380.1,63735.3,646.725954
2026-07-06 17:00:00+00:00,63735.3,63983.2,63570.5,63590.0,406.858765
2026-07-06 18:00:00+00:00,63590.0,63891.4,63557.4,63700.9,238.893293
2026-07-06 19:00:00+00:00,63700.9,63893.3,63658.5,63740.6,189.082038
2026-07-06 20:00:00+00:00,63740.6,63896.2,63592.2,63825.2,234.294666
2026-07-06 21:00:00+00:00,63825.2,64704.8,63810.4,64487.8,634.882269
2026-07-06 22:00:00+00:00,64487.8,64503.7,64152.9,64247.7,132.510251
2026-07-06 23:00:00+00:00,64247.7,64340.0,64023.8,64040.5,119.708794
2026-07-07 00:00:00+00:00,64040.5,64312.1,63999.0,64200.7,215.000675
2026-07-07 01:00:00+00:00,64200.7,64200.7,63771.9,63836.3,263.470973
2026-07-07 02:00:00+00:00,63836.3,63908.4,63286.7,63329.3,285.293691
2026-07-07 03:00:00+00:00,63329.3,63418.1,63151.1,63188.0,204.177109
2026-07-07 04:00:00+00:00,63188.0,63292.1,63053.6,63097.8,205.939837
2026-07-07 05:00:00+00:00,63097.8,63261.4,62794.7,63127.5,248.926478
2026-07-07 06:00:00+00:00,63127.5,63404.6,62986.8,63341.8,214.548843
2026-07-07 07:00:00+00:00,63341.8,63444.4,63075.0,63086.9,181.041086
2026-07-07 08:00:00+00:00,63086.9,63185.6,62978.5,63107.0,256.636591
2026-07-07 09:00:00+00:00,63107.0,63349.9,63061.0,63255.6,166.947553
2026-07-07 10:00:00+00:00,63255.6,63479.9,63230.2,63284.9,225.049965
2026-07-07 11:00:00+00:00,63284.9,63455.0,63109.7,63403.7,208.173016
2026-07-07 12:00:00+00:00,63403.7,63875.5,63397.3,63483.7,301.309582
2026-07-07 13:00:00+00:00,63483.7,63483.7,62983.9,63068.5,472.552786
2026-07-07 14:00:00+00:00,63068.5,63635.4,62673.9,63562.8,580.092169
2026-07-07 15:00:00+00:00,63562.8,64121.5,63380.0,63942.4,544.539966
2026-07-07 16:00:00+00:00,63942.4,64249.9,63810.8,63992.7,384.11824
2026-07-07 17:00:00+00:00,63992.7,64245.9,63903.2,64198.5,280.178688
2026-07-07 18:00:00+00:00,64198.5,64199.3,63674.8,63688.2,348.568446
2026-07-07 19:00:00+00:00,63688.2,63904.7,63387.9,63831.1,351.310468
2026-07-07 20:00:00+00:00,63831.1,63910.3,63616.0,63697.5,147.040349
2026-07-07 21:00:00+00:00,63697.5,63867.8,63325.0,63428.4,224.918672
2026-07-07 22:00:00+00:00,63428.4,63662.8,63219.0,63547.6,218.098308
2026-07-07 23:00:00+00:00,63547.6,63713.4,63318.6,63363.9,119.735858
2026-07-08 00:00:00+00:00,63363.9,63760.4,63306.1,63613.4,223.883603
2026-07-08 01:00:00+00:00,63613.4,63650.9,62919.2,63036.9,302.271713
2026-07-08 02:00:00+00:00,63036.9,63069.8,62530.0,62984.7,372.593238
2026-07-08 03:00:00+00:00,62984.7,63099.3,62701.9,62773.3,202.825639
2026-07-08 04:00:00+00:00,62773.3,62908.9,62677.3,62800.9,225.46949
2026-07-08 05:00:00+00:00,62800.9,62878.9,62548.9,62635.5,226.228244
2026-07-08 06:00:00+00:00,62635.5,62749.3,62474.1,62659.6,230.510208
2026-07-08 07:00:00+00:00,62659.6,62900.9,62550.9,62886.0,243.146379
2026-07-08 08:00:00+00:00,62886.0,62942.5,61854.2,62020.0,839.888825
2026-07-08 09:00:00+00:00,62020.0,62168.4,61735.7,62053.6,567.01675
2026-07-08 10:00:00+00:00,62053.6,62191.4,61898.6,62181.3,231.352465
2026-07-08 11:00:00+00:00,62181.3,62391.8,62054.6,62300.0,252.002337
2026-07-08 12:00:00+00:00,62300.0,62424.3,61959.0,61959.0,274.926851
2026-07-08 13:00:00+00:00,61959.0,62091.6,61627.5,61944.9,519.029436
2026-07-08 14:00:00+00:00,61944.9,62179.2,61713.9,61892.7,462.931223
2026-07-08 15:00:00+00:00,61892.7,61925.6,61541.2,61698.9,410.089935
2026-07-08 16:00:00+00:00,61698.9,62150.0,61685.3,62112.2,353.497305
2026-07-08 17:00:00+00:00,62112.2,62399.2,62029.7,62112.2,346.921001
2026-07-08 18:00:00+00:00,62112.2,62354.5,62040.1,62185.9,292.392255
2026-07-08 19:00:00+00:00,62185.9,62298.5,62067.3,62282.6,266.458272
2026-07-08 20:00:00+00:00,62282.6,62309.7,62084.7,62113.8,197.18224
2026-07-08 21:00:00+00:00,62113.8,62254.4,61959.1,62192.7,218.132947
2026-07-08 22:00:00+00:00,62192.7,62360.1,62176.2,62331.6,133.633147
2026-07-08 23:00:00+00:00,62331.6,62351.5,62175.1,62290.3,126.519462
2026-07-09 00:00:00+00:00,62290.3,62319.9,62058.9,62132.3,175.751847
2026-07-09 01:00:00+00:00,62132.3,62649.3,61842.9,61908.4,421.305894
2026-07-09 02:00:00+00:00,61908.4,62121.1,61697.5,61780.7,237.28959
2026-07-09 03:00:00+00:00,61780.7,62063.5,61722.8,61971.9,191.928236
2026-07-09 04:00:00+00:00,61971.9,62467.8,61957.1,62455.3,202.130982
2026-07-09 05:00:00+00:00,62455.3,62639.6,62240.0,62597.4,343.07346
2026-07-09 06:00:00+00:00,62597.4,62982.6,62487.5,62957.8,338.225125
2026-07-09 07:00:00+00:00,62957.8,63286.1,62801.8,63010.7,449.624479
2026-07-09 08:00:00+00:00,63010.7,63091.9,62854.5,62901.9,252.210541
2026-07-09 09:00:00+00:00,62901.9,62998.8,62787.8,62951.9,196.670062
2026-07-09 10:00:00+00:00,62951.9,63058.3,62683.0,62785.1,195.391922
2026-07-09 11:00:00+00:00,62785.1,62833.2,62613.9,62782.4,211.605862
2026-07-09 12:00:00+00:00,62782.4,62961.1,62463.1,62612.4,1620.859571
2026-07-09 13:00:00+00:00,62612.4,63252.5,62516.5,63027.9,413.354373
2026-07-09 14:00:00+00:00,63027.9,63145.5,62660.8,63017.0,380.012972
2026-07-09 15:00:00+00:00,63017.0,63266.0,62810.5,62864.5,361.480883
2026-07-09 16:00:00+00:00,62864.5,62995.8,62556.1,62694.2,348.26882
2026-07-09 17:00:00+00:00,62694.2,63164.5,62662.4,63137.9,324.681269
2026-07-09 18:00:00+00:00,63137.9,63495.2,63070.3,63216.1,375.007431
2026-07-09 19:00:00+00:00,63216.1,63376.7,63151.7,63243.5,215.314507
2026-07-09 20:00:00+00:00,63243.5,63324.5,63176.7,63312.5,125.523979
2026-07-09 21:00:00+00:00,63312.5,63395.9,63207.9,63268.0,162.386677
2026-07-09 22:00:00+00:00,63268.0,63420.0,63211.4,63215.2,183.747054
2026-07-09 23:00:00+00:00,63215.2,63325.4,63055.7,63223.1,196.564119
2026-07-10 00:00:00+00:00,63223.1,63250.3,62917.5,63113.7,258.548974
2026-07-10 01:00:00+00:00,63113.7,63949.7,62955.9,63749.2,437.125254
2026-07-10 02:00:00+00:00,63749.2,64056.5,63693.1,63972.6,420.134411
2026-07-10 03:00:00+00:00,63972.6,64053.1,63827.4,63959.1,260.961047
2026-07-10 04:00:00+00:00,63959.1,64191.2,63866.3,64052.6,289.95546
2026-07-10 05:00:00+00:00,64052.6,64206.9,63950.1,64124.7,195.988682
2026-07-10 06:00:00+00:00,64124.7,64166.3,63840.3,63864.5,173.258105
2026-07-10 07:00:00+00:00,63864.5,64021.6,63808.6,63981.9,266.065922
2026-07-10 08:00:00+00:00,63981.9,64399.9,63967.3,64244.1,361.54296
2026-07-10 09:00:00+00:00,64244.1,64487.4,64103.5,64389.9,311.751219
2026-07-10 10:00:00+00:00,64389.9,64499.3,64274.1,64406.1,185.480875
2026-07-10 11:00:00+00:00,64406.1,64483.6,64342.2,64428.9,162.942791
2026-07-10 12:00:00+00:00,64428.9,64616.9,64273.2,64290.9,320.840208
2026-07-10 13:00:00+00:00,64290.9,64699.0,64151.4,64484.9,490.135163
2026-07-10 14:00:00+00:00,64484.9,64520.6,63799.7,63921.7,578.785971
2026-07-10 15:00:00+00:00,63921.7,64220.2,63900.1,64046.8,520.465931
2026-07-10 16:00:00+00:00,64046.8,64226.9,63826.3,64148.3,381.420203
2026-07-10 17:00:00+00:00,64148.3,64165.4,63828.0,63830.0,261.443895
2026-07-10 18:00:00+00:00,63830.0,64033.1,63740.3,63813.6,250.392068
2026-07-10 19:00:00+00:00,63813.6,64048.4,63779.4,63924.0,328.735486
2026-07-10 20:00:00+00:00,63924.0,63936.0,63663.3,63843.0,319.293835
2026-07-10 21:00:00+00:00,63843.0,64100.0,63837.9,64018.2,173.191611
2026-07-10 22:00:00+00:00,64018.2,64173.9,63990.0,64120.7,164.333235
2026-07-10 23:00:00+00:00,64120.7,64216.2,64024.8,64166.9,154.622499
2026-07-11 00:00:00+00:00,64166.9,64175.2,64032.3,64126.9,116.5201
2026-07-11 01:00:00+00:00,64126.9,64316.3,64008.3,64016.8,153.496109
2026-07-11 02:00:00+00:00,64016.8,64173.8,63985.7,64164.4,76.636188
2026-07-11 03:00:00+00:00,64164.4,64203.7,64070.4,64156.8,86.540427
2026-07-11 04:00:00+00:00,64156.8,64219.5,64082.5,64160.6,90.116089
2026-07-11 05:00:00+00:00,64160.6,64231.6,64124.2,64177.3,90.711463
2026-07-11 06:00:00+00:00,64177.3,64287.8,64129.0,64228.1,93.321647
2026-07-11 07:00:00+00:00,64228.1,64266.0,64158.9,64168.0,99.029878
2026-07-11 08:00:00+00:00,64168.0,64318.4,64162.6,64274.4,100.020788
2026-07-11 09:00:00+00:00,64274.4,64311.1,64170.0,64181.4,131.384888
2026-07-11 10:00:00+00:00,64181.4,64221.4,64149.5,64206.7,82.753766
2026-07-11 11:00:00+00:00,64206.7,64229.9,64175.7,64214.7,108.634218
2026-07-11 12:00:00+00:00,64214.7,64247.6,64149.1,64204.6,106.104789
2026-07-11 13:00:00+00:00,64204.6,64280.8,64178.6,64250.0,98.015603
2026-07-11 14:00:00+00:00,64250.0,64519.9,64250.0,64355.7,186.932343
2026-07-11 15:00:00+00:00,64355.7,64497.6,63900.6,64180.8,366.587212
2026-07-11 16:00:00+00:00,64180.8,64283.9,64090.5,64182.4,189.195168
2026-07-11 17:00:00+00:00,64182.4,64406.3,64167.3,64324.6,119.663357
2026-07-11 18:00:00+00:00,64324.6,64400.8,64290.6,64331.8,142.527604
2026-07-11 19:00:00+00:00,64331.8,64345.0,64239.0,64292.8,154.919043
2026-07-11 20:00:00+00:00,64292.8,64468.6,64292.7,64388.1,120.591776
2026-07-11 21:00:00+00:00,64388.1,64431.3,64335.6,64354.0,100.678544
2026-07-11 22:00:00+00:00,64354.0,64434.2,64150.0,64201.5,229.09317
2026-07-11 23:00:00+00:00,64201.5,64253.5,63818.7,63818.7,451.067458
2026-07-12 00:00:00+00:00,63818.7,63915.9,63699.5,63833.5,474.09981
2026-07-12 01:00:00+00:00,63833.5,64174.2,63816.9,64132.6,346.969501
2026-07-12 02:00:00+00:00,64132.6,64139.5,64036.3,64079.1,209.208923
2026-07-12 03:00:00+00:00,64079.1,64225.2,64040.3,64225.2,183.653788
2026-07-12 04:00:00+00:00,64225.2,64247.3,63941.4,63997.9,224.456282
2026-07-12 05:00:00+00:00,63997.9,64023.7,63903.4,63966.5,137.366008
2026-07-12 06:00:00+00:00,63966.5,63966.5,63636.4,63762.7,353.080977
2026-07-12 07:00:00+00:00,63762.7,63903.5,63740.8,63887.3,150.029426
2026-07-12 08:00:00+00:00,63887.3,64106.0,63886.4,63981.8,206.835844
2026-07-12 09:00:00+00:00,63981.8,64045.4,63765.8,63960.7,225.598027
2026-07-12 10:00:00+00:00,63960.7,63960.7,63840.6,63867.7,131.02288
2026-07-12 11:00:00+00:00,63867.7,64033.7,63826.0,64014.1,157.893253
2026-07-12 12:00:00+00:00,64014.1,64135.2,63974.9,64023.4,191.493263
2026-07-12 13:00:00+00:00,64023.4,64108.7,63993.2,64023.1,168.230977
2026-07-12 14:00:00+00:00,64023.1,64296.8,63961.8,64205.1,193.682391
2026-07-12 15:00:00+00:00,64205.1,64271.0,64121.1,64180.4,248.337028
2026-07-12 16:00:00+00:00,64180.4,64208.4,64043.7,64175.2,191.259353
2026-07-12 17:00:00+00:00,64175.2,64176.5,64027.0,64078.8,110.175644
2026-07-12 18:00:00+00:00,64078.8,64148.3,64015.5,64147.8,108.448632
2026-07-12 19:00:00+00:00,64147.8,64275.7,64147.7,64232.7,116.961853
2026-07-12 20:00:00+00:00,64232.7,64257.9,64175.6,64203.7,110.933236
2026-07-12 21:00:00+00:00,64203.7,64238.2,63889.2,63923.3,265.032314
2026-07-12 22:00:00+00:00,63923.3,63926.8,63668.1,63886.0,439.830816
2026-07-12 23:00:00+00:00,63886.0,63918.9,63730.6,63781.5,348.878165
2026-07-13 00:00:00+00:00,63781.5,64427.4,63558.2,64072.0,680.42759
2026-07-13 01:00:00+00:00,64072.0,64072.1,63389.5,63411.6,664.052884
2026-07-13 02:00:00+00:00,63411.6,63544.0,63233.7,63372.6,503.0304
2026-07-13 03:00:00+00:00,63372.6,63381.6,62733.2,62804.6,555.815034
2026-07-13 04:00:00+00:00,62804.6,62904.9,62610.0,62668.7,351.501334
2026-07-13 05:00:00+00:00,62668.7,62906.6,62492.7,62790.1,450.137889
2026-07-13 06:00:00+00:00,62790.1,62877.8,62704.2,62792.6,190.137976
2026-07-13 07:00:00+00:00,62792.6,63057.2,62745.1,62983.5,360.305324
2026-07-13 08:00:00+00:00,62983.5,63277.2,62938.5,63200.0,575.752148
2026-07-13 09:00:00+00:00,63200.0,63205.2,63083.4,63095.4,122.689927
2026-07-13 10:00:00+00:00,63095.4,63148.0,62862.6,62868.1,202.191203
2026-07-13 11:00:00+00:00,62868.1,63133.8,62868.1,62905.0,174.020436
2026-07-13 12:00:00+00:00,62905.0,62992.4,62568.8,62623.4,305.311297
2026-07-13 13:00:00+00:00,62623.4,62765.8,62155.7,62318.7,605.068295
2026-07-13 14:00:00+00:00,62318.7,62795.4,62100.0,62790.0,628.859448
2026-07-13 15:00:00+00:00,62790.0,62979.9,62563.8,62614.1,381.154963
2026-07-13 16:00:00+00:00,62614.1,62629.8,62205.6,62272.8,489.621215
2026-07-13 17:00:00+00:00,62272.8,62367.1,61891.8,61900.1,442.540692
2026-07-13 18:00:00+00:00,61900.1,62099.5,61819.5,62020.6,385.052165
2026-07-13 19:00:00+00:00,62020.6,62296.4,61987.3,62284.4,268.045447
2026-07-13 20:00:00+00:00,62284.4,62326.2,62040.8,62206.8,216.748439
2026-07-13 21:00:00+00:00,62206.8,62215.9,61885.4,62062.4,200.291152
2026-07-13 22:00:00+00:00,62062.4,62225.9,61914.4,61926.3,184.779984
2026-07-13 23:00:00+00:00,61926.3,62355.2,61884.6,62336.5,230.209429
2026-07-14 00:00:00+00:00,62336.5,62674.8,62269.7,62555.8,584.39831
2026-07-14 01:00:00+00:00,62555.8,62646.7,62460.0,62534.2,262.109434
2026-07-14 02:00:00+00:00,62534.2,62641.0,62317.1,62546.1,241.367676
2026-07-14 03:00:00+00:00,62546.1,62610.3,62312.1,62573.6,229.411782
2026-07-14 04:00:00+00:00,62573.6,62776.2,62543.6,62748.9,150.518864
2026-07-14 05:00:00+00:00,62748.9,62879.8,62698.1,62732.8,205.222637
2026-07-14 06:00:00+00:00,62732.8,62780.1,62569.7,62624.6,186.328911
2026-07-14 07:00:00+00:00,62624.6,62661.0,62514.5,62552.1,223.864091
2026-07-14 08:00:00+00:00,62552.1,62799.9,62494.0,62709.8,225.07133
2026-07-14 09:00:00+00:00,62709.8,62745.3,62535.0,62628.0,198.961102
2026-07-14 10:00:00+00:00,62628.0,62905.7,62604.7,62797.7,259.397821
2026-07-14 11:00:00+00:00,62797.7,62926.4,62718.9,62847.6,234.546614
2026-07-14 12:00:00+00:00,62847.6,64000.0,62788.6,63967.0,1188.673
2026-07-14 13:00:00+00:00,63967.0,64186.3,63700.0,63838.4,800.965539
2026-07-14 14:00:00+00:00,63838.4,64348.6,63579.3,64297.6,685.928
2026-07-14 15:00:00+00:00,64297.6,64976.1,64198.1,64756.1,967.188681
2026-07-14 16:00:00+00:00,64756.1,64900.3,64611.8,64726.8,475.375673
2026-07-14 17:00:00+00:00,64726.8,64726.8,64268.5,64624.4,513.654776
2026-07-14 18:00:00+00:00,64624.4,64653.0,64477.1,64573.9,242.22453
2026-07-14 19:00:00+00:00,64573.9,64708.2,64485.9,64580.9,256.094403
2026-07-14 20:00:00+00:00,64580.9,64601.2,64418.9,64565.4,186.301856
2026-07-14 21:00:00+00:00,64565.4,64896.0,64524.1,64678.7,216.139343
2026-07-14 22:00:00+00:00,64678.7,65110.7,64514.2,64862.0,485.238868
2026-07-14 23:00:00+00:00,64862.0,65046.5,64775.2,65036.5,203.726092
2026-07-15 00:00:00+00:00,65036.5,65058.1,64770.1,64825.5,387.039416
2026-07-15 01:00:00+00:00,64825.5,64855.6,64646.8,64673.5,274.142689
2026-07-15 02:00:00+00:00,64673.5,64757.1,64481.9,64492.6,179.196284
2026-07-15 03:00:00+00:00,64492.6,64840.2,64492.6,64787.8,168.239954
2026-07-15 04:00:00+00:00,64787.8,64884.9,64710.9,64750.5,144.03669
2026-07-15 05:00:00+00:00,64750.5,64979.2,64609.8,64950.5,197.268064
2026-07-15 06:00:00+00:00,64950.5,65283.0,64814.4,64818.2,414.865156
2026-07-15 07:00:00+00:00,64818.2,64883.9,64484.6,64540.0,635.78168
2026-07-15 08:00:00+00:00,64540.0,64795.1,64540.0,64765.9,265.381875
2026-07-15 09:00:00+00:00,64765.9,64915.0,64650.3,64667.4,204.574087
2026-07-15 10:00:00+00:00,64667.4,64847.1,64612.6,64661.5,198.830973
2026-07-15 11:00:00+00:00,64661.5,64755.4,64613.8,64736.7,151.20368
2026-07-15 12:00:00+00:00,64736.7,65250.0,64603.3,65158.2,577.964097
2026-07-15 13:00:00+00:00,65158.2,65565.4,64885.7,65114.0,785.811849
2026-07-15 14:00:00+00:00,65114.0,65520.9,65061.2,65396.0,535.059818
2026-07-15 15:00:00+00:00,65396.0,65597.7,65259.8,65419.6,434.799179
2026-07-15 16:00:00+00:00,65419.6,65460.5,64778.7,65115.3,570.571356
2026-07-15 17:00:00+00:00,65115.3,65196.1,64972.6,65057.2,413.066697
2026-07-15 18:00:00+00:00,65057.2,65149.7,64850.7,64867.4,276.343933
2026-07-15 19:00:00+00:00,64867.4,65000.4,64740.0,64981.1,212.988602
2026-07-15 20:00:00+00:00,64981.1,65060.8,64901.9,64970.1,139.810495
2026-07-15 21:00:00+00:00,64970.1,65019.3,64793.5,64835.8,180.772343
2026-07-15 22:00:00+00:00,64835.8,64985.7,64778.2,64866.2,165.82195
2026-07-15 23:00:00+00:00,64866.2,64942.5,64689.2,64756.4,177.764071
2026-07-16 00:00:00+00:00,64756.4,64850.9,64504.5,64587.1,505.421592
2026-07-16 01:00:00+00:00,64587.1,64832.1,64394.1,64732.5,329.966425
2026-07-16 02:00:00+00:00,64732.5,64737.7,64580.0,64643.6,159.698498
2026-07-16 03:00:00+00:00,64643.6,64746.5,64551.6,64618.0,167.277191
2026-07-16 04:00:00+00:00,64618.0,64698.9,64543.9,64645.9,150.129851
2026-07-16 05:00:00+00:00,64645.9,64999.9,64607.3,64922.0,270.260306
2026-07-16 06:00:00+00:00,64922.0,64979.6,64627.7,64775.2,194.209659
2026-07-16 07:00:00+00:00,64775.2,64775.2,64076.7,64231.3,423.462087
2026-07-16 08:00:00+00:00,64231.3,64363.9,63887.4,64125.0,493.310287
2026-07-16 09:00:00+00:00,64125.0,64182.7,64012.4,64092.4,203.749221
2026-07-16 10:00:00+00:00,64092.4,64267.8,64075.1,64217.2,137.693186
2026-07-16 11:00:00+00:00,64217.2,64267.5,64096.1,64249.7,212.887692
2026-07-16 12:00:00+00:00,64249.7,64249.9,63855.0,63966.9,390.788652
2026-07-16 13:00:00+00:00,63966.9,64478.6,63956.7,64376.2,462.769734
2026-07-16 14:00:00+00:00,64376.2,64856.7,64333.5,64541.2,591.617799
2026-07-16 15:00:00+00:00,64541.2,64899.2,64318.0,64706.2,425.312269
2026-07-16 16:00:00+00:00,64706.2,64718.7,64334.0,64481.1,379.977333
2026-07-16 17:00:00+00:00,64481.1,64481.1,63989.3,64073.2,374.445804
2026-07-16 18:00:00+00:00,64073.2,64335.0,64053.2,64239.6,235.734569
2026-07-16 19:00:00+00:00,64239.6,64303.4,64144.7,64269.9,213.063243
2026-07-16 20:00:00+00:00,64269.9,64274.9,64107.1,64116.7,106.073404
2026-07-16 21:00:00+00:00,64116.7,64235.0,64100.3,64160.8,104.736302
2026-07-16 22:00:00+00:00,64160.8,64240.9,63947.5,63966.2,227.09704
2026-07-16 23:00:00+00:00,63966.2,64004.1,63745.6,63830.9,259.681877
2026-07-17 00:00:00+00:00,63830.9,63908.6,63611.9,63887.2,569.783162
2026-07-17 01:00:00+00:00,63887.2,64064.4,63473.3,63542.0,426.021255
2026-07-17 02:00:00+00:00,63542.0,63657.8,63384.7,63483.1,274.997148
2026-07-17 03:00:00+00:00,63483.1,63718.8,63481.3,63568.0,236.1936
2026-07-17 04:00:00+00:00,63568.0,63577.8,63312.7,63484.2,209.91492
2026-07-17 05:00:00+00:00,63484.2,63484.2,62804.6,62839.1,488.49832
2026-07-17 06:00:00+00:00,62839.1,62997.9,62700.0,62946.5,400.570114
2026-07-17 07:00:00+00:00,62946.5,62986.4,62796.4,62830.3,586.934092
2026-07-17 08:00:00+00:00,62830.3,62933.6,62655.0,62883.7,329.98534
2026-07-17 09:00:00+00:00,62883.7,63067.5,62855.1,62989.4,206.579055
2026-07-17 10:00:00+00:00,62989.4,63193.4,62989.4,63172.0,205.198763
2026-07-17 11:00:00+00:00,63172.0,63358.0,63061.6,63293.4,221.908365
2026-07-17 12:00:00+00:00,63293.4,63343.3,63061.9,63093.8,238.169998
2026-07-17 13:00:00+00:00,63093.8,63179.9,62531.2,63157.0,646.879485
2026-07-17 14:00:00+00:00,63157.0,63519.2,63081.7,63179.0,632.693607
2026-07-17 15:00:00+00:00,63179.0,63460.1,62855.3,63460.1,511.910204
2026-07-17 16:00:00+00:00,63460.1,63712.9,63318.0,63594.7,417.419185
2026-07-17 17:00:00+00:00,63594.7,64232.9,63594.3,64055.5,476.130347
2026-07-17 18:00:00+00:00,64055.5,64386.1,63889.0,64260.2,325.545059
2026-07-17 19:00:00+00:00,64260.2,64264.4,63980.1,64157.4,263.217089
2026-07-17 20:00:00+00:00,64157.4,64197.3,63962.4,64119.3,196.599801
2026-07-17 21:00:00+00:00,64119.3,64219.9,64068.2,64108.3,110.974574
2026-07-17 22:00:00+00:00,64108.3,64148.9,63922.5,63986.7,91.366831
2026-07-17 23:00:00+00:00,63986.7,64015.2,63885.0,63937.3,81.58169
2026-07-18 00:00:00+00:00,63937.3,64014.1,63893.2,63906.3,163.36836
2026-07-18 01:00:00+00:00,63906.3,64002.5,63890.0,63958.8,108.749607
2026-07-18 02:00:00+00:00,63958.8,64038.1,63932.8,63962.8,124.334676
2026-07-18 03:00:00+00:00,63962.8,64021.8,63929.6,64019.2,95.432284
2026-07-18 04:00:00+00:00,64019.2,64019.2,63943.3,63971.6,67.316112
2026-07-18 05:00:00+00:00,63971.6,63999.0,63929.8,63963.2,80.012212
2026-07-18 06:00:00+00:00,63963.2,64006.3,63949.0,63982.0,51.929651
2026-07-18 07:00:00+00:00,63982.0,64024.1,63982.0,64000.6,205.957359
2026-07-18 08:00:00+00:00,64000.6,64024.6,63931.3,64001.3,243.971997
2026-07-18 09:00:00+00:00,64001.3,64010.9,63935.2,63986.4,69.991563
2026-07-18 10:00:00+00:00,63986.4,64016.1,63985.8,64008.7,34.392016
2026-07-18 11:00:00+00:00,64008.7,64093.3,64008.6,64059.8,40.056817
2026-07-18 12:00:00+00:00,64059.8,64261.3,64051.6,64208.6,164.004992
2026-07-18 13:00:00+00:00,64208.6,64208.6,63956.0,64101.7,185.018218
2026-07-18 14:00:00+00:00,64101.7,64192.0,64087.4,64124.1,93.001796
2026-07-18 15:00:00+00:00,64124.1,64161.4,64031.1,64118.6,90.411906
2026-07-18 16:00:00+00:00,64118.6,64319.8,64087.6,64300.2,150.23034
2026-07-18 17:00:00+00:00,64300.2,64491.8,64273.2,64481.4,217.190543
2026-07-18 18:00:00+00:00,64481.4,64669.3,64456.0,64512.2,212.976608
2026-07-18 19:00:00+00:00,64512.2,64598.1,64476.3,64558.8,116.612589
2026-07-18 20:00:00+00:00,64558.8,64739.8,64503.9,64697.9,172.914526
2026-07-18 21:00:00+00:00,64697.9,64850.0,64613.7,64736.1,143.681285
2026-07-18 22:00:00+00:00,64736.1,64872.8,64712.6,64805.5,136.560515
2026-07-18 23:00:00+00:00,64805.5,64846.8,64714.7,64837.6,105.875748
2026-07-19 00:00:00+00:00,64837.6,64915.7,64763.9,64787.4,155.749917
2026-07-19 01:00:00+00:00,64787.4,64792.1,64764.8,64771.2,63.568308
2026-07-19 02:00:00+00:00,64771.2,64973.0,64700.3,64827.3,247.781662
2026-07-19 03:00:00+00:00,64827.3,64839.7,64629.2,64714.3,171.243657
2026-07-19 04:00:00+00:00,64714.3,64798.5,64620.2,64728.3,139.565974
2026-07-19 05:00:00+00:00,64728.3,64819.9,64680.5,64726.2,79.72786
2026-07-19 06:00:00+00:00,64726.2,64771.2,64704.0,64717.6,73.718802
2026-07-19 07:00:00+00:00,64717.6,64793.0,64684.2,64724.7,124.596146
2026-07-19 08:00:00+00:00,64724.7,64757.7,64635.7,64714.7,131.809002
2026-07-19 09:00:00+00:00,64714.7,64729.5,64507.4,64520.2,129.272921
2026-07-19 10:00:00+00:00,64520.2,64704.0,64486.5,64592.7,132.466291
2026-07-19 11:00:00+00:00,64592.7,64644.1,64444.1,64476.2,134.466302
2026-07-19 12:00:00+00:00,64476.2,64476.2,64281.5,64447.3,223.291952
2026-07-19 13:00:00+00:00,64447.3,64519.5,64305.1,64487.3,151.246369
2026-07-19 14:00:00+00:00,64487.3,64660.0,64423.2,64594.8,174.297786
2026-07-19 15:00:00+00:00,64594.8,64622.6,64500.1,64576.4,102.107828
2026-07-19 16:00:00+00:00,64576.4,64647.0,64502.0,64543.4,129.749294
2026-07-19 17:00:00+00:00,64543.4,64758.8,64410.0,64550.2,217.458442
2026-07-19 18:00:00+00:00,64550.2,64557.3,64285.5,64425.3,209.513385
2026-07-19 19:00:00+00:00,64425.3,64470.2,64348.8,64461.5,104.704727
2026-07-19 20:00:00+00:00,64461.5,64569.5,64461.5,64542.3,112.532586
2026-07-19 21:00:00+00:00,64542.3,64565.4,64350.0,64417.5,147.62408
2026-07-19 22:00:00+00:00,64417.5,64905.0,64345.4,64682.0,452.363129
2026-07-19 23:00:00+00:00,64682.0,64783.9,64575.8,64731.5,227.428834
2026-07-20 00:00:00+00:00,64731.5,65110.9,64415.7,64558.0,385.367164
2026-07-20 01:00:00+00:00,64558.0,65038.2,64504.3,64627.3,342.453067
2026-07-20 02:00:00+00:00,64627.3,64968.9,64585.3,64829.7,323.372176
2026-07-20 03:00:00+00:00,64829.7,64923.5,64643.3,64869.4,287.125731
2026-07-20 04:00:00+00:00,64869.4,64876.0,64534.1,64541.0,222.103356
2026-07-20 05:00:00+00:00,64541.0,64565.4,64075.1,64127.6,391.05683
2026-07-20 06:00:00+00:00,64127.6,64228.2,63761.7,63918.0,500.884602
2026-07-20 07:00:00+00:00,63918.0,64333.3,63890.6,64280.1,337.116403
2026-07-20 08:00:00+00:00,64280.1,64364.9,63877.7,64054.2,544.087946
2026-07-20 09:00:00+00:00,64054.2,64288.8,64009.9,64200.3,198.237117
2026-07-20 10:00:00+00:00,64200.3,64416.1,64162.6,64301.2,216.163205
2026-07-20 11:00:00+00:00,64301.2,65077.3,64269.3,65006.7,540.483917
2026-07-20 12:00:00+00:00,65006.7,65010.2,64602.7,64650.2,423.170713
2026-07-20 13:00:00+00:00,64650.2,64766.9,64198.4,64341.1,464.105476
2026-07-20 14:00:00+00:00,64341.1,64580.0,64077.5,64416.9,505.864412
2026-07-20 15:00:00+00:00,64416.9,65674.0,64416.3,65603.9,959.767452
2026-07-20 16:00:00+00:00,65603.9,65642.0,65338.9,65512.4,484.274593
2026-07-20 17:00:00+00:00,65512.4,65658.2,65345.7,65591.0,407.77481
2026-07-20 18:00:00+00:00,65591.0,65806.7,65197.8,65238.4,461.831586
2026-07-20 19:00:00+00:00,65238.4,65279.3,65041.2,65147.0,461.159488
2026-07-20 20:00:00+00:00,65147.0,65441.5,65058.2,65372.2,250.209551
2026-07-20 21:00:00+00:00,65372.2,65442.1,65272.1,65290.3,171.611826
2026-07-20 22:00:00+00:00,65290.3,65290.4,65092.8,65147.0,160.848349
2026-07-20 23:00:00+00:00,65147.0,65274.6,65131.4,65257.8,116.95307
2026-07-21 00:00:00+00:00,65257.8,65591.2,65147.9,65569.0,277.112503
2026-07-21 01:00:00+00:00,65569.0,65663.6,65235.0,65235.9,220.472892
2026-07-21 02:00:00+00:00,65235.9,65508.6,65175.9,65415.2,189.250412
2026-07-21 03:00:00+00:00,65415.2,65597.1,65412.0,65567.6,205.420878
2026-07-21 04:00:00+00:00,65567.6,65745.2,65482.1,65525.0,255.268453
2026-07-21 05:00:00+00:00,65525.0,65938.7,65490.1,65756.2,248.626524
2026-07-21 06:00:00+00:00,65756.2,65998.6,65638.7,65924.7,257.280317
2026-07-21 07:00:00+00:00,65924.7,66250.9,65867.9,66192.5,465.102641
2026-07-21 08:00:00+00:00,66192.5,66355.7,66137.2,66232.4,354.7283
2026-07-21 09:00:00+00:00,66232.4,66356.1,66144.7,66296.4,220.577089
2026-07-21 10:00:00+00:00,66296.4,66434.5,66180.5,66196.5,364.46836
2026-07-21 11:00:00+00:00,66196.5,66358.1,66155.2,66351.5,183.348923
2026-07-21 12:00:00+00:00,66351.5,66643.8,66271.6,66558.7,320.252207
2026-07-21 13:00:00+00:00,66558.7,66809.8,66330.4,66785.9,575.689876
2026-07-21 14:00:00+00:00,66785.9,66968.5,66650.0,66844.8,738.838042
2026-07-21 15:00:00+00:00,66844.8,66844.8,66529.2,66682.9,346.57024
2026-07-21 16:00:00+00:00,66682.9,66767.3,66470.2,66550.0,262.374864
2026-07-21 17:00:00+00:00,66550.0,66570.2,66093.8,66214.4,542.924307
2026-07-21 18:00:00+00:00,66214.4,66365.9,66096.6,66321.5,424.221259
2026-07-21 19:00:00+00:00,66321.5,66512.4,66266.4,66449.0,367.165552
2026-07-21 20:00:00+00:00,66449.0,66500.0,66364.2,66410.9,202.505171
2026-07-21 21:00:00+00:00,66410.9,66417.2,66290.6,66385.9,226.993142
2026-07-21 22:00:00+00:00,66385.9,66385.9,66206.1,66306.2,224.846861
2026-07-21 23:00:00+00:00,66306.2,66577.1,66227.1,66556.3,173.855366
2026-07-22 00:00:00+00:00,66556.3,66737.6,66534.9,66621.7,295.40641
2026-07-22 01:00:00+00:00,66621.7,66657.7,66284.1,66431.3,282.187698
2026-07-22 02:00:00+00:00,66431.3,66531.6,66296.8,66315.3,243.474903
2026-07-22 03:00:00+00:00,66315.3,66369.7,66177.9,66209.9,225.625361
2026-07-22 04:00:00+00:00,66209.9,66424.8,66196.3,66383.6,193.99138
2026-07-22 05:00:00+00:00,66383.6,66383.6,65941.5,65979.9,367.420647
2026-07-22 06:00:00+00:00,65979.9,66023.0,65829.8,65932.6,368.673419
2026-07-22 07:00:00+00:00,65932.6,65966.9,65688.39,65839.9,428.650553
2026-07-22 08:00:00+00:00,65839.9,66161.3,65839.9,65983.7,308.108997
2026-07-22 09:00:00+00:00,65983.7,66090.8,65845.6,65925.9,238.749408
2026-07-22 10:00:00+00:00,65925.9,66108.0,65898.6,66045.1,308.344982
2026-07-22 11:00:00+00:00,66045.1,66088.5,65904.3,66016.4,302.434754
2026-07-22 12:00:00+00:00,66016.4,66020.6,65548.2,65634.0,433.249398
2026-07-22 13:00:00+00:00,65634.0,65983.6,65561.7,65949.8,468.345878
2026-07-22 14:00:00+00:00,65949.8,66213.5,65588.4,65799.8,751.705815
2026-07-22 15:00:00+00:00,65799.8,66132.6,65799.8,66046.0,453.000972
2026-07-22 16:00:00+00:00,66046.0,66391.1,65909.7,66230.5,432.788685
2026-07-22 17:00:00+00:00,66230.5,66280.6,65944.1,66026.3,329.612651
2026-07-22 18:00:00+00:00,66026.3,66081.5,65728.6,65890.9,344.746888
2026-07-22 19:00:00+00:00,65890.9,65961.4,65693.5,65918.4,303.363887
2026-07-22 20:00:00+00:00,65918.4,65983.1,65789.1,65917.5,261.518475
2026-07-22 21:00:00+00:00,65917.5,66134.4,65892.1,66070.4,161.815951
2026-07-22 22:00:00+00:00,66070.4,66076.3,65930.3,66045.6,154.341267
2026-07-22 23:00:00+00:00,66045.6,66141.9,65844.3,66110.4,145.582936
2026-07-23 00:00:00+00:00,66110.4,66312.0,66052.5,66057.7,238.724507
2026-07-23 01:00:00+00:00,66057.7,66211.1,65750.7,65829.3,235.406171
2026-07-23 02:00:00+00:00,65829.3,65840.2,65648.0,65807.4,184.304924
2026-07-23 03:00:00+00:00,65807.4,65817.3,65578.7,65663.4,212.553974
2026-07-23 04:00:00+00:00,65663.4,65740.7,65600.9,65618.2,246.532069
2026-07-23 05:00:00+00:00,65618.2,65796.3,65577.6,65695.1,197.648289
2026-07-23 06:00:00+00:00,65695.1,65819.9,65629.3,65791.3,145.795272
2026-07-23 07:00:00+00:00,65791.3,65791.3,65352.0,65438.4,457.714285
2026-07-23 08:00:00+00:00,65438.4,65664.0,65417.0,65630.5,190.745732
2026-07-23 09:00:00+00:00,65630.5,65760.0,65598.6,65636.6,207.153751
2026-07-23 10:00:00+00:00,65636.6,65783.9,65586.1,65731.0,216.287972
2026-07-23 11:00:00+00:00,65731.0,65737.2,65539.5,65553.9,179.527086
2026-07-23 12:00:00+00:00,65553.9,65584.9,64968.3,65161.4,606.858392
2026-07-23 13:00:00+00:00,65161.4,65224.5,64839.1,64877.0,616.443045
2026-07-23 14:00:00+00:00,64877.0,65216.8,64812.9,64904.3,428.65013
2026-07-23 15:00:00+00:00,64904.3,65022.0,64720.3,64959.1,481.124021
2026-07-23 16:00:00+00:00,64959.1,64959.1,64697.4,64753.9,283.274179
2026-07-23 17:00:00+00:00,64753.9,64900.8,64644.2,64680.4,279.70344
2026-07-23 18:00:00+00:00,64680.4,64946.9,64677.8,64864.6,175.004574
2026-07-23 19:00:00+00:00,64864.6,64931.8,64692.0,64844.9,280.315551
2026-07-23 20:00:00+00:00,64844.9,65194.3,64833.1,65145.8,232.211295
2026-07-23 21:00:00+00:00,65145.8,65211.4,65007.9,65167.6,184.50304
2026-07-23 22:00:00+00:00,65167.6,65229.4,65014.8,65190.3,174.631888
2026-07-23 23:00:00+00:00,65190.3,65220.0,65045.4,65099.2,130.692794
2026-07-24 00:00:00+00:00,65099.2,65110.6,64757.8,64974.1,352.916223
2026-07-24 01:00:00+00:00,64974.1,65172.4,64943.1,65078.7,201.027433
2026-07-24 02:00:00+00:00,65078.7,65186.9,64919.6,65119.3,206.544112
2026-07-24 03:00:00+00:00,65119.3,65461.4,65075.3,65451.3,242.970985
2026-07-24 04:00:00+00:00,65451.3,65471.5,65271.0,65321.4,171.164274
2026-07-24 05:00:00+00:00,65321.4,65394.1,65243.1,65314.2,138.88688
2026-07-24 06:00:00+00:00,65314.2,65524.0,65278.4,65480.3,254.932744
2026-07-24 07:00:00+00:00,65480.3,65815.2,65371.0,65505.3,582.107382
2026-07-24 08:00:00+00:00,65505.3,65518.0,65307.4,65307.8,148.494944
2026-07-24 09:00:00+00:00,65307.8,65322.6,64951.9,65114.0,294.136957
2026-07-24 10:00:00+00:00,65114.0,65158.6,64904.1,64951.6,196.458756
2026-07-24 11:00:00+00:00,64951.6,65104.9,64850.1,65079.8,270.193631
2026-07-24 12:00:00+00:00,65079.8,65133.0,64762.1,64778.9,250.888384
2026-07-24 13:00:00+00:00,64778.9,64805.4,63909.5,64149.8,891.258738
2026-07-24 14:00:00+00:00,64149.8,64199.7,63724.1,64057.5,726.774509
2026-07-24 15:00:00+00:00,64057.5,64329.2,63850.1,64091.8,1073.245306
2026-07-24 16:00:00+00:00,64091.8,64195.5,63875.3,63952.4,249.792339
2026-07-24 17:00:00+00:00,63952.4,64198.2,63903.5,64173.3,247.209848
2026-07-24 18:00:00+00:00,64173.3,64288.0,64123.2,64263.9,167.455427
2026-07-24 19:00:00+00:00,64263.9,64286.2,64140.2,64221.1,176.622151
2026-07-24 20:00:00+00:00,64221.1,64278.4,64123.8,64162.3,125.92423
2026-07-24 21:00:00+00:00,64162.3,64221.5,64123.3,64141.3,140.831675
2026-07-24 22:00:00+00:00,64141.3,64211.6,64124.6,64160.2,66.23838
2026-07-24 23:00:00+00:00,64160.2,64176.2,64132.7,64142.4,49.106422
2026-07-25 00:00:00+00:00,64142.4,64175.6,64029.0,64068.5,130.931518
2026-07-25 01:00:00+00:00,64068.5,64162.4,64002.4,64066.1,159.93244
2026-07-25 02:00:00+00:00,64066.1,64091.9,64015.2,64034.7,97.177457
2026-07-25 03:00:00+00:00,64034.7,64094.3,64013.2,64074.0,92.311493
2026-07-25 04:00:00+00:00,64074.0,64197.9,64074.0,64171.4,81.202367
2026-07-25 05:00:00+00:00,64171.4,64195.9,63976.7,64015.6,81.149644
2026-07-25 06:00:00+00:00,64015.6,64056.9,63956.4,64006.5,89.268896
2026-07-25 07:00:00+00:00,64006.5,64041.7,63993.4,64001.4,176.323783
2026-07-25 08:00:00+00:00,64001.4,64016.1,63802.1,63869.0,174.333857
2026-07-25 09:00:00+00:00,63869.0,64024.3,63819.7,63999.9,121.111271
2026-07-25 10:00:00+00:00,63999.9,64064.6,63987.9,64064.5,84.744062
2026-07-25 11:00:00+00:00,64064.5,64106.4,64040.5,64056.1,68.67825
2026-07-25 12:00:00+00:00,64056.1,64115.1,64033.2,64113.7,74.03334
2026-07-25 13:00:00+00:00,64113.7,64263.4,64100.8,64168.3,128.734277
2026-07-25 14:00:00+00:00,64168.3,64216.6,64115.2,64207.2,101.615717
2026-07-25 15:00:00+00:00,64207.2,64275.7,64171.1,64179.4,197.599383
2026-07-25 16:00:00+00:00,64179.4,64246.9,64125.0,64211.8,96.904107
2026-07-25 17:00:00+00:00,64211.8,64348.7,64191.9,64263.8,102.926035
2026-07-25 18:00:00+00:00,64263.8,64443.7,64263.8,64415.1,143.945908
2026-07-25 19:00:00+00:00,64415.1,64442.1,64378.4,64388.2,92.001161
2026-07-25 20:00:00+00:00,64388.2,64394.0,64306.9,64329.3,62.820097
2026-07-25 21:00:00+00:00,64329.3,64422.8,64250.7,64342.5,117.031083
2026-07-25 22:00:00+00:00,64342.5,64422.8,64342.5,64404.9,87.636684
2026-07-25 23:00:00+00:00,64404.9,64419.6,64357.1,64363.4,84.598801
2026-07-26 00:00:00+00:00,64363.4,64506.6,64345.3,64506.6,140.644398
2026-07-26 01:00:00+00:00,64506.6,64537.6,64449.2,64457.5,157.590073
2026-07-26 02:00:00+00:00,64457.5,64529.5,64424.2,64516.0,110.535592
2026-07-26 03:00:00+00:00,64516.0,64572.9,64481.5,64543.8,123.040903
2026-07-26 04:00:00+00:00,64543.8,64589.0,64484.8,64525.5,127.602645
2026-07-26 05:00:00+00:00,64525.5,64525.6,64396.4,64414.4,149.252814
2026-07-26 06:00:00+00:00,64414.4,64454.5,64289.5,64435.5,120.200949
2026-07-26 07:00:00+00:00,64435.5,64457.4,64341.8,64371.8,88.114171
2026-07-26 08:00:00+00:00,64371.8,64492.4,64348.9,64478.4,60.756569
2026-07-26 09:00:00+00:00,64478.4,64552.8,64478.4,64535.5,76.541654
2026-07-26 10:00:00+00:00,64535.5,64579.4,64494.7,64515.5,67.194577
2026-07-26 11:00:00+00:00,64515.5,64533.8,64488.9,64508.6,31.574365
2026-07-26 12:00:00+00:00,64508.6,64662.1,64432.6,64465.8,127.731238
2026-07-26 13:00:00+00:00,64465.8,64572.8,64407.4,64519.2,89.185671
2026-07-26 14:00:00+00:00,64519.2,64771.2,64519.1,64717.6,232.394494
2026-07-26 15:00:00+00:00,64717.6,64826.6,64675.4,64768.1,167.135878
2026-07-26 16:00:00+00:00,64768.1,64934.9,64701.1,64727.2,216.557061
2026-07-26 17:00:00+00:00,64727.2,64797.9,64670.2,64693.1,116.663088
2026-07-26 18:00:00+00:00,64693.1,64775.5,64668.0,64738.4,58.153728
2026-07-26 19:00:00+00:00,64738.4,64756.7,64675.9,64700.7,52.536966
2026-07-26 20:00:00+00:00,64700.7,64706.1,64640.1,64653.0,51.884085
2026-07-26 21:00:00+00:00,64653.0,64924.4,64651.7,64854.2,128.220731
2026-07-26 22:00:00+00:00,64854.2,65505.0,64854.2,65409.9,520.275086
2026-07-26 23:00:00+00:00,65409.9,65576.8,65270.7,65403.8,284.227992
2026-07-27 00:00:00+00:00,65403.8,65428.6,65056.2,65136.2,512.335391
2026-07-27 01:00:00+00:00,65136.2,65221.2,64906.1,65206.9,314.89272
2026-07-27 02:00:00+00:00,65206.9,65281.8,65119.5,65174.8,164.672244
2026-07-27 03:00:00+00:00,65174.8,65367.2,65168.4,65288.3,179.852051
2026-07-27 04:00:00+00:00,65288.3,65504.9,65248.0,65286.2,175.443861
2026-07-27 05:00:00+00:00,65286.2,65491.2,65282.4,65466.5,181.34938
2026-07-27 06:00:00+00:00,65466.5,65748.2,65397.4,65416.1,298.240629
2026-07-27 07:00:00+00:00,65416.1,65449.4,65220.0,65229.5,321.680844
2026-07-27 08:00:00+00:00,65229.5,65258.8,65125.0,65163.8,229.666884
2026-07-27 09:00:00+00:00,65163.8,65341.9,65095.8,65260.6,175.199173
2026-07-27 10:00:00+00:00,65260.6,65434.4,65231.2,65339.7,168.220267
2026-07-27 11:00:00+00:00,65339.7,65339.8,65090.1,65102.0,170.673095
2026-07-27 12:00:00+00:00,65102.0,65256.2,64842.1,65090.9,334.925618
2026-07-27 13:00:00+00:00,65090.9,65722.8,64914.4,65220.1,595.294637
2026-07-27 14:00:00+00:00,65220.1,65434.1,64460.0,64692.7,719.564787
2026-07-27 15:00:00+00:00,64692.7,64780.9,64417.0,64556.7,435.114524
2026-07-27 16:00:00+00:00,64556.7,64972.4,64512.9,64899.4,411.065604
2026-07-27 17:00:00+00:00,64899.4,65100.0,64791.3,65020.4,290.312585
2026-07-27 18:00:00+00:00,65020.4,65057.2,64750.7,64878.5,257.331148
2026-07-27 19:00:00+00:00,64878.5,65082.6,64809.5,64979.4,254.192104
2026-07-27 20:00:00+00:00,64979.4,65054.7,64908.3,64964.4,141.64481
2026-07-27 21:00:00+00:00,64964.4,64964.5,64788.0,64821.8,154.257559
2026-07-27 22:00:00+00:00,64821.8,64821.8,63792.5,63792.5,619.41928
2026-07-27 23:00:00+00:00,63792.5,63948.0,63604.8,63753.2,624.418297
2026-07-28 00:00:00+00:00,63753.2,63823.3,63472.7,63480.1,753.01879
2026-07-28 01:00:00+00:00,63480.1,63528.0,63055.3,63232.4,823.967777
2026-07-28 02:00:00+00:00,63232.4,63307.9,63103.4,63183.4,242.966361
2026-07-28 03:00:00+00:00,63183.4,63376.4,63165.7,63340.5,345.480645
2026-07-28 04:00:00+00:00,63340.5,63359.7,63216.8,63349.2,234.330897
2026-07-28 05:00:00+00:00,63349.2,63616.8,63312.6,63447.3,306.772104
2026-07-28 06:00:00+00:00,63447.3,63664.3,63395.0,63633.1,431.301701
2026-07-28 07:00:00+00:00,63633.1,63653.0,63454.6,63507.8,411.316238
2026-07-28 08:00:00+00:00,63507.8,63541.7,63406.8,63431.2,222.991525
2026-07-28 09:00:00+00:00,63431.2,63578.0,63363.5,63394.5,230.601303
2026-07-28 10:00:00+00:00,63394.5,63555.2,63288.1,63472.4,324.819475
2026-07-28 11:00:00+00:00,63472.4,63598.0,63348.4,63458.1,300.716397
2026-07-28 12:00:00+00:00,63458.1,63569.6,63367.2,63542.5,275.81426
2026-07-28 13:00:00+00:00,63542.5,63590.3,62747.3,63107.0,681.623018
2026-07-28 14:00:00+00:00,63107.0,63556.0,62966.0,63415.4,592.737816
2026-07-28 15:00:00+00:00,63415.4,64035.0,63267.1,63931.3,877.774758
2026-07-28 16:00:00+00:00,63931.3,64112.5,63774.6,64045.0,364.075345
2026-07-28 17:00:00+00:00,64045.0,64045.0,63502.2,63688.6,402.318883
2026-07-28 18:00:00+00:00,63688.6,63848.8,63671.7,63734.8,265.401975
2026-07-28 19:00:00+00:00,63734.8,63904.7,63675.0,63898.7,273.383851
2026-07-28 20:00:00+00:00,63898.7,64022.1,63874.1,63918.2,205.956862
2026-07-28 21:00:00+00:00,63918.2,64074.9,63895.2,63975.7,185.69089
2026-07-28 22:00:00+00:00,63975.7,64025.4,63762.2,63782.5,227.918237
2026-07-28 23:00:00+00:00,63782.5,63954.3,63555.6,63930.0,368.993988
2026-07-29 00:00:00+00:00,63930.0,64195.3,63873.2,63957.5,523.208525
2026-07-29 01:00:00+00:00,63957.5,64002.2,63681.4,63706.2,369.584566
2026-07-29 02:00:00+00:00,63706.2,64131.6,63652.6,63978.7,362.065545
2026-07-29 03:00:00+00:00,63978.7,64001.7,63705.0,63749.6,323.215684
2026-07-29 04:00:00+00:00,63749.6,63968.7,63596.6,63964.5,279.217481
2026-07-29 05:00:00+00:00,63964.5,64101.5,63888.5,64063.0,239.004138
2026-07-29 06:00:00+00:00,64063.0,64465.9,64022.3,64432.1,355.279012
2026-07-29 07:00:00+00:00,64432.1,64566.0,64400.8,64558.3,402.430713
2026-07-29 08:00:00+00:00,64558.3,64579.2,64277.8,64419.8,266.977883
2026-07-29 09:00:00+00:00,64419.8,64742.7,64382.7,64693.7,290.201508
2026-07-29 10:00:00+00:00,64693.7,64714.8,64414.6,64471.8,222.149633
2026-07-29 11:00:00+00:00,64471.8,64597.7,64422.2,64512.1,186.453785
2026-07-29 12:00:00+00:00,64512.1,64512.1,64224.1,64281.5,241.923119
2026-07-29 13:00:00+00:00,64281.5,64673.0,64141.2,64666.2,660.533576
2026-07-29 14:00:00+00:00,64666.2,64723.9,64051.0,64110.3,667.077857
2026-07-29 15:00:00+00:00,64110.3,64196.5,63887.8,63969.2,564.103589
2026-07-29 16:00:00+00:00,63969.2,64158.3,63618.7,63813.1,517.237101
2026-07-29 17:00:00+00:00,63813.1,64296.8,63710.4,64283.0,307.817558
2026-07-29 18:00:00+00:00,64283.0,64671.4,63772.4,64509.4,921.226072
2026-07-29 19:00:00+00:00,64509.4,64601.2,63509.1,63585.1,817.784348
2026-07-29 20:00:00+00:00,63585.1,63737.6,63369.4,63513.1,578.702764
2026-07-29 21:00:00+00:00,63513.1,63855.8,63258.3,63855.8,387.40213
2026-07-29 22:00:00+00:00,63855.8,64126.3,63852.4,63933.0,312.048049
2026-07-29 23:00:00+00:00,63933.0,64070.0,63889.4,63978.1,211.923371
2026-07-30 00:00:00+00:00,63978.1,64112.1,63597.7,63689.5,294.126917
2026-07-30 01:00:00+00:00,63689.5,64375.0,63682.3,64265.6,342.433886
2026-07-30 02:00:00+00:00,64265.6,64408.6,64158.1,64189.5,308.602662
2026-07-30 03:00:00+00:00,64189.5,64307.0,64134.6,64164.5,175.275358
2026-07-30 04:00:00+00:00,64164.5,64182.4,64009.7,64026.8,136.637111
2026-07-30 05:00:00+00:00,64026.8,64183.0,63912.6,64039.6,204.578335
2026-07-30 06:00:00+00:00,64039.6,64088.8,63954.3,64006.0,102.195513
2026-07-30 07:00:00+00:00,64006.0,64147.6,63937.1,64010.2,182.418587
2026-07-30 08:00:00+00:00,64010.2,64356.5,63975.8,64305.1,225.459669
2026-07-30 09:00:00+00:00,64305.1,64644.6,64285.4,64570.9,243.463024
2026-07-30 10:00:00+00:00,64570.9,64635.4,64557.6,64575.7,133.883809
2026-07-30 11:00:00+00:00,64575.7,64893.5,64539.0,64790.6,268.825951
2026-07-30 12:00:00+00:00,64790.6,65025.8,64785.2,64918.0,305.397675
2026-07-30 13:00:00+00:00,64918.0,65182.2,64681.0,65025.7,529.275853
2026-07-30 14:00:00+00:00,65025.7,65044.9,64618.4,64679.8,482.951123
2026-07-30 15:00:00+00:00,64679.8,64888.6,64604.0,64728.0,258.044441
2026-07-30 16:00:00+00:00,64728.0,64965.6,64725.9,64820.4,214.028972
2026-07-30 17:00:00+00:00,64820.4,64986.0,64770.8,64872.3,206.029133
2026-07-30 18:00:00+00:00,64872.3,64900.0,64681.0,64699.1,151.063733
2026-07-30 19:00:00+00:00,64699.1,64907.2,64699.0,64801.9,236.569315
2026-07-30 20:00:00+00:00,64801.9,64940.1,64752.7,64777.2,295.560964
2026-07-30 21:00:00+00:00,64777.2,64807.3,64705.7,64735.1,140.924467
2026-07-30 22:00:00+00:00,64735.1,65018.0,64666.3,64854.3,287.449016
2026-07-30 23:00:00+00:00,64854.3,65087.4,64738.7,64780.2,315.911591
2026-07-31 00:00:00+00:00,64780.2,64901.0,64690.5,64729.7,216.962248
2026-07-31 01:00:00+00:00,64729.7,65422.4,64472.8,64562.0,520.651904
2026-07-31 02:00:00+00:00,64562.0,64614.0,64200.0,64294.8,315.958741
2026-07-31 03:00:00+00:00,64294.8,64435.2,64171.8,64367.2,242.354465
2026-07-31 04:00:00+00:00,64367.2,64444.2,64228.1,64301.1,150.067591
2026-07-31 05:00:00+00:00,64301.1,64417.2,64262.7,64352.9,127.795769
2026-07-31 06:00:00+00:00,64352.9,64493.0,64184.4,64228.1,202.264516
2026-07-31 07:00:00+00:00,64228.1,64244.0,63858.4,63934.7,377.890449
2026-07-31 08:00:00+00:00,63934.7,63970.8,63804.4,63824.0,254.794056
2026-07-31 09:00:00+00:00,63824.0,63842.4,63633.7,63715.3,262.037922
2026-07-31 10:00:00+00:00,63715.3,63952.0,63601.3,63914.4,242.276246
2026-07-31 11:00:00+00:00,63914.4,64011.3,63785.1,63803.2,195.439919
2026-07-31 12:00:00+00:00,63803.2,63830.6,63619.1,63753.2,240.388112
2026-07-31 13:00:00+00:00,63753.2,63833.2,63234.2,63267.3,699.771817
2026-07-31 14:00:00+00:00,63267.3,63306.2,62446.9,62691.2,1024.710748
2026-07-31 15:00:00+00:00,62691.2,62769.0,62487.0,62717.5,372.676794
2026-07-31 16:00:00+00:00,62717.5,62933.2,62707.0,62870.3,234.77847
2026-07-31 17:00:00+00:00,62870.3,63291.9,62800.1,63245.8,362.846856
2026-07-31 18:00:00+00:00,63245.8,63301.2,62965.6,63097.8,333.768193
2026-07-31 19:00:00+00:00,63097.8,63160.6,62930.6,62972.6,230.8313
2026-07-31 20:00:00+00:00,62972.6,63032.1,62923.2,62957.2,179.593479
2026-07-31 21:00:00+00:00,62957.2,63059.5,62837.6,62950.6,166.127912
2026-07-31 22:00:00+00:00,62950.6,63021.9,62860.1,62946.1,121.525311
2026-07-31 23:00:00+00:00,62946.1,63016.2,62860.1,62885.8,80.446966
2026-08-01 00:00:00+00:00,62885.8,63023.7,62884.3,62938.6,230.912904
2026-08-01 01:00:00+00:00,62938.6,62984.9,62920.4,62976.3,196.28655
2026-08-01 02:00:00+00:00,62976.3,63102.8,62976.3,63069.1,159.522217
2026-08-01 03:00:00+00:00,63069.1,63074.7,62966.5,62998.4,216.167053
2026-08-01 04:00:00+00:00,62998.4,63105.0,62994.9,63098.0,94.027512
2026-08-01 05:00:00+00:00,63098.0,63139.9,62997.7,63028.4,166.049068
2026-08-01 06:00:00+00:00,63028.4,63076.2,62995.5,63074.7,117.693546
2026-08-01 07:00:00+00:00,63074.7,63108.7,63032.3,63046.4,97.35163
2026-08-01 08:00:00+00:00,63046.4,63146.0,63046.3,63116.0,83.518227
2026-08-01 09:00:00+00:00,63116.0,63136.5,63042.6,63051.8,120.96168
2026-08-01 10:00:00+00:00,63051.8,63108.1,62987.0,63057.7,191.783481
2026-08-01 11:00:00+00:00,63057.7,63087.9,63036.9,63075.3,71.191233
2026-08-01 12:00:00+00:00,63075.3,63117.9,63075.3,63098.1,93.615086
2026-08-01 13:00:00+00:00,63098.1,63102.5,63047.7,63066.7,68.607253
2026-08-01 14:00:00+00:00,63066.7,63127.4,63066.6,63127.4,139.495116
2026-08-01 15:00:00+00:00,63127.4,63127.4,63004.9,63005.9,81.018111
2026-08-01 16:00:00+00:00,63005.9,63029.3,62870.1,62925.0,236.058133
2026-08-01 17:00:00+00:00,62925.0,62995.2,62652.8,62707.5,454.402478
2026-08-01 18:00:00+00:00,62707.5,62736.4,62272.5,62578.6,898.890339
2026-08-01 19:00:00+00:00,62578.6,62621.9,62458.1,62530.8,328.896799
2026-08-01 20:00:00+00:00,62530.8,62666.8,62484.9,62661.5,219.544827
2026-08-01 21:00:00+00:00,62661.5,62862.4,62661.4,62818.7,268.185487
2026-08-01 22:00:00+00:00,62818.7,62868.5,62794.1,62831.5,111.127652
2026-08-01 23:00:00+00:00,62831.5,62857.5,62770.3,62823.3,119.049677
2026-08-02 00:00:00+00:00,62823.3,62989.6,62812.1,62836.0,258.767615
2026-08-02 01:00:00+00:00,62836.0,63103.8,62836.0,62988.8,246.454007
2026-08-02 02:00:00+00:00,62988.8,63552.8,62958.0,63450.6,802.3279
2026-08-02 03:00:00+00:00,63450.6,63558.5,63382.8,63465.0,309.114817
2026-08-02 04:00:00+00:00,63465.0,63625.1,63465.0,63589.9,162.723035
2026-08-02 05:00:00+00:00,63589.9,63641.4,63416.1,63457.8,218.882762
2026-08-02 06:00:00+00:00,63457.8,63505.7,63431.2,63488.8,121.322676
2026-08-02 07:00:00+00:00,63488.8,63544.0,63458.0,63497.0,164.414634
2026-08-02 08:00:00+00:00,63497.0,63528.6,63169.8,63195.7,466.355496
2026-08-02 09:00:00+00:00,63195.7,63319.5,63092.9,63274.1,231.618789
2026-08-02 10:00:00+00:00,63274.1,63274.1,63111.0,63202.4,222.760818
2026-08-02 11:00:00+00:00,63202.4,63207.2,62984.1,63031.2,324.594814
2026-08-02 12:00:00+00:00,63031.2,63234.2,63031.2,63122.8,285.199299
2026-08-02 13:00:00+00:00,63122.8,63144.0,63001.1,63117.6,210.809708
2026-08-02 14:00:00+00:00,63117.6,63184.2,63057.6,63067.8,222.688772
2026-08-02 15:00:00+00:00,63067.8,63180.2,63045.9,63104.7,146.858675
2026-08-02 16:00:00+00:00,63104.7,63272.4,63062.9,63183.8,252.681506
2026-08-02 17:00:00+00:00,63183.8,63344.2,63152.6,63309.6,229.69477
2026-08-02 18:00:00+00:00,63309.6,63615.6,63275.5,63386.4,366.985622
2026-08-02 19:00:00+00:00,63386.4,63478.4,63331.5,63453.6,176.256065
2026-08-02 20:00:00+00:00,63453.6,63501.9,63404.4,63498.0,163.924639
2026-08-02 21:00:00+00:00,63498.0,63788.9,63479.3,63578.0,403.772036
2026-08-02 22:00:00+00:00,63578.0,63798.3,63371.4,63420.9,485.486027
2026-08-02 23:00:00+00:00,63420.9,63593.5,63337.6,63571.0,374.674005
2026-08-03 00:00:00+00:00,63571.0,63599.1,63206.0,63315.8,592.588568
2026-08-03 01:00:00+00:00,63315.8,63347.9,63106.8,63209.9,536.644094
2026-08-03 02:00:00+00:00,63209.9,63289.2,63095.7,63139.2,329.744082
2026-08-03 03:00:00+00:00,63139.2,63168.6,62778.2,62866.9,338.046758
2026-08-03 04:00:00+00:00,62866.9,62998.7,62767.5,62785.7,383.813154
2026-08-03 05:00:00+00:00,62785.7,62868.6,62744.3,62821.4,351.431918
2026-08-03 06:00:00+00:00,62821.4,62871.0,62609.1,62622.9,414.416874
2026-08-03 07:00:00+00:00,62622.9,62702.1,62548.2,62618.6,415.729915
2026-08-03 08:00:00+00:00,62618.6,62659.5,62290.9,62543.3,552.981292
2026-08-03 09:00:00+00:00,62543.3,62864.9,62523.8,62832.6,393.817349
2026-08-03 10:00:00+00:00,62832.6,62859.4,62610.3,62736.6,343.626551
2026-08-03 11:00:00+00:00,62736.6,62775.0,62535.1,62560.5,323.755568
2026-08-03 12:00:00+00:00,62560.5,62807.1,62440.5,62703.2,487.045971
2026-08-03 13:00:00+00:00,62703.2,63399.6,62560.1,63359.3,769.191595
2026-08-03 14:00:00+00:00,63359.3,63998.2,63140.8,63960.7,1205.508006
2026-08-03 15:00:00+00:00,63960.7,63989.7,63641.7,63694.2,876.824281
2026-08-03 16:00:00+00:00,63694.2,63940.4,63661.2,63771.9,632.663846
2026-08-03 17:00:00+00:00,63771.9,64069.5,63713.6,63904.0,587.006564
2026-08-03 18:00:00+00:00,63904.0,64001.1,63764.8,63868.8,464.871987
2026-08-03 19:00:00+00:00,63868.8,64080.0,63843.0,63866.9,482.65115
2026-08-03 20:00:00+00:00,63866.9,64023.7,63769.0,63787.3,337.930599
2026-08-03 21:00:00+00:00,63787.3,63793.8,63550.3,63586.2,314.57132
2026-08-03 22:00:00+00:00,63586.2,63679.1,63391.1,63617.8,378.925867
2026-08-03 23:00:00+00:00,63617.8,63620.3,63466.3,63529.1,269.436906
2026-08-04 00:00:00+00:00,63529.1,63587.4,63320.2,63363.7,634.47997
2026-08-04 01:00:00+00:00,63363.7,63932.0,63363.6,63846.6,637.964913
2026-08-04 02:00:00+00:00,63846.6,63974.8,63686.5,63824.9,355.134807
2026-08-04 03:00:00+00:00,63824.9,63867.2,63655.5,63804.8,241.351965
2026-08-04 04:00:00+00:00,63804.8,64254.4,63764.1,64035.5,483.766403
2026-08-04 05:00:00+00:00,64035.5,64059.2,63800.3,63819.2,349.458446
2026-08-04 06:00:00+00:00,63819.2,63868.9,63663.8,63684.6,279.097189
2026-08-04 07:00:00+00:00,63684.6,63761.1,63507.0,63689.0,365.550954
2026-08-04 08:00:00+00:00,63689.0,63748.5,63566.7,63586.8,177.080965
2026-08-04 09:00:00+00:00,63586.8,63612.4,63520.1,63603.8,116.647949
2026-08-04 10:00:00+00:00,63603.8,63839.9,63456.1,63764.8,235.265547
2026-08-04 11:00:00+00:00,63764.8,63947.9,63702.1,63921.9,219.912212
2026-08-04 12:00:00+00:00,63921.9,64058.8,63787.7,63903.7,210.347463
2026-08-04 13:00:00+00:00,63903.7,64102.3,63653.8,63684.8,455.50442
2026-08-04 14:00:00+00:00,63684.8,64192.8,63611.5,64128.8,431.187412
2026-08-04 15:00:00+00:00,64128.8,64269.0,63811.7,64118.0,385.818691
2026-08-04 16:00:00+00:00,64118.0,64132.4,63900.1,63954.2,246.628921
2026-08-04 17:00:00+00:00,63954.2,64187.5,63892.9,63972.9,262.768988
2026-08-04 18:00:00+00:00,63972.9,64408.7,63970.1,64308.6,302.895836
2026-08-04 19:00:00+00:00,64308.6,64416.3,64186.6,64233.8,256.776347
2026-08-04 20:00:00+00:00,64233.8,64428.2,64008.7,64350.0,343.034915
2026-08-04 21:00:00+00:00,64350.0,64356.8,64178.6,64198.9,129.899507
2026-08-04 22:00:00+00:00,64198.9,64296.4,64139.2,64268.9,138.075962
2026-08-04 23:00:00+00:00,64268.9,64543.2,64071.3,64105.5,324.523395
2026-08-05 00:00:00+00:00,64105.5,64189.9,63983.7,63998.5,365.432137
2026-08-05 01:00:00+00:00,63998.5,64347.3,63952.0,64333.3,334.396668
2026-08-05 02:00:00+00:00,64333.3,64506.7,64329.4,64372.9,348.178993
2026-08-05 03:00:00+00:00,64372.9,64450.1,64045.7,64185.5,281.79819
2026-08-05 04:00:00+00:00,64185.5,64223.9,64090.3,64176.6,123.427996
2026-08-05 05:00:00+00:00,64176.6,64527.6,64164.6,64338.0,248.82232
2026-08-05 06:00:00+00:00,64338.0,64372.6,64236.1,64257.4,168.398685
2026-08-05 07:00:00+00:00,64257.4,64277.4,63992.7,64165.9,318.465394
2026-08-05 08:00:00+00:00,64165.9,64282.4,64096.0,64122.6,259.806423
2026-08-05 09:00:00+00:00,64122.6,64208.0,64099.2,64158.5,153.544386
2026-08-05 10:00:00+00:00,64158.5,64249.3,64020.9,64064.6,241.100113
2026-08-05 11:00:00+00:00,64064.6,64153.0,64046.7,64078.3,142.463061
2026-08-05 12:00:00+00:00,64078.3,64592.3,64036.8,64334.1,452.075201
2026-08-05 13:00:00+00:00,64334.1,64413.7,63877.4,64411.2,703.494141
2026-08-05 14:00:00+00:00,64411.2,64582.8,64296.6,64475.9,623.534502
2026-08-05 15:00:00+00:00,64475.9,64749.3,64386.1,64386.5,505.039862
2026-08-05 16:00:00+00:00,64386.5,64764.3,64385.9,64660.0,411.01597
2026-08-05 17:00:00+00:00,64660.0,64808.3,64540.3,64763.4,304.867686
2026-08-05 18:00:00+00:00,64763.4,64849.9,64670.4,64799.0,340.920168
2026-08-05 19:00:00+00:00,64799.0,64940.6,64781.3,64842.1,277.304403
2026-08-05 20:00:00+00:00,64842.1,65030.1,64807.4,64832.2,410.107754
2026-08-05 21:00:00+00:00,64832.2,64832.2,64660.2,64733.0,201.975529
2026-08-05 22:00:00+00:00,64733.0,64781.2,64626.7,64633.9,137.661874
2026-08-05 23:00:00+00:00,64633.9,64745.6,64578.2,64655.0,176.396767
2026-08-06 00:00:00+00:00,64655.0,64717.5,64567.0,64643.0,238.58857
2026-08-06 01:00:00+00:00,64643.0,64657.4,64491.1,64586.2,242.553298
2026-08-06 02:00:00+00:00,64586.2,64650.1,64443.0,64579.3,283.517123
2026-08-06 03:00:00+00:00,64579.3,64586.0,64495.2,64532.1,152.956702
2026-08-06 04:00:00+00:00,64532.1,64736.0,64497.6,64725.5,180.672284
2026-08-06 05:00:00+00:00,64725.5,64999.4,64725.5,64907.2,256.371921
2026-08-06 06:00:00+00:00,64907.2,64907.9,64745.5,64864.1,110.668005
2026-08-06 07:00:00+00:00,64864.1,64969.6,64782.9,64819.2,188.999158
2026-08-06 08:00:00+00:00,64819.2,65000.0,64762.1,64947.8,229.006657
2026-08-06 09:00:00+00:00,64947.8,64951.2,64641.1,64687.9,253.130394
2026-08-06 10:00:00+00:00,64687.9,64691.0,64590.1,64619.9,224.37314
2026-08-06 11:00:00+00:00,64619.9,64658.3,64506.7,64620.5,176.059741
2026-08-06 12:00:00+00:00,64620.5,64642.4,64383.9,64421.3,278.661433
2026-08-06 13:00:00+00:00,64421.3,64529.1,64168.1,64429.2,579.683366
2026-08-06 14:00:00+00:00,64429.2,64844.9,64357.2,64772.2,539.796016
2026-08-06 15:00:00+00:00,64772.2,64988.3,64621.1,64631.9,470.618381
2026-08-06 16:00:00+00:00,64631.9,64773.6,64590.2,64755.0,333.863613
2026-08-06 17:00:00+00:00,64755.0,64837.2,64546.2,64617.0,184.300043
2026-08-06 18:00:00+00:00,64617.0,64620.3,64372.3,64416.6,220.714803
2026-08-06 19:00:00+00:00,64416.6,64471.9,64355.9,64447.0,196.199147
2026-08-06 20:00:00+00:00,64447.0,64536.2,64435.2,64435.2,132.864637
2026-08-06 21:00:00+00:00,64435.2,64515.8,64403.2,64439.3,164.708055
2026-08-06 22:00:00+00:00,64439.3,64447.9,64324.2,64348.2,91.095655
2026-08-06 23:00:00+00:00,64348.2,64361.4,64192.5,64320.4,125.151276
2026-08-07 00:00:00+00:00,64320.4,64413.8,64228.4,64317.1,314.093649
2026-08-07 01:00:00+00:00,64317.1,64477.0,64295.1,64421.9,361.574841
2026-08-07 02:00:00+00:00,64421.9,64548.3,64250.2,64396.5,276.377492
2026-08-07 03:00:00+00:00,64396.5,64408.8,64254.8,64288.6,180.361145
2026-08-07 04:00:00+00:00,64288.6,64365.0,64150.0,64251.1,190.791476
2026-08-07 05:00:00+00:00,64251.1,64389.9,64173.1,64335.9,129.327274
2026-08-07 06:00:00+00:00,64335.9,64462.7,64273.6,64301.9,232.4148
2026-08-07 07:00:00+00:00,64301.9,64426.1,64253.4,64320.6,217.740819
2026-08-07 08:00:00+00:00,64320.6,64672.7,64304.5,64602.8,257.998388
2026-08-07 09:00:00+00:00,64602.8,64964.8,64602.8,64837.3,383.492013
2026-08-07 10:00:00+00:00,64837.3,64917.9,64803.3,64894.1,130.497185
2026-08-07 11:00:00+00:00,64894.1,65211.7,64894.0,65028.5,419.827765
2026-08-07 12:00:00+00:00,65028.5,65403.5,64986.5,65293.9,696.876049
2026-08-07 13:00:00+00:00,65293.9,65343.5,64987.8,65019.0,485.285617
2026-08-07 14:00:00+00:00,65019.0,65275.5,64786.8,64957.5,596.934111
2026-08-07 15:00:00+00:00,64957.5,65135.9,64893.1,64911.4,291.318806
2026-08-07 16:00:00+00:00,64911.4,65077.4,64809.1,64809.2,267.684693
2026-08-07 17:00:00+00:00,64809.2,64831.4,64522.4,64762.6,354.373333
2026-08-07 18:00:00+00:00,64762.6,64880.6,64676.9,64730.1,162.248025
2026-08-07 19:00:00+00:00,64730.1,65030.0,64730.1,64940.0,1009.828262
2026-08-07 20:00:00+00:00,64940.0,65032.9,64935.0,64969.1,193.883019
2026-08-07 21:00:00+00:00,64969.1,65099.9,64923.6,64925.0,94.53623
2026-08-07 22:00:00+00:00,64925.0,64947.1,64837.0,64881.6,94.424375
2026-08-07 23:00:00+00:00,64881.6,64916.0,64871.7,64916.0,27.266435
2026-08-08 00:00:00+00:00,64916.0,64955.7,64816.2,64917.5,95.32483
2026-08-08 01:00:00+00:00,64917.5,64954.8,64899.1,64909.9,55.187281
2026-08-08 02:00:00+00:00,64909.9,64953.0,64889.0,64916.8,43.092991
2026-08-08 03:00:00+00:00,64916.8,65071.4,64911.0,65029.3,68.967243
2026-08-08 04:00:00+00:00,65029.3,65066.1,64965.1,65002.8,62.146271
2026-08-08 05:00:00+00:00,65002.8,65023.2,64973.6,64995.9,42.759315
2026-08-08 06:00:00+00:00,64995.9,65015.0,64957.1,65003.8,50.802128
2026-08-08 07:00:00+00:00,65003.8,65007.2,64946.0,64960.3,28.5698
2026-08-08 08:00:00+00:00,64960.3,65012.1,64943.1,64989.5,45.514377
2026-08-08 09:00:00+00:00,64989.5,65051.9,64987.3,64988.6,32.592314
2026-08-08 10:00:00+00:00,64988.6,65019.3,64988.6,65007.9,32.487431
2026-08-08 11:00:00+00:00,65007.9,65020.8,64953.0,64953.6,42.290992
2026-08-08 12:00:00+00:00,64953.6,65055.5,64921.1,64999.9,529.280049
2026-08-08 13:00:00+00:00,64999.9,65019.3,64991.7,65009.8,38.246667
2026-08-08 14:00:00+00:00,65009.8,65185.9,65009.7,65124.4,108.527136
2026-08-08 15:00:00+00:00,65124.4,65143.8,65053.0,65075.9,59.688733
2026-08-08 16:00:00+00:00,65075.9,65112.6,65034.7,65079.1,35.33325
2026-08-08 17:00:00+00:00,65079.1,65147.3,65073.5,65112.2,60.863306
2026-08-08 18:00:00+00:00,65112.2,65122.6,65021.9,65042.3,37.437304
2026-08-08 19:00:00+00:00,65042.3,65091.1,65011.6,65071.9,44.151534
2026-08-08 20:00:00+00:00,65071.9,65084.4,65056.4,65076.0,34.615698
2026-08-08 21:00:00+00:00,65076.0,65076.1,64990.2,65013.6,84.301569
2026-08-08 22:00:00+00:00,65013.6,65040.7,64942.4,64942.5,54.734725
2026-08-08 23:00:00+00:00,64942.5,64974.5,64936.1,64956.1,30.910641
2026-08-09 00:00:00+00:00,64956.1,64985.4,64954.4,64976.0,29.52893
2026-08-09 01:00:00+00:00,64976.0,65004.7,64848.5,64866.8,82.988733
2026-08-09 02:00:00+00:00,64866.8,64866.8,64774.7,64821.0,57.665381
2026-08-09 03:00:00+00:00,64821.0,64821.0,64727.9,64788.4,58.289716
2026-08-09 04:00:00+00:00,64788.4,64832.3,64784.9,64787.2,29.010343
2026-08-09 05:00:00+00:00,64787.2,64798.4,64769.6,64798.4,25.748999
2026-08-09 06:00:00+00:00,64798.4,64857.3,64798.3,64845.2,19.85589
2026-08-09 07:00:00+00:00,64845.2,64882.4,64832.4,64839.7,462.006562
2026-08-09 08:00:00+00:00,64839.7,64943.3,64786.1,64816.5,801.813551
2026-08-09 09:00:00+00:00,64816.5,64876.1,64804.4,64876.0,39.049151
2026-08-09 10:00:00+00:00,64876.0,64982.3,64876.0,64955.9,378.320522
2026-08-09 11:00:00+00:00,64955.9,65000.4,64943.8,64949.0,34.506873
2026-08-09 12:00:00+00:00,64949.0,64953.2,64915.0,64953.1,43.060864
2026-08-09 13:00:00+00:00,64953.1,65266.3,64953.1,65219.7,187.653161
2026-08-09 14:00:00+00:00,65219.7,65305.6,65151.3,65266.5,127.258035
2026-08-09 15:00:00+00:00,65266.5,65270.6,65208.6,65232.2,119.413754
2026-08-09 16:00:00+00:00,65232.2,65264.8,65179.7,65233.0,85.008596
2026-08-09 17:00:00+00:00,65233.0,65238.0,65197.1,65198.9,31.921982
2026-08-09 18:00:00+00:00,65198.9,65222.8,65188.9,65197.0,31.066147
2026-08-09 19:00:00+00:00,65197.0,65211.1,65176.9,65182.8,37.138115
2026-08-09 20:00:00+00:00,65182.8,65185.4,65070.0,65138.3,98.676732
2026-08-09 21:00:00+00:00,65138.3,65249.9,65125.6,65198.6,93.341936
2026-08-09 22:00:00+00:00,65198.6,65499.8,64972.7,65074.3,310.094123
2026-08-09 23:00:00+00:00,65074.3,65107.9,64838.4,64901.0,200.615262
2026-08-10 00:00:00+00:00,64901.0,65322.9,64822.5,64969.2,335.470136
2026-08-10 01:00:00+00:00,64969.2,65389.9,64893.1,65199.8,262.258246
2026-08-10 02:00:00+00:00,65199.8,65223.0,64902.0,65102.9,224.977523
2026-08-10 03:00:00+00:00,65102.9,65170.8,64907.3,64980.0,236.116989
2026-08-10 04:00:00+00:00,64980.0,65104.7,64920.3,65004.6,168.011482
2026-08-10 05:00:00+00:00,65004.6,65158.9,64978.5,65139.9,142.585633
2026-08-10 06:00:00+00:00,65139.9,65338.5,65126.1,65300.3,234.26502
2026-08-10 07:00:00+00:00,65300.3,65373.5,65202.5,65208.2,233.084523
2026-08-10 08:00:00+00:00,65208.2,65329.1,65191.6,65248.6,136.547481
2026-08-10 09:00:00+00:00,65248.6,65248.6,64951.0,64973.6,226.510372
2026-08-10 10:00:00+00:00,64973.6,65074.0,64970.7,65014.6,153.728676
2026-08-10 11:00:00+00:00,65014.6,65134.2,64980.4,65126.9,160.253199
2026-08-10 12:00:00+00:00,65126.9,65242.1,64846.8,64868.3,331.075306
2026-08-10 13:00:00+00:00,64868.3,64972.0,64513.8,64556.3,595.607211
2026-08-10 14:00:00+00:00,64556.3,64880.6,64533.6,64622.1,333.086243
2026-08-10 15:00:00+00:00,64622.1,64707.5,64199.3,64290.7,585.835727
2026-08-10 16:00:00+00:00,64290.7,64350.8,63825.8,63902.4,574.542142
2026-08-10 17:00:00+00:00,63902.4,64019.8,63821.7,63947.0,312.389562
2026-08-10 18:00:00+00:00,63947.0,64018.4,63807.1,63887.5,317.423196
2026-08-10 19:00:00+00:00,63887.5,64105.0,63881.5,64043.0,228.248484
2026-08-10 20:00:00+00:00,64043.0,64206.0,64018.8,64161.0,138.461744
2026-08-10 21:00:00+00:00,64161.0,64161.1,63980.6,63984.8,141.232133
2026-08-10 22:00:00+00:00,63984.8,64061.8,63936.6,64017.5,95.832217
2026-08-10 23:00:00+00:00,64017.5,64020.8,63915.8,63971.9,106.585894
2026-08-11 00:00:00+00:00,63971.9,64061.6,63891.3,64040.2,251.769271
2026-08-11 01:00:00+00:00,64040.2,64079.6,63954.1,64056.6,174.478818
2026-08-11 02:00:00+00:00,64056.6,64086.9,64029.2,64040.5,68.194346
2026-08-11 03:00:00+00:00,64040.5,64179.9,64040.5,64138.2,82.808738
2026-08-11 04:00:00+00:00,64138.2,64153.2,64022.5,64022.5,66.816576
2026-08-11 05:00:00+00:00,64022.5,64049.8,63953.0,63991.9,65.121354
2026-08-11 06:00:00+00:00,63991.9,64050.8,63849.1,63970.3,142.848425
2026-08-11 07:00:00+00:00,63970.3,64114.1,63907.8,64068.2,259.083814
2026-08-11 08:00:00+00:00,64068.2,64154.0,64044.6,64135.5,190.382598
2026-08-11 09:00:00+00:00,64135.5,64307.0,64124.6,64307.0,131.019943
2026-08-11 10:00:00+00:00,64307.0,64314.3,64200.4,64214.9,540.758532
2026-08-11 11:00:00+00:00,64214.9,64422.0,64214.9,64386.0,825.201106
2026-08-11 12:00:00+00:00,64386.0,64501.0,64292.6,64328.3,288.301979
2026-08-11 13:00:00+00:00,64328.3,64374.8,64048.9,64201.2,471.930588
2026-08-11 14:00:00+00:00,64201.2,64265.4,63712.9,63773.0,599.43766
2026-08-11 15:00:00+00:00,63773.0,63869.0,63441.8,63606.2,651.516537
2026-08-11 16:00:00+00:00,63606.2,63655.7,63453.7,63505.7,297.028438
2026-08-11 17:00:00+00:00,63505.7,63632.9,63453.2,63601.8,198.285933
2026-08-11 18:00:00+00:00,63601.8,63624.0,63244.98,63372.0,422.107387
2026-08-11 19:00:00+00:00,63372.0,63540.9,63232.1,63534.0,198.134602
2026-08-11 20:00:00+00:00,63534.0,63750.0,63534.0,63742.8,264.358122
2026-08-11 21:00:00+00:00,63742.8,63773.2,63617.5,63668.0,151.518751
2026-08-11 22:00:00+00:00,63668.0,63773.0,63623.9,63664.7,121.701207
2026-08-11 23:00:00+00:00,63664.7,63664.8,63549.7,63595.2,87.595521
2026-08-12 00:00:00+00:00,63595.2,63745.5,63529.8,63740.2,142.73665
2026-08-12 01:00:00+00:00,63740.2,63858.0,63690.1,63825.7,190.249033
2026-08-12 02:00:00+00:00,63825.7,63907.9,63729.7,63752.1,167.988364
2026-08-12 03:00:00+00:00,63752.1,63842.8,63710.0,63828.1,145.009115
2026-08-12 04:00:00+00:00,63828.1,63893.5,63732.3,63778.2,293.929113
2026-08-12 05:00:00+00:00,63778.2,63878.4,63728.0,63850.1,395.610869
2026-08-12 06:00:00+00:00,63850.1,63850.1,63602.8,63714.9,582.868952
2026-08-12 07:00:00+00:00,63714.9,63842.3,63632.9,63831.8,141.521216
2026-08-12 08:00:00+00:00,63831.8,63865.9,63764.6,63787.9,423.785805
2026-08-12 09:00:00+00:00,63787.9,64104.5,63758.0,64103.1,310.873865
2026-08-12 10:00:00+00:00,64103.1,64215.7,64063.2,64137.4,253.720321
2026-08-12 11:00:00+00:00,64137.4,64250.6,64111.0,64240.3,156.853287
2026-08-12 12:00:00+00:00,64240.3,64500.0,63975.4,64123.5,602.913448
2026-08-12 13:00:00+00:00,64123.5,64159.9,63834.2,63836.4,421.767879
2026-08-12 14:00:00+00:00,63836.4,63925.2,63357.0,63367.0,598.427845
2026-08-12 15:00:00+00:00,63367.0,63587.2,63315.1,63443.7,506.711258
2026-08-12 16:00:00+00:00,63443.7,63579.9,63364.7,63491.0,237.812808
2026-08-12 17:00:00+00:00,63491.0,63553.2,63412.6,63470.0,164.689607
2026-08-12 18:00:00+00:00,63470.0,63524.9,63370.9,63381.9,172.40438
2026-08-12 19:00:00+00:00,63381.9,63464.1,63308.3,63420.9,243.010093
2026-08-12 20:00:00+00:00,63420.9,63600.0,63418.9,63600.0,155.662742
2026-08-12 21:00:00+00:00,63600.0,63655.6,63422.4,63471.3,152.190258
2026-08-12 22:00:00+00:00,63471.3,63536.1,63364.5,63429.8,168.900632
2026-08-12 23:00:00+00:00,63429.8,63489.8,63376.2,63482.9,213.622582
2026-08-13 00:00:00+00:00,63482.9,63736.2,63460.5,63558.6,255.313782
2026-08-13 01:00:00+00:00,63558.6,63634.7,63376.5,63455.4,199.542602
2026-08-13 02:00:00+00:00,63455.4,63581.8,63371.0,63549.4,150.415247
2026-08-13 03:00:00+00:00,63549.4,63693.8,63500.9,63648.7,233.397328
2026-08-13 04:00:00+00:00,63648.7,63773.9,63591.1,63694.9,250.637234
2026-08-13 05:00:00+00:00,63694.9,64019.4,63670.1,63872.5,258.640932
2026-08-13 06:00:00+00:00,63872.5,63941.0,63760.1,63940.3,217.134704
2026-08-13 07:00:00+00:00,63940.3,63946.5,63859.4,63867.7,127.185286
2026-08-13 08:00:00+00:00,63867.7,63914.1,63740.8,63772.4,182.176424
2026-08-13 09:00:00+00:00,63772.4,63786.3,63579.1,63778.4,240.883509
2026-08-13 10:00:00+00:00,63778.4,63818.1,63577.0,63650.2,207.820664
2026-08-13 11:00:00+00:00,63650.2,63662.1,63348.2,63485.5,224.64198
2026-08-13 12:00:00+00:00,63485.5,63716.5,63443.5,63697.3,258.206282
2026-08-13 13:00:00+00:00,63697.3,63853.7,63561.3,63726.6,376.408237
2026-08-13 14:00:00+00:00,63726.6,64007.9,63684.8,63865.3,382.058957
2026-08-13 15:00:00+00:00,63865.3,63947.4,63414.5,63414.6,374.645092
2026-08-13 16:00:00+00:00,63414.6,63570.6,62849.3,63160.0,830.552487
2026-08-13 17:00:00+00:00,63160.0,63297.8,63074.3,63146.1,382.843798
2026-08-13 18:00:00+00:00,63146.1,63366.9,63114.9,63306.5,238.888576
2026-08-13 19:00:00+00:00,63306.5,63514.1,63306.5,63409.9,278.783416
2026-08-13 20:00:00+00:00,63409.9,63472.4,63364.9,63408.9,145.492544
2026-08-13 21:00:00+00:00,63408.9,63505.2,63389.6,63471.0,155.304429
2026-08-13 22:00:00+00:00,63471.0,63641.0,63471.0,63526.2,158.844848
2026-08-13 23:00:00+00:00,63526.2,63537.1,63397.0,63485.5,121.487143
2026-08-14 00:00:00+00:00,63485.5,63559.8,63408.9,63541.9,266.967155
2026-08-14 01:00:00+00:00,63541.9,63589.6,63458.0,63570.6,249.310974
2026-08-14 02:00:00+00:00,63570.6,63619.6,63468.0,63468.0,196.185677
2026-08-14 03:00:00+00:00,63468.0,63578.2,63302.8,63312.4,183.320482
2026-08-14 04:00:00+00:00,63312.4,63472.6,63272.9,63374.3,156.942721
2026-08-14 05:00:00+00:00,63374.3,63400.2,63284.5,63382.7,121.420303
2026-08-14 06:00:00+00:00,63382.7,63382.8,62937.1,62971.2,313.032306
2026-08-14 07:00:00+00:00,62971.2,63105.9,62914.6,62916.6,360.71221
2026-08-14 08:00:00+00:00,62916.6,62992.9,62688.0,62934.6,556.272341
2026-08-14 09:00:00+00:00,62934.6,62934.6,62735.0,62789.0,283.403267
2026-08-14 10:00:00+00:00,62789.0,62939.9,62730.4,62814.9,240.20272
2026-08-14 11:00:00+00:00,62814.9,62929.9,62804.8,62863.4,232.068654
2026-08-14 12:00:00+00:00,62863.4,62909.3,62713.7,62737.2,328.296786
2026-08-14 13:00:00+00:00,62737.2,62822.2,62595.2,62663.4,647.685918
2026-08-14 14:00:00+00:00,62663.4,62795.9,62532.8,62614.0,523.059951
2026-08-14 15:00:00+00:00,62614.0,63087.1,62608.3,62987.0,457.836087
2026-08-14 16:00:00+00:00,62987.0,63218.9,62965.5,63136.2,411.864117
2026-08-14 17:00:00+00:00,63136.2,63247.6,62997.6,63014.8,268.322581
2026-08-14 18:00:00+00:00,63014.8,63080.3,62888.8,62928.1,224.830473
2026-08-14 19:00:00+00:00,62928.1,62997.6,62818.9,62968.1,318.955843
2026-08-14 20:00:00+00:00,62968.1,63023.4,62895.9,62906.3,192.694092
2026-08-14 21:00:00+00:00,62906.3,62936.7,62870.1,62927.4,169.694073
2026-08-14 22:00:00+00:00,62927.4,62961.2,62794.9,62882.5,215.549705
2026-08-14 23:00:00+00:00,62882.5,63064.0,62862.4,63039.2,138.782666
2026-08-15 00:00:00+00:00,63039.2,63059.6,62993.6,63012.5,118.169671
2026-08-15 01:00:00+00:00,63012.5,63039.5,62990.4,63033.5,118.765391
2026-08-15 02:00:00+00:00,63033.5,63135.3,63031.1,63134.9,110.924532
2026-08-15 03:00:00+00:00,63134.9,63186.0,63041.3,63050.1,119.938638
2026-08-15 04:00:00+00:00,63050.1,63149.3,63050.1,63118.8,57.813893
2026-08-15 05:00:00+00:00,63118.8,63153.9,63038.2,63081.5,92.783803
2026-08-15 06:00:00+00:00,63081.5,63131.7,63032.0,63112.3,65.084241
2026-08-15 07:00:00+00:00,63112.3,63129.1,63041.1,63075.8,87.493954
2026-08-15 08:00:00+00:00,63075.8,63089.5,62924.0,62931.6,77.496039
2026-08-15 09:00:00+00:00,62931.6,63042.3,62915.9,63027.6,70.945669
2026-08-15 10:00:00+00:00,63027.6,63048.7,62999.0,63040.5,51.097811
2026-08-15 11:00:00+00:00,63040.5,63057.1,62985.9,63013.2,68.579949
2026-08-15 12:00:00+00:00,63013.2,63054.0,62944.1,63051.3,46.1057
2026-08-15 13:00:00+00:00,63051.3,63080.5,63018.8,63054.2,123.313062
2026-08-15 14:00:00+00:00,63054.2,63054.3,62990.4,63036.8,62.595677
2026-08-15 15:00:00+00:00,63036.8,63119.6,63023.4,63095.2,60.10395
2026-08-15 16:00:00+00:00,63095.2,63121.8,63060.2,63092.5,59.237524
2026-08-15 17:00:00+00:00,63092.5,63099.8,63058.6,63068.0,31.476557
2026-08-15 18:00:00+00:00,63068.0,63108.2,63020.0,63050.0,68.312142
2026-08-15 19:00:00+00:00,63050.0,63119.3,63049.9,63119.3,40.870298
2026-08-15 20:00:00+00:00,63119.3,63120.0,63069.8,63100.0,32.923728
2026-08-15 21:00:00+00:00,63100.0,63162.0,63097.3,63151.9,62.365655
2026-08-15 22:00:00+00:00,63151.9,63170.4,63124.6,63129.1,38.339735
2026-08-15 23:00:00+00:00,63129.1,63138.3,63081.4,63085.1,34.800473
2026-08-16 00:00:00+00:00,63085.1,63085.2,63063.9,63080.0,37.732561
2026-08-16 01:00:00+00:00,63080.0,63080.5,63002.9,63078.1,77.540682
2026-08-16 02:00:00+00:00,63078.1,63152.2,63020.2,63120.1,82.032309
2026-08-16 03:00:00+00:00,63120.1,63125.1,63107.0,63123.8,31.803211
2026-08-16 04:00:00+00:00,63123.8,63148.4,63085.3,63085.3,27.341393
2026-08-16 05:00:00+00:00,63085.3,63095.8,63035.1,63058.4,82.313961
2026-08-16 06:00:00+00:00,63058.4,63082.7,63036.5,63066.9,59.249878
2026-08-16 07:00:00+00:00,63066.9,63067.0,63055.8,63061.7,31.035711
2026-08-16 08:00:00+00:00,63061.7,63073.4,63057.2,63066.6,39.159404
2026-08-16 09:00:00+00:00,63066.6,63067.3,62965.9,62987.7,55.246883
2026-08-16 10:00:00+00:00,62987.7,63009.9,62964.6,63006.3,42.495156
2026-08-16 11:00:00+00:00,63006.3,63008.7,62977.6,63008.6,39.588543
2026-08-16 12:00:00+00:00,63008.6,63023.5,62984.0,63014.3,78.575129
2026-08-16 13:00:00+00:00,63014.3,63065.0,63014.3,63055.6,26.780763
2026-08-16 14:00:00+00:00,63055.6,63100.0,63055.5,63099.1,56.509873
2026-08-16 15:00:00+00:00,63099.1,63136.6,63099.1,63136.3,49.017646
2026-08-16 16:00:00+00:00,63136.3,63383.4,63129.6,63256.9,194.430634
2026-08-16 17:00:00+00:00,63256.9,63270.6,63112.8,63149.3,196.62339
2026-08-16 18:00:00+00:00,63149.3,63168.6,63112.7,63135.9,58.388215
2026-08-16 19:00:00+00:00,63135.9,63224.8,63090.6,63101.5,95.703766
2026-08-16 20:00:00+00:00,63101.5,63136.6,63017.2,63065.3,100.441059
2026-08-16 21:00:00+00:00,63065.3,63081.9,62745.0,62922.7,202.519897
2026-08-16 22:00:00+00:00,62922.7,62952.1,62709.9,62908.8,237.462456
2026-08-16 23:00:00+00:00,62908.8,62989.3,62824.5,62900.5,164.606249
2026-08-17 00:00:00+00:00,62900.5,62953.7,62747.1,62909.1,317.329939
2026-08-17 01:00:00+00:00,62909.1,63241.3,62887.5,63103.6,358.432105
2026-08-17 02:00:00+00:00,63103.6,63498.0,63028.6,63403.0,299.850262
2026-08-17 03:00:00+00:00,63403.0,63520.0,63339.8,63428.1,170.207047
2026-08-17 04:00:00+00:00,63428.1,63595.5,63428.1,63542.1,243.888579
2026-08-17 05:00:00+00:00,63542.1,63595.9,63443.6,63520.1,175.197736
2026-08-17 06:00:00+00:00,63520.1,63725.0,63481.9,63668.2,245.193155
2026-08-17 07:00:00+00:00,63668.2,63672.2,63528.5,63530.8,204.029321
2026-08-17 08:00:00+00:00,63530.8,63554.3,63350.2,63382.4,293.09636
2026-08-17 09:00:00+00:00,63382.4,63428.6,63287.8,63318.1,115.984994
2026-08-17 10:00:00+00:00,63318.1,63699.0,63295.4,63690.2,315.826142
2026-08-17 11:00:00+00:00,63690.2,63785.8,63584.9,63630.5,221.552163
2026-08-17 12:00:00+00:00,63630.5,63684.4,63532.4,63555.5,336.626177
2026-08-17 13:00:00+00:00,63555.5,63805.1,63442.3,63668.8,391.981729
2026-08-17 14:00:00+00:00,63668.8,63902.2,63584.0,63896.4,390.012235
2026-08-17 15:00:00+00:00,63896.4,64231.7,63812.0,64203.0,597.179312
2026-08-17 16:00:00+00:00,64203.0,64217.4,64054.5,64112.1,273.300596
2026-08-17 17:00:00+00:00,64112.1,64431.4,63975.0,64329.6,518.965886
2026-08-17 18:00:00+00:00,64329.6,64630.0,64281.2,64433.6,537.253212
2026-08-17 19:00:00+00:00,64433.6,64434.4,64284.3,64310.8,263.604748
2026-08-17 20:00:00+00:00,64310.8,64441.6,64264.3,64391.5,199.22851
2026-08-17 21:00:00+00:00,64391.5,64434.0,64293.8,64380.6,138.720834
2026-08-17 22:00:00+00:00,64380.6,64418.2,64275.0,64291.8,127.413184
2026-08-17 23:00:00+00:00,64291.8,64578.9,64285.3,64533.2,203.556556
2026-08-18 00:00:00+00:00,64533.2,64571.1,64360.2,64382.1,211.830986
2026-08-18 01:00:00+00:00,64382.1,64388.8,64289.3,64317.2,125.552164
