ts,open,high,low,close,volume
2026-02-19 18:00:00+00:00,0.09684,0.09829,0.09674,0.09822,6437301.8
2026-02-19 19:00:00+00:00,0.09822,0.09847,0.09727,0.09811,1517879.5
2026-02-19 20:00:00+00:00,0.09811,0.09832,0.09737,0.09787,1900508.5
2026-02-19 21:00:00+00:00,0.09787,0.09812,0.09769,0.09771,539507.6
2026-02-19 22:00:00+00:00,0.09771,0.09836,0.09758,0.09814,2121506.0
2026-02-19 23:00:00+00:00,0.09814,0.09838,0.09783,0.09835,1021829.4
2026-02-20 00:00:00+00:00,0.09835,0.09918,0.09819,0.09872,2839935.8
2026-02-20 01:00:00+00:00,0.09872,0.09916,0.0987,0.09881,805405.1
2026-02-20 02:00:00+00:00,0.09881,0.09949,0.0988,0.09914,2453147.5
2026-02-20 03:00:00+00:00,0.09914,0.09935,0.09859,0.09874,967616.9
2026-02-20 04:00:00+00:00,0.09874,0.0989,0.09823,0.09866,2035538.3
2026-02-20 05:00:00+00:00,0.09866,0.09982,0.09843,0.09905,4097097.2
2026-02-20 06:00:00+00:00,0.09905,0.0992,0.09864,0.09892,2200962.2
2026-02-20 07:00:00+00:00,0.09892,0.09893,0.09843,0.0986,1288411.5
2026-02-20 08:00:00+00:00,0.0986,0.09901,0.09824,0.09857,3250252.5
2026-02-20 09:00:00+00:00,0.09857,0.09937,0.09849,0.09915,3393224.1
2026-02-20 10:00:00+00:00,0.09915,0.09944,0.099,0.09913,2834367.5
2026-02-20 11:00:00+00:00,0.09913,0.0992,0.09833,0.09849,3340778.8
2026-02-20 12:00:00+00:00,0.09849,0.09887,0.09822,0.09839,3255271.9
2026-02-20 13:00:00+00:00,0.09839,0.09839,0.09569,0.09629,12309802.8
2026-02-20 14:00:00+00:00,0.09629,0.09849,0.09622,0.09786,15018194.3
2026-02-20 15:00:00+00:00,0.09786,0.10057,0.09786,0.1003,20311752.2
2026-02-20 16:00:00+00:00,0.1003,0.10241,0.10002,0.10112,20206463.1
2026-02-20 17:00:00+00:00,0.10112,0.10151,0.09867,0.10134,12818272.1
2026-02-20 18:00:00+00:00,0.10134,0.10196,0.10063,0.10148,6884578.7
2026-02-20 19:00:00+00:00,0.10148,0.10176,0.10006,0.10025,3109922.6
2026-02-20 20:00:00+00:00,0.10025,0.1012,0.1002,0.10071,2401671.7
2026-02-20 21:00:00+00:00,0.10071,0.10087,0.10027,0.10031,1374376.3
2026-02-20 22:00:00+00:00,0.10031,0.10054,0.09969,0.10034,2750102.2
2026-02-20 23:00:00+00:00,0.10034,0.10062,0.09997,0.10012,1766888.5
2026-02-21 00:00:00+00:00,0.10012,0.10029,0.09918,0.09938,3665418.6
2026-02-21 01:00:00+00:00,0.09938,0.10028,0.09936,0.10011,2460288.8
2026-02-21 02:00:00+00:00,0.10011,0.10031,0.09975,0.10014,633429.3
2026-02-21 03:00:00+00:00,0.10014,0.10014,0.09955,0.09991,1449953.0
2026-02-21 04:00:00+00:00,0.09991,0.10008,0.09977,0.0999,776353.8
2026-02-21 05:00:00+00:00,0.0999,0.10015,0.09989,0.09999,2216330.5
2026-02-21 06:00:00+00:00,0.09999,0.10008,0.09968,0.09988,1367094.0
2026-02-21 07:00:00+00:00,0.09988,0.10021,0.09978,0.10009,1141906.2
2026-02-21 08:00:00+00:00,0.10009,0.10045,0.09994,0.10039,3435693.6
2026-02-21 09:00:00+00:00,0.10039,0.10098,0.10018,0.10035,2391370.4
2026-02-21 10:00:00+00:00,0.10035,0.10053,0.10001,0.10011,684520.6
2026-02-21 11:00:00+00:00,0.10011,0.10035,0.09982,0.10006,4361022.9
2026-02-21 12:00:00+00:00,0.10006,0.10022,0.09969,0.10016,3962799.2
2026-02-21 13:00:00+00:00,0.10016,0.10049,0.10001,0.10049,566269.8
2026-02-21 14:00:00+00:00,0.10049,0.10089,0.10008,0.1005,3967796.2
2026-02-21 15:00:00+00:00,0.1005,0.10055,0.09998,0.10001,995787.1
2026-02-21 16:00:00+00:00,0.10001,0.10005,0.09941,0.09966,1772249.4
2026-02-21 17:00:00+00:00,0.09966,0.09972,0.09902,0.09945,4657205.8
2026-02-21 18:00:00+00:00,0.09945,0.09998,0.09943,0.09985,1055526.8
2026-02-21 19:00:00+00:00,0.09985,0.09989,0.0994,0.09948,714984.0
2026-02-21 20:00:00+00:00,0.09948,0.09959,0.09884,0.09891,1157398.7
2026-02-21 21:00:00+00:00,0.09891,0.0994,0.09873,0.09939,620313.5
2026-02-21 22:00:00+00:00,0.09939,0.09958,0.09904,0.09921,3314615.8
2026-02-21 23:00:00+00:00,0.09921,0.09925,0.09842,0.09852,1724168.3
2026-02-22 00:00:00+00:00,0.09852,0.09857,0.09765,0.0979,2029001.9
2026-02-22 01:00:00+00:00,0.0979,0.09823,0.09775,0.09814,1201966.1
2026-02-22 02:00:00+00:00,0.09814,0.09819,0.09715,0.09729,1980759.4
2026-02-22 03:00:00+00:00,0.09729,0.09761,0.09676,0.09745,2716697.7
2026-02-22 04:00:00+00:00,0.09745,0.09754,0.09723,0.0974,276296.0
2026-02-22 05:00:00+00:00,0.0974,0.0974,0.09694,0.09705,2306909.4
2026-02-22 06:00:00+00:00,0.09705,0.09739,0.09691,0.09726,1964550.9
2026-02-22 07:00:00+00:00,0.09726,0.09747,0.09719,0.09733,873707.3
2026-02-22 08:00:00+00:00,0.09733,0.09735,0.09709,0.09717,981652.8
2026-02-22 09:00:00+00:00,0.09717,0.09737,0.09709,0.0973,611987.0
2026-02-22 10:00:00+00:00,0.0973,0.0975,0.09721,0.09741,609672.1
2026-02-22 11:00:00+00:00,0.09741,0.09769,0.09731,0.0974,832887.5
2026-02-22 12:00:00+00:00,0.0974,0.09741,0.09637,0.09661,2815401.3
2026-02-22 13:00:00+00:00,0.09661,0.09702,0.09577,0.09615,4544553.3
2026-02-22 14:00:00+00:00,0.09615,0.09617,0.09518,0.09584,5911202.0
2026-02-22 15:00:00+00:00,0.09584,0.09611,0.09523,0.09577,2540387.7
2026-02-22 16:00:00+00:00,0.09577,0.09591,0.0954,0.09589,3079719.5
2026-02-22 17:00:00+00:00,0.09589,0.09589,0.09476,0.09497,3125232.8
2026-02-22 18:00:00+00:00,0.09497,0.09535,0.09471,0.09523,570998.6
2026-02-22 19:00:00+00:00,0.09523,0.09529,0.09496,0.09508,560620.3
2026-02-22 20:00:00+00:00,0.09508,0.09508,0.09456,0.0948,524277.6
2026-02-22 21:00:00+00:00,0.0948,0.0955,0.0948,0.09542,2780982.5
2026-02-22 22:00:00+00:00,0.09542,0.09598,0.09522,0.09581,2321045.7
2026-02-22 23:00:00+00:00,0.09581,0.09585,0.09515,0.09558,840762.6
2026-02-23 00:00:00+00:00,0.09558,0.09577,0.09441,0.09449,2110617.5
2026-02-23 01:00:00+00:00,0.09449,0.09453,0.09144,0.0921,27651222.4
2026-02-23 02:00:00+00:00,0.0921,0.093,0.09199,0.09263,5732467.6
2026-02-23 03:00:00+00:00,0.09263,0.09325,0.09263,0.09273,3424351.6
2026-02-23 04:00:00+00:00,0.09273,0.09291,0.09231,0.0925,1572423.8
2026-02-23 05:00:00+00:00,0.0925,0.09298,0.09231,0.09278,6014164.7
2026-02-23 06:00:00+00:00,0.09278,0.09469,0.09273,0.09462,5531663.9
2026-02-23 07:00:00+00:00,0.09462,0.09526,0.09453,0.09491,5619218.6
2026-02-23 08:00:00+00:00,0.09491,0.09509,0.09442,0.09478,1412952.8
2026-02-23 09:00:00+00:00,0.09478,0.09672,0.0947,0.09656,3211885.0
2026-02-23 10:00:00+00:00,0.09656,0.09703,0.09611,0.09633,2267466.1
2026-02-23 11:00:00+00:00,0.09633,0.09714,0.09633,0.09674,3212809.1
2026-02-23 12:00:00+00:00,0.09674,0.09762,0.09642,0.09718,5803037.6
2026-02-23 13:00:00+00:00,0.09718,0.09758,0.09676,0.09685,5123888.7
2026-02-23 14:00:00+00:00,0.09685,0.09706,0.09553,0.09617,8809939.0
2026-02-23 15:00:00+00:00,0.09617,0.09647,0.09492,0.09495,4886202.3
2026-02-23 16:00:00+00:00,0.09495,0.09542,0.09405,0.09452,5669142.0
2026-02-23 17:00:00+00:00,0.09452,0.09492,0.09281,0.09388,4774392.5
2026-02-23 18:00:00+00:00,0.09388,0.09443,0.09327,0.09341,7585245.2
2026-02-23 19:00:00+00:00,0.09341,0.09352,0.09253,0.09285,6405714.7
2026-02-23 20:00:00+00:00,0.09285,0.09341,0.09256,0.09321,7334750.2
2026-02-23 21:00:00+00:00,0.09321,0.0935,0.09292,0.0933,3327197.1
2026-02-23 22:00:00+00:00,0.0933,0.09353,0.09307,0.09309,1380349.2
2026-02-23 23:00:00+00:00,0.09309,0.09341,0.09251,0.09269,1382547.9
2026-02-24 00:00:00+00:00,0.09269,0.09338,0.09269,0.0932,687358.6
2026-02-24 01:00:00+00:00,0.0932,0.09362,0.091,0.09278,7225018.1
2026-02-24 02:00:00+00:00,0.09278,0.09326,0.09219,0.09263,952553.8
2026-02-24 03:00:00+00:00,0.09263,0.09263,0.0918,0.09211,1977930.5
2026-02-24 04:00:00+00:00,0.09211,0.0922,0.09104,0.09146,4502517.9
2026-02-24 05:00:00+00:00,0.09146,0.0917,0.09064,0.09126,3457342.2
2026-02-24 06:00:00+00:00,0.09126,0.09145,0.09085,0.09103,2705448.0
2026-02-24 07:00:00+00:00,0.09103,0.09147,0.09085,0.09127,1647392.6
2026-02-24 08:00:00+00:00,0.09127,0.0917,0.09098,0.09157,2939742.1
2026-02-24 09:00:00+00:00,0.09157,0.09168,0.09077,0.09124,1991131.3
2026-02-24 10:00:00+00:00,0.09124,0.09161,0.09108,0.09143,3411570.9
2026-02-24 11:00:00+00:00,0.09143,0.09154,0.09089,0.09129,1847816.0
2026-02-24 12:00:00+00:00,0.09129,0.09147,0.09103,0.09113,2164995.9
2026-02-24 13:00:00+00:00,0.09113,0.09124,0.09014,0.09083,2952055.0
2026-02-24 14:00:00+00:00,0.09083,0.09216,0.08997,0.09132,12048383.1
2026-02-24 15:00:00+00:00,0.09132,0.09258,0.09115,0.09177,4086190.2
2026-02-24 16:00:00+00:00,0.09177,0.09271,0.0914,0.0921,5316479.4
2026-02-24 17:00:00+00:00,0.0921,0.09238,0.09146,0.09167,4073228.3
2026-02-24 18:00:00+00:00,0.09167,0.09228,0.09154,0.09208,1953334.4
2026-02-24 19:00:00+00:00,0.09208,0.09233,0.09172,0.09204,1487785.0
2026-02-24 20:00:00+00:00,0.09204,0.0924,0.09183,0.09222,1590363.1
2026-02-24 21:00:00+00:00,0.09222,0.09222,0.0916,0.09183,2038885.6
2026-02-24 22:00:00+00:00,0.09183,0.09232,0.09175,0.09202,1033827.6
2026-02-24 23:00:00+00:00,0.09202,0.09202,0.09135,0.09138,1539808.3
2026-02-25 00:00:00+00:00,0.09138,0.09149,0.09092,0.09119,1092871.1
2026-02-25 01:00:00+00:00,0.09119,0.09496,0.09113,0.0939,10863083.5
2026-02-25 02:00:00+00:00,0.0939,0.09474,0.09356,0.0936,8211415.9
2026-02-25 03:00:00+00:00,0.0936,0.09374,0.09266,0.09278,2911830.7
2026-02-25 04:00:00+00:00,0.09278,0.09295,0.0918,0.09265,3112741.4
2026-02-25 05:00:00+00:00,0.09265,0.09268,0.09139,0.09202,3911493.3
2026-02-25 06:00:00+00:00,0.09202,0.09253,0.09201,0.09232,2960300.7
2026-02-25 07:00:00+00:00,0.09232,0.09294,0.0923,0.09286,1853589.3
2026-02-25 08:00:00+00:00,0.09286,0.09356,0.09252,0.0935,5880055.5
2026-02-25 09:00:00+00:00,0.0935,0.09388,0.09323,0.09355,1995985.3
2026-02-25 10:00:00+00:00,0.09355,0.09396,0.09341,0.09368,2283799.3
2026-02-25 11:00:00+00:00,0.09368,0.09428,0.09345,0.0941,1801983.5
2026-02-25 12:00:00+00:00,0.0941,0.09611,0.09406,0.09577,8658453.6
2026-02-25 13:00:00+00:00,0.09577,0.0975,0.09568,0.097,7706556.1
2026-02-25 14:00:00+00:00,0.097,0.10102,0.097,0.10085,26631225.8
2026-02-25 15:00:00+00:00,0.10085,0.10269,0.10031,0.10159,41373384.3
2026-02-25 16:00:00+00:00,0.10159,0.10286,0.10085,0.10266,20042134.4
2026-02-25 17:00:00+00:00,0.10266,0.10347,0.10247,0.10285,10540241.3
2026-02-25 18:00:00+00:00,0.10285,0.10397,0.10227,0.1036,6257029.4
2026-02-25 19:00:00+00:00,0.1036,0.1043,0.10324,0.10407,9611408.6
2026-02-25 20:00:00+00:00,0.10407,0.10459,0.10335,0.10405,9277251.3
2026-02-25 21:00:00+00:00,0.10405,0.1062,0.10388,0.1053,18741570.4
2026-02-25 22:00:00+00:00,0.1053,0.10589,0.10223,0.10295,21414800.7
2026-02-25 23:00:00+00:00,0.10295,0.10343,0.09949,0.1009,17331737.5
2026-02-26 00:00:00+00:00,0.1009,0.10159,0.09983,0.10049,7788109.2
2026-02-26 01:00:00+00:00,0.10049,0.10127,0.10034,0.10059,2291025.7
2026-02-26 02:00:00+00:00,0.10059,0.10158,0.09987,0.10139,3210158.6
2026-02-26 03:00:00+00:00,0.10139,0.10151,0.10072,0.10081,1738503.7
2026-02-26 04:00:00+00:00,0.10081,0.10168,0.10064,0.10118,1636383.8
2026-02-26 05:00:00+00:00,0.10118,0.10118,0.09965,0.10024,4350207.0
2026-02-26 06:00:00+00:00,0.10024,0.10053,0.09987,0.10001,2712609.8
2026-02-26 07:00:00+00:00,0.10001,0.10022,0.09929,0.09955,3707967.5
2026-02-26 08:00:00+00:00,0.09955,0.10034,0.09955,0.09961,3249727.9
2026-02-26 09:00:00+00:00,0.09961,0.10058,0.09952,0.10022,2590339.1
2026-02-26 10:00:00+00:00,0.10022,0.10022,0.09874,0.09893,3454169.9
2026-02-26 11:00:00+00:00,0.09893,0.09903,0.09828,0.0985,2890142.2
2026-02-26 12:00:00+00:00,0.0985,0.09944,0.09847,0.0994,1440954.2
2026-02-26 13:00:00+00:00,0.0994,0.09946,0.09884,0.09896,2234735.2
2026-02-26 14:00:00+00:00,0.09896,0.09947,0.09808,0.09889,5924036.9
2026-02-26 15:00:00+00:00,0.09889,0.09906,0.09744,0.09859,9546689.7
2026-02-26 16:00:00+00:00,0.09859,0.09879,0.0956,0.09574,19500940.2
2026-02-26 17:00:00+00:00,0.09574,0.09678,0.09564,0.09582,3547189.4
2026-02-26 18:00:00+00:00,0.09582,0.09665,0.0954,0.09608,6570307.6
2026-02-26 19:00:00+00:00,0.09608,0.09757,0.09605,0.09734,6658797.9
2026-02-26 20:00:00+00:00,0.09734,0.09761,0.09665,0.09678,2830150.5
2026-02-26 21:00:00+00:00,0.09678,0.0969,0.09643,0.09673,3900335.9
2026-02-26 22:00:00+00:00,0.09673,0.09715,0.09653,0.09695,2829456.6
2026-02-26 23:00:00+00:00,0.09695,0.09719,0.09661,0.097,881279.5
2026-02-27 00:00:00+00:00,0.097,0.09705,0.09625,0.09669,1185684.1
2026-02-27 01:00:00+00:00,0.09669,0.09717,0.09643,0.09712,1592035.2
2026-02-27 02:00:00+00:00,0.09712,0.09768,0.0971,0.09723,3194103.5
2026-02-27 03:00:00+00:00,0.09723,0.09767,0.09665,0.09757,3039646.4
2026-02-27 04:00:00+00:00,0.09757,0.09962,0.0975,0.09845,9798610.1
2026-02-27 05:00:00+00:00,0.09845,0.09902,0.09842,0.09856,2209109.2
2026-02-27 06:00:00+00:00,0.09856,0.09906,0.09802,0.09886,2349844.6
2026-02-27 07:00:00+00:00,0.09886,0.09898,0.09778,0.09846,2312802.2
2026-02-27 08:00:00+00:00,0.09846,0.09863,0.09802,0.09829,2391002.3
2026-02-27 09:00:00+00:00,0.09829,0.09857,0.097,0.09735,5070686.7
2026-02-27 10:00:00+00:00,0.09735,0.09747,0.09592,0.09605,5363741.0
2026-02-27 11:00:00+00:00,0.09605,0.09646,0.09468,0.095,7806508.9
2026-02-27 12:00:00+00:00,0.095,0.09537,0.09461,0.0952,5418780.3
2026-02-27 13:00:00+00:00,0.0952,0.09555,0.09384,0.0948,21898513.2
2026-02-27 14:00:00+00:00,0.0948,0.09491,0.0938,0.09399,4403378.3
2026-02-27 15:00:00+00:00,0.09399,0.09446,0.09363,0.09403,2934479.5
2026-02-27 16:00:00+00:00,0.09403,0.09429,0.09332,0.09366,6946357.2
2026-02-27 17:00:00+00:00,0.09366,0.09393,0.09301,0.09374,3110525.7
2026-02-27 18:00:00+00:00,0.09374,0.0939,0.09322,0.09339,2065811.9
2026-02-27 19:00:00+00:00,0.09339,0.09344,0.09274,0.09302,2130415.5
2026-02-27 20:00:00+00:00,0.09302,0.09341,0.09297,0.09324,554018.3
2026-02-27 21:00:00+00:00,0.09324,0.09345,0.09293,0.09311,1645741.4
2026-02-27 22:00:00+00:00,0.09311,0.09326,0.09199,0.09313,5122562.5
2026-02-27 23:00:00+00:00,0.09313,0.09344,0.09294,0.0934,2537901.2
2026-02-28 00:00:00+00:00,0.0934,0.09378,0.09331,0.0935,3440303.3
2026-02-28 01:00:00+00:00,0.0935,0.0937,0.09319,0.09331,10569660.9
2026-02-28 02:00:00+00:00,0.09331,0.09374,0.09323,0.09369,16012135.3
2026-02-28 03:00:00+00:00,0.09369,0.09369,0.09309,0.09321,3510810.9
2026-02-28 04:00:00+00:00,0.09321,0.09339,0.09269,0.09309,5132622.3
2026-02-28 05:00:00+00:00,0.09309,0.09315,0.0924,0.09258,7620083.7
2026-02-28 06:00:00+00:00,0.09258,0.09262,0.0882,0.08867,78433773.7
2026-02-28 07:00:00+00:00,0.08867,0.09045,0.08803,0.08932,36363342.4
2026-02-28 08:00:00+00:00,0.08932,0.08947,0.08844,0.0886,9018365.6
2026-02-28 09:00:00+00:00,0.0886,0.08922,0.08779,0.0884,14994290.1
2026-02-28 10:00:00+00:00,0.0884,0.0892,0.08771,0.08855,16376023.3
2026-02-28 11:00:00+00:00,0.08855,0.08921,0.08851,0.08873,9547334.2
2026-02-28 12:00:00+00:00,0.08873,0.08931,0.08855,0.08886,6015017.0
2026-02-28 13:00:00+00:00,0.08886,0.09207,0.08883,0.09148,25325572.0
2026-02-28 14:00:00+00:00,0.09148,0.09192,0.09005,0.09027,16744853.3
2026-02-28 15:00:00+00:00,0.09027,0.09106,0.08977,0.09079,7086051.3
2026-02-28 16:00:00+00:00,0.09079,0.09116,0.09039,0.0909,2566018.1
2026-02-28 17:00:00+00:00,0.0909,0.09127,0.09017,0.09109,4320055.8
2026-02-28 18:00:00+00:00,0.09109,0.09286,0.09077,0.09212,11683612.8
2026-02-28 19:00:00+00:00,0.09212,0.09342,0.09149,0.09287,8446357.8
2026-02-28 20:00:00+00:00,0.09287,0.09462,0.09259,0.0943,8095282.2
2026-02-28 21:00:00+00:00,0.0943,0.09441,0.09342,0.09382,4613001.0
2026-02-28 22:00:00+00:00,0.09382,0.095,0.09382,0.09395,4843275.8
2026-02-28 23:00:00+00:00,0.09395,0.09421,0.09381,0.09407,2320004.8
2026-03-01 00:00:00+00:00,0.09407,0.09425,0.09357,0.09394,1326432.7
2026-03-01 01:00:00+00:00,0.09394,0.09617,0.0931,0.0955,10269703.3
2026-03-01 02:00:00+00:00,0.0955,0.09788,0.09547,0.09704,17968105.4
2026-03-01 03:00:00+00:00,0.09704,0.09729,0.09589,0.09607,9123352.4
2026-03-01 04:00:00+00:00,0.09607,0.09655,0.0957,0.09627,5884186.1
2026-03-01 05:00:00+00:00,0.09627,0.0966,0.09588,0.09595,3953056.7
2026-03-01 06:00:00+00:00,0.09595,0.096,0.09444,0.09478,9473007.5
2026-03-01 07:00:00+00:00,0.09478,0.09502,0.09436,0.09486,4133792.5
2026-03-01 08:00:00+00:00,0.09486,0.09491,0.09337,0.09364,6184503.5
2026-03-01 09:00:00+00:00,0.09364,0.09444,0.09332,0.09348,2929936.5
2026-03-01 10:00:00+00:00,0.09348,0.09402,0.09319,0.09368,4386045.0
2026-03-01 11:00:00+00:00,0.09368,0.0938,0.09339,0.09352,3568808.3
2026-03-01 12:00:00+00:00,0.09352,0.09377,0.09287,0.09296,2253808.6
2026-03-01 13:00:00+00:00,0.09296,0.09498,0.0925,0.09434,10788771.9
2026-03-01 14:00:00+00:00,0.09434,0.09551,0.09374,0.09404,7685293.0
2026-03-01 15:00:00+00:00,0.09404,0.09464,0.09379,0.09382,2989730.1
2026-03-01 16:00:00+00:00,0.09382,0.09451,0.09204,0.09287,7389744.5
2026-03-01 17:00:00+00:00,0.09287,0.09293,0.09172,0.09231,5955022.3
2026-03-01 18:00:00+00:00,0.09231,0.0936,0.09231,0.09277,4620907.6
2026-03-01 19:00:00+00:00,0.09277,0.09279,0.09145,0.09182,5899345.2
2026-03-01 20:00:00+00:00,0.09182,0.0919,0.09055,0.09091,8435919.1
2026-03-01 21:00:00+00:00,0.09091,0.09211,0.09086,0.092,3523717.4
2026-03-01 22:00:00+00:00,0.092,0.09345,0.09178,0.09185,13388581.2
2026-03-01 23:00:00+00:00,0.09185,0.09295,0.09167,0.09189,2199501.6
2026-03-02 00:00:00+00:00,0.09189,0.09341,0.09185,0.09302,1910909.2
2026-03-02 01:00:00+00:00,0.09302,0.09448,0.09294,0.0933,3472632.8
2026-03-02 02:00:00+00:00,0.0933,0.09364,0.09253,0.09268,5671746.0
2026-03-02 03:00:00+00:00,0.09268,0.09355,0.09241,0.09326,3130235.6
2026-03-02 04:00:00+00:00,0.09326,0.09354,0.09293,0.09319,1346352.0
2026-03-02 05:00:00+00:00,0.09319,0.09352,0.09274,0.09297,1347855.7
2026-03-02 06:00:00+00:00,0.09297,0.09303,0.09163,0.09203,6887310.8
2026-03-02 07:00:00+00:00,0.09203,0.09208,0.09118,0.09174,3427449.0
2026-03-02 08:00:00+00:00,0.09174,0.09244,0.09131,0.0923,4775248.1
2026-03-02 09:00:00+00:00,0.0923,0.09301,0.09207,0.09208,2720191.1
2026-03-02 10:00:00+00:00,0.09208,0.09232,0.0916,0.09191,3974450.9
2026-03-02 11:00:00+00:00,0.09191,0.0922,0.09145,0.09182,1989995.2
2026-03-02 12:00:00+00:00,0.09182,0.09202,0.09127,0.0914,4364622.8
2026-03-02 13:00:00+00:00,0.0914,0.09169,0.09084,0.09095,5305684.0
2026-03-02 14:00:00+00:00,0.09095,0.09391,0.09081,0.09357,8541566.5
2026-03-02 15:00:00+00:00,0.09357,0.09665,0.09334,0.09568,24576190.9
2026-03-02 16:00:00+00:00,0.09568,0.09777,0.09545,0.09625,18194937.0
2026-03-02 17:00:00+00:00,0.09625,0.09649,0.09436,0.09542,13888927.0
2026-03-02 18:00:00+00:00,0.09542,0.09606,0.09461,0.09551,8203281.6
2026-03-02 19:00:00+00:00,0.09551,0.09587,0.09485,0.09554,7191575.9
2026-03-02 20:00:00+00:00,0.09554,0.09601,0.09462,0.09464,4967779.8
2026-03-02 21:00:00+00:00,0.09464,0.09469,0.09396,0.09414,2798406.3
2026-03-02 22:00:00+00:00,0.09414,0.09503,0.09407,0.09478,4197626.8
2026-03-02 23:00:00+00:00,0.09478,0.09486,0.09332,0.09356,2843067.8
2026-03-03 00:00:00+00:00,0.09356,0.09376,0.09274,0.09359,2228475.3
2026-03-03 01:00:00+00:00,0.09359,0.09384,0.09283,0.09289,2326773.8
2026-03-03 02:00:00+00:00,0.09289,0.09296,0.09212,0.09261,5375365.2
2026-03-03 03:00:00+00:00,0.09261,0.0928,0.09207,0.09257,2770843.1
2026-03-03 04:00:00+00:00,0.09257,0.09262,0.09159,0.09173,2556037.8
2026-03-03 05:00:00+00:00,0.09173,0.09243,0.09124,0.09168,1947538.2
2026-03-03 06:00:00+00:00,0.09168,0.0918,0.09129,0.09166,3056882.2
2026-03-03 07:00:00+00:00,0.09166,0.09206,0.09107,0.09133,36700916.3
2026-03-03 08:00:00+00:00,0.09133,0.09155,0.08971,0.08994,18969545.5
2026-03-03 09:00:00+00:00,0.08994,0.09053,0.08948,0.08965,13858074.9
2026-03-03 10:00:00+00:00,0.08965,0.09008,0.08918,0.08983,28109391.0
2026-03-03 11:00:00+00:00,0.08983,0.09016,0.08961,0.09006,9369352.2
2026-03-03 12:00:00+00:00,0.09006,0.09108,0.08981,0.09042,10262895.5
2026-03-03 13:00:00+00:00,0.09042,0.09045,0.08962,0.08988,5522536.9
2026-03-03 14:00:00+00:00,0.08988,0.091,0.08866,0.08939,9917451.0
2026-03-03 15:00:00+00:00,0.08939,0.09064,0.08875,0.09019,7311561.1
2026-03-03 16:00:00+00:00,0.09019,0.09242,0.08979,0.0909,21714488.0
2026-03-03 17:00:00+00:00,0.0909,0.091,0.08946,0.09014,5585237.5
2026-03-03 18:00:00+00:00,0.09014,0.09062,0.08931,0.08975,8980020.5
2026-03-03 19:00:00+00:00,0.08975,0.08996,0.08911,0.08945,11559576.7
2026-03-03 20:00:00+00:00,0.08945,0.08947,0.08885,0.08911,5229630.3
2026-03-03 21:00:00+00:00,0.08911,0.08945,0.08848,0.0894,7369413.6
2026-03-03 22:00:00+00:00,0.0894,0.09063,0.0894,0.09019,4390408.6
2026-03-03 23:00:00+00:00,0.09019,0.09088,0.08991,0.08995,2822777.6
2026-03-04 00:00:00+00:00,0.08995,0.09018,0.08927,0.08984,3515822.9
2026-03-04 01:00:00+00:00,0.08984,0.09064,0.08955,0.08988,4277515.6
2026-03-04 02:00:00+00:00,0.08988,0.09016,0.08951,0.08993,4007309.8
2026-03-04 03:00:00+00:00,0.08993,0.09012,0.08861,0.0894,4888340.0
2026-03-04 04:00:00+00:00,0.0894,0.08983,0.08894,0.0893,2956763.4
2026-03-04 05:00:00+00:00,0.0893,0.08965,0.08872,0.08925,4233616.1
2026-03-04 06:00:00+00:00,0.08925,0.08977,0.08874,0.08921,5932553.5
2026-03-04 07:00:00+00:00,0.08921,0.09056,0.08886,0.09016,8605456.6
2026-03-04 08:00:00+00:00,0.09016,0.09256,0.08971,0.09229,19645912.8
2026-03-04 09:00:00+00:00,0.09229,0.09344,0.09187,0.09255,24643495.4
2026-03-04 10:00:00+00:00,0.09255,0.09329,0.09249,0.09303,10895752.3
2026-03-04 11:00:00+00:00,0.09303,0.09314,0.0919,0.09231,6544709.7
2026-03-04 12:00:00+00:00,0.09231,0.09268,0.0915,0.09245,12094503.9
2026-03-04 13:00:00+00:00,0.09245,0.09421,0.09237,0.0941,13098161.9
2026-03-04 14:00:00+00:00,0.0941,0.09612,0.09386,0.09524,37824054.9
2026-03-04 15:00:00+00:00,0.09524,0.09924,0.09523,0.09907,61590395.7
2026-03-04 16:00:00+00:00,0.09907,0.10005,0.0975,0.09965,31439881.7
2026-03-04 17:00:00+00:00,0.09965,0.10341,0.09953,0.10184,44390375.6
2026-03-04 18:00:00+00:00,0.10184,0.10248,0.1012,0.10216,15863025.4
2026-03-04 19:00:00+00:00,0.10216,0.10433,0.10191,0.10278,24851572.2
2026-03-04 20:00:00+00:00,0.10278,0.1035,0.10199,0.10223,22471410.4
2026-03-04 21:00:00+00:00,0.10223,0.10271,0.10169,0.1022,21941504.0
2026-03-04 22:00:00+00:00,0.1022,0.10305,0.09889,0.09922,29389752.4
2026-03-04 23:00:00+00:00,0.09922,0.09989,0.09889,0.09894,18552636.3
2026-03-05 00:00:00+00:00,0.09894,0.09925,0.09775,0.09817,10574255.7
2026-03-05 01:00:00+00:00,0.09817,0.09883,0.09645,0.09689,9928535.2
2026-03-05 02:00:00+00:00,0.09689,0.0973,0.09617,0.09643,5187736.9
2026-03-05 03:00:00+00:00,0.09643,0.09646,0.09592,0.09618,6719870.7
2026-03-05 04:00:00+00:00,0.09618,0.0973,0.0961,0.09675,18008496.1
2026-03-05 05:00:00+00:00,0.09675,0.09708,0.09598,0.09605,6490544.1
2026-03-05 06:00:00+00:00,0.09605,0.09653,0.09544,0.09649,8449158.9
2026-03-05 07:00:00+00:00,0.09649,0.09665,0.0952,0.09568,5176692.2
2026-03-05 08:00:00+00:00,0.09568,0.09587,0.09532,0.09573,4331170.8
2026-03-05 09:00:00+00:00,0.09573,0.09656,0.09568,0.09625,5042437.0
2026-03-05 10:00:00+00:00,0.09625,0.09798,0.09605,0.09767,13853810.1
2026-03-05 11:00:00+00:00,0.09767,0.09788,0.09576,0.09594,19406665.6
2026-03-05 12:00:00+00:00,0.09594,0.09645,0.09548,0.09626,7388511.2
2026-03-05 13:00:00+00:00,0.09626,0.09629,0.09459,0.09512,20529780.6
2026-03-05 14:00:00+00:00,0.09512,0.09573,0.09422,0.0954,20732414.7
2026-03-05 15:00:00+00:00,0.0954,0.09564,0.09383,0.09425,23837530.6
2026-03-05 16:00:00+00:00,0.09425,0.09426,0.09272,0.09388,11140317.3
2026-03-05 17:00:00+00:00,0.09388,0.09428,0.09283,0.09306,7166839.1
2026-03-05 18:00:00+00:00,0.09306,0.09392,0.09293,0.09373,13172927.0
2026-03-05 19:00:00+00:00,0.09373,0.09455,0.09372,0.09391,6009059.8
2026-03-05 20:00:00+00:00,0.09391,0.09479,0.09388,0.09435,8061324.3
2026-03-05 21:00:00+00:00,0.09435,0.09468,0.0937,0.0939,6814143.6
2026-03-05 22:00:00+00:00,0.0939,0.09408,0.09352,0.09385,3189437.8
2026-03-05 23:00:00+00:00,0.09385,0.09391,0.09346,0.09358,3062238.4
2026-03-06 00:00:00+00:00,0.09358,0.09386,0.09346,0.09369,1213827.1
2026-03-06 01:00:00+00:00,0.09369,0.0943,0.09315,0.09403,3189285.0
2026-03-06 02:00:00+00:00,0.09403,0.09404,0.09349,0.09362,5746211.9
2026-03-06 03:00:00+00:00,0.09362,0.09402,0.09357,0.09388,2625980.8
2026-03-06 04:00:00+00:00,0.09388,0.09389,0.093,0.09345,4182786.4
2026-03-06 05:00:00+00:00,0.09345,0.09374,0.09317,0.09361,3026297.2
2026-03-06 06:00:00+00:00,0.09361,0.09375,0.09333,0.09339,1597770.4
2026-03-06 07:00:00+00:00,0.09339,0.09442,0.09334,0.09398,9384039.6
2026-03-06 08:00:00+00:00,0.09398,0.094,0.09292,0.09325,7059301.3
2026-03-06 09:00:00+00:00,0.09325,0.0933,0.09245,0.09322,13711238.3
2026-03-06 10:00:00+00:00,0.09322,0.0938,0.09315,0.0935,11161537.3
2026-03-06 11:00:00+00:00,0.0935,0.09366,0.09294,0.09308,3187037.3
2026-03-06 12:00:00+00:00,0.09308,0.09348,0.09268,0.09306,7828541.8
2026-03-06 13:00:00+00:00,0.09306,0.09354,0.09138,0.09158,28907736.3
2026-03-06 14:00:00+00:00,0.09158,0.09171,0.09002,0.09035,28330252.4
2026-03-06 15:00:00+00:00,0.09035,0.09097,0.08997,0.09026,17035929.6
2026-03-06 16:00:00+00:00,0.09026,0.09134,0.09018,0.09082,20656064.4
2026-03-06 17:00:00+00:00,0.09082,0.09108,0.08999,0.09027,20658313.1
2026-03-06 18:00:00+00:00,0.09027,0.09078,0.09018,0.09066,45602177.6
2026-03-06 19:00:00+00:00,0.09066,0.09115,0.09062,0.09085,2840119.2
2026-03-06 20:00:00+00:00,0.09085,0.09113,0.09056,0.09103,2118213.8
2026-03-06 21:00:00+00:00,0.09103,0.09114,0.09076,0.09111,5423695.5
2026-03-06 22:00:00+00:00,0.09111,0.09159,0.09097,0.09126,3990925.4
2026-03-06 23:00:00+00:00,0.09126,0.0914,0.09112,0.09125,3067287.7
2026-03-07 00:00:00+00:00,0.09125,0.09154,0.09121,0.09139,2025751.2
2026-03-07 01:00:00+00:00,0.09139,0.09171,0.09127,0.09152,1639396.1
2026-03-07 02:00:00+00:00,0.09152,0.09164,0.09115,0.09163,3100398.7
2026-03-07 03:00:00+00:00,0.09163,0.09211,0.09104,0.09105,10736799.7
2026-03-07 04:00:00+00:00,0.09105,0.09125,0.09067,0.09084,4725776.7
2026-03-07 05:00:00+00:00,0.09084,0.09095,0.09043,0.09069,4517578.7
2026-03-07 06:00:00+00:00,0.09069,0.09086,0.09046,0.09056,2076522.8
2026-03-07 07:00:00+00:00,0.09056,0.09071,0.09036,0.09056,3965120.5
2026-03-07 08:00:00+00:00,0.09056,0.09084,0.09039,0.09041,5767748.9
2026-03-07 09:00:00+00:00,0.09041,0.09059,0.09002,0.09035,8599590.9
2026-03-07 10:00:00+00:00,0.09035,0.09053,0.0903,0.09035,1677157.3
2026-03-07 11:00:00+00:00,0.09035,0.09081,0.09011,0.0906,4479316.2
2026-03-07 12:00:00+00:00,0.0906,0.09066,0.09033,0.09038,2024997.1
2026-03-07 13:00:00+00:00,0.09038,0.09061,0.09018,0.0903,1591679.1
2026-03-07 14:00:00+00:00,0.0903,0.0904,0.08938,0.09007,9169031.6
2026-03-07 15:00:00+00:00,0.09007,0.09017,0.08962,0.09001,4258455.0
2026-03-07 16:00:00+00:00,0.09001,0.09026,0.0899,0.09016,6535557.6
2026-03-07 17:00:00+00:00,0.09016,0.09064,0.09016,0.09047,1276562.3
2026-03-07 18:00:00+00:00,0.09047,0.09047,0.0896,0.09014,4082231.6
2026-03-07 19:00:00+00:00,0.09014,0.09014,0.08924,0.08957,9488800.2
2026-03-07 20:00:00+00:00,0.08957,0.09015,0.08957,0.09007,2765062.2
2026-03-07 21:00:00+00:00,0.09007,0.09019,0.08981,0.09,779902.3
2026-03-07 22:00:00+00:00,0.09,0.09003,0.08941,0.08974,2879401.9
2026-03-07 23:00:00+00:00,0.08974,0.09,0.08973,0.08992,995806.8
2026-03-08 00:00:00+00:00,0.08992,0.09018,0.08972,0.08993,2689325.7
2026-03-08 01:00:00+00:00,0.08993,0.09009,0.08977,0.09,1509510.4
2026-03-08 02:00:00+00:00,0.09,0.09007,0.08876,0.08927,16939708.8
2026-03-08 03:00:00+00:00,0.08927,0.08948,0.089,0.08933,3248569.5
2026-03-08 04:00:00+00:00,0.08933,0.08959,0.08875,0.08898,4177746.6
2026-03-08 05:00:00+00:00,0.08898,0.0897,0.08896,0.08941,2144386.1
2026-03-08 06:00:00+00:00,0.08941,0.08946,0.08905,0.08911,3959552.1
2026-03-08 07:00:00+00:00,0.08911,0.08956,0.08903,0.08933,4616721.3
2026-03-08 08:00:00+00:00,0.08933,0.08946,0.08896,0.08941,2607310.9
2026-03-08 09:00:00+00:00,0.08941,0.09015,0.08927,0.08995,2666088.1
2026-03-08 10:00:00+00:00,0.08995,0.09133,0.08995,0.09056,6244911.5
2026-03-08 11:00:00+00:00,0.09056,0.09056,0.08912,0.08936,12143215.7
2026-03-08 12:00:00+00:00,0.08936,0.08948,0.08812,0.08895,14520544.3
2026-03-08 13:00:00+00:00,0.08895,0.08908,0.08787,0.0887,23147670.9
2026-03-08 14:00:00+00:00,0.0887,0.08923,0.08861,0.08911,5854376.8
2026-03-08 15:00:00+00:00,0.08911,0.08916,0.08852,0.08871,5789595.2
2026-03-08 16:00:00+00:00,0.08871,0.08884,0.08827,0.08854,9283356.1
2026-03-08 17:00:00+00:00,0.08854,0.0891,0.08852,0.0886,1922696.2
2026-03-08 18:00:00+00:00,0.0886,0.08867,0.08819,0.0885,3592499.4
2026-03-08 19:00:00+00:00,0.0885,0.08969,0.08841,0.08932,5781526.1
2026-03-08 20:00:00+00:00,0.08932,0.0901,0.08918,0.08965,2144254.2
2026-03-08 21:00:00+00:00,0.08965,0.08985,0.08911,0.08951,3387538.8
2026-03-08 22:00:00+00:00,0.08951,0.08966,0.08668,0.08943,34816282.0
2026-03-08 23:00:00+00:00,0.08943,0.08985,0.0889,0.08913,2289252.5
2026-03-09 00:00:00+00:00,0.08913,0.0905,0.08908,0.08982,4442540.8
2026-03-09 01:00:00+00:00,0.08982,0.09012,0.08931,0.08938,3654562.7
2026-03-09 02:00:00+00:00,0.08938,0.09003,0.089,0.08977,2600347.0
2026-03-09 03:00:00+00:00,0.08977,0.09169,0.08966,0.09039,13218438.8
2026-03-09 04:00:00+00:00,0.09039,0.0909,0.09021,0.09035,3340487.7
2026-03-09 05:00:00+00:00,0.09035,0.09179,0.09013,0.09147,12735914.4
2026-03-09 06:00:00+00:00,0.09147,0.09169,0.09029,0.09042,5556882.4
2026-03-09 07:00:00+00:00,0.09042,0.09046,0.08931,0.08996,6461961.3
2026-03-09 08:00:00+00:00,0.08996,0.09065,0.0899,0.09048,3514607.4
2026-03-09 09:00:00+00:00,0.09048,0.09138,0.09004,0.09042,6176773.3
2026-03-09 10:00:00+00:00,0.09042,0.09076,0.08995,0.09011,2218974.7
2026-03-09 11:00:00+00:00,0.09011,0.09055,0.08974,0.09036,1456418.8
2026-03-09 12:00:00+00:00,0.09036,0.09112,0.09036,0.09087,6290207.8
2026-03-09 13:00:00+00:00,0.09087,0.09245,0.0908,0.09194,13742665.2
2026-03-09 14:00:00+00:00,0.09194,0.09229,0.09099,0.09161,19044683.6
2026-03-09 15:00:00+00:00,0.09161,0.09187,0.09063,0.09115,6012495.2
2026-03-09 16:00:00+00:00,0.09115,0.09164,0.09076,0.09123,4327917.3
2026-03-09 17:00:00+00:00,0.09123,0.09175,0.09097,0.0914,3155370.5
2026-03-09 18:00:00+00:00,0.0914,0.09172,0.09082,0.09089,7020441.1
2026-03-09 19:00:00+00:00,0.09089,0.09284,0.09068,0.09129,11336210.1
2026-03-09 20:00:00+00:00,0.09129,0.09147,0.09083,0.09126,3143645.3
2026-03-09 21:00:00+00:00,0.09126,0.09183,0.0911,0.0915,1397493.7
2026-03-09 22:00:00+00:00,0.0915,0.09159,0.09045,0.09071,3865587.6
2026-03-09 23:00:00+00:00,0.09071,0.09095,0.09021,0.09051,1543477.8
2026-03-10 00:00:00+00:00,0.09051,0.09143,0.09035,0.09108,2343838.0
2026-03-10 01:00:00+00:00,0.09108,0.09128,0.09051,0.09103,956728.2
2026-03-10 02:00:00+00:00,0.09103,0.09237,0.09071,0.09201,4797667.0
2026-03-10 03:00:00+00:00,0.09201,0.09221,0.09102,0.09122,2776018.2
2026-03-10 04:00:00+00:00,0.09122,0.09209,0.09117,0.09189,3547351.7
2026-03-10 05:00:00+00:00,0.09189,0.09234,0.09171,0.09181,4297547.7
2026-03-10 06:00:00+00:00,0.09181,0.09187,0.09139,0.09165,3189378.4
2026-03-10 07:00:00+00:00,0.09165,0.09247,0.09142,0.09232,9171762.0
2026-03-10 08:00:00+00:00,0.09232,0.09421,0.09226,0.09356,13607113.3
2026-03-10 09:00:00+00:00,0.09356,0.09563,0.09356,0.09524,24639711.2
2026-03-10 10:00:00+00:00,0.09524,0.09595,0.09447,0.09549,22855539.7
2026-03-10 11:00:00+00:00,0.09549,0.09576,0.09429,0.09451,23898476.7
2026-03-10 12:00:00+00:00,0.09451,0.09506,0.09426,0.09499,11469114.7
2026-03-10 13:00:00+00:00,0.09499,0.0971,0.09459,0.09612,43496503.4
2026-03-10 14:00:00+00:00,0.09612,0.09965,0.09494,0.09937,71041707.8
2026-03-10 15:00:00+00:00,0.09937,0.09976,0.0977,0.09915,44870594.7
2026-03-10 16:00:00+00:00,0.09915,0.10047,0.09865,0.09985,35751937.3
2026-03-10 17:00:00+00:00,0.09985,0.10003,0.0979,0.09825,28599813.8
2026-03-10 18:00:00+00:00,0.09825,0.09827,0.09488,0.09547,25765410.1
2026-03-10 19:00:00+00:00,0.09547,0.09549,0.09431,0.09476,6062012.7
2026-03-10 20:00:00+00:00,0.09476,0.09509,0.09448,0.09493,3220484.0
2026-03-10 21:00:00+00:00,0.09493,0.09532,0.09381,0.09447,5297946.4
2026-03-10 22:00:00+00:00,0.09447,0.09485,0.09402,0.09434,4680263.5
2026-03-10 23:00:00+00:00,0.09434,0.09476,0.09434,0.09452,1462883.7
2026-03-11 00:00:00+00:00,0.09452,0.09487,0.09404,0.09442,4213280.6
2026-03-11 01:00:00+00:00,0.09442,0.09443,0.09329,0.09359,2876646.4
2026-03-11 02:00:00+00:00,0.09359,0.09367,0.09244,0.09298,6912768.2
2026-03-11 03:00:00+00:00,0.09298,0.09318,0.09241,0.09258,8913136.2
2026-03-11 04:00:00+00:00,0.09258,0.09321,0.09218,0.0931,25029957.6
2026-03-11 05:00:00+00:00,0.0931,0.09316,0.09144,0.09165,20866886.8
2026-03-11 06:00:00+00:00,0.09165,0.09223,0.09146,0.09202,16436815.0
2026-03-11 07:00:00+00:00,0.09202,0.09234,0.09143,0.09192,14385605.7
2026-03-11 08:00:00+00:00,0.09192,0.09236,0.09172,0.09209,9770359.1
2026-03-11 09:00:00+00:00,0.09209,0.09212,0.09149,0.09166,17313603.7
2026-03-11 10:00:00+00:00,0.09166,0.09226,0.09156,0.09222,37906917.2
2026-03-11 11:00:00+00:00,0.09222,0.09239,0.09181,0.09196,6106701.4
2026-03-11 12:00:00+00:00,0.09196,0.09349,0.09174,0.09251,8673978.0
2026-03-11 13:00:00+00:00,0.09251,0.09483,0.09245,0.09312,26536713.9
2026-03-11 14:00:00+00:00,0.09312,0.09426,0.09267,0.09348,9578952.5
2026-03-11 15:00:00+00:00,0.09348,0.09357,0.0912,0.09237,15246408.0
2026-03-11 16:00:00+00:00,0.09237,0.09315,0.09223,0.09301,9317510.8
2026-03-11 17:00:00+00:00,0.09301,0.09419,0.09276,0.09368,11079376.5
2026-03-11 18:00:00+00:00,0.09368,0.09463,0.09368,0.09437,5628003.0
2026-03-11 19:00:00+00:00,0.09437,0.09459,0.09374,0.09386,6754680.1
2026-03-11 20:00:00+00:00,0.09386,0.09386,0.09333,0.09367,1907767.3
2026-03-11 21:00:00+00:00,0.09367,0.09388,0.09352,0.09372,3811872.4
2026-03-11 22:00:00+00:00,0.09372,0.09427,0.09336,0.09347,2639894.0
2026-03-11 23:00:00+00:00,0.09347,0.09379,0.09278,0.09288,2415420.3
2026-03-12 00:00:00+00:00,0.09288,0.09304,0.09246,0.09275,2713631.8
2026-03-12 01:00:00+00:00,0.09275,0.09275,0.09215,0.09235,2108300.5
2026-03-12 02:00:00+00:00,0.09235,0.09254,0.0918,0.0919,3058860.3
2026-03-12 03:00:00+00:00,0.0919,0.09256,0.09186,0.09215,2896580.6
2026-03-12 04:00:00+00:00,0.09215,0.09237,0.09196,0.09199,1071734.7
2026-03-12 05:00:00+00:00,0.09199,0.09222,0.09189,0.09205,688709.8
2026-03-12 06:00:00+00:00,0.09205,0.09217,0.09181,0.09204,5848577.5
2026-03-12 07:00:00+00:00,0.09204,0.09298,0.09187,0.09289,7936948.4
2026-03-12 08:00:00+00:00,0.09289,0.09328,0.09254,0.09293,5604910.0
2026-03-12 09:00:00+00:00,0.09293,0.09361,0.09241,0.09309,5596972.9
2026-03-12 10:00:00+00:00,0.09309,0.0945,0.09294,0.09432,7235510.7
2026-03-12 11:00:00+00:00,0.09432,0.0952,0.09412,0.09472,12671928.0
2026-03-12 12:00:00+00:00,0.09472,0.09586,0.09458,0.09512,12418636.4
2026-03-12 13:00:00+00:00,0.09512,0.09562,0.094,0.09493,14225563.8
2026-03-12 14:00:00+00:00,0.09493,0.09584,0.09329,0.0937,16656236.7
2026-03-12 15:00:00+00:00,0.0937,0.09478,0.09315,0.09411,8890515.7
2026-03-12 16:00:00+00:00,0.09411,0.0949,0.09336,0.09475,9740204.9
2026-03-12 17:00:00+00:00,0.09475,0.09494,0.09414,0.09438,8252280.5
2026-03-12 18:00:00+00:00,0.09438,0.09453,0.09379,0.09383,5255861.9
2026-03-12 19:00:00+00:00,0.09383,0.09476,0.09371,0.09446,10191546.7
2026-03-12 20:00:00+00:00,0.09446,0.09462,0.09407,0.09414,4558910.3
2026-03-12 21:00:00+00:00,0.09414,0.09481,0.09412,0.09472,3701239.4
2026-03-12 22:00:00+00:00,0.09472,0.09487,0.09426,0.09445,5573260.8
2026-03-12 23:00:00+00:00,0.09445,0.09534,0.09439,0.09475,12533752.4
2026-03-13 00:00:00+00:00,0.09475,0.0981,0.09456,0.09686,21759035.4
2026-03-13 01:00:00+00:00,0.09686,0.09722,0.09628,0.09709,11144734.5
2026-03-13 02:00:00+00:00,0.09709,0.09721,0.09568,0.09599,13675902.2
2026-03-13 03:00:00+00:00,0.09599,0.09699,0.09595,0.09677,4559451.9
2026-03-13 04:00:00+00:00,0.09677,0.09685,0.09618,0.09626,5026060.0
2026-03-13 05:00:00+00:00,0.09626,0.09695,0.09582,0.09655,12183096.9
2026-03-13 06:00:00+00:00,0.09655,0.09677,0.09605,0.09666,8010522.4
2026-03-13 07:00:00+00:00,0.09666,0.09677,0.09629,0.09651,4535134.6
2026-03-13 08:00:00+00:00,0.09651,0.09773,0.09611,0.09736,11187715.7
2026-03-13 09:00:00+00:00,0.09736,0.09915,0.09723,0.09864,24346352.5
2026-03-13 10:00:00+00:00,0.09864,0.09955,0.09851,0.09904,25937571.3
2026-03-13 11:00:00+00:00,0.09904,0.10043,0.09899,0.10006,41009467.6
2026-03-13 12:00:00+00:00,0.10006,0.10201,0.09942,0.1007,45331594.3
2026-03-13 13:00:00+00:00,0.1007,0.10119,0.09958,0.10038,38118842.6
2026-03-13 14:00:00+00:00,0.10038,0.10089,0.09731,0.09775,44932539.6
2026-03-13 15:00:00+00:00,0.09775,0.0989,0.09758,0.09797,21093333.5
2026-03-13 16:00:00+00:00,0.09797,0.09844,0.09738,0.09772,20900629.4
2026-03-13 17:00:00+00:00,0.09772,0.09773,0.09566,0.09607,16374308.7
2026-03-13 18:00:00+00:00,0.09607,0.09637,0.09563,0.09585,9031428.7
2026-03-13 19:00:00+00:00,0.09585,0.09621,0.09543,0.09603,5833906.3
2026-03-13 20:00:00+00:00,0.09603,0.09652,0.09592,0.09649,2230602.3
2026-03-13 21:00:00+00:00,0.09649,0.09677,0.09592,0.09624,2026292.4
2026-03-13 22:00:00+00:00,0.09624,0.09626,0.09544,0.09596,4605051.8
2026-03-13 23:00:00+00:00,0.09596,0.09605,0.09572,0.09599,2323670.2
2026-03-14 00:00:00+00:00,0.09599,0.096,0.09513,0.09541,4170696.8
2026-03-14 01:00:00+00:00,0.09541,0.09581,0.09528,0.09568,4621982.7
2026-03-14 02:00:00+00:00,0.09568,0.09586,0.09541,0.09581,2754584.6
2026-03-14 03:00:00+00:00,0.09581,0.09624,0.09558,0.09603,4649402.1
2026-03-14 04:00:00+00:00,0.09603,0.09641,0.09561,0.09571,2926815.2
2026-03-14 05:00:00+00:00,0.09571,0.09576,0.09532,0.09567,4370678.6
2026-03-14 06:00:00+00:00,0.09567,0.09567,0.09427,0.09474,10353755.0
2026-03-14 07:00:00+00:00,0.09474,0.09496,0.09452,0.0946,7103827.2
2026-03-14 08:00:00+00:00,0.0946,0.09481,0.09439,0.09444,4748746.5
2026-03-14 09:00:00+00:00,0.09444,0.09463,0.09415,0.09424,4304444.9
2026-03-14 10:00:00+00:00,0.09424,0.09443,0.09401,0.0944,1670649.4
2026-03-14 11:00:00+00:00,0.0944,0.09553,0.0944,0.09527,7204712.0
2026-03-14 12:00:00+00:00,0.09527,0.09535,0.09478,0.09496,2673738.6
2026-03-14 13:00:00+00:00,0.09496,0.09547,0.09488,0.09528,3032028.9
2026-03-14 14:00:00+00:00,0.09528,0.09568,0.09444,0.09459,5197233.3
2026-03-14 15:00:00+00:00,0.09459,0.09503,0.09455,0.09494,4677063.3
2026-03-14 16:00:00+00:00,0.09494,0.09546,0.09469,0.09534,3174982.0
2026-03-14 17:00:00+00:00,0.09534,0.09534,0.09467,0.09467,1640955.0
2026-03-14 18:00:00+00:00,0.09467,0.09478,0.09437,0.09469,1916336.9
2026-03-14 19:00:00+00:00,0.09469,0.09479,0.09458,0.09479,2485512.0
2026-03-14 20:00:00+00:00,0.09479,0.09502,0.0946,0.09481,2088610.0
2026-03-14 21:00:00+00:00,0.09481,0.0951,0.09466,0.09504,3048889.9
2026-03-14 22:00:00+00:00,0.09504,0.09522,0.0949,0.09512,1172974.2
2026-03-14 23:00:00+00:00,0.09512,0.09617,0.09512,0.09604,5135466.7
2026-03-15 00:00:00+00:00,0.09604,0.09618,0.09543,0.09559,2587934.9
2026-03-15 01:00:00+00:00,0.09559,0.09597,0.09548,0.09558,1397359.8
2026-03-15 02:00:00+00:00,0.09558,0.09743,0.09558,0.0969,5094448.7
2026-03-15 03:00:00+00:00,0.0969,0.09724,0.09594,0.096,4207192.1
2026-03-15 04:00:00+00:00,0.096,0.09627,0.09565,0.09596,3352081.6
2026-03-15 05:00:00+00:00,0.09596,0.09647,0.09569,0.09609,5365881.7
2026-03-15 06:00:00+00:00,0.09609,0.09619,0.09553,0.0957,3634414.2
2026-03-15 07:00:00+00:00,0.0957,0.09592,0.09552,0.0956,2742120.1
2026-03-15 08:00:00+00:00,0.0956,0.09653,0.0956,0.09647,6068666.2
2026-03-15 09:00:00+00:00,0.09647,0.09662,0.09615,0.09617,4924807.7
2026-03-15 10:00:00+00:00,0.09617,0.09635,0.09597,0.09624,2328852.7
2026-03-15 11:00:00+00:00,0.09624,0.09655,0.09604,0.09639,1733387.7
2026-03-15 12:00:00+00:00,0.09639,0.0965,0.09607,0.09637,1035447.4
2026-03-15 13:00:00+00:00,0.09637,0.09667,0.09473,0.09532,11784952.6
2026-03-15 14:00:00+00:00,0.09532,0.09561,0.09508,0.09559,5331612.9
2026-03-15 15:00:00+00:00,0.09559,0.09559,0.09492,0.09498,2488685.8
2026-03-15 16:00:00+00:00,0.09498,0.0951,0.09446,0.0947,3951468.0
2026-03-15 17:00:00+00:00,0.0947,0.09581,0.09465,0.09551,3955309.0
2026-03-15 18:00:00+00:00,0.09551,0.09558,0.09467,0.09478,3973382.7
2026-03-15 19:00:00+00:00,0.09478,0.09535,0.0947,0.09519,2587759.9
2026-03-15 20:00:00+00:00,0.09519,0.09587,0.09497,0.09535,3166814.5
2026-03-15 21:00:00+00:00,0.09535,0.09605,0.09504,0.09586,3713968.1
2026-03-15 22:00:00+00:00,0.09586,0.09767,0.09528,0.09735,10799822.3
2026-03-15 23:00:00+00:00,0.09735,0.09808,0.09665,0.09742,9429867.7
2026-03-16 00:00:00+00:00,0.09742,0.09821,0.09725,0.09797,5022448.7
2026-03-16 01:00:00+00:00,0.09797,0.0982,0.0973,0.09762,4578617.8
2026-03-16 02:00:00+00:00,0.09762,0.09853,0.09705,0.09815,9104516.8
2026-03-16 03:00:00+00:00,0.09815,0.10143,0.09784,0.10001,33353770.8
2026-03-16 04:00:00+00:00,0.10001,0.1012,0.09982,0.10071,14390482.2
2026-03-16 05:00:00+00:00,0.10071,0.10184,0.10051,0.10159,18359682.1
2026-03-16 06:00:00+00:00,0.10159,0.10256,0.10123,0.10167,31231826.2
2026-03-16 07:00:00+00:00,0.10167,0.10269,0.10159,0.10202,33337163.7
2026-03-16 08:00:00+00:00,0.10202,0.10297,0.10023,0.10035,52575498.3
2026-03-16 09:00:00+00:00,0.10035,0.10136,0.09983,0.10109,14465479.6
2026-03-16 10:00:00+00:00,0.10109,0.1013,0.1001,0.1007,6770744.2
2026-03-16 11:00:00+00:00,0.1007,0.1007,0.09939,0.09994,9137824.0
2026-03-16 12:00:00+00:00,0.09994,0.10052,0.09974,0.10007,8836345.0
2026-03-16 13:00:00+00:00,0.10007,0.10169,0.09996,0.10051,11691434.8
2026-03-16 14:00:00+00:00,0.10051,0.10352,0.09993,0.10314,37660082.1
2026-03-16 15:00:00+00:00,0.10314,0.10332,0.09996,0.10007,20074088.9
2026-03-16 16:00:00+00:00,0.10007,0.10138,0.09991,0.10116,23066194.6
2026-03-16 17:00:00+00:00,0.10116,0.1017,0.1009,0.10142,15366675.8
2026-03-16 18:00:00+00:00,0.10142,0.10241,0.10124,0.1017,4996412.2
2026-03-16 19:00:00+00:00,0.1017,0.10296,0.1015,0.10197,5799358.5
2026-03-16 20:00:00+00:00,0.10197,0.10209,0.10148,0.10153,1844186.6
2026-03-16 21:00:00+00:00,0.10153,0.10267,0.10123,0.10197,7945326.9
2026-03-16 22:00:00+00:00,0.10197,0.10341,0.10197,0.10325,9296128.3
2026-03-16 23:00:00+00:00,0.10325,0.10371,0.10223,0.10306,4979757.2
2026-03-17 00:00:00+00:00,0.10306,0.10403,0.10255,0.1032,6940681.8
2026-03-17 01:00:00+00:00,0.1032,0.10389,0.10259,0.10325,7453761.7
2026-03-17 02:00:00+00:00,0.10325,0.10447,0.10224,0.10353,20911039.7
2026-03-17 03:00:00+00:00,0.10353,0.10359,0.10056,0.10123,21342283.6
2026-03-17 04:00:00+00:00,0.10123,0.10166,0.09988,0.10054,15530411.6
2026-03-17 05:00:00+00:00,0.10054,0.10073,0.09946,0.09998,13621286.6
2026-03-17 06:00:00+00:00,0.09998,0.10056,0.0996,0.10005,7186236.1
2026-03-17 07:00:00+00:00,0.10005,0.10112,0.10001,0.10055,4199486.6
2026-03-17 08:00:00+00:00,0.10055,0.10141,0.10043,0.10087,6097260.0
2026-03-17 09:00:00+00:00,0.10087,0.10129,0.10035,0.10074,4475236.6
2026-03-17 10:00:00+00:00,0.10074,0.10077,0.1,0.10018,5706043.0
2026-03-17 11:00:00+00:00,0.10018,0.10051,0.1,0.10015,4735421.5
2026-03-17 12:00:00+00:00,0.10015,0.10023,0.0987,0.09883,9348871.8
2026-03-17 13:00:00+00:00,0.09883,0.09972,0.09839,0.09892,13869672.3
2026-03-17 14:00:00+00:00,0.09892,0.09991,0.0983,0.09971,12139075.9
2026-03-17 15:00:00+00:00,0.09971,0.10051,0.09882,0.09967,10299998.0
2026-03-17 16:00:00+00:00,0.09967,0.10037,0.09939,0.0999,4626902.5
2026-03-17 17:00:00+00:00,0.0999,0.10067,0.09961,0.10063,5598350.1
2026-03-17 18:00:00+00:00,0.10063,0.10112,0.10036,0.10096,4395623.9
2026-03-17 19:00:00+00:00,0.10096,0.10109,0.10017,0.10024,2926691.6
2026-03-17 20:00:00+00:00,0.10024,0.10066,0.09997,0.10058,2055558.6
2026-03-17 21:00:00+00:00,0.10058,0.1013,0.10041,0.10119,6453163.8
2026-03-17 22:00:00+00:00,0.10119,0.10181,0.10037,0.1009,4725120.7
2026-03-17 23:00:00+00:00,0.1009,0.10116,0.10004,0.10015,2643931.9
2026-03-18 00:00:00+00:00,0.10015,0.10041,0.09969,0.10011,2367352.4
2026-03-18 01:00:00+00:00,0.10011,0.10086,0.10011,0.10034,1237764.4
2026-03-18 02:00:00+00:00,0.10034,0.10139,0.10031,0.10091,1913302.3
2026-03-18 03:00:00+00:00,0.10091,0.10189,0.10066,0.10115,2886657.3
2026-03-18 04:00:00+00:00,0.10115,0.10122,0.09967,0.10021,5406070.4
2026-03-18 05:00:00+00:00,0.10021,0.10113,0.10005,0.10025,2685205.3
2026-03-18 06:00:00+00:00,0.10025,0.10094,0.10012,0.10013,2078294.3
2026-03-18 07:00:00+00:00,0.10013,0.10013,0.09922,0.09956,8262403.4
2026-03-18 08:00:00+00:00,0.09956,0.10006,0.0995,0.09978,1797136.1
2026-03-18 09:00:00+00:00,0.09978,0.10008,0.09965,0.0999,2949716.8
2026-03-18 10:00:00+00:00,0.0999,0.10002,0.09884,0.09917,3864657.3
2026-03-18 11:00:00+00:00,0.09917,0.09939,0.09664,0.0971,22464454.6
2026-03-18 12:00:00+00:00,0.0971,0.09713,0.09569,0.09595,14747579.6
2026-03-18 13:00:00+00:00,0.09595,0.09631,0.09542,0.09579,11363667.5
2026-03-18 14:00:00+00:00,0.09579,0.09584,0.09432,0.09452,8746801.3
2026-03-18 15:00:00+00:00,0.09452,0.09482,0.09395,0.09439,8181141.3
2026-03-18 16:00:00+00:00,0.09439,0.09439,0.09351,0.09383,10671574.9
2026-03-18 17:00:00+00:00,0.09383,0.0948,0.0933,0.09437,12825917.4
2026-03-18 18:00:00+00:00,0.09437,0.09554,0.09422,0.09451,14130177.4
2026-03-18 19:00:00+00:00,0.09451,0.09537,0.09449,0.09464,4117942.7
2026-03-18 20:00:00+00:00,0.09464,0.09524,0.09394,0.09518,6596259.9
2026-03-18 21:00:00+00:00,0.09518,0.09562,0.09501,0.09539,2996392.3
2026-03-18 22:00:00+00:00,0.09539,0.09539,0.09491,0.095,1563130.1
2026-03-18 23:00:00+00:00,0.095,0.09529,0.0948,0.09527,3477580.2
2026-03-19 00:00:00+00:00,0.09527,0.09548,0.09501,0.09509,4313662.3
2026-03-19 01:00:00+00:00,0.09509,0.09524,0.09486,0.0949,1778035.8
2026-03-19 02:00:00+00:00,0.0949,0.09496,0.09446,0.09455,2354688.3
2026-03-19 03:00:00+00:00,0.09455,0.09609,0.09455,0.09545,4652588.6
2026-03-19 04:00:00+00:00,0.09545,0.09551,0.09473,0.09479,1961868.4
2026-03-19 05:00:00+00:00,0.09479,0.09498,0.09428,0.09454,3356963.0
2026-03-19 06:00:00+00:00,0.09454,0.0949,0.0942,0.09461,2210110.9
2026-03-19 07:00:00+00:00,0.09461,0.09487,0.09323,0.09441,8097850.8
2026-03-19 08:00:00+00:00,0.09441,0.09469,0.09413,0.09418,2044911.2
2026-03-19 09:00:00+00:00,0.09418,0.09543,0.09418,0.09508,4135070.3
2026-03-19 10:00:00+00:00,0.09508,0.09516,0.09416,0.09421,1904089.2
2026-03-19 11:00:00+00:00,0.09421,0.09428,0.09375,0.09401,7444715.3
2026-03-19 12:00:00+00:00,0.09401,0.09401,0.0925,0.09255,8633197.4
2026-03-19 13:00:00+00:00,0.09255,0.09374,0.09213,0.09333,13387707.9
2026-03-19 14:00:00+00:00,0.09333,0.09378,0.09253,0.0931,5115316.6
2026-03-19 15:00:00+00:00,0.0931,0.09348,0.09231,0.09288,3335190.1
2026-03-19 16:00:00+00:00,0.09288,0.09291,0.0921,0.0924,5273367.2
2026-03-19 17:00:00+00:00,0.0924,0.093,0.09177,0.0929,10706470.1
2026-03-19 18:00:00+00:00,0.0929,0.09308,0.09247,0.09279,2676774.8
2026-03-19 19:00:00+00:00,0.09279,0.09394,0.09276,0.09334,5676902.7
2026-03-19 20:00:00+00:00,0.09334,0.09378,0.09326,0.09357,1964665.1
2026-03-19 21:00:00+00:00,0.09357,0.09378,0.09348,0.09365,3336025.1
2026-03-19 22:00:00+00:00,0.09365,0.09368,0.09299,0.0933,3172959.3
2026-03-19 23:00:00+00:00,0.0933,0.0937,0.09321,0.09354,2685873.6
2026-03-20 00:00:00+00:00,0.09354,0.09398,0.09349,0.09394,2431705.0
2026-03-20 01:00:00+00:00,0.09394,0.09467,0.09392,0.09427,5253578.4
2026-03-20 02:00:00+00:00,0.09427,0.09433,0.09356,0.094,2555927.3
2026-03-20 03:00:00+00:00,0.094,0.09455,0.09383,0.09412,2534609.0
2026-03-20 04:00:00+00:00,0.09412,0.09469,0.09381,0.09463,3121838.9
2026-03-20 05:00:00+00:00,0.09463,0.09541,0.09454,0.09476,6828503.8
2026-03-20 06:00:00+00:00,0.09476,0.09487,0.09432,0.09439,5185476.7
2026-03-20 07:00:00+00:00,0.09439,0.09439,0.09363,0.09408,6364592.0
2026-03-20 08:00:00+00:00,0.09408,0.0951,0.09406,0.09452,4769651.0
2026-03-20 09:00:00+00:00,0.09452,0.09452,0.09371,0.09393,4163831.2
2026-03-20 10:00:00+00:00,0.09393,0.09447,0.09352,0.09439,5299045.3
2026-03-20 11:00:00+00:00,0.09439,0.09477,0.09385,0.09407,3873754.1
2026-03-20 12:00:00+00:00,0.09407,0.09443,0.09367,0.09384,3270157.9
2026-03-20 13:00:00+00:00,0.09384,0.09424,0.09326,0.09342,10891405.2
2026-03-20 14:00:00+00:00,0.09342,0.09425,0.09308,0.09372,9518400.8
2026-03-20 15:00:00+00:00,0.09372,0.09432,0.09351,0.0942,5148425.9
2026-03-20 16:00:00+00:00,0.0942,0.09446,0.09359,0.09393,3066012.5
2026-03-20 17:00:00+00:00,0.09393,0.09415,0.09345,0.09403,2789046.6
2026-03-20 18:00:00+00:00,0.09403,0.09426,0.09323,0.09356,3126427.2
2026-03-20 19:00:00+00:00,0.09356,0.09375,0.09288,0.0937,2277112.1
2026-03-20 20:00:00+00:00,0.0937,0.09378,0.09321,0.09371,1447112.2
2026-03-20 21:00:00+00:00,0.09371,0.09447,0.09344,0.09416,2533058.5
2026-03-20 22:00:00+00:00,0.09416,0.09492,0.09416,0.09436,4961283.1
2026-03-20 23:00:00+00:00,0.09436,0.09436,0.09391,0.09417,793616.0
2026-03-21 00:00:00+00:00,0.09417,0.09439,0.09405,0.09433,1212766.0
2026-03-21 01:00:00+00:00,0.09433,0.09457,0.09393,0.09403,863630.6
2026-03-21 02:00:00+00:00,0.09403,0.09481,0.09399,0.09472,3871604.9
2026-03-21 03:00:00+00:00,0.09472,0.09497,0.09461,0.0947,1501400.2
2026-03-21 04:00:00+00:00,0.0947,0.09487,0.09456,0.0946,1218925.9
2026-03-21 05:00:00+00:00,0.0946,0.09493,0.0946,0.0947,1235756.1
2026-03-21 06:00:00+00:00,0.0947,0.09494,0.0945,0.09461,6336308.3
2026-03-21 07:00:00+00:00,0.09461,0.09471,0.09428,0.09434,2010457.5
2026-03-21 08:00:00+00:00,0.09434,0.09444,0.09421,0.09436,1833797.7
2026-03-21 09:00:00+00:00,0.09436,0.09451,0.09426,0.09433,816087.9
2026-03-21 10:00:00+00:00,0.09433,0.09435,0.09392,0.09399,1147691.6
2026-03-21 11:00:00+00:00,0.09399,0.09407,0.09379,0.094,482784.3
2026-03-21 12:00:00+00:00,0.094,0.09414,0.09391,0.09398,639681.7
2026-03-21 13:00:00+00:00,0.09398,0.09401,0.09353,0.09369,2057483.7
2026-03-21 14:00:00+00:00,0.09369,0.09426,0.09361,0.0937,2446015.6
2026-03-21 15:00:00+00:00,0.0937,0.09465,0.09364,0.09464,3752876.7
2026-03-21 16:00:00+00:00,0.09464,0.09466,0.09422,0.09431,1384125.7
2026-03-21 17:00:00+00:00,0.09431,0.09436,0.09392,0.09407,1096050.8
2026-03-21 18:00:00+00:00,0.09407,0.09426,0.09396,0.09408,412110.2
2026-03-21 19:00:00+00:00,0.09408,0.09414,0.0939,0.09408,435405.9
2026-03-21 20:00:00+00:00,0.09408,0.09441,0.094,0.09434,1019699.1
2026-03-21 21:00:00+00:00,0.09434,0.09435,0.09406,0.09418,978694.0
2026-03-21 22:00:00+00:00,0.09418,0.09422,0.09395,0.09403,350775.1
2026-03-21 23:00:00+00:00,0.09403,0.09403,0.09062,0.09135,31536963.2
2026-03-22 00:00:00+00:00,0.09135,0.09201,0.08999,0.09145,16641998.0
2026-03-22 01:00:00+00:00,0.09145,0.09186,0.09105,0.09147,11268056.0
2026-03-22 02:00:00+00:00,0.09147,0.09236,0.09147,0.09207,7876820.4
2026-03-22 03:00:00+00:00,0.09207,0.09287,0.09175,0.09234,7518267.0
2026-03-22 04:00:00+00:00,0.09234,0.09283,0.09219,0.09266,3877531.1
2026-03-22 05:00:00+00:00,0.09266,0.09266,0.09212,0.09216,3809141.5
2026-03-22 06:00:00+00:00,0.09216,0.09216,0.09176,0.09188,4012383.1
2026-03-22 07:00:00+00:00,0.09188,0.09203,0.09133,0.09133,4128824.3
2026-03-22 08:00:00+00:00,0.09133,0.09141,0.09076,0.09117,6415424.0
2026-03-22 09:00:00+00:00,0.09117,0.09164,0.09102,0.09123,2732742.7
2026-03-22 10:00:00+00:00,0.09123,0.09123,0.09091,0.09099,3989524.1
2026-03-22 11:00:00+00:00,0.09099,0.09127,0.09085,0.0911,8658586.8
2026-03-22 12:00:00+00:00,0.0911,0.09196,0.0911,0.09149,6076045.5
2026-03-22 13:00:00+00:00,0.09149,0.09195,0.09114,0.09139,3372171.3
2026-03-22 14:00:00+00:00,0.09139,0.0918,0.09113,0.09143,2170527.3
2026-03-22 15:00:00+00:00,0.09143,0.09168,0.09133,0.09163,1614740.8
2026-03-22 16:00:00+00:00,0.09163,0.09176,0.09139,0.09163,1157120.4
2026-03-22 17:00:00+00:00,0.09163,0.09165,0.09138,0.09146,2255974.5
2026-03-22 18:00:00+00:00,0.09146,0.09146,0.09027,0.09079,6583213.5
2026-03-22 19:00:00+00:00,0.09079,0.09079,0.0901,0.0905,4271172.4
2026-03-22 20:00:00+00:00,0.0905,0.09078,0.0901,0.09022,2543748.5
2026-03-22 21:00:00+00:00,0.09022,0.0903,0.08918,0.08993,13374008.9
2026-03-22 22:00:00+00:00,0.08993,0.09065,0.08934,0.0905,4542170.2
2026-03-22 23:00:00+00:00,0.0905,0.09081,0.09006,0.09014,2014175.1
2026-03-23 00:00:00+00:00,0.09014,0.09059,0.08979,0.09034,3523948.9
2026-03-23 01:00:00+00:00,0.09034,0.09095,0.09017,0.09051,3741980.7
2026-03-23 02:00:00+00:00,0.09051,0.0913,0.09037,0.09102,4913305.2
2026-03-23 03:00:00+00:00,0.09102,0.09146,0.09062,0.09062,3313773.7
2026-03-23 04:00:00+00:00,0.09062,0.09114,0.09062,0.09104,1695923.0
2026-03-23 05:00:00+00:00,0.09104,0.09123,0.09065,0.09097,1967903.8
2026-03-23 06:00:00+00:00,0.09097,0.09097,0.09008,0.09038,8958202.7
2026-03-23 07:00:00+00:00,0.09038,0.09071,0.08976,0.09045,9532782.0
2026-03-23 08:00:00+00:00,0.09045,0.09083,0.08985,0.0899,3248088.6
2026-03-23 09:00:00+00:00,0.0899,0.09003,0.08925,0.09002,5747345.1
2026-03-23 10:00:00+00:00,0.09002,0.09042,0.08978,0.09001,3596787.7
2026-03-23 11:00:00+00:00,0.09001,0.0954,0.09,0.0925,107993864.7
2026-03-23 12:00:00+00:00,0.0925,0.09345,0.09191,0.09332,14994967.1
2026-03-23 13:00:00+00:00,0.09332,0.09445,0.09291,0.09425,9079298.2
2026-03-23 14:00:00+00:00,0.09425,0.09504,0.09396,0.09495,9026775.3
2026-03-23 15:00:00+00:00,0.09495,0.09578,0.09369,0.09381,18270582.7
2026-03-23 16:00:00+00:00,0.09381,0.09429,0.09308,0.09398,6000792.5
2026-03-23 17:00:00+00:00,0.09398,0.09508,0.09377,0.09496,4216105.3
2026-03-23 18:00:00+00:00,0.09496,0.09562,0.09469,0.0955,5159814.9
2026-03-23 19:00:00+00:00,0.0955,0.09578,0.09479,0.09491,3864318.1
2026-03-23 20:00:00+00:00,0.09491,0.09548,0.0948,0.09501,2655634.4
2026-03-23 21:00:00+00:00,0.09501,0.09528,0.09486,0.09497,3186968.2
2026-03-23 22:00:00+00:00,0.09497,0.09507,0.09413,0.09431,1832037.5
2026-03-23 23:00:00+00:00,0.09431,0.09437,0.09353,0.09419,8082402.0
2026-03-24 00:00:00+00:00,0.09419,0.09441,0.09315,0.09366,5239780.4
2026-03-24 01:00:00+00:00,0.09366,0.09368,0.09269,0.0932,3677073.4
2026-03-24 02:00:00+00:00,0.0932,0.0939,0.09308,0.09312,2101534.1
2026-03-24 03:00:00+00:00,0.09312,0.09387,0.09309,0.09379,1798310.3
2026-03-24 04:00:00+00:00,0.09379,0.09392,0.09332,0.09361,1360253.8
2026-03-24 05:00:00+00:00,0.09361,0.09383,0.09319,0.09358,1285264.8
2026-03-24 06:00:00+00:00,0.09358,0.09385,0.09331,0.09377,1779867.9
2026-03-24 07:00:00+00:00,0.09377,0.09544,0.09365,0.09525,10281724.5
2026-03-24 08:00:00+00:00,0.09525,0.09564,0.09499,0.09511,7937108.8
2026-03-24 09:00:00+00:00,0.09511,0.09529,0.09467,0.09505,5789011.3
2026-03-24 10:00:00+00:00,0.09505,0.09506,0.09391,0.0942,7585686.4
2026-03-24 11:00:00+00:00,0.0942,0.09447,0.09357,0.09424,5682883.5
2026-03-24 12:00:00+00:00,0.09424,0.09459,0.09403,0.09437,1174695.2
2026-03-24 13:00:00+00:00,0.09437,0.09466,0.09349,0.09363,7213811.5
2026-03-24 14:00:00+00:00,0.09363,0.09429,0.09268,0.09347,7281740.6
2026-03-24 15:00:00+00:00,0.09347,0.09394,0.09334,0.09338,2690303.0
2026-03-24 16:00:00+00:00,0.09338,0.09375,0.09311,0.09331,3853891.6
2026-03-24 17:00:00+00:00,0.09331,0.0934,0.09245,0.09264,5853218.6
2026-03-24 18:00:00+00:00,0.09264,0.09327,0.09256,0.09293,2804592.5
2026-03-24 19:00:00+00:00,0.09293,0.09343,0.09293,0.09312,2289593.0
2026-03-24 20:00:00+00:00,0.09312,0.09493,0.09306,0.09462,10790040.0
2026-03-24 21:00:00+00:00,0.09462,0.09482,0.09411,0.09457,6875269.9
2026-03-24 22:00:00+00:00,0.09457,0.09493,0.09442,0.09472,7444842.1
2026-03-24 23:00:00+00:00,0.09472,0.09543,0.0947,0.09512,9496978.5
2026-03-25 00:00:00+00:00,0.09512,0.0955,0.09465,0.09502,8804927.3
2026-03-25 01:00:00+00:00,0.09502,0.0954,0.09484,0.09516,4467887.5
2026-03-25 02:00:00+00:00,0.09516,0.09524,0.09473,0.09474,1864773.0
2026-03-25 03:00:00+00:00,0.09474,0.09532,0.09443,0.09519,5355936.9
2026-03-25 04:00:00+00:00,0.09519,0.09571,0.09499,0.09556,7296039.5
2026-03-25 05:00:00+00:00,0.09556,0.097,0.09556,0.09625,13878846.1
2026-03-25 06:00:00+00:00,0.09625,0.0977,0.09623,0.09698,24849579.2
2026-03-25 07:00:00+00:00,0.09698,0.0976,0.09655,0.0968,11536547.5
2026-03-25 08:00:00+00:00,0.0968,0.09752,0.0968,0.09699,13821713.9
2026-03-25 09:00:00+00:00,0.09699,0.09701,0.09646,0.09687,6993605.2
2026-03-25 10:00:00+00:00,0.09687,0.09718,0.09683,0.09703,3901945.5
2026-03-25 11:00:00+00:00,0.09703,0.09749,0.0968,0.097,5916452.5
2026-03-25 12:00:00+00:00,0.097,0.09796,0.09651,0.09776,9918330.4
2026-03-25 13:00:00+00:00,0.09776,0.09792,0.09722,0.09742,9228878.6
2026-03-25 14:00:00+00:00,0.09742,0.09786,0.09691,0.09694,10677133.0
2026-03-25 15:00:00+00:00,0.09694,0.09696,0.0956,0.09598,10505029.5
2026-03-25 16:00:00+00:00,0.09598,0.09707,0.09584,0.0966,4605760.5
2026-03-25 17:00:00+00:00,0.0966,0.0968,0.09611,0.0962,3418515.4
2026-03-25 18:00:00+00:00,0.0962,0.09659,0.096,0.09619,2051687.5
2026-03-25 19:00:00+00:00,0.09619,0.09653,0.09604,0.09644,1928403.7
2026-03-25 20:00:00+00:00,0.09644,0.09648,0.09576,0.09621,1776959.6
2026-03-25 21:00:00+00:00,0.09621,0.09652,0.09607,0.09614,1584403.7
2026-03-25 22:00:00+00:00,0.09614,0.09681,0.09596,0.09643,3057484.6
2026-03-25 23:00:00+00:00,0.09643,0.09643,0.0959,0.09617,1122323.4
2026-03-26 00:00:00+00:00,0.09617,0.0963,0.09577,0.09591,2325328.5
2026-03-26 01:00:00+00:00,0.09591,0.09605,0.0955,0.09571,2421109.9
2026-03-26 02:00:00+00:00,0.09571,0.09572,0.09457,0.09489,5344699.3
2026-03-26 03:00:00+00:00,0.09489,0.09489,0.09414,0.0946,4229038.0
2026-03-26 04:00:00+00:00,0.0946,0.09462,0.09421,0.09431,1377385.1
2026-03-26 05:00:00+00:00,0.09431,0.09431,0.09266,0.09274,16289156.6
2026-03-26 06:00:00+00:00,0.09274,0.09287,0.09224,0.09265,12818268.4
2026-03-26 07:00:00+00:00,0.09265,0.09289,0.0923,0.09274,9128992.2
2026-03-26 08:00:00+00:00,0.09274,0.09276,0.09213,0.0923,7550450.9
2026-03-26 09:00:00+00:00,0.0923,0.09237,0.09112,0.09162,12586399.4
2026-03-26 10:00:00+00:00,0.09162,0.09181,0.09139,0.09179,7613616.9
2026-03-26 11:00:00+00:00,0.09179,0.0918,0.09125,0.09129,26539383.2
2026-03-26 12:00:00+00:00,0.09129,0.09161,0.0911,0.09157,25859048.8
2026-03-26 13:00:00+00:00,0.09157,0.09218,0.0913,0.09174,17785198.0
2026-03-26 14:00:00+00:00,0.09174,0.0919,0.09128,0.09159,9611893.8
2026-03-26 15:00:00+00:00,0.09159,0.09159,0.09052,0.09094,11806224.6
2026-03-26 16:00:00+00:00,0.09094,0.09137,0.09084,0.09105,6174232.4
2026-03-26 17:00:00+00:00,0.09105,0.09154,0.09074,0.09092,10862111.0
2026-03-26 18:00:00+00:00,0.09092,0.09117,0.09056,0.09103,21946960.5
2026-03-26 19:00:00+00:00,0.09103,0.09126,0.09087,0.09107,4873451.8
2026-03-26 20:00:00+00:00,0.09107,0.09271,0.09095,0.09175,23954669.3
2026-03-26 21:00:00+00:00,0.09175,0.09278,0.09167,0.09231,4184521.3
2026-03-26 22:00:00+00:00,0.09231,0.09248,0.09192,0.09217,2455367.5
2026-03-26 23:00:00+00:00,0.09217,0.09231,0.09185,0.09207,1647443.8
2026-03-27 00:00:00+00:00,0.09207,0.09224,0.09179,0.09205,1504547.1
2026-03-27 01:00:00+00:00,0.09205,0.0925,0.09197,0.09249,1699523.5
2026-03-27 02:00:00+00:00,0.09249,0.09271,0.09223,0.09236,1235770.1
2026-03-27 03:00:00+00:00,0.09236,0.09242,0.09192,0.09197,976543.1
2026-03-27 04:00:00+00:00,0.09197,0.09213,0.09139,0.09194,2839077.9
2026-03-27 05:00:00+00:00,0.09194,0.09234,0.0918,0.09193,1134851.9
2026-03-27 06:00:00+00:00,0.09193,0.09209,0.09182,0.09195,1208899.1
2026-03-27 07:00:00+00:00,0.09195,0.09231,0.09185,0.09222,2219533.0
2026-03-27 08:00:00+00:00,0.09222,0.09241,0.0911,0.09183,4256122.8
2026-03-27 09:00:00+00:00,0.09183,0.09184,0.091,0.09103,2020482.6
2026-03-27 10:00:00+00:00,0.09103,0.09113,0.08922,0.08962,27302417.9
2026-03-27 11:00:00+00:00,0.08962,0.09027,0.08927,0.09009,7360750.6
2026-03-27 12:00:00+00:00,0.09009,0.09035,0.08981,0.09014,5680901.2
2026-03-27 13:00:00+00:00,0.09014,0.09039,0.0896,0.08986,9651633.0
2026-03-27 14:00:00+00:00,0.08986,0.09016,0.08929,0.08995,8451472.6
2026-03-27 15:00:00+00:00,0.08995,0.09092,0.08969,0.09036,9125897.2
2026-03-27 16:00:00+00:00,0.09036,0.0905,0.08989,0.09007,4592055.6
2026-03-27 17:00:00+00:00,0.09007,0.09052,0.08974,0.08979,3939458.4
2026-03-27 18:00:00+00:00,0.08979,0.09009,0.08946,0.09,3903038.9
2026-03-27 19:00:00+00:00,0.09,0.09036,0.08978,0.09007,3461219.3
2026-03-27 20:00:00+00:00,0.09007,0.09023,0.08964,0.09005,3049080.2
2026-03-27 21:00:00+00:00,0.09005,0.09032,0.08989,0.08997,1879745.9
2026-03-27 22:00:00+00:00,0.08997,0.0901,0.08979,0.09,845521.0
2026-03-27 23:00:00+00:00,0.09,0.0902,0.08971,0.09012,560385.2
2026-03-28 00:00:00+00:00,0.09012,0.09031,0.09007,0.09026,1831361.3
2026-03-28 01:00:00+00:00,0.09026,0.09047,0.0899,0.09038,2700418.0
2026-03-28 02:00:00+00:00,0.09038,0.09068,0.09008,0.09021,3232044.0
2026-03-28 03:00:00+00:00,0.09021,0.09024,0.08983,0.08989,1860642.7
2026-03-28 04:00:00+00:00,0.08989,0.09009,0.08968,0.09002,2447181.8
2026-03-28 05:00:00+00:00,0.09002,0.09034,0.0898,0.09033,2010390.5
2026-03-28 06:00:00+00:00,0.09033,0.09071,0.09023,0.09035,1564712.5
2026-03-28 07:00:00+00:00,0.09035,0.09127,0.09033,0.0912,4274181.9
2026-03-28 08:00:00+00:00,0.0912,0.0914,0.09092,0.09096,4448759.4
2026-03-28 09:00:00+00:00,0.09096,0.09112,0.0908,0.09098,2156791.1
2026-03-28 10:00:00+00:00,0.09098,0.09215,0.09096,0.09113,7188274.4
2026-03-28 11:00:00+00:00,0.09113,0.09149,0.09104,0.09134,1425085.6
2026-03-28 12:00:00+00:00,0.09134,0.09173,0.09114,0.09139,1664692.3
2026-03-28 13:00:00+00:00,0.09139,0.09289,0.09119,0.0927,12099583.8
2026-03-28 14:00:00+00:00,0.0927,0.09407,0.09256,0.09362,15918035.7
2026-03-28 15:00:00+00:00,0.09362,0.09532,0.09352,0.09403,16816724.8
2026-03-28 16:00:00+00:00,0.09403,0.09428,0.09285,0.09286,9976920.6
2026-03-28 17:00:00+00:00,0.09286,0.09325,0.09237,0.09251,4370908.7
2026-03-28 18:00:00+00:00,0.09251,0.09278,0.09236,0.0926,2243356.7
2026-03-28 19:00:00+00:00,0.0926,0.09269,0.09195,0.09225,3633182.6
2026-03-28 20:00:00+00:00,0.09225,0.09245,0.092,0.09225,1803201.2
2026-03-28 21:00:00+00:00,0.09225,0.09231,0.09157,0.0918,2618041.0
2026-03-28 22:00:00+00:00,0.0918,0.09186,0.09142,0.09167,1685828.7
2026-03-28 23:00:00+00:00,0.09167,0.09167,0.09038,0.09098,8390993.4
2026-03-29 00:00:00+00:00,0.09098,0.091,0.09055,0.0909,2430144.7
2026-03-29 01:00:00+00:00,0.0909,0.09127,0.09074,0.0911,1997195.4
2026-03-29 02:00:00+00:00,0.0911,0.09138,0.09094,0.09122,1109221.0
2026-03-29 03:00:00+00:00,0.09122,0.09166,0.09105,0.09142,2647938.4
2026-03-29 04:00:00+00:00,0.09142,0.09142,0.09103,0.09107,1264728.1
2026-03-29 05:00:00+00:00,0.09107,0.09113,0.0907,0.09106,2283511.4
2026-03-29 06:00:00+00:00,0.09106,0.09147,0.09094,0.09137,1528196.5
2026-03-29 07:00:00+00:00,0.09137,0.09137,0.09099,0.09118,1558671.2
2026-03-29 08:00:00+00:00,0.09118,0.09137,0.09105,0.09113,2515556.3
2026-03-29 09:00:00+00:00,0.09113,0.09116,0.09082,0.09092,1934887.3
2026-03-29 10:00:00+00:00,0.09092,0.09092,0.0904,0.09062,2346413.0
2026-03-29 11:00:00+00:00,0.09062,0.09126,0.09062,0.09096,1219580.7
2026-03-29 12:00:00+00:00,0.09096,0.09096,0.09061,0.09091,1463126.2
2026-03-29 13:00:00+00:00,0.09091,0.09091,0.09022,0.09032,2324535.7
2026-03-29 14:00:00+00:00,0.09032,0.09079,0.09012,0.09041,2399431.4
2026-03-29 15:00:00+00:00,0.09041,0.09072,0.09001,0.09015,4805920.0
2026-03-29 16:00:00+00:00,0.09015,0.09049,0.09009,0.09019,2692273.7
2026-03-29 17:00:00+00:00,0.09019,0.0904,0.08991,0.0904,5443644.5
2026-03-29 18:00:00+00:00,0.0904,0.09082,0.0902,0.09059,1376446.8
2026-03-29 19:00:00+00:00,0.09059,0.09068,0.09044,0.09064,1636896.0
2026-03-29 20:00:00+00:00,0.09064,0.09148,0.09062,0.09103,2244343.3
2026-03-29 21:00:00+00:00,0.09103,0.09155,0.09103,0.09135,1440855.1
2026-03-29 22:00:00+00:00,0.09135,0.09135,0.08793,0.08992,20973150.9
2026-03-29 23:00:00+00:00,0.08992,0.09076,0.08986,0.09043,6643867.0
2026-03-30 00:00:00+00:00,0.09043,0.09218,0.09026,0.09128,9434256.8
2026-03-30 01:00:00+00:00,0.09128,0.09191,0.09128,0.09154,3351222.8
2026-03-30 02:00:00+00:00,0.09154,0.09293,0.09152,0.09251,8454320.3
2026-03-30 03:00:00+00:00,0.09251,0.09264,0.09207,0.09247,4530927.5
2026-03-30 04:00:00+00:00,0.09247,0.09314,0.09247,0.09296,6837691.4
2026-03-30 05:00:00+00:00,0.09296,0.09367,0.09296,0.09306,11782377.7
2026-03-30 06:00:00+00:00,0.09306,0.09348,0.09259,0.0926,15918593.1
2026-03-30 07:00:00+00:00,0.0926,0.09365,0.09255,0.09337,11547777.8
2026-03-30 08:00:00+00:00,0.09337,0.09398,0.09313,0.0932,8103169.8
2026-03-30 09:00:00+00:00,0.0932,0.09325,0.09262,0.09279,6029055.2
2026-03-30 10:00:00+00:00,0.09279,0.09295,0.09218,0.09275,10911241.9
2026-03-30 11:00:00+00:00,0.09275,0.09365,0.09272,0.09291,9821715.4
2026-03-30 12:00:00+00:00,0.09291,0.09318,0.0928,0.09292,4655980.4
2026-03-30 13:00:00+00:00,0.09292,0.09337,0.09275,0.09288,11858982.0
2026-03-30 14:00:00+00:00,0.09288,0.09329,0.09235,0.09304,13803728.4
2026-03-30 15:00:00+00:00,0.09304,0.09325,0.09246,0.09291,7160144.9
2026-03-30 16:00:00+00:00,0.09291,0.09307,0.09251,0.09275,7186339.3
2026-03-30 17:00:00+00:00,0.09275,0.0929,0.09155,0.09166,13168684.1
2026-03-30 18:00:00+00:00,0.09166,0.0918,0.09084,0.09101,8999574.8
2026-03-30 19:00:00+00:00,0.09101,0.09109,0.0905,0.09096,5705835.9
2026-03-30 20:00:00+00:00,0.09096,0.09115,0.09086,0.09086,2319924.4
2026-03-30 21:00:00+00:00,0.09086,0.09158,0.09068,0.09132,4929996.2
2026-03-30 22:00:00+00:00,0.09132,0.09149,0.09089,0.09109,2009540.0
2026-03-30 23:00:00+00:00,0.09109,0.09109,0.09042,0.09082,4534416.1
2026-03-31 00:00:00+00:00,0.09082,0.09137,0.09054,0.09114,7207558.4
2026-03-31 01:00:00+00:00,0.09114,0.09278,0.09104,0.09223,7236123.8
2026-03-31 02:00:00+00:00,0.09223,0.09236,0.09186,0.0922,1664185.2
2026-03-31 03:00:00+00:00,0.0922,0.0922,0.0915,0.09168,9186302.9
2026-03-31 04:00:00+00:00,0.09168,0.09194,0.09139,0.0914,5109529.6
2026-03-31 05:00:00+00:00,0.0914,0.09151,0.09116,0.09141,3272889.5
2026-03-31 06:00:00+00:00,0.09141,0.09177,0.09101,0.0917,4102195.1
2026-03-31 07:00:00+00:00,0.0917,0.0918,0.09104,0.09128,5229934.1
2026-03-31 08:00:00+00:00,0.09128,0.09153,0.09069,0.09078,3689163.5
2026-03-31 09:00:00+00:00,0.09078,0.09099,0.08934,0.08969,17054931.5
2026-03-31 10:00:00+00:00,0.08969,0.09027,0.08962,0.09003,9233307.3
2026-03-31 11:00:00+00:00,0.09003,0.09061,0.08993,0.09032,12940844.6
2026-03-31 12:00:00+00:00,0.09032,0.0907,0.09024,0.09031,7681797.8
2026-03-31 13:00:00+00:00,0.09031,0.09159,0.0903,0.0912,7866294.6
2026-03-31 14:00:00+00:00,0.0912,0.09191,0.09015,0.09045,7384417.9
2026-03-31 15:00:00+00:00,0.09045,0.09141,0.09039,0.0904,4922077.3
2026-03-31 16:00:00+00:00,0.0904,0.09214,0.09032,0.09154,11229563.5
2026-03-31 17:00:00+00:00,0.09154,0.09267,0.0913,0.09154,8423235.2
2026-03-31 18:00:00+00:00,0.09154,0.09233,0.09154,0.0923,1270813.8
2026-03-31 19:00:00+00:00,0.0923,0.09252,0.09187,0.09214,3184829.2
2026-03-31 20:00:00+00:00,0.09214,0.09271,0.09212,0.09271,3960601.2
2026-03-31 21:00:00+00:00,0.09271,0.09283,0.09215,0.09242,4163441.0
2026-03-31 22:00:00+00:00,0.09242,0.09245,0.09134,0.0918,4496274.9
2026-03-31 23:00:00+00:00,0.0918,0.09239,0.09173,0.09233,1159124.7
2026-04-01 00:00:00+00:00,0.09233,0.09276,0.09203,0.09257,1167657.6
2026-04-01 01:00:00+00:00,0.09257,0.09265,0.09174,0.09187,2620736.0
2026-04-01 02:00:00+00:00,0.09187,0.09213,0.09163,0.09178,2248184.0
2026-04-01 03:00:00+00:00,0.09178,0.09261,0.09178,0.09247,1669617.9
2026-04-01 04:00:00+00:00,0.09247,0.0926,0.09226,0.0924,1426729.5
2026-04-01 05:00:00+00:00,0.0924,0.0933,0.09217,0.09319,6579559.0
2026-04-01 06:00:00+00:00,0.09319,0.09441,0.09319,0.09428,14880785.1
2026-04-01 07:00:00+00:00,0.09428,0.09453,0.09322,0.09326,15760315.2
2026-04-01 08:00:00+00:00,0.09326,0.09342,0.09233,0.09246,8520999.9
2026-04-01 09:00:00+00:00,0.09246,0.09263,0.09187,0.09239,3665323.2
2026-04-01 10:00:00+00:00,0.09239,0.09268,0.09198,0.09248,2073168.4
2026-04-01 11:00:00+00:00,0.09248,0.09278,0.09227,0.0925,1678263.1
2026-04-01 12:00:00+00:00,0.0925,0.09326,0.0923,0.09258,5919029.1
2026-04-01 13:00:00+00:00,0.09258,0.09293,0.09209,0.09242,3801607.7
2026-04-01 14:00:00+00:00,0.09242,0.09307,0.09234,0.09288,4159085.0
2026-04-01 15:00:00+00:00,0.09288,0.09324,0.09256,0.09307,4827981.5
2026-04-01 16:00:00+00:00,0.09307,0.0937,0.09259,0.09343,8959472.5
2026-04-01 17:00:00+00:00,0.09343,0.09428,0.09278,0.09282,9128949.2
2026-04-01 18:00:00+00:00,0.09282,0.09289,0.0924,0.09252,14128621.7
2026-04-01 19:00:00+00:00,0.09252,0.09297,0.0925,0.09285,6561012.9
2026-04-01 20:00:00+00:00,0.09285,0.0929,0.09226,0.09261,14482860.5
2026-04-01 21:00:00+00:00,0.09261,0.09336,0.09261,0.09314,3734467.7
2026-04-01 22:00:00+00:00,0.09314,0.0932,0.0924,0.09243,4392233.7
2026-04-01 23:00:00+00:00,0.09243,0.09265,0.09208,0.0922,1945252.7
2026-04-02 00:00:00+00:00,0.0922,0.09271,0.09204,0.09253,4654896.8
2026-04-02 01:00:00+00:00,0.09253,0.09257,0.09006,0.09056,38593288.8
2026-04-02 02:00:00+00:00,0.09056,0.09059,0.08976,0.09012,13045949.6
2026-04-02 03:00:00+00:00,0.09012,0.09049,0.08953,0.09014,10141356.4
2026-04-02 04:00:00+00:00,0.09014,0.09014,0.08963,0.08978,2647677.5
2026-04-02 05:00:00+00:00,0.08978,0.09018,0.08922,0.0901,5971485.1
2026-04-02 06:00:00+00:00,0.0901,0.09035,0.0899,0.09009,3191970.7
2026-04-02 07:00:00+00:00,0.09009,0.09039,0.0899,0.09025,5975880.3
2026-04-02 08:00:00+00:00,0.09025,0.0903,0.09002,0.09007,2500141.9
2026-04-02 09:00:00+00:00,0.09007,0.09055,0.08975,0.09024,4594177.1
2026-04-02 10:00:00+00:00,0.09024,0.09024,0.08976,0.0899,3415119.5
2026-04-02 11:00:00+00:00,0.0899,0.09009,0.08952,0.08997,2546452.6
2026-04-02 12:00:00+00:00,0.08997,0.08999,0.08934,0.08942,2625900.4
2026-04-02 13:00:00+00:00,0.08942,0.08984,0.08899,0.08977,4981431.2
2026-04-02 14:00:00+00:00,0.08977,0.09119,0.08959,0.09064,13139531.0
2026-04-02 15:00:00+00:00,0.09064,0.09075,0.09005,0.09033,2401786.6
2026-04-02 16:00:00+00:00,0.09033,0.09087,0.09004,0.09014,3705998.2
2026-04-02 17:00:00+00:00,0.09014,0.09079,0.0897,0.08978,3686470.8
2026-04-02 18:00:00+00:00,0.08978,0.09034,0.08964,0.09019,2014225.7
2026-04-02 19:00:00+00:00,0.09019,0.0903,0.08993,0.09026,1187220.5
2026-04-02 20:00:00+00:00,0.09026,0.0907,0.09008,0.09061,1719289.5
2026-04-02 21:00:00+00:00,0.09061,0.09065,0.09024,0.09047,1587036.8
2026-04-02 22:00:00+00:00,0.09047,0.0906,0.09018,0.09044,840527.9
2026-04-02 23:00:00+00:00,0.09044,0.09046,0.0902,0.0904,1096156.4
2026-04-03 00:00:00+00:00,0.0904,0.09053,0.09019,0.09024,1489808.0
2026-04-03 01:00:00+00:00,0.09024,0.09076,0.09009,0.09028,4259572.6
2026-04-03 02:00:00+00:00,0.09028,0.09067,0.0899,0.09036,3527132.0
2026-04-03 03:00:00+00:00,0.09036,0.09064,0.09015,0.09059,2153257.6
2026-04-03 04:00:00+00:00,0.09059,0.09071,0.09031,0.09064,1408293.7
2026-04-03 05:00:00+00:00,0.09064,0.09152,0.0904,0.09114,4769073.1
2026-04-03 06:00:00+00:00,0.09114,0.09138,0.09079,0.09119,2922524.7
2026-04-03 07:00:00+00:00,0.09119,0.09145,0.09094,0.09119,3381320.3
2026-04-03 08:00:00+00:00,0.09119,0.0916,0.09118,0.09143,3496643.6
2026-04-03 09:00:00+00:00,0.09143,0.0915,0.09103,0.09145,2401939.9
2026-04-03 10:00:00+00:00,0.09145,0.09168,0.09114,0.09147,1847612.2
2026-04-03 11:00:00+00:00,0.09147,0.09156,0.09134,0.09149,1382097.0
2026-04-03 12:00:00+00:00,0.09149,0.09223,0.09114,0.09127,10019653.3
2026-04-03 13:00:00+00:00,0.09127,0.09146,0.09083,0.09142,3415983.0
2026-04-03 14:00:00+00:00,0.09142,0.09176,0.09121,0.09148,3577507.6
2026-04-03 15:00:00+00:00,0.09148,0.09207,0.0914,0.09152,6625072.5
2026-04-03 16:00:00+00:00,0.09152,0.09204,0.09152,0.09202,3183497.5
2026-04-03 17:00:00+00:00,0.09202,0.0926,0.0919,0.09206,4764241.4
2026-04-03 18:00:00+00:00,0.09206,0.09245,0.0918,0.09181,2464818.2
2026-04-03 19:00:00+00:00,0.09181,0.09187,0.09121,0.09179,5437755.1
2026-04-03 20:00:00+00:00,0.09179,0.09207,0.09173,0.09195,807372.5
2026-04-03 21:00:00+00:00,0.09195,0.0924,0.09195,0.09215,3820550.4
2026-04-03 22:00:00+00:00,0.09215,0.0922,0.09155,0.09164,1020081.0
2026-04-03 23:00:00+00:00,0.09164,0.09164,0.09129,0.09157,1754114.7
2026-04-04 00:00:00+00:00,0.09157,0.09157,0.09132,0.09141,1317973.9
2026-04-04 01:00:00+00:00,0.09141,0.09141,0.09113,0.09123,2146645.1
2026-04-04 02:00:00+00:00,0.09123,0.09127,0.09095,0.09109,1558479.7
2026-04-04 03:00:00+00:00,0.09109,0.09133,0.09109,0.09126,1637420.7
2026-04-04 04:00:00+00:00,0.09126,0.0915,0.09117,0.09133,698835.2
2026-04-04 05:00:00+00:00,0.09133,0.09133,0.0911,0.09115,1059100.0
2026-04-04 06:00:00+00:00,0.09115,0.09149,0.09099,0.09144,2021077.6
2026-04-04 07:00:00+00:00,0.09144,0.09145,0.09117,0.09135,940953.2
2026-04-04 08:00:00+00:00,0.09135,0.09137,0.09102,0.09111,1036237.8
2026-04-04 09:00:00+00:00,0.09111,0.09114,0.09091,0.09092,784978.0
2026-04-04 10:00:00+00:00,0.09092,0.09108,0.09075,0.09104,1954887.5
2026-04-04 11:00:00+00:00,0.09104,0.09123,0.09098,0.09113,1136442.8
2026-04-04 12:00:00+00:00,0.09113,0.09117,0.09086,0.09096,1002749.7
2026-04-04 13:00:00+00:00,0.09096,0.09113,0.09085,0.09102,2028667.7
2026-04-04 14:00:00+00:00,0.09102,0.09115,0.09077,0.09112,1872593.3
2026-04-04 15:00:00+00:00,0.09112,0.09193,0.09109,0.09177,4611845.9
2026-04-04 16:00:00+00:00,0.09177,0.09212,0.09153,0.09182,1539703.3
2026-04-04 17:00:00+00:00,0.09182,0.0925,0.09169,0.09224,3403266.5
2026-04-04 18:00:00+00:00,0.09224,0.09246,0.09213,0.09224,4430624.9
2026-04-04 19:00:00+00:00,0.09224,0.09312,0.09216,0.09226,7224825.5
2026-04-04 20:00:00+00:00,0.09226,0.0924,0.092,0.09204,1734268.9
2026-04-04 21:00:00+00:00,0.09204,0.0924,0.092,0.09214,1800821.2
2026-04-04 22:00:00+00:00,0.09214,0.09221,0.09203,0.09207,1187566.6
2026-04-04 23:00:00+00:00,0.09207,0.09207,0.09183,0.09205,1240415.9
2026-04-05 00:00:00+00:00,0.09205,0.09216,0.09173,0.09178,720118.9
2026-04-05 01:00:00+00:00,0.09178,0.09182,0.0914,0.09154,3157574.8
2026-04-05 02:00:00+00:00,0.09154,0.09154,0.09129,0.09154,1863739.5
2026-04-05 03:00:00+00:00,0.09154,0.09156,0.09133,0.09139,505896.7
2026-04-05 04:00:00+00:00,0.09139,0.09139,0.09103,0.0911,1497693.8
2026-04-05 05:00:00+00:00,0.0911,0.09116,0.09055,0.0907,3050565.6
2026-04-05 06:00:00+00:00,0.0907,0.09075,0.0899,0.09032,5767341.6
2026-04-05 07:00:00+00:00,0.09032,0.0904,0.08999,0.09011,1783537.9
2026-04-05 08:00:00+00:00,0.09011,0.09035,0.09002,0.09026,2871176.0
2026-04-05 09:00:00+00:00,0.09026,0.09044,0.09018,0.09039,1129884.8
2026-04-05 10:00:00+00:00,0.09039,0.09063,0.09023,0.09027,612614.9
2026-04-05 11:00:00+00:00,0.09027,0.09042,0.09022,0.09037,1504760.0
2026-04-05 12:00:00+00:00,0.09037,0.09037,0.08973,0.09002,2956542.6
2026-04-05 13:00:00+00:00,0.09002,0.0903,0.0897,0.0903,2290811.1
2026-04-05 14:00:00+00:00,0.0903,0.09058,0.09017,0.09029,2543893.9
2026-04-05 15:00:00+00:00,0.09029,0.09145,0.09,0.09067,5651155.4
2026-04-05 16:00:00+00:00,0.09067,0.09082,0.09027,0.0904,1905640.3
2026-04-05 17:00:00+00:00,0.0904,0.09066,0.09023,0.09059,1157936.2
2026-04-05 18:00:00+00:00,0.09059,0.09066,0.09028,0.09059,2617987.3
2026-04-05 19:00:00+00:00,0.09059,0.09087,0.0903,0.09053,1203940.6
2026-04-05 20:00:00+00:00,0.09053,0.09093,0.09047,0.09065,2314454.5
2026-04-05 21:00:00+00:00,0.09065,0.09072,0.09032,0.09057,1660975.7
2026-04-05 22:00:00+00:00,0.09057,0.09155,0.09023,0.09143,4708696.6
2026-04-05 23:00:00+00:00,0.09143,0.09242,0.09131,0.09238,7046965.1
2026-04-06 00:00:00+00:00,0.09238,0.09355,0.09238,0.09279,16858374.5
2026-04-06 01:00:00+00:00,0.09279,0.09299,0.09148,0.09229,25830207.8
2026-04-06 02:00:00+00:00,0.09229,0.09365,0.09226,0.09288,12065310.5
2026-04-06 03:00:00+00:00,0.09288,0.09314,0.09218,0.09232,7455990.7
2026-04-06 04:00:00+00:00,0.09232,0.09289,0.09229,0.09259,3957991.8
2026-04-06 05:00:00+00:00,0.09259,0.09279,0.09231,0.09245,1568302.8
2026-04-06 06:00:00+00:00,0.09245,0.09273,0.09195,0.09216,4416229.6
2026-04-06 07:00:00+00:00,0.09216,0.09224,0.09174,0.09212,2826979.5
2026-04-06 08:00:00+00:00,0.09212,0.09262,0.09196,0.09218,2191816.5
2026-04-06 09:00:00+00:00,0.09218,0.09352,0.09217,0.09296,14266195.8
2026-04-06 10:00:00+00:00,0.09296,0.09345,0.09294,0.0931,15058942.6
2026-04-06 11:00:00+00:00,0.0931,0.09315,0.09285,0.09304,3124961.6
2026-04-06 12:00:00+00:00,0.09304,0.09314,0.09237,0.09245,9599883.4
2026-04-06 13:00:00+00:00,0.09245,0.09277,0.09225,0.09238,3691191.9
2026-04-06 14:00:00+00:00,0.09238,0.09298,0.0921,0.09283,5305922.7
2026-04-06 15:00:00+00:00,0.09283,0.09303,0.09253,0.09285,2107071.4
2026-04-06 16:00:00+00:00,0.09285,0.09291,0.09221,0.09234,3333599.3
2026-04-06 17:00:00+00:00,0.09234,0.09234,0.09159,0.09198,3594177.3
2026-04-06 18:00:00+00:00,0.09198,0.09227,0.09185,0.09217,1690570.3
2026-04-06 19:00:00+00:00,0.09217,0.09217,0.09166,0.09194,1546710.8
2026-04-06 20:00:00+00:00,0.09194,0.09198,0.09174,0.09187,1136162.8
2026-04-06 21:00:00+00:00,0.09187,0.09187,0.09138,0.09144,4843214.6
2026-04-06 22:00:00+00:00,0.09144,0.09144,0.0904,0.09041,16728787.4
2026-04-06 23:00:00+00:00,0.09041,0.09067,0.0899,0.0906,28793765.0
2026-04-07 00:00:00+00:00,0.0906,0.09092,0.09047,0.09069,5210678.9
2026-04-07 01:00:00+00:00,0.09069,0.09097,0.09037,0.09041,2163476.2
2026-04-07 02:00:00+00:00,0.09041,0.09072,0.09024,0.09055,1539950.9
2026-04-07 03:00:00+00:00,0.09055,0.09063,0.09043,0.09055,821072.4
2026-04-07 04:00:00+00:00,0.09055,0.09078,0.0903,0.09074,1242786.5
2026-04-07 05:00:00+00:00,0.09074,0.09074,0.09039,0.09054,1046503.8
2026-04-07 06:00:00+00:00,0.09054,0.09076,0.09025,0.09068,3675118.1
2026-04-07 07:00:00+00:00,0.09068,0.0908,0.09059,0.09063,1700120.6
2026-04-07 08:00:00+00:00,0.09063,0.09104,0.0906,0.091,1887842.4
2026-04-07 09:00:00+00:00,0.091,0.09147,0.09095,0.0913,1807443.5
2026-04-07 10:00:00+00:00,0.0913,0.0914,0.09037,0.09057,8065324.7
2026-04-07 11:00:00+00:00,0.09057,0.09081,0.0903,0.09053,2757447.5
2026-04-07 12:00:00+00:00,0.09053,0.09087,0.09009,0.09065,4556217.7
2026-04-07 13:00:00+00:00,0.09065,0.09083,0.09034,0.09044,11895873.9
2026-04-07 14:00:00+00:00,0.09044,0.09064,0.09004,0.09018,4184173.5
2026-04-07 15:00:00+00:00,0.09018,0.09068,0.09007,0.09039,5013048.6
2026-04-07 16:00:00+00:00,0.09039,0.09081,0.09036,0.09063,1671905.9
2026-04-07 17:00:00+00:00,0.09063,0.09211,0.09056,0.09174,5239851.2
2026-04-07 18:00:00+00:00,0.09174,0.09189,0.09096,0.09116,6294932.7
2026-04-07 19:00:00+00:00,0.09116,0.09234,0.09105,0.09227,5085784.8
2026-04-07 20:00:00+00:00,0.09227,0.09273,0.09208,0.09208,6294957.9
2026-04-07 21:00:00+00:00,0.09208,0.09303,0.09208,0.09285,8526064.4
2026-04-07 22:00:00+00:00,0.09285,0.09508,0.09283,0.09503,30349201.6
2026-04-07 23:00:00+00:00,0.09503,0.09608,0.09478,0.09496,37296178.1
2026-04-08 00:00:00+00:00,0.09496,0.09527,0.09376,0.09425,15803747.8
2026-04-08 01:00:00+00:00,0.09425,0.09464,0.09406,0.09446,5090252.2
2026-04-08 02:00:00+00:00,0.09446,0.095,0.09433,0.09466,3603096.2
2026-04-08 03:00:00+00:00,0.09466,0.09484,0.09448,0.09459,4362468.4
2026-04-08 04:00:00+00:00,0.09459,0.09507,0.09454,0.09454,6360405.9
2026-04-08 05:00:00+00:00,0.09454,0.09498,0.09448,0.09496,3541520.5
2026-04-08 06:00:00+00:00,0.09496,0.095,0.09455,0.09461,8880927.8
2026-04-08 07:00:00+00:00,0.09461,0.09486,0.09438,0.09459,5546048.4
2026-04-08 08:00:00+00:00,0.09459,0.09489,0.09433,0.09489,9086213.1
2026-04-08 09:00:00+00:00,0.09489,0.09497,0.09449,0.09478,7762133.1
2026-04-08 10:00:00+00:00,0.09478,0.09561,0.0944,0.0944,12459761.6
2026-04-08 11:00:00+00:00,0.0944,0.09465,0.09378,0.09426,11744994.8
2026-04-08 12:00:00+00:00,0.09426,0.09455,0.09389,0.09448,11390446.3
2026-04-08 13:00:00+00:00,0.09448,0.09515,0.0944,0.09455,13665535.4
2026-04-08 14:00:00+00:00,0.09455,0.0946,0.09264,0.09293,19336883.7
2026-04-08 15:00:00+00:00,0.09293,0.09351,0.09272,0.09343,8396449.4
2026-04-08 16:00:00+00:00,0.09343,0.09361,0.09325,0.09353,2657153.4
2026-04-08 17:00:00+00:00,0.09353,0.09412,0.09328,0.09405,3343046.0
2026-04-08 18:00:00+00:00,0.09405,0.09408,0.09308,0.09312,9558668.4
2026-04-08 19:00:00+00:00,0.09312,0.0932,0.09275,0.09312,2851907.2
2026-04-08 20:00:00+00:00,0.09312,0.09328,0.09289,0.09312,827305.1
2026-04-08 21:00:00+00:00,0.09312,0.09377,0.093,0.09357,2567095.8
2026-04-08 22:00:00+00:00,0.09357,0.09361,0.09275,0.09281,5606848.6
2026-04-08 23:00:00+00:00,0.09281,0.09281,0.09215,0.09243,7459339.7
2026-04-09 00:00:00+00:00,0.09243,0.09246,0.09173,0.09209,4854921.8
2026-04-09 01:00:00+00:00,0.09209,0.09214,0.09108,0.09162,13167681.2
2026-04-09 02:00:00+00:00,0.09162,0.09191,0.09148,0.09166,5715401.1
2026-04-09 03:00:00+00:00,0.09166,0.09179,0.09147,0.09154,4505165.8
2026-04-09 04:00:00+00:00,0.09154,0.09154,0.09119,0.09123,8939382.5
2026-04-09 05:00:00+00:00,0.09123,0.09182,0.0909,0.09143,24472290.5
2026-04-09 06:00:00+00:00,0.09143,0.0916,0.09121,0.09151,4525945.0
2026-04-09 07:00:00+00:00,0.09151,0.09162,0.09137,0.09138,2206787.8
2026-04-09 08:00:00+00:00,0.09138,0.09161,0.09121,0.09148,4265165.9
2026-04-09 09:00:00+00:00,0.09148,0.09204,0.09127,0.09194,6502651.9
2026-04-09 10:00:00+00:00,0.09194,0.09198,0.09168,0.09172,8642996.3
2026-04-09 11:00:00+00:00,0.09172,0.09184,0.09153,0.09168,4756619.5
2026-04-09 12:00:00+00:00,0.09168,0.09185,0.09143,0.0916,2751556.1
2026-04-09 13:00:00+00:00,0.0916,0.09167,0.09104,0.09128,7063364.8
2026-04-09 14:00:00+00:00,0.09128,0.09157,0.09097,0.09143,6977570.0
2026-04-09 15:00:00+00:00,0.09143,0.09325,0.0913,0.09288,17644152.6
2026-04-09 16:00:00+00:00,0.09288,0.09344,0.0921,0.0925,5570210.2
2026-04-09 17:00:00+00:00,0.0925,0.09354,0.09249,0.09342,7684759.5
2026-04-09 18:00:00+00:00,0.09342,0.09357,0.09291,0.09332,4052582.5
2026-04-09 19:00:00+00:00,0.09332,0.09389,0.09309,0.09382,6707824.8
2026-04-09 20:00:00+00:00,0.09382,0.09434,0.09379,0.09398,7919397.6
2026-04-09 21:00:00+00:00,0.09398,0.09437,0.09369,0.09384,6023118.3
2026-04-09 22:00:00+00:00,0.09384,0.095,0.09323,0.09343,15751780.8
2026-04-09 23:00:00+00:00,0.09343,0.09347,0.09234,0.0926,4915500.9
2026-04-10 00:00:00+00:00,0.0926,0.09266,0.09208,0.09246,3273761.5
2026-04-10 01:00:00+00:00,0.09246,0.09283,0.09195,0.09236,7885280.7
2026-04-10 02:00:00+00:00,0.09236,0.09281,0.09225,0.09253,1548329.3
2026-04-10 03:00:00+00:00,0.09253,0.09274,0.09211,0.09221,1472153.4
2026-04-10 04:00:00+00:00,0.09221,0.09295,0.09219,0.09277,2012876.5
2026-04-10 05:00:00+00:00,0.09277,0.09319,0.09259,0.09275,7574814.0
2026-04-10 06:00:00+00:00,0.09275,0.09305,0.09241,0.09265,2586247.5
2026-04-10 07:00:00+00:00,0.09265,0.09283,0.09211,0.09228,7628267.8
2026-04-10 08:00:00+00:00,0.09228,0.09252,0.09196,0.09212,9498155.7
2026-04-10 09:00:00+00:00,0.09212,0.09255,0.09209,0.09237,7848573.5
2026-04-10 10:00:00+00:00,0.09237,0.09239,0.09209,0.09222,2446803.2
2026-04-10 11:00:00+00:00,0.09222,0.09267,0.09217,0.09248,4158630.2
2026-04-10 12:00:00+00:00,0.09248,0.09313,0.09235,0.09286,20315389.7
2026-04-10 13:00:00+00:00,0.09286,0.09312,0.0923,0.0929,4519357.7
2026-04-10 14:00:00+00:00,0.0929,0.09422,0.09278,0.09399,24087562.6
2026-04-10 15:00:00+00:00,0.09399,0.09459,0.0931,0.09333,11328741.2
2026-04-10 16:00:00+00:00,0.09333,0.09407,0.09333,0.09392,3885244.6
2026-04-10 17:00:00+00:00,0.09392,0.09396,0.09344,0.09369,1876870.5
2026-04-10 18:00:00+00:00,0.09369,0.09423,0.09359,0.09416,2873835.7
2026-04-10 19:00:00+00:00,0.09416,0.09527,0.09414,0.09505,29895611.2
2026-04-10 20:00:00+00:00,0.09505,0.09522,0.09421,0.09461,8561338.3
2026-04-10 21:00:00+00:00,0.09461,0.09466,0.09403,0.09432,3058844.0
2026-04-10 22:00:00+00:00,0.09432,0.09436,0.09368,0.09391,3576855.5
2026-04-10 23:00:00+00:00,0.09391,0.09391,0.09359,0.0937,1728622.1
2026-04-11 00:00:00+00:00,0.0937,0.09381,0.09342,0.09361,4671279.8
2026-04-11 01:00:00+00:00,0.09361,0.09379,0.09325,0.09361,14214509.2
2026-04-11 02:00:00+00:00,0.09361,0.09402,0.09349,0.09368,4883772.3
2026-04-11 03:00:00+00:00,0.09368,0.09411,0.09362,0.09368,5506221.7
2026-04-11 04:00:00+00:00,0.09368,0.09386,0.0934,0.09359,3508494.0
2026-04-11 05:00:00+00:00,0.09359,0.09359,0.09284,0.09294,4995278.5
2026-04-11 06:00:00+00:00,0.09294,0.09295,0.09268,0.09278,2823833.1
2026-04-11 07:00:00+00:00,0.09278,0.09298,0.09272,0.09287,2069635.5
2026-04-11 08:00:00+00:00,0.09287,0.093,0.09276,0.09285,2399318.1
2026-04-11 09:00:00+00:00,0.09285,0.09307,0.09261,0.09296,8123018.5
2026-04-11 10:00:00+00:00,0.09296,0.09298,0.09272,0.09288,2283659.3
2026-04-11 11:00:00+00:00,0.09288,0.09297,0.09278,0.09293,2385341.4
2026-04-11 12:00:00+00:00,0.09293,0.09309,0.09281,0.09298,2580659.2
2026-04-11 13:00:00+00:00,0.09298,0.09298,0.09227,0.09261,5482510.0
2026-04-11 14:00:00+00:00,0.09261,0.09276,0.09249,0.09266,1661688.4
2026-04-11 15:00:00+00:00,0.09266,0.09306,0.09262,0.09276,2387845.2
2026-04-11 16:00:00+00:00,0.09276,0.09376,0.09273,0.09339,3641496.9
2026-04-11 17:00:00+00:00,0.09339,0.09341,0.09303,0.09304,1438663.1
2026-04-11 18:00:00+00:00,0.09304,0.09418,0.09275,0.09395,12196561.9
2026-04-11 19:00:00+00:00,0.09395,0.09478,0.09395,0.09471,12568984.7
2026-04-11 20:00:00+00:00,0.09471,0.0949,0.0936,0.0939,5399296.7
2026-04-11 21:00:00+00:00,0.0939,0.09422,0.09362,0.09394,1167485.8
2026-04-11 22:00:00+00:00,0.09394,0.09432,0.09344,0.09369,1633853.8
2026-04-11 23:00:00+00:00,0.09369,0.09369,0.09279,0.09307,2968751.3
2026-04-12 00:00:00+00:00,0.09307,0.09312,0.09263,0.09305,4401147.3
2026-04-12 01:00:00+00:00,0.09305,0.09325,0.09059,0.09109,43287330.8
2026-04-12 02:00:00+00:00,0.09109,0.09169,0.09083,0.09155,11347581.9
2026-04-12 03:00:00+00:00,0.09155,0.09165,0.09118,0.09118,10333795.2
2026-04-12 04:00:00+00:00,0.09118,0.09126,0.09102,0.09119,3070632.8
2026-04-12 05:00:00+00:00,0.09119,0.09147,0.09108,0.09144,4180620.9
2026-04-12 06:00:00+00:00,0.09144,0.09163,0.09133,0.0914,8698556.2
2026-04-12 07:00:00+00:00,0.0914,0.09149,0.09129,0.09137,1695003.4
2026-04-12 08:00:00+00:00,0.09137,0.09141,0.09123,0.09129,1810767.0
2026-04-12 09:00:00+00:00,0.09129,0.09129,0.09114,0.0912,2283208.4
2026-04-12 10:00:00+00:00,0.0912,0.09124,0.09091,0.09107,4333579.8
2026-04-12 11:00:00+00:00,0.09107,0.09135,0.09101,0.09133,1989934.6
2026-04-12 12:00:00+00:00,0.09133,0.09143,0.09096,0.09104,7127842.8
2026-04-12 13:00:00+00:00,0.09104,0.09119,0.09068,0.09073,6621586.1
2026-04-12 14:00:00+00:00,0.09073,0.09091,0.09037,0.09049,8184141.3
2026-04-12 15:00:00+00:00,0.09049,0.09072,0.09028,0.09065,5344804.4
2026-04-12 16:00:00+00:00,0.09065,0.0908,0.09054,0.09072,5077794.9
2026-04-12 17:00:00+00:00,0.09072,0.09119,0.09064,0.09109,4464753.6
2026-04-12 18:00:00+00:00,0.09109,0.0913,0.091,0.09109,5392842.2
2026-04-12 19:00:00+00:00,0.09109,0.09129,0.09088,0.0909,2230075.1
2026-04-12 20:00:00+00:00,0.0909,0.09169,0.09085,0.09153,4438380.0
2026-04-12 21:00:00+00:00,0.09153,0.09173,0.09121,0.09135,1783521.0
2026-04-12 22:00:00+00:00,0.09135,0.09135,0.09058,0.09102,6151987.4
2026-04-12 23:00:00+00:00,0.09102,0.09102,0.0905,0.09084,4241695.6
2026-04-13 00:00:00+00:00,0.09084,0.09149,0.09077,0.09134,1949463.9
2026-04-13 01:00:00+00:00,0.09134,0.0915,0.09104,0.09142,5318817.4
2026-04-13 02:00:00+00:00,0.09142,0.09153,0.09104,0.09109,1851818.0
2026-04-13 03:00:00+00:00,0.09109,0.09131,0.09104,0.09121,3141606.9
2026-04-13 04:00:00+00:00,0.09121,0.09126,0.09091,0.09096,2859642.2
2026-04-13 05:00:00+00:00,0.09096,0.0913,0.09082,0.09126,2662953.6
2026-04-13 06:00:00+00:00,0.09126,0.09154,0.09124,0.09146,1499710.5
2026-04-13 07:00:00+00:00,0.09146,0.0915,0.09084,0.0909,4099637.5
2026-04-13 08:00:00+00:00,0.0909,0.09103,0.09073,0.09092,2936458.0
2026-04-13 09:00:00+00:00,0.09092,0.09133,0.09091,0.09099,3316262.6
2026-04-13 10:00:00+00:00,0.09099,0.09105,0.09084,0.09089,1854120.6
2026-04-13 11:00:00+00:00,0.09089,0.09101,0.09084,0.09092,1500452.6
2026-04-13 12:00:00+00:00,0.09092,0.09191,0.09084,0.09162,14726991.1
2026-04-13 13:00:00+00:00,0.09162,0.09184,0.0908,0.0918,18488796.8
2026-04-13 14:00:00+00:00,0.0918,0.09263,0.09149,0.0925,7296578.3
2026-04-13 15:00:00+00:00,0.0925,0.09255,0.09156,0.0917,3075510.3
2026-04-13 16:00:00+00:00,0.0917,0.09214,0.09136,0.09197,7538123.6
2026-04-13 17:00:00+00:00,0.09197,0.0923,0.09141,0.09157,6898252.8
2026-04-13 18:00:00+00:00,0.09157,0.0918,0.09138,0.09179,2802065.8
2026-04-13 19:00:00+00:00,0.09179,0.09325,0.09173,0.0931,7422710.7
2026-04-13 20:00:00+00:00,0.0931,0.09321,0.09244,0.09252,6894530.1
2026-04-13 21:00:00+00:00,0.09252,0.09281,0.09247,0.09271,2805478.5
2026-04-13 22:00:00+00:00,0.09271,0.09434,0.09271,0.09406,14628152.9
2026-04-13 23:00:00+00:00,0.09406,0.09433,0.09372,0.09412,9344580.4
2026-04-14 00:00:00+00:00,0.09412,0.09431,0.09341,0.09355,12205820.2
2026-04-14 01:00:00+00:00,0.09355,0.09367,0.09305,0.09357,13334068.5
2026-04-14 02:00:00+00:00,0.09357,0.09392,0.0934,0.0935,9530095.1
2026-04-14 03:00:00+00:00,0.0935,0.09381,0.09339,0.09356,3001657.7
2026-04-14 04:00:00+00:00,0.09356,0.09374,0.09329,0.09338,3037561.9
2026-04-14 05:00:00+00:00,0.09338,0.09339,0.09272,0.09279,1953679.5
2026-04-14 06:00:00+00:00,0.09279,0.09336,0.09279,0.09324,2733150.3
2026-04-14 07:00:00+00:00,0.09324,0.09369,0.0932,0.09359,3005935.8
2026-04-14 08:00:00+00:00,0.09359,0.09466,0.09341,0.09439,17647851.6
2026-04-14 09:00:00+00:00,0.09439,0.09485,0.09425,0.0945,23395458.9
2026-04-14 10:00:00+00:00,0.0945,0.09464,0.09382,0.09445,17506836.2
2026-04-14 11:00:00+00:00,0.09445,0.09581,0.09387,0.09433,57075485.5
2026-04-14 12:00:00+00:00,0.09433,0.09441,0.09374,0.09414,4962468.2
2026-04-14 13:00:00+00:00,0.09414,0.09723,0.09408,0.09708,38276867.8
2026-04-14 14:00:00+00:00,0.09708,0.09804,0.0958,0.09606,37791108.1
2026-04-14 15:00:00+00:00,0.09606,0.09639,0.09525,0.09539,15360577.6
2026-04-14 16:00:00+00:00,0.09539,0.096,0.09474,0.09514,5082671.2
2026-04-14 17:00:00+00:00,0.09514,0.09533,0.09421,0.09464,5400796.9
2026-04-14 18:00:00+00:00,0.09464,0.09494,0.09288,0.09311,16830593.8
2026-04-14 19:00:00+00:00,0.09311,0.09334,0.09237,0.09282,17735189.6
2026-04-14 20:00:00+00:00,0.09282,0.09295,0.0924,0.09263,9629142.6
2026-04-14 21:00:00+00:00,0.09263,0.0933,0.09263,0.09326,8621600.8
2026-04-14 22:00:00+00:00,0.09326,0.09337,0.0926,0.09288,7692794.7
2026-04-14 23:00:00+00:00,0.09288,0.09319,0.09275,0.09296,1756595.4
2026-04-15 00:00:00+00:00,0.09296,0.09355,0.09296,0.09328,6808230.8
2026-04-15 01:00:00+00:00,0.09328,0.09361,0.09317,0.09346,2779618.2
2026-04-15 02:00:00+00:00,0.09346,0.0936,0.09298,0.09316,3626167.9
2026-04-15 03:00:00+00:00,0.09316,0.09337,0.09311,0.09316,1591165.7
2026-04-15 04:00:00+00:00,0.09316,0.09371,0.09312,0.09365,2296252.6
2026-04-15 05:00:00+00:00,0.09365,0.0939,0.09311,0.09348,3256971.2
2026-04-15 06:00:00+00:00,0.09348,0.09351,0.09269,0.09272,6371473.3
2026-04-15 07:00:00+00:00,0.09272,0.09326,0.09264,0.09281,8877044.7
2026-04-15 08:00:00+00:00,0.09281,0.0932,0.09276,0.09312,3228271.8
2026-04-15 09:00:00+00:00,0.09312,0.09319,0.09285,0.09293,2376225.6
2026-04-15 10:00:00+00:00,0.09293,0.09329,0.09263,0.09296,2240979.8
2026-04-15 11:00:00+00:00,0.09296,0.09377,0.09294,0.09352,3518539.9
2026-04-15 12:00:00+00:00,0.09352,0.09377,0.09338,0.09353,1616773.5
2026-04-15 13:00:00+00:00,0.09353,0.09364,0.09308,0.09342,2177983.3
2026-04-15 14:00:00+00:00,0.09342,0.09416,0.09318,0.09395,3468587.9
2026-04-15 15:00:00+00:00,0.09395,0.09401,0.09314,0.0936,2857899.7
2026-04-15 16:00:00+00:00,0.0936,0.0945,0.09351,0.09445,6589898.4
2026-04-15 17:00:00+00:00,0.09445,0.09508,0.09437,0.09478,6682575.3
2026-04-15 18:00:00+00:00,0.09478,0.09533,0.09472,0.0952,3412462.0
2026-04-15 19:00:00+00:00,0.0952,0.09678,0.09513,0.09606,39631623.0
2026-04-15 20:00:00+00:00,0.09606,0.09617,0.09499,0.09515,6578904.7
2026-04-15 21:00:00+00:00,0.09515,0.09532,0.09456,0.09524,4359682.7
2026-04-15 22:00:00+00:00,0.09524,0.09592,0.09506,0.09507,4060392.7
2026-04-15 23:00:00+00:00,0.09507,0.0951,0.09439,0.09483,6968497.0
2026-04-16 00:00:00+00:00,0.09483,0.09498,0.09451,0.0949,1290316.3
2026-04-16 01:00:00+00:00,0.0949,0.09501,0.09452,0.09484,1512778.1
2026-04-16 02:00:00+00:00,0.09484,0.09656,0.09482,0.09594,6999915.7
2026-04-16 03:00:00+00:00,0.09594,0.09742,0.09588,0.09703,12799131.4
2026-04-16 04:00:00+00:00,0.09703,0.09797,0.09664,0.09691,23611010.5
2026-04-16 05:00:00+00:00,0.09691,0.09708,0.09611,0.09659,8996464.7
2026-04-16 06:00:00+00:00,0.09659,0.09679,0.0961,0.09662,15111440.6
2026-04-16 07:00:00+00:00,0.09662,0.0969,0.09621,0.09648,6091729.0
2026-04-16 08:00:00+00:00,0.09648,0.09651,0.09595,0.09595,5043353.5
2026-04-16 09:00:00+00:00,0.09595,0.09659,0.09583,0.09601,4712271.5
2026-04-16 10:00:00+00:00,0.09601,0.09603,0.09533,0.09577,11610928.5
2026-04-16 11:00:00+00:00,0.09577,0.09659,0.09564,0.09635,16052982.2
2026-04-16 12:00:00+00:00,0.09635,0.09726,0.09632,0.09673,20826751.1
2026-04-16 13:00:00+00:00,0.09673,0.09772,0.09494,0.0958,15453516.5
2026-04-16 14:00:00+00:00,0.0958,0.09609,0.09448,0.09543,31324654.1
2026-04-16 15:00:00+00:00,0.09543,0.09732,0.09531,0.09729,18780637.3
2026-04-16 16:00:00+00:00,0.09729,0.09854,0.09638,0.09681,37024335.2
2026-04-16 17:00:00+00:00,0.09681,0.09783,0.09646,0.09774,7231427.8
2026-04-16 18:00:00+00:00,0.09774,0.09984,0.09747,0.09918,22081401.2
2026-04-16 19:00:00+00:00,0.09918,0.09973,0.09903,0.09942,6858955.5
2026-04-16 20:00:00+00:00,0.09942,0.09974,0.098,0.09851,6962370.5
2026-04-16 21:00:00+00:00,0.09851,0.09919,0.09824,0.09859,10446184.0
2026-04-16 22:00:00+00:00,0.09859,0.09917,0.09859,0.0989,3235989.7
2026-04-16 23:00:00+00:00,0.0989,0.09979,0.09875,0.09919,3238158.0
2026-04-17 00:00:00+00:00,0.09919,0.09937,0.09843,0.09889,5594455.1
2026-04-17 01:00:00+00:00,0.09889,0.09961,0.09793,0.09832,10099654.2
2026-04-17 02:00:00+00:00,0.09832,0.09847,0.09736,0.09788,8579208.5
2026-04-17 03:00:00+00:00,0.09788,0.0981,0.09756,0.09773,2306966.6
2026-04-17 04:00:00+00:00,0.09773,0.09789,0.09739,0.09748,3897696.7
2026-04-17 05:00:00+00:00,0.09748,0.09752,0.09672,0.09678,5467608.1
2026-04-17 06:00:00+00:00,0.09678,0.09772,0.09671,0.09763,4709296.2
2026-04-17 07:00:00+00:00,0.09763,0.09852,0.09761,0.09807,14666622.0
2026-04-17 08:00:00+00:00,0.09807,0.0988,0.09777,0.09855,21527744.8
2026-04-17 09:00:00+00:00,0.09855,0.09953,0.09815,0.09891,9532840.4
2026-04-17 10:00:00+00:00,0.09891,0.09898,0.0977,0.09797,7458211.1
2026-04-17 11:00:00+00:00,0.09797,0.09902,0.09797,0.09871,9093691.3
2026-04-17 12:00:00+00:00,0.09871,0.10021,0.09846,0.10013,12151672.1
2026-04-17 13:00:00+00:00,0.10013,0.10151,0.09992,0.10102,29427175.8
2026-04-17 14:00:00+00:00,0.10102,0.10153,0.10056,0.101,30191412.3
2026-04-17 15:00:00+00:00,0.101,0.10142,0.09991,0.10059,23942449.1
2026-04-17 16:00:00+00:00,0.10059,0.1022,0.10056,0.10197,10106048.9
2026-04-17 17:00:00+00:00,0.10197,0.10207,0.1002,0.10106,11678238.6
2026-04-17 18:00:00+00:00,0.10106,0.10119,0.09985,0.10018,3779268.8
2026-04-17 19:00:00+00:00,0.10018,0.10061,0.09984,0.09998,3606607.1
2026-04-17 20:00:00+00:00,0.09998,0.10022,0.09942,0.10018,3922338.0
2026-04-17 21:00:00+00:00,0.10018,0.10064,0.09982,0.10014,2013891.8
2026-04-17 22:00:00+00:00,0.10014,0.10061,0.10001,0.10026,2134814.1
2026-04-17 23:00:00+00:00,0.10026,0.10026,0.09874,0.09944,7682402.1
2026-04-18 00:00:00+00:00,0.09944,0.09976,0.09909,0.09927,7931477.2
2026-04-18 01:00:00+00:00,0.09927,0.09975,0.09891,0.09914,2993144.1
2026-04-18 02:00:00+00:00,0.09914,0.09958,0.09879,0.09909,3887498.6
2026-04-18 03:00:00+00:00,0.09909,0.0991,0.09808,0.09853,7747575.3
2026-04-18 04:00:00+00:00,0.09853,0.0987,0.09808,0.09836,3799923.9
2026-04-18 05:00:00+00:00,0.09836,0.09894,0.09833,0.09884,3352033.0
2026-04-18 06:00:00+00:00,0.09884,0.09893,0.09853,0.09878,1859856.0
2026-04-18 07:00:00+00:00,0.09878,0.09906,0.09871,0.09887,2464380.8
2026-04-18 08:00:00+00:00,0.09887,0.09887,0.09676,0.09707,21162702.2
2026-04-18 09:00:00+00:00,0.09707,0.0973,0.09659,0.09705,13060380.4
2026-04-18 10:00:00+00:00,0.09705,0.09706,0.09639,0.09652,7132317.4
2026-04-18 11:00:00+00:00,0.09652,0.09652,0.09556,0.09604,8048265.6
2026-04-18 12:00:00+00:00,0.09604,0.09626,0.0957,0.09611,4496459.8
2026-04-18 13:00:00+00:00,0.09611,0.0962,0.09547,0.09579,3740799.8
2026-04-18 14:00:00+00:00,0.09579,0.09619,0.09557,0.09617,2225425.5
2026-04-18 15:00:00+00:00,0.09617,0.09642,0.09583,0.096,6992004.4
2026-04-18 16:00:00+00:00,0.096,0.09618,0.09549,0.09564,4401066.7
2026-04-18 17:00:00+00:00,0.09564,0.0957,0.09527,0.09543,1789791.2
2026-04-18 18:00:00+00:00,0.09543,0.09554,0.09424,0.09449,7887774.3
2026-04-18 19:00:00+00:00,0.09449,0.09508,0.09449,0.09481,2464017.3
2026-04-18 20:00:00+00:00,0.09481,0.09518,0.09462,0.09503,2329122.1
2026-04-18 21:00:00+00:00,0.09503,0.09535,0.09484,0.09523,2656881.6
2026-04-18 22:00:00+00:00,0.09523,0.09527,0.09488,0.09513,1155841.6
2026-04-18 23:00:00+00:00,0.09513,0.09528,0.09473,0.09479,2631064.7
2026-04-19 00:00:00+00:00,0.09479,0.09501,0.09464,0.09483,3161202.7
2026-04-19 01:00:00+00:00,0.09483,0.0951,0.09468,0.095,1125372.0
2026-04-19 02:00:00+00:00,0.095,0.09503,0.09438,0.0948,3506527.8
2026-04-19 03:00:00+00:00,0.0948,0.09508,0.09447,0.09476,1583936.6
2026-04-19 04:00:00+00:00,0.09476,0.09485,0.09416,0.09463,3094629.8
2026-04-19 05:00:00+00:00,0.09463,0.09523,0.09457,0.09483,2621838.4
2026-04-19 06:00:00+00:00,0.09483,0.09504,0.09451,0.09489,3334162.5
2026-04-19 07:00:00+00:00,0.09489,0.09489,0.09351,0.09415,7238472.7
2026-04-19 08:00:00+00:00,0.09415,0.09427,0.09395,0.09412,2105369.7
2026-04-19 09:00:00+00:00,0.09412,0.09414,0.09356,0.09373,5260226.0
2026-04-19 10:00:00+00:00,0.09373,0.09393,0.09348,0.0939,2282327.8
2026-04-19 11:00:00+00:00,0.0939,0.09498,0.09386,0.09454,14229406.9
2026-04-19 12:00:00+00:00,0.09454,0.09528,0.09449,0.09453,12193404.3
2026-04-19 13:00:00+00:00,0.09453,0.09643,0.09451,0.0953,32019819.0
2026-04-19 14:00:00+00:00,0.0953,0.09621,0.09485,0.09537,29726035.1
2026-04-19 15:00:00+00:00,0.09537,0.09562,0.09428,0.0956,35178610.1
2026-04-19 16:00:00+00:00,0.0956,0.09571,0.09433,0.0946,22344760.6
2026-04-19 17:00:00+00:00,0.0946,0.0947,0.0938,0.0941,26930888.0
2026-04-19 18:00:00+00:00,0.0941,0.09439,0.09389,0.09417,13089987.9
2026-04-19 19:00:00+00:00,0.09417,0.09464,0.09411,0.09454,29662432.8
2026-04-19 20:00:00+00:00,0.09454,0.09454,0.09368,0.09408,27543989.2
2026-04-19 21:00:00+00:00,0.09408,0.09436,0.0938,0.09386,15289352.5
2026-04-19 22:00:00+00:00,0.09386,0.09386,0.09262,0.09311,37456686.4
2026-04-19 23:00:00+00:00,0.09311,0.09312,0.09257,0.09305,14283844.6
2026-04-20 00:00:00+00:00,0.09305,0.09409,0.09292,0.09396,18859430.7
2026-04-20 01:00:00+00:00,0.09396,0.09431,0.09368,0.09411,12905743.9
2026-04-20 02:00:00+00:00,0.09411,0.09418,0.09367,0.09409,14194208.6
2026-04-20 03:00:00+00:00,0.09409,0.09436,0.09373,0.09426,12940453.2
2026-04-20 04:00:00+00:00,0.09426,0.09469,0.09403,0.09462,19886614.9
2026-04-20 05:00:00+00:00,0.09462,0.09469,0.09361,0.09395,13824976.7
2026-04-20 06:00:00+00:00,0.09395,0.09451,0.09376,0.09422,13195720.5
2026-04-20 07:00:00+00:00,0.09422,0.09546,0.09414,0.09457,44131084.7
2026-04-20 08:00:00+00:00,0.09457,0.09465,0.09416,0.09424,14320343.9
2026-04-20 09:00:00+00:00,0.09424,0.09471,0.09405,0.09451,10407343.3
2026-04-20 10:00:00+00:00,0.09451,0.09501,0.09446,0.09447,14047779.2
2026-04-20 11:00:00+00:00,0.09447,0.09476,0.09421,0.09449,8521936.7
2026-04-20 12:00:00+00:00,0.09449,0.09505,0.09439,0.09485,14908175.2
2026-04-20 13:00:00+00:00,0.09485,0.09501,0.09448,0.09491,11336421.1
2026-04-20 14:00:00+00:00,0.09491,0.09536,0.0942,0.09441,15290607.6
2026-04-20 15:00:00+00:00,0.09441,0.09541,0.09409,0.09498,16873817.3
2026-04-20 16:00:00+00:00,0.09498,0.095,0.09438,0.09455,8432258.7
2026-04-20 17:00:00+00:00,0.09455,0.09525,0.09453,0.09508,12580345.3
2026-04-20 18:00:00+00:00,0.09508,0.09578,0.09508,0.09564,11293645.0
2026-04-20 19:00:00+00:00,0.09564,0.09574,0.09527,0.09552,6454830.5
2026-04-20 20:00:00+00:00,0.09552,0.09585,0.09532,0.09584,12927490.3
2026-04-20 21:00:00+00:00,0.09584,0.09609,0.09541,0.09571,9150142.9
2026-04-20 22:00:00+00:00,0.09571,0.09592,0.09556,0.09557,7134864.5
2026-04-20 23:00:00+00:00,0.09557,0.09557,0.095,0.0952,10178096.5
2026-04-21 00:00:00+00:00,0.0952,0.09561,0.09514,0.09551,7031714.6
2026-04-21 01:00:00+00:00,0.09551,0.09587,0.09534,0.0954,12570472.6
2026-04-21 02:00:00+00:00,0.0954,0.09547,0.09509,0.09513,11127898.0
2026-04-21 03:00:00+00:00,0.09513,0.09518,0.09463,0.09489,15170028.7
2026-04-21 04:00:00+00:00,0.09489,0.09543,0.09489,0.09522,21059053.3
2026-04-21 05:00:00+00:00,0.09522,0.09557,0.09507,0.09544,15657378.2
2026-04-21 06:00:00+00:00,0.09544,0.09585,0.09516,0.09539,15118994.6
2026-04-21 07:00:00+00:00,0.09539,0.09569,0.09517,0.0953,12089708.1
2026-04-21 08:00:00+00:00,0.0953,0.09589,0.0952,0.0954,3943111.7
2026-04-21 09:00:00+00:00,0.0954,0.09576,0.09526,0.09568,4407099.6
2026-04-21 10:00:00+00:00,0.09568,0.09594,0.09552,0.0958,6932583.6
2026-04-21 11:00:00+00:00,0.0958,0.09581,0.09534,0.09545,7018674.2
2026-04-21 12:00:00+00:00,0.09545,0.09551,0.09467,0.09502,6349556.5
2026-04-21 13:00:00+00:00,0.09502,0.09532,0.09486,0.0952,4789096.8
2026-04-21 14:00:00+00:00,0.0952,0.09572,0.09485,0.09499,3751946.7
2026-04-21 15:00:00+00:00,0.09499,0.09528,0.09445,0.09479,3075671.9
2026-04-21 16:00:00+00:00,0.09479,0.09517,0.0946,0.09466,1922053.7
2026-04-21 17:00:00+00:00,0.09466,0.09488,0.09364,0.09439,5946763.9
2026-04-21 18:00:00+00:00,0.09439,0.09455,0.09406,0.09447,2785474.1
2026-04-21 19:00:00+00:00,0.09447,0.09485,0.09358,0.09386,4715359.2
2026-04-21 20:00:00+00:00,0.09386,0.09493,0.09381,0.09464,9626169.3
2026-04-21 21:00:00+00:00,0.09464,0.09475,0.09446,0.09466,1065155.2
2026-04-21 22:00:00+00:00,0.09466,0.09472,0.09418,0.09446,1242720.6
2026-04-21 23:00:00+00:00,0.09446,0.09525,0.09441,0.09516,2323046.0
2026-04-22 00:00:00+00:00,0.09516,0.09539,0.09508,0.09519,10823832.0
2026-04-22 01:00:00+00:00,0.09519,0.09529,0.09489,0.095,1891404.9
2026-04-22 02:00:00+00:00,0.095,0.09663,0.0949,0.09657,10740327.8
2026-04-22 03:00:00+00:00,0.09657,0.09692,0.09615,0.09628,7487449.1
2026-04-22 04:00:00+00:00,0.09628,0.09656,0.09601,0.09628,2624960.9
2026-04-22 05:00:00+00:00,0.09628,0.09768,0.09619,0.09714,18151565.7
2026-04-22 06:00:00+00:00,0.09714,0.09767,0.09699,0.09765,4793932.6
2026-04-22 07:00:00+00:00,0.09765,0.09829,0.09695,0.09753,31209484.5
2026-04-22 08:00:00+00:00,0.09753,0.0982,0.09749,0.09788,13365493.2
2026-04-22 09:00:00+00:00,0.09788,0.09815,0.09753,0.09756,4844969.8
2026-04-22 10:00:00+00:00,0.09756,0.09846,0.09728,0.09824,37349346.0
2026-04-22 11:00:00+00:00,0.09824,0.09861,0.09775,0.09804,14847677.2
2026-04-22 12:00:00+00:00,0.09804,0.09825,0.09739,0.09764,7668749.2
2026-04-22 13:00:00+00:00,0.09764,0.09827,0.0974,0.09801,9745238.0
2026-04-22 14:00:00+00:00,0.09801,0.09829,0.09766,0.09801,8545785.8
2026-04-22 15:00:00+00:00,0.09801,0.09827,0.0975,0.09788,8805219.0
2026-04-22 16:00:00+00:00,0.09788,0.0982,0.09684,0.09698,8023385.5
2026-04-22 17:00:00+00:00,0.09698,0.09751,0.09696,0.09726,3048933.8
2026-04-22 18:00:00+00:00,0.09726,0.09759,0.0971,0.0971,3450333.6
2026-04-22 19:00:00+00:00,0.0971,0.0971,0.09632,0.09672,3731578.5
2026-04-22 20:00:00+00:00,0.09672,0.09673,0.09626,0.09633,3897270.6
2026-04-22 21:00:00+00:00,0.09633,0.09693,0.09633,0.09679,3180857.3
2026-04-22 22:00:00+00:00,0.09679,0.09688,0.0963,0.09645,2100630.8
2026-04-22 23:00:00+00:00,0.09645,0.09648,0.09559,0.09563,4585339.4
2026-04-23 00:00:00+00:00,0.09563,0.09652,0.09563,0.09626,26908301.7
2026-04-23 01:00:00+00:00,0.09626,0.09657,0.09575,0.09633,4630941.7
2026-04-23 02:00:00+00:00,0.09633,0.09634,0.09565,0.09585,10754179.0
2026-04-23 03:00:00+00:00,0.09585,0.09598,0.09526,0.09558,7838186.6
2026-04-23 04:00:00+00:00,0.09558,0.09601,0.09551,0.0959,3243415.9
2026-04-23 05:00:00+00:00,0.0959,0.09615,0.09566,0.09599,2698611.2
2026-04-23 06:00:00+00:00,0.09599,0.09644,0.09597,0.09607,3487600.8
2026-04-23 07:00:00+00:00,0.09607,0.09612,0.09553,0.09592,6795262.6
2026-04-23 08:00:00+00:00,0.09592,0.09625,0.09575,0.09597,8870760.8
2026-04-23 09:00:00+00:00,0.09597,0.09597,0.09534,0.09563,5828185.6
2026-04-23 10:00:00+00:00,0.09563,0.09575,0.09528,0.09569,6583007.1
2026-04-23 11:00:00+00:00,0.09569,0.09629,0.09569,0.09615,2972702.3
2026-04-23 12:00:00+00:00,0.09615,0.09692,0.09615,0.09649,15050186.7
2026-04-23 13:00:00+00:00,0.09649,0.09663,0.09585,0.0962,8830499.7
2026-04-23 14:00:00+00:00,0.0962,0.09712,0.09604,0.09706,6033180.5
2026-04-23 15:00:00+00:00,0.09706,0.098,0.09697,0.09735,18415090.7
2026-04-23 16:00:00+00:00,0.09735,0.09743,0.09683,0.09688,4320715.3
2026-04-23 17:00:00+00:00,0.09688,0.09703,0.09512,0.0961,19251462.0
2026-04-23 18:00:00+00:00,0.0961,0.09639,0.0959,0.09592,5748358.0
2026-04-23 19:00:00+00:00,0.09592,0.09639,0.09582,0.09623,3393853.1
2026-04-23 20:00:00+00:00,0.09623,0.0969,0.09618,0.09667,1572682.1
2026-04-23 21:00:00+00:00,0.09667,0.09748,0.0966,0.09711,2835304.3
2026-04-23 22:00:00+00:00,0.09711,0.09767,0.09711,0.09724,2275626.0
2026-04-23 23:00:00+00:00,0.09724,0.09733,0.09698,0.09713,1254976.5
2026-04-24 00:00:00+00:00,0.09713,0.0977,0.09703,0.09763,4836303.8
2026-04-24 01:00:00+00:00,0.09763,0.09801,0.09705,0.09792,4352977.6
2026-04-24 02:00:00+00:00,0.09792,0.09803,0.09762,0.09773,3776015.1
2026-04-24 03:00:00+00:00,0.09773,0.09781,0.0969,0.0972,3883070.0
2026-04-24 04:00:00+00:00,0.0972,0.09738,0.09697,0.09731,1897926.3
2026-04-24 05:00:00+00:00,0.09731,0.09746,0.09697,0.09721,6979503.0
2026-04-24 06:00:00+00:00,0.09721,0.09769,0.09698,0.09743,7683108.7
2026-04-24 07:00:00+00:00,0.09743,0.09814,0.09742,0.09778,13331984.7
2026-04-24 08:00:00+00:00,0.09778,0.09802,0.09744,0.09783,3897690.6
2026-04-24 09:00:00+00:00,0.09783,0.09788,0.09682,0.09715,9557316.4
2026-04-24 10:00:00+00:00,0.09715,0.09808,0.09706,0.09783,7779207.2
2026-04-24 11:00:00+00:00,0.09783,0.09852,0.09782,0.0982,7087840.8
2026-04-24 12:00:00+00:00,0.0982,0.09852,0.09772,0.09793,10564687.7
2026-04-24 13:00:00+00:00,0.09793,0.09851,0.09768,0.09787,7604521.0
2026-04-24 14:00:00+00:00,0.09787,0.09797,0.0973,0.09766,5072231.7
2026-04-24 15:00:00+00:00,0.09766,0.09831,0.09725,0.09807,3528965.9
2026-04-24 16:00:00+00:00,0.09807,0.09833,0.09767,0.09799,6328122.9
2026-04-24 17:00:00+00:00,0.09799,0.09819,0.09766,0.09813,2756727.7
2026-04-24 18:00:00+00:00,0.09813,0.09829,0.09767,0.09825,2785095.7
2026-04-24 19:00:00+00:00,0.09825,0.09845,0.0981,0.09837,3370997.4
2026-04-24 20:00:00+00:00,0.09837,0.0989,0.09808,0.09885,10765110.4
2026-04-24 21:00:00+00:00,0.09885,0.09952,0.0986,0.09867,11001603.1
2026-04-24 22:00:00+00:00,0.09867,0.0987,0.09787,0.098,4175920.3
2026-04-24 23:00:00+00:00,0.098,0.09846,0.09799,0.09841,2430842.0
2026-04-25 00:00:00+00:00,0.09841,0.09842,0.09803,0.09838,1342208.6
2026-04-25 01:00:00+00:00,0.09838,0.0991,0.09836,0.09843,7734174.4
2026-04-25 02:00:00+00:00,0.09843,0.09866,0.09819,0.09848,8014822.9
2026-04-25 03:00:00+00:00,0.09848,0.0989,0.09829,0.09879,2460477.9
2026-04-25 04:00:00+00:00,0.09879,0.09891,0.09852,0.09858,1636475.4
2026-04-25 05:00:00+00:00,0.09858,0.09858,0.09835,0.09843,1618611.9
2026-04-25 06:00:00+00:00,0.09843,0.09862,0.09811,0.09837,5932657.3
2026-04-25 07:00:00+00:00,0.09837,0.09907,0.09824,0.0984,8826961.0
2026-04-25 08:00:00+00:00,0.0984,0.09864,0.0982,0.09858,7334721.8
2026-04-25 09:00:00+00:00,0.09858,0.09867,0.09835,0.09856,1730996.7
2026-04-25 10:00:00+00:00,0.09856,0.09863,0.09845,0.09854,1491119.1
2026-04-25 11:00:00+00:00,0.09854,0.09854,0.09785,0.09795,2624594.0
2026-04-25 12:00:00+00:00,0.09795,0.09807,0.09773,0.09794,4443953.4
2026-04-25 13:00:00+00:00,0.09794,0.0984,0.09791,0.09827,1746442.4
2026-04-25 14:00:00+00:00,0.09827,0.09855,0.09809,0.09831,1230569.2
2026-04-25 15:00:00+00:00,0.09831,0.09877,0.09807,0.09819,3721057.0
2026-04-25 16:00:00+00:00,0.09819,0.09833,0.09756,0.09785,2487719.7
2026-04-25 17:00:00+00:00,0.09785,0.09798,0.0976,0.09777,4256143.9
2026-04-25 18:00:00+00:00,0.09777,0.09791,0.0974,0.09771,4867961.6
2026-04-25 19:00:00+00:00,0.09771,0.09779,0.09748,0.09771,963328.5
2026-04-25 20:00:00+00:00,0.09771,0.09794,0.09758,0.09793,1277618.2
2026-04-25 21:00:00+00:00,0.09793,0.09803,0.09784,0.09796,1248541.0
2026-04-25 22:00:00+00:00,0.09796,0.09823,0.09787,0.09805,610074.7
2026-04-25 23:00:00+00:00,0.09805,0.09821,0.09789,0.09798,1777649.3
2026-04-26 00:00:00+00:00,0.09798,0.098,0.0977,0.09784,2454962.2
2026-04-26 01:00:00+00:00,0.09784,0.09806,0.09777,0.09784,1270441.3
2026-04-26 02:00:00+00:00,0.09784,0.09814,0.09759,0.09794,8174948.0
2026-04-26 03:00:00+00:00,0.09794,0.09843,0.09765,0.09776,9502253.5
2026-04-26 04:00:00+00:00,0.09776,0.09827,0.09748,0.09806,10145108.0
2026-04-26 05:00:00+00:00,0.09806,0.09873,0.09805,0.09831,4093600.5
2026-04-26 06:00:00+00:00,0.09831,0.09858,0.0983,0.09845,2801159.0
2026-04-26 07:00:00+00:00,0.09845,0.0986,0.09837,0.09853,1423433.2
2026-04-26 08:00:00+00:00,0.09853,0.09861,0.09832,0.09833,1738180.5
2026-04-26 09:00:00+00:00,0.09833,0.09859,0.09829,0.09845,2959485.4
2026-04-26 10:00:00+00:00,0.09845,0.09872,0.09829,0.09865,4356435.2
2026-04-26 11:00:00+00:00,0.09865,0.09916,0.09861,0.09902,5343189.2
2026-04-26 12:00:00+00:00,0.09902,0.09913,0.09856,0.09866,9723543.8
2026-04-26 13:00:00+00:00,0.09866,0.09872,0.09811,0.09857,9117207.7
2026-04-26 14:00:00+00:00,0.09857,0.09897,0.09842,0.09881,2663509.8
2026-04-26 15:00:00+00:00,0.09881,0.09912,0.09873,0.09902,2785501.1
2026-04-26 16:00:00+00:00,0.09902,0.09904,0.09862,0.09867,1707734.0
2026-04-26 17:00:00+00:00,0.09867,0.09893,0.09849,0.09886,1628041.8
2026-04-26 18:00:00+00:00,0.09886,0.09973,0.0987,0.09911,5326281.9
2026-04-26 19:00:00+00:00,0.09911,0.09969,0.0991,0.09917,3459917.7
2026-04-26 20:00:00+00:00,0.09917,0.09989,0.09903,0.09905,5691445.3
2026-04-26 21:00:00+00:00,0.09905,0.09944,0.09867,0.09937,9738472.3
2026-04-26 22:00:00+00:00,0.09937,0.09974,0.09897,0.09917,2349572.3
2026-04-26 23:00:00+00:00,0.09917,0.09956,0.09878,0.09923,2929599.2
2026-04-27 00:00:00+00:00,0.09923,0.09996,0.09888,0.09995,4493069.2
2026-04-27 01:00:00+00:00,0.09995,0.10045,0.09941,0.10029,7979888.3
2026-04-27 02:00:00+00:00,0.10029,0.10071,0.09989,0.10041,6757274.1
2026-04-27 03:00:00+00:00,0.10041,0.10083,0.1002,0.1002,2709320.6
2026-04-27 04:00:00+00:00,0.1002,0.10056,0.09983,0.1,4041342.8
2026-04-27 05:00:00+00:00,0.1,0.10002,0.09817,0.09839,13413334.5
2026-04-27 06:00:00+00:00,0.09839,0.09842,0.0976,0.09799,7431060.0
2026-04-27 07:00:00+00:00,0.09799,0.09809,0.09765,0.0978,6950430.0
2026-04-27 08:00:00+00:00,0.0978,0.09827,0.09768,0.09827,4499933.3
2026-04-27 09:00:00+00:00,0.09827,0.09848,0.09794,0.09826,11460632.5
2026-04-27 10:00:00+00:00,0.09826,0.09841,0.09806,0.09811,3510210.4
2026-04-27 11:00:00+00:00,0.09811,0.09851,0.09778,0.09849,4227323.2
2026-04-27 12:00:00+00:00,0.09849,0.09849,0.09808,0.09814,2146663.3
2026-04-27 13:00:00+00:00,0.09814,0.09851,0.0979,0.09817,3996914.5
2026-04-27 14:00:00+00:00,0.09817,0.09923,0.09812,0.09877,6156546.6
2026-04-27 15:00:00+00:00,0.09877,0.09879,0.09692,0.09721,13075128.8
2026-04-27 16:00:00+00:00,0.09721,0.09791,0.09706,0.09746,5901432.2
2026-04-27 17:00:00+00:00,0.09746,0.09799,0.09746,0.09774,1864883.1
2026-04-27 18:00:00+00:00,0.09774,0.09812,0.09767,0.09782,2775753.9
2026-04-27 19:00:00+00:00,0.09782,0.09809,0.0974,0.09784,1683806.8
2026-04-27 20:00:00+00:00,0.09784,0.09814,0.09784,0.09807,976159.7
2026-04-27 21:00:00+00:00,0.09807,0.09825,0.09789,0.09796,1585359.4
2026-04-27 22:00:00+00:00,0.09796,0.09872,0.09792,0.09868,3455380.0
2026-04-27 23:00:00+00:00,0.09868,0.09912,0.09861,0.09895,4605104.2
2026-04-28 00:00:00+00:00,0.09895,0.09923,0.09859,0.09896,3675193.0
2026-04-28 01:00:00+00:00,0.09896,0.09946,0.09891,0.09922,5794471.9
2026-04-28 02:00:00+00:00,0.09922,0.09955,0.09879,0.09916,4384224.0
2026-04-28 03:00:00+00:00,0.09916,0.09942,0.09898,0.09933,3890361.6
2026-04-28 04:00:00+00:00,0.09933,0.10097,0.0993,0.09962,17187023.4
2026-04-28 05:00:00+00:00,0.09962,0.10052,0.09955,0.10026,17636292.3
2026-04-28 06:00:00+00:00,0.10026,0.10044,0.0991,0.09954,20907894.4
2026-04-28 07:00:00+00:00,0.09954,0.09974,0.09898,0.09962,10300031.2
2026-04-28 08:00:00+00:00,0.09962,0.09996,0.09927,0.09975,5701777.6
2026-04-28 09:00:00+00:00,0.09975,0.0999,0.09898,0.0992,15339259.8
2026-04-28 10:00:00+00:00,0.0992,0.09938,0.09908,0.09919,1300650.9
2026-04-28 11:00:00+00:00,0.09919,0.09925,0.09852,0.09862,6243294.8
2026-04-28 12:00:00+00:00,0.09862,0.09902,0.09829,0.099,7491154.6
2026-04-28 13:00:00+00:00,0.099,0.09918,0.09841,0.09871,6162209.9
2026-04-28 14:00:00+00:00,0.09871,0.09888,0.09808,0.09888,4972544.4
2026-04-28 15:00:00+00:00,0.09888,0.09954,0.09874,0.09954,2895225.9
2026-04-28 16:00:00+00:00,0.09954,0.0998,0.0992,0.09971,5010169.9
2026-04-28 17:00:00+00:00,0.09971,0.09972,0.09917,0.09933,2735449.3
2026-04-28 18:00:00+00:00,0.09933,0.09965,0.09922,0.09953,3493858.4
2026-04-28 19:00:00+00:00,0.09953,0.09985,0.09928,0.09971,3394868.1
2026-04-28 20:00:00+00:00,0.09971,0.09988,0.0996,0.09973,1481006.5
2026-04-28 21:00:00+00:00,0.09973,0.09994,0.09916,0.09949,9282404.3
2026-04-28 22:00:00+00:00,0.09949,0.10018,0.09941,0.09948,10264953.6
2026-04-28 23:00:00+00:00,0.09948,0.09948,0.09883,0.09933,13982694.5
2026-04-29 00:00:00+00:00,0.09933,0.10008,0.09924,0.09988,20339295.3
2026-04-29 01:00:00+00:00,0.09988,0.10023,0.09943,0.10012,8242021.5
2026-04-29 02:00:00+00:00,0.10012,0.10032,0.09976,0.09995,2351039.7
2026-04-29 03:00:00+00:00,0.09995,0.10143,0.09993,0.10134,13216259.8
2026-04-29 04:00:00+00:00,0.10134,0.10249,0.10115,0.10178,12008184.2
2026-04-29 05:00:00+00:00,0.10178,0.10244,0.10155,0.10229,19785314.6
2026-04-29 06:00:00+00:00,0.10229,0.1025,0.1018,0.10214,8098433.1
2026-04-29 07:00:00+00:00,0.10214,0.10544,0.10207,0.10494,50345399.1
2026-04-29 08:00:00+00:00,0.10494,0.10593,0.10461,0.10541,25399211.8
2026-04-29 09:00:00+00:00,0.10541,0.11192,0.1052,0.10943,75930147.8
2026-04-29 10:00:00+00:00,0.10943,0.11063,0.10921,0.11009,36476566.6
2026-04-29 11:00:00+00:00,0.11009,0.1106,0.10943,0.10967,14971519.3
2026-04-29 12:00:00+00:00,0.10967,0.10972,0.10644,0.10719,37975389.1
2026-04-29 13:00:00+00:00,0.10719,0.10762,0.10519,0.10638,22624058.5
2026-04-29 14:00:00+00:00,0.10638,0.10655,0.10446,0.10514,14839114.5
2026-04-29 15:00:00+00:00,0.10514,0.1054,0.1029,0.1034,23344263.9
2026-04-29 16:00:00+00:00,0.1034,0.10388,0.1018,0.10227,17136968.4
2026-04-29 17:00:00+00:00,0.10227,0.10466,0.10212,0.10398,36482370.7
2026-04-29 18:00:00+00:00,0.10398,0.10403,0.10093,0.10216,22975806.6
2026-04-29 19:00:00+00:00,0.10216,0.10222,0.10105,0.10143,6462502.4
2026-04-29 20:00:00+00:00,0.10143,0.10249,0.10141,0.10213,7031932.6
2026-04-29 21:00:00+00:00,0.10213,0.10364,0.10196,0.10322,9369320.9
2026-04-29 22:00:00+00:00,0.10322,0.10381,0.10296,0.1035,3693052.8
2026-04-29 23:00:00+00:00,0.1035,0.10421,0.10341,0.10407,5215975.0
2026-04-30 00:00:00+00:00,0.10407,0.10831,0.10397,0.10799,67070056.0
2026-04-30 01:00:00+00:00,0.10799,0.10843,0.10639,0.10692,20415643.6
2026-04-30 02:00:00+00:00,0.10692,0.10739,0.10453,0.1054,19618867.6
2026-04-30 03:00:00+00:00,0.1054,0.10747,0.10519,0.10678,12274944.7
2026-04-30 04:00:00+00:00,0.10678,0.10682,0.1048,0.10501,14115330.1
2026-04-30 05:00:00+00:00,0.10501,0.10592,0.10435,0.10541,15077161.9
2026-04-30 06:00:00+00:00,0.10541,0.10638,0.10527,0.10627,7874301.1
2026-04-30 07:00:00+00:00,0.10627,0.10707,0.10598,0.10701,7495710.3
2026-04-30 08:00:00+00:00,0.10701,0.10732,0.10643,0.10694,6354005.7
2026-04-30 09:00:00+00:00,0.10694,0.10814,0.10677,0.10744,5539853.4
2026-04-30 10:00:00+00:00,0.10744,0.10782,0.10622,0.10668,5060422.9
2026-04-30 11:00:00+00:00,0.10668,0.10687,0.10566,0.10638,5481114.7
2026-04-30 12:00:00+00:00,0.10638,0.10681,0.10616,0.10634,2529555.9
2026-04-30 13:00:00+00:00,0.10634,0.10749,0.10598,0.10677,15410242.7
2026-04-30 14:00:00+00:00,0.10677,0.10731,0.1059,0.10644,7686837.6
2026-04-30 15:00:00+00:00,0.10644,0.10754,0.10603,0.10709,2692653.3
2026-04-30 16:00:00+00:00,0.10709,0.10734,0.10613,0.10629,12612318.7
2026-04-30 17:00:00+00:00,0.10629,0.10649,0.10546,0.10574,8934391.8
2026-04-30 18:00:00+00:00,0.10574,0.1062,0.10543,0.10559,4309652.1
2026-04-30 19:00:00+00:00,0.10559,0.1063,0.10545,0.1062,2882507.4
2026-04-30 20:00:00+00:00,0.1062,0.10675,0.10586,0.10656,3532863.1
2026-04-30 21:00:00+00:00,0.10656,0.10686,0.10631,0.10635,2341085.5
2026-04-30 22:00:00+00:00,0.10635,0.10666,0.10603,0.10629,1751186.9
2026-04-30 23:00:00+00:00,0.10629,0.10666,0.10613,0.10652,1492091.7
2026-05-01 00:00:00+00:00,0.10652,0.10791,0.10643,0.10757,14979628.7
2026-05-01 01:00:00+00:00,0.10757,0.1093,0.10752,0.10902,19963255.6
2026-05-01 02:00:00+00:00,0.10902,0.10937,0.10833,0.10839,5851869.5
2026-05-01 03:00:00+00:00,0.10839,0.10983,0.10805,0.10907,8560655.4
2026-05-01 04:00:00+00:00,0.10907,0.1094,0.10824,0.10886,7293578.1
2026-05-01 05:00:00+00:00,0.10886,0.10948,0.10886,0.10911,3904143.2
2026-05-01 06:00:00+00:00,0.10911,0.1092,0.10834,0.1084,4307906.6
2026-05-01 07:00:00+00:00,0.1084,0.1085,0.10794,0.10824,6552428.8
2026-05-01 08:00:00+00:00,0.10824,0.10893,0.10802,0.10852,5486595.0
2026-05-01 09:00:00+00:00,0.10852,0.1087,0.10738,0.10772,5197720.8
2026-05-01 10:00:00+00:00,0.10772,0.10839,0.10726,0.10836,2976669.3
2026-05-01 11:00:00+00:00,0.10836,0.10921,0.10829,0.10885,4494038.4
2026-05-01 12:00:00+00:00,0.10885,0.10933,0.10861,0.1089,6814670.4
2026-05-01 13:00:00+00:00,0.1089,0.11056,0.1089,0.10974,14097123.7
2026-05-01 14:00:00+00:00,0.10974,0.10989,0.109,0.10967,10948600.7
2026-05-01 15:00:00+00:00,0.10967,0.10993,0.10885,0.10943,9384252.0
2026-05-01 16:00:00+00:00,0.10943,0.10971,0.10834,0.10895,8879321.4
2026-05-01 17:00:00+00:00,0.10895,0.10911,0.10852,0.10898,3787773.0
2026-05-01 18:00:00+00:00,0.10898,0.10903,0.1086,0.10897,1499364.2
2026-05-01 19:00:00+00:00,0.10897,0.10922,0.10876,0.10909,4302449.0
2026-05-01 20:00:00+00:00,0.10909,0.10919,0.10826,0.10853,4103944.8
2026-05-01 21:00:00+00:00,0.10853,0.10966,0.10844,0.10941,3377668.4
2026-05-01 22:00:00+00:00,0.10941,0.10957,0.10837,0.10846,11481949.8
2026-05-01 23:00:00+00:00,0.10846,0.10851,0.10767,0.10851,14233883.7
2026-05-02 00:00:00+00:00,0.10851,0.10946,0.1085,0.10872,13820025.1
2026-05-02 01:00:00+00:00,0.10872,0.10896,0.10849,0.10865,2299260.3
2026-05-02 02:00:00+00:00,0.10865,0.10874,0.10822,0.10847,2820949.6
2026-05-02 03:00:00+00:00,0.10847,0.10863,0.10809,0.10818,1792924.8
2026-05-02 04:00:00+00:00,0.10818,0.10838,0.10785,0.10809,3448384.9
2026-05-02 05:00:00+00:00,0.10809,0.10817,0.10741,0.10753,4175073.7
2026-05-02 06:00:00+00:00,0.10753,0.10812,0.10753,0.10807,988433.7
2026-05-02 07:00:00+00:00,0.10807,0.10813,0.10787,0.10789,1353377.5
2026-05-02 08:00:00+00:00,0.10789,0.10799,0.10766,0.10767,2331452.1
2026-05-02 09:00:00+00:00,0.10767,0.108,0.10754,0.10778,4604117.8
2026-05-02 10:00:00+00:00,0.10778,0.10807,0.10774,0.10776,1067685.4
2026-05-02 11:00:00+00:00,0.10776,0.10787,0.10745,0.10777,1755965.4
2026-05-02 12:00:00+00:00,0.10777,0.10789,0.10717,0.10761,4528584.9
2026-05-02 13:00:00+00:00,0.10761,0.1088,0.10761,0.1086,2633169.8
2026-05-02 14:00:00+00:00,0.1086,0.10914,0.10837,0.1087,4799873.8
2026-05-02 15:00:00+00:00,0.1087,0.10923,0.10866,0.10899,3471857.3
2026-05-02 16:00:00+00:00,0.10899,0.10935,0.10864,0.10899,3250699.5
2026-05-02 17:00:00+00:00,0.10899,0.1091,0.10862,0.10876,860962.3
2026-05-02 18:00:00+00:00,0.10876,0.10876,0.10825,0.10837,3667118.5
2026-05-02 19:00:00+00:00,0.10837,0.10854,0.10824,0.10839,2571092.4
2026-05-02 20:00:00+00:00,0.10839,0.10885,0.10833,0.10878,1336200.6
2026-05-02 21:00:00+00:00,0.10878,0.10908,0.108,0.10874,6292184.3
2026-05-02 22:00:00+00:00,0.10874,0.10918,0.10843,0.10879,2971302.9
2026-05-02 23:00:00+00:00,0.10879,0.1088,0.10816,0.1085,6222459.7
2026-05-03 00:00:00+00:00,0.1085,0.10856,0.1079,0.10821,1640063.8
2026-05-03 01:00:00+00:00,0.10821,0.10823,0.10748,0.10767,5069523.7
2026-05-03 02:00:00+00:00,0.10767,0.1078,0.10713,0.10751,3064409.2
2026-05-03 03:00:00+00:00,0.10751,0.10794,0.10736,0.10784,1241881.7
2026-05-03 04:00:00+00:00,0.10784,0.10821,0.10774,0.10789,2099088.2
2026-05-03 05:00:00+00:00,0.10789,0.10813,0.10776,0.10794,1607987.8
2026-05-03 06:00:00+00:00,0.10794,0.10796,0.10751,0.10784,4549719.2
2026-05-03 07:00:00+00:00,0.10784,0.10833,0.10783,0.10791,2940058.4
2026-05-03 08:00:00+00:00,0.10791,0.10818,0.1079,0.10798,659084.3
2026-05-03 09:00:00+00:00,0.10798,0.10835,0.1079,0.10818,1246058.8
2026-05-03 10:00:00+00:00,0.10818,0.10824,0.10761,0.10768,3786463.6
2026-05-03 11:00:00+00:00,0.10768,0.10873,0.10746,0.10861,6851593.3
2026-05-03 12:00:00+00:00,0.10861,0.10935,0.10861,0.10876,4611303.6
2026-05-03 13:00:00+00:00,0.10876,0.10902,0.10848,0.10862,10054882.5
2026-05-03 14:00:00+00:00,0.10862,0.10886,0.10846,0.10864,1932662.2
2026-05-03 15:00:00+00:00,0.10864,0.10893,0.10826,0.10846,1547822.5
2026-05-03 16:00:00+00:00,0.10846,0.1086,0.10809,0.1083,10654115.3
2026-05-03 17:00:00+00:00,0.1083,0.10875,0.108,0.10847,2140434.2
2026-05-03 18:00:00+00:00,0.10847,0.10859,0.1083,0.10841,3284722.5
2026-05-03 19:00:00+00:00,0.10841,0.10877,0.10835,0.1086,1659534.8
2026-05-03 20:00:00+00:00,0.1086,0.10926,0.10856,0.10879,2591531.7
2026-05-03 21:00:00+00:00,0.10879,0.10911,0.10775,0.10811,3753530.7
2026-05-03 22:00:00+00:00,0.10811,0.10966,0.10811,0.10928,3517284.5
2026-05-03 23:00:00+00:00,0.10928,0.10948,0.1082,0.10828,4247476.1
2026-05-04 00:00:00+00:00,0.10828,0.10909,0.10766,0.10899,5352700.2
2026-05-04 01:00:00+00:00,0.10899,0.1132,0.10899,0.11248,43393060.8
2026-05-04 02:00:00+00:00,0.11248,0.11344,0.11151,0.113,14765905.2
2026-05-04 03:00:00+00:00,0.113,0.11377,0.11216,0.11297,10801005.0
2026-05-04 04:00:00+00:00,0.11297,0.11355,0.11281,0.11307,6942145.1
2026-05-04 05:00:00+00:00,0.11307,0.11319,0.11238,0.11253,2477022.1
2026-05-04 06:00:00+00:00,0.11253,0.11261,0.11097,0.11205,12219750.5
2026-05-04 07:00:00+00:00,0.11205,0.11268,0.1119,0.11232,3182582.3
2026-05-04 08:00:00+00:00,0.11232,0.11243,0.11187,0.11194,1421631.4
2026-05-04 09:00:00+00:00,0.11194,0.11238,0.1115,0.11187,2287796.2
2026-05-04 10:00:00+00:00,0.11187,0.11193,0.10858,0.11024,43779091.8
2026-05-04 11:00:00+00:00,0.11024,0.11071,0.11,0.11049,6480508.4
2026-05-04 12:00:00+00:00,0.11049,0.1109,0.11025,0.11038,7570536.9
2026-05-04 13:00:00+00:00,0.11038,0.11128,0.10985,0.11067,15475098.3
2026-05-04 14:00:00+00:00,0.11067,0.11267,0.1102,0.11202,11570989.4
2026-05-04 15:00:00+00:00,0.11202,0.11215,0.10962,0.11024,11675233.8
2026-05-04 16:00:00+00:00,0.11024,0.11093,0.10987,0.11053,4539922.2
2026-05-04 17:00:00+00:00,0.11053,0.1116,0.11046,0.1112,2776256.9
2026-05-04 18:00:00+00:00,0.1112,0.11136,0.1107,0.11105,2339690.9
2026-05-04 19:00:00+00:00,0.11105,0.11108,0.11023,0.11041,3183292.2
2026-05-04 20:00:00+00:00,0.11041,0.11042,0.11001,0.11024,1116156.2
2026-05-04 21:00:00+00:00,0.11024,0.11097,0.11013,0.11056,10002189.7
2026-05-04 22:00:00+00:00,0.11056,0.11091,0.11016,0.11034,2046570.8
2026-05-04 23:00:00+00:00,0.11034,0.11036,0.11004,0.11008,1292593.7
2026-05-05 00:00:00+00:00,0.11008,0.11102,0.10997,0.11081,3408595.4
2026-05-05 01:00:00+00:00,0.11081,0.11131,0.11051,0.11097,2032577.8
2026-05-05 02:00:00+00:00,0.11097,0.1117,0.11097,0.11133,2281090.9
2026-05-05 03:00:00+00:00,0.11133,0.1118,0.11123,0.11142,1723844.3
2026-05-05 04:00:00+00:00,0.11142,0.1118,0.11125,0.11142,2720168.7
2026-05-05 05:00:00+00:00,0.11142,0.11198,0.11129,0.11168,4713473.9
2026-05-05 06:00:00+00:00,0.11168,0.11179,0.11126,0.11172,1724846.8
2026-05-05 07:00:00+00:00,0.11172,0.1119,0.11132,0.11146,8797666.5
2026-05-05 08:00:00+00:00,0.11146,0.11169,0.11131,0.11162,2029825.8
2026-05-05 09:00:00+00:00,0.11162,0.11166,0.11074,0.1111,2764659.8
2026-05-05 10:00:00+00:00,0.1111,0.1118,0.11102,0.11176,3103902.5
2026-05-05 11:00:00+00:00,0.11176,0.11215,0.11136,0.11196,3412085.6
2026-05-05 12:00:00+00:00,0.11196,0.11218,0.11179,0.11204,2180223.3
2026-05-05 13:00:00+00:00,0.11204,0.11284,0.11191,0.11242,5706461.3
2026-05-05 14:00:00+00:00,0.11242,0.11281,0.11153,0.11234,7336103.3
2026-05-05 15:00:00+00:00,0.11234,0.11292,0.11226,0.11238,5759899.9
2026-05-05 16:00:00+00:00,0.11238,0.11265,0.11164,0.11255,9878690.0
2026-05-05 17:00:00+00:00,0.11255,0.11447,0.11246,0.11369,23773357.5
2026-05-05 18:00:00+00:00,0.11369,0.11415,0.11332,0.11337,6089335.8
2026-05-05 19:00:00+00:00,0.11337,0.11406,0.11331,0.11355,7548680.2
2026-05-05 20:00:00+00:00,0.11355,0.11424,0.1131,0.114,6519691.1
2026-05-05 21:00:00+00:00,0.114,0.11571,0.11355,0.11541,11147250.7
2026-05-05 22:00:00+00:00,0.11541,0.11652,0.11483,0.11531,15897563.0
2026-05-05 23:00:00+00:00,0.11531,0.11595,0.11438,0.11486,7033115.0
2026-05-06 00:00:00+00:00,0.11486,0.11504,0.11382,0.11436,4423146.6
2026-05-06 01:00:00+00:00,0.11436,0.11537,0.11418,0.11499,5100604.7
2026-05-06 02:00:00+00:00,0.11499,0.11565,0.1145,0.11562,4658181.2
2026-05-06 03:00:00+00:00,0.11562,0.1161,0.11496,0.11594,4220017.7
2026-05-06 04:00:00+00:00,0.11594,0.11599,0.11494,0.11501,3438801.9
2026-05-06 05:00:00+00:00,0.11501,0.11619,0.11476,0.11587,8529162.8
2026-05-06 06:00:00+00:00,0.11587,0.11607,0.11515,0.11538,6844838.0
2026-05-06 07:00:00+00:00,0.11538,0.11655,0.11483,0.11574,18645962.7
2026-05-06 08:00:00+00:00,0.11574,0.11689,0.1156,0.1168,5907897.9
2026-05-06 09:00:00+00:00,0.1168,0.1169,0.11584,0.11639,21965411.8
2026-05-06 10:00:00+00:00,0.11639,0.11665,0.11598,0.11642,4739645.6
2026-05-06 11:00:00+00:00,0.11642,0.11708,0.11626,0.1166,11860817.8
2026-05-06 12:00:00+00:00,0.1166,0.11681,0.116,0.11609,7519716.4
2026-05-06 13:00:00+00:00,0.11609,0.11609,0.11143,0.11277,47053158.5
2026-05-06 14:00:00+00:00,0.11277,0.11378,0.11188,0.11291,17846447.3
2026-05-06 15:00:00+00:00,0.11291,0.1136,0.1128,0.11312,3885330.1
2026-05-06 16:00:00+00:00,0.11312,0.11363,0.11259,0.11321,5239097.6
2026-05-06 17:00:00+00:00,0.11321,0.11358,0.11295,0.11316,2424936.9
2026-05-06 18:00:00+00:00,0.11316,0.11336,0.11274,0.11277,4250974.9
2026-05-06 19:00:00+00:00,0.11277,0.11303,0.11257,0.113,1987570.7
2026-05-06 20:00:00+00:00,0.113,0.11328,0.11235,0.11276,1830509.5
2026-05-06 21:00:00+00:00,0.11276,0.11314,0.11265,0.113,1446396.6
2026-05-06 22:00:00+00:00,0.113,0.11304,0.11221,0.11243,1302041.0
2026-05-06 23:00:00+00:00,0.11243,0.11252,0.112,0.11247,2524394.8
2026-05-07 00:00:00+00:00,0.11247,0.11251,0.11134,0.11147,4162714.5
2026-05-07 01:00:00+00:00,0.11147,0.11157,0.11036,0.11115,9168774.1
2026-05-07 02:00:00+00:00,0.11115,0.11123,0.11021,0.11061,3703457.0
2026-05-07 03:00:00+00:00,0.11061,0.11085,0.11021,0.11027,3060879.3
2026-05-07 04:00:00+00:00,0.11027,0.11077,0.11008,0.11069,2567040.6
2026-05-07 05:00:00+00:00,0.11069,0.11138,0.11045,0.11078,6456700.1
2026-05-07 06:00:00+00:00,0.11078,0.11148,0.11043,0.11146,11758569.1
2026-05-07 07:00:00+00:00,0.11146,0.11181,0.11127,0.11174,3832191.8
2026-05-07 08:00:00+00:00,0.11174,0.11183,0.11135,0.11148,5866315.4
2026-05-07 09:00:00+00:00,0.11148,0.1119,0.11127,0.11136,12851313.7
2026-05-07 10:00:00+00:00,0.11136,0.11181,0.1108,0.11103,6422433.8
2026-05-07 11:00:00+00:00,0.11103,0.11144,0.11084,0.11114,3200271.6
2026-05-07 12:00:00+00:00,0.11114,0.11162,0.11111,0.11153,2216074.6
2026-05-07 13:00:00+00:00,0.11153,0.11153,0.10803,0.10946,24986927.0
2026-05-07 14:00:00+00:00,0.10946,0.10974,0.10837,0.10899,15524096.7
2026-05-07 15:00:00+00:00,0.10899,0.10953,0.10673,0.108,34098141.0
2026-05-07 16:00:00+00:00,0.108,0.10831,0.10745,0.10768,5185055.6
2026-05-07 17:00:00+00:00,0.10768,0.10807,0.10712,0.10798,8724679.4
2026-05-07 18:00:00+00:00,0.10798,0.10858,0.10783,0.1081,5921283.6
2026-05-07 19:00:00+00:00,0.1081,0.10834,0.10778,0.10793,2381360.7
2026-05-07 20:00:00+00:00,0.10793,0.10848,0.1078,0.10781,1024689.3
2026-05-07 21:00:00+00:00,0.10781,0.10817,0.10739,0.10776,6468822.2
2026-05-07 22:00:00+00:00,0.10776,0.1079,0.10741,0.10774,1815036.1
2026-05-07 23:00:00+00:00,0.10774,0.10795,0.10756,0.10788,952701.0
2026-05-08 00:00:00+00:00,0.10788,0.10807,0.10683,0.10698,8369246.7
2026-05-08 01:00:00+00:00,0.10698,0.10712,0.10619,0.10669,10875225.2
2026-05-08 02:00:00+00:00,0.10669,0.1067,0.10582,0.10636,10679084.6
2026-05-08 03:00:00+00:00,0.10636,0.10667,0.10588,0.10645,6446332.6
2026-05-08 04:00:00+00:00,0.10645,0.10665,0.10627,0.10653,2252091.5
2026-05-08 05:00:00+00:00,0.10653,0.10657,0.10595,0.10597,3001109.8
2026-05-08 06:00:00+00:00,0.10597,0.10644,0.10567,0.1063,4970226.7
2026-05-08 07:00:00+00:00,0.1063,0.10651,0.10595,0.10637,5484690.1
2026-05-08 08:00:00+00:00,0.10637,0.10722,0.10622,0.10705,4791620.3
2026-05-08 09:00:00+00:00,0.10705,0.10781,0.10686,0.10718,5472720.5
2026-05-08 10:00:00+00:00,0.10718,0.10769,0.10682,0.10743,3869720.1
2026-05-08 11:00:00+00:00,0.10743,0.10767,0.10727,0.10743,1561700.3
2026-05-08 12:00:00+00:00,0.10743,0.10771,0.10659,0.10672,6069477.8
2026-05-08 13:00:00+00:00,0.10672,0.10696,0.10634,0.10674,2104610.3
2026-05-08 14:00:00+00:00,0.10674,0.1079,0.10674,0.10779,3813596.7
2026-05-08 15:00:00+00:00,0.10779,0.10822,0.10693,0.10809,2799502.1
2026-05-08 16:00:00+00:00,0.10809,0.10817,0.10724,0.10743,5204423.0
2026-05-08 17:00:00+00:00,0.10743,0.10846,0.10737,0.10805,7212646.7
2026-05-08 18:00:00+00:00,0.10805,0.10905,0.10805,0.10853,8039339.2
2026-05-08 19:00:00+00:00,0.10853,0.1091,0.1083,0.10896,8315016.3
2026-05-08 20:00:00+00:00,0.10896,0.1095,0.10846,0.10869,7633338.2
2026-05-08 21:00:00+00:00,0.10869,0.10934,0.10858,0.10934,2738625.1
2026-05-08 22:00:00+00:00,0.10934,0.10968,0.10921,0.10962,1581739.0
2026-05-08 23:00:00+00:00,0.10962,0.10962,0.10919,0.10954,2200365.8
2026-05-09 00:00:00+00:00,0.10954,0.10988,0.10938,0.10952,2661255.8
2026-05-09 01:00:00+00:00,0.10952,0.11088,0.10947,0.11049,3061951.5
2026-05-09 02:00:00+00:00,0.11049,0.11122,0.11047,0.11054,2778133.0
2026-05-09 03:00:00+00:00,0.11054,0.11099,0.11022,0.11039,2277428.1
2026-05-09 04:00:00+00:00,0.11039,0.11137,0.11038,0.11066,5829244.0
2026-05-09 05:00:00+00:00,0.11066,0.1108,0.10999,0.11068,5519389.9
2026-05-09 06:00:00+00:00,0.11068,0.11138,0.11036,0.11069,9440837.0
2026-05-09 07:00:00+00:00,0.11069,0.1107,0.10993,0.11023,7364341.8
2026-05-09 08:00:00+00:00,0.11023,0.11067,0.11021,0.11037,1345273.1
2026-05-09 09:00:00+00:00,0.11037,0.11038,0.10967,0.10994,3147454.2
2026-05-09 10:00:00+00:00,0.10994,0.10994,0.10943,0.10969,2139423.5
2026-05-09 11:00:00+00:00,0.10969,0.1099,0.10956,0.1096,1607705.1
2026-05-09 12:00:00+00:00,0.1096,0.10976,0.1092,0.10945,2865975.6
2026-05-09 13:00:00+00:00,0.10945,0.10947,0.10876,0.10924,3421211.1
2026-05-09 14:00:00+00:00,0.10924,0.10929,0.10835,0.10851,5189268.6
2026-05-09 15:00:00+00:00,0.10851,0.10881,0.10811,0.10863,3820078.2
2026-05-09 16:00:00+00:00,0.10863,0.10918,0.10847,0.1089,1506207.6
2026-05-09 17:00:00+00:00,0.1089,0.10965,0.1089,0.10945,2885834.7
2026-05-09 18:00:00+00:00,0.10945,0.10999,0.10945,0.10965,1240745.8
2026-05-09 19:00:00+00:00,0.10965,0.10977,0.10952,0.1097,1388240.0
2026-05-09 20:00:00+00:00,0.1097,0.10974,0.1093,0.10938,671593.7
2026-05-09 21:00:00+00:00,0.10938,0.10954,0.10912,0.10935,1811736.0
2026-05-09 22:00:00+00:00,0.10935,0.10941,0.10906,0.10907,786178.3
2026-05-09 23:00:00+00:00,0.10907,0.10925,0.10861,0.10877,1237970.9
2026-05-10 00:00:00+00:00,0.10877,0.10902,0.10831,0.10844,2931502.3
2026-05-10 01:00:00+00:00,0.10844,0.10845,0.10786,0.10813,3017104.0
2026-05-10 02:00:00+00:00,0.10813,0.10898,0.10795,0.10861,3636282.6
2026-05-10 03:00:00+00:00,0.10861,0.10886,0.10845,0.10853,1642078.3
2026-05-10 04:00:00+00:00,0.10853,0.10872,0.10836,0.10854,604388.9
2026-05-10 05:00:00+00:00,0.10854,0.10868,0.10834,0.10841,1279396.9
2026-05-10 06:00:00+00:00,0.10841,0.1085,0.10819,0.10841,1434323.9
2026-05-10 07:00:00+00:00,0.10841,0.10876,0.10831,0.10853,1693384.4
2026-05-10 08:00:00+00:00,0.10853,0.10897,0.10849,0.10874,2722365.1
2026-05-10 09:00:00+00:00,0.10874,0.1092,0.10853,0.10857,4052576.3
2026-05-10 10:00:00+00:00,0.10857,0.10877,0.10785,0.10872,4209154.2
2026-05-10 11:00:00+00:00,0.10872,0.10883,0.10796,0.10823,2691142.5
2026-05-10 12:00:00+00:00,0.10823,0.10831,0.10793,0.10815,5542843.5
2026-05-10 13:00:00+00:00,0.10815,0.10849,0.10805,0.1083,2706274.7
2026-05-10 14:00:00+00:00,0.1083,0.1085,0.10791,0.10832,2244701.0
2026-05-10 15:00:00+00:00,0.10832,0.10915,0.10821,0.10914,3586941.7
2026-05-10 16:00:00+00:00,0.10914,0.10977,0.1089,0.10968,6913900.1
2026-05-10 17:00:00+00:00,0.10968,0.11114,0.10946,0.11088,7999298.1
2026-05-10 18:00:00+00:00,0.11088,0.11168,0.11068,0.11103,12269325.6
2026-05-10 19:00:00+00:00,0.11103,0.11152,0.11033,0.11109,6129433.2
2026-05-10 20:00:00+00:00,0.11109,0.11156,0.1065,0.10794,27708114.7
2026-05-10 21:00:00+00:00,0.10794,0.10899,0.10767,0.10836,5872316.6
2026-05-10 22:00:00+00:00,0.10836,0.11216,0.10811,0.11192,24912377.7
2026-05-10 23:00:00+00:00,0.11192,0.11287,0.11141,0.11243,18530862.9
2026-05-11 00:00:00+00:00,0.11243,0.11273,0.10983,0.11046,35798859.6
2026-05-11 01:00:00+00:00,0.11046,0.11177,0.11001,0.11063,6352227.2
2026-05-11 02:00:00+00:00,0.11063,0.1109,0.10947,0.10979,5206241.5
2026-05-11 03:00:00+00:00,0.10979,0.10983,0.1084,0.1091,6869880.7
2026-05-11 04:00:00+00:00,0.1091,0.11002,0.10881,0.1095,9089466.4
2026-05-11 05:00:00+00:00,0.1095,0.11003,0.10938,0.10987,2742621.4
2026-05-11 06:00:00+00:00,0.10987,0.11012,0.10926,0.10958,1899773.4
2026-05-11 07:00:00+00:00,0.10958,0.10958,0.1086,0.10927,4594146.1
2026-05-11 08:00:00+00:00,0.10927,0.10975,0.10875,0.10949,2961155.4
2026-05-11 09:00:00+00:00,0.10949,0.11002,0.10945,0.10976,1056318.2
2026-05-11 10:00:00+00:00,0.10976,0.11039,0.10965,0.10997,1831440.7
2026-05-11 11:00:00+00:00,0.10997,0.11039,0.10955,0.11029,1629954.0
2026-05-11 12:00:00+00:00,0.11029,0.11049,0.10943,0.10956,3097510.4
2026-05-11 13:00:00+00:00,0.10956,0.11006,0.10906,0.10994,3224237.5
2026-05-11 14:00:00+00:00,0.10994,0.11073,0.10887,0.10969,5895660.3
2026-05-11 15:00:00+00:00,0.10969,0.11099,0.10938,0.1109,7488547.7
2026-05-11 16:00:00+00:00,0.1109,0.11158,0.11066,0.11118,3605079.5
2026-05-11 17:00:00+00:00,0.11118,0.11174,0.11071,0.11132,4655886.8
2026-05-11 18:00:00+00:00,0.11132,0.11148,0.11055,0.11055,2604893.6
2026-05-11 19:00:00+00:00,0.11055,0.1118,0.11037,0.11155,5669785.2
2026-05-11 20:00:00+00:00,0.11155,0.11178,0.11125,0.11143,1684051.4
2026-05-11 21:00:00+00:00,0.11143,0.11163,0.11102,0.11112,2066357.7
2026-05-11 22:00:00+00:00,0.11112,0.11163,0.11099,0.11145,944247.0
2026-05-11 23:00:00+00:00,0.11145,0.11145,0.11097,0.11129,1484525.2
2026-05-12 00:00:00+00:00,0.11129,0.11158,0.11107,0.11131,2898439.7
2026-05-12 01:00:00+00:00,0.11131,0.1115,0.10969,0.1108,7502839.9
2026-05-12 02:00:00+00:00,0.1108,0.11145,0.11049,0.11076,2933491.4
2026-05-12 03:00:00+00:00,0.11076,0.1109,0.10997,0.11008,1021464.8
2026-05-12 04:00:00+00:00,0.11008,0.11043,0.10978,0.10985,2638446.0
2026-05-12 05:00:00+00:00,0.10985,0.11052,0.10983,0.11038,3794343.5
2026-05-12 06:00:00+00:00,0.11038,0.11128,0.11026,0.11055,3525399.8
2026-05-12 07:00:00+00:00,0.11055,0.11055,0.10974,0.10988,7388607.4
2026-05-12 08:00:00+00:00,0.10988,0.11034,0.10924,0.10983,6299825.9
2026-05-12 09:00:00+00:00,0.10983,0.10986,0.10926,0.10978,4240923.7
2026-05-12 10:00:00+00:00,0.10978,0.1098,0.1089,0.10913,3373533.9
2026-05-12 11:00:00+00:00,0.10913,0.10948,0.10856,0.10943,2961153.9
2026-05-12 12:00:00+00:00,0.10943,0.10963,0.10878,0.10919,3287269.3
2026-05-12 13:00:00+00:00,0.10919,0.10937,0.10818,0.10845,6759552.7
2026-05-12 14:00:00+00:00,0.10845,0.10923,0.10792,0.10882,6320756.6
2026-05-12 15:00:00+00:00,0.10882,0.1091,0.10818,0.10864,5478781.0
2026-05-12 16:00:00+00:00,0.10864,0.10904,0.10751,0.10789,10060823.7
2026-05-12 17:00:00+00:00,0.10789,0.10928,0.10789,0.10905,8095320.1
2026-05-12 18:00:00+00:00,0.10905,0.10951,0.10891,0.10931,2100728.6
2026-05-12 19:00:00+00:00,0.10931,0.11027,0.10919,0.10984,4458607.0
2026-05-12 20:00:00+00:00,0.10984,0.11028,0.10981,0.11016,2481178.0
2026-05-12 21:00:00+00:00,0.11016,0.1107,0.10986,0.11003,4149435.8
2026-05-12 22:00:00+00:00,0.11003,0.11042,0.11001,0.11027,1844645.8
2026-05-12 23:00:00+00:00,0.11027,0.11047,0.10987,0.11013,1729164.1
2026-05-13 00:00:00+00:00,0.11013,0.11073,0.10993,0.11066,1356694.9
2026-05-13 01:00:00+00:00,0.11066,0.11175,0.11065,0.11113,7804851.9
2026-05-13 02:00:00+00:00,0.11113,0.1115,0.11085,0.11111,2465346.5
2026-05-13 03:00:00+00:00,0.11111,0.11173,0.11108,0.11168,3483047.1
2026-05-13 04:00:00+00:00,0.11168,0.1128,0.11128,0.1122,11855394.9
2026-05-13 05:00:00+00:00,0.1122,0.11269,0.11162,0.11206,5798727.4
2026-05-13 06:00:00+00:00,0.11206,0.11246,0.11177,0.11182,3594381.1
2026-05-13 07:00:00+00:00,0.11182,0.1124,0.11141,0.1123,5337158.8
2026-05-13 08:00:00+00:00,0.1123,0.11245,0.11198,0.1123,4590039.3
2026-05-13 09:00:00+00:00,0.1123,0.11459,0.1123,0.11426,32469904.5
2026-05-13 10:00:00+00:00,0.11426,0.1145,0.11353,0.11376,7698634.0
2026-05-13 11:00:00+00:00,0.11376,0.11406,0.11237,0.11264,11846778.6
2026-05-13 12:00:00+00:00,0.11264,0.11309,0.11089,0.11182,11849072.9
2026-05-13 13:00:00+00:00,0.11182,0.11235,0.11048,0.11057,7694689.3
2026-05-13 14:00:00+00:00,0.11057,0.11189,0.10993,0.11181,14628170.6
2026-05-13 15:00:00+00:00,0.11181,0.11223,0.10964,0.10993,9365202.8
2026-05-13 16:00:00+00:00,0.10993,0.1121,0.1099,0.11198,4914477.5
2026-05-13 17:00:00+00:00,0.11198,0.11332,0.11196,0.1132,7240351.5
2026-05-13 18:00:00+00:00,0.1132,0.11471,0.11319,0.11337,18326727.1
2026-05-13 19:00:00+00:00,0.11337,0.11352,0.1124,0.11296,10307757.3
2026-05-13 20:00:00+00:00,0.11296,0.11351,0.11276,0.11341,1664465.7
2026-05-13 21:00:00+00:00,0.11341,0.1135,0.11239,0.11282,2376887.7
2026-05-13 22:00:00+00:00,0.11282,0.11368,0.11238,0.11362,2173231.8
2026-05-13 23:00:00+00:00,0.11362,0.11402,0.11266,0.11268,3753481.3
2026-05-14 00:00:00+00:00,0.11268,0.11546,0.11239,0.11439,33312340.2
2026-05-14 01:00:00+00:00,0.11439,0.11498,0.11382,0.11458,9770771.6
2026-05-14 02:00:00+00:00,0.11458,0.11491,0.11328,0.11347,5071603.6
2026-05-14 03:00:00+00:00,0.11347,0.11382,0.11217,0.11244,4305111.5
2026-05-14 04:00:00+00:00,0.11244,0.11312,0.112,0.11305,3802800.4
2026-05-14 05:00:00+00:00,0.11305,0.11526,0.11296,0.11514,6267846.9
2026-05-14 06:00:00+00:00,0.11514,0.1154,0.11376,0.11457,19469422.2
2026-05-14 07:00:00+00:00,0.11457,0.11504,0.11378,0.11388,9449513.0
2026-05-14 08:00:00+00:00,0.11388,0.114,0.1131,0.11334,2921890.5
2026-05-14 09:00:00+00:00,0.11334,0.11358,0.11277,0.11338,3811565.3
2026-05-14 10:00:00+00:00,0.11338,0.11376,0.11298,0.11367,3967576.0
2026-05-14 11:00:00+00:00,0.11367,0.11378,0.1131,0.11317,1355475.2
2026-05-14 12:00:00+00:00,0.11317,0.11574,0.11304,0.11526,13348875.0
2026-05-14 13:00:00+00:00,0.11526,0.11666,0.11414,0.11436,19152512.0
2026-05-14 14:00:00+00:00,0.11436,0.11557,0.11404,0.115,21737116.2
2026-05-14 15:00:00+00:00,0.115,0.11532,0.11366,0.11396,36186558.4
2026-05-14 16:00:00+00:00,0.11396,0.11618,0.11341,0.11607,23174916.2
2026-05-14 17:00:00+00:00,0.11607,0.11636,0.11507,0.11592,5977894.5
2026-05-14 18:00:00+00:00,0.11592,0.11862,0.11571,0.11734,42379961.6
2026-05-14 19:00:00+00:00,0.11734,0.11785,0.11579,0.11611,6177453.5
2026-05-14 20:00:00+00:00,0.11611,0.1163,0.11497,0.11602,5477192.2
2026-05-14 21:00:00+00:00,0.11602,0.1168,0.11554,0.11673,4135093.6
2026-05-14 22:00:00+00:00,0.11673,0.11683,0.1163,0.1164,1406064.9
2026-05-14 23:00:00+00:00,0.1164,0.1164,0.11509,0.11547,2623944.6
2026-05-15 00:00:00+00:00,0.11547,0.11701,0.11545,0.11666,5009204.2
2026-05-15 01:00:00+00:00,0.11666,0.11745,0.11601,0.11605,3960721.7
2026-05-15 02:00:00+00:00,0.11605,0.11674,0.11523,0.11644,5871469.3
2026-05-15 03:00:00+00:00,0.11644,0.11674,0.11558,0.11611,2982178.9
2026-05-15 04:00:00+00:00,0.11611,0.11614,0.11429,0.11433,4602942.3
2026-05-15 05:00:00+00:00,0.11433,0.11472,0.11273,0.11349,20931298.0
2026-05-15 06:00:00+00:00,0.11349,0.11484,0.11337,0.11461,5947138.9
2026-05-15 07:00:00+00:00,0.11461,0.11519,0.11419,0.11487,9758364.7
2026-05-15 08:00:00+00:00,0.11487,0.11546,0.1139,0.11527,37537273.9
2026-05-15 09:00:00+00:00,0.11527,0.11565,0.1142,0.11437,11767771.1
2026-05-15 10:00:00+00:00,0.11437,0.11548,0.11423,0.11531,5964404.9
2026-05-15 11:00:00+00:00,0.11531,0.11531,0.11438,0.11444,3101292.6
2026-05-15 12:00:00+00:00,0.11444,0.11449,0.11372,0.11421,6135215.8
2026-05-15 13:00:00+00:00,0.11421,0.11421,0.11096,0.11141,16677611.6
2026-05-15 14:00:00+00:00,0.11141,0.11264,0.11103,0.11186,8042380.0
2026-05-15 15:00:00+00:00,0.11186,0.11205,0.11077,0.11158,4680130.2
2026-05-15 16:00:00+00:00,0.11158,0.11304,0.11149,0.11268,6763774.8
2026-05-15 17:00:00+00:00,0.11268,0.11306,0.11215,0.11262,2976021.9
2026-05-15 18:00:00+00:00,0.11262,0.11346,0.11262,0.11313,3417246.6
2026-05-15 19:00:00+00:00,0.11313,0.11338,0.11265,0.11298,1549005.9
2026-05-15 20:00:00+00:00,0.11298,0.11334,0.11258,0.11318,1527875.4
2026-05-15 21:00:00+00:00,0.11318,0.11344,0.11277,0.11286,1482470.7
2026-05-15 22:00:00+00:00,0.11286,0.11379,0.11281,0.11366,1537659.5
2026-05-15 23:00:00+00:00,0.11366,0.11381,0.11327,0.11339,1882735.0
2026-05-16 00:00:00+00:00,0.11339,0.11349,0.11279,0.11286,3225552.3
2026-05-16 01:00:00+00:00,0.11286,0.11298,0.11226,0.11269,3034370.2
2026-05-16 02:00:00+00:00,0.11269,0.11289,0.11232,0.11252,2085127.9
2026-05-16 03:00:00+00:00,0.11252,0.11282,0.11237,0.11263,1101888.6
2026-05-16 04:00:00+00:00,0.11263,0.11265,0.11097,0.11171,7203468.9
2026-05-16 05:00:00+00:00,0.11171,0.11211,0.11132,0.11164,7697048.9
2026-05-16 06:00:00+00:00,0.11164,0.11173,0.11028,0.11061,5630466.0
2026-05-16 07:00:00+00:00,0.11061,0.11062,0.10911,0.11012,7015687.7
2026-05-16 08:00:00+00:00,0.11012,0.11046,0.10993,0.11005,2724159.4
2026-05-16 09:00:00+00:00,0.11005,0.11026,0.10877,0.10928,8476574.0
2026-05-16 10:00:00+00:00,0.10928,0.10942,0.10823,0.10877,8183498.2
2026-05-16 11:00:00+00:00,0.10877,0.10945,0.10877,0.10898,1701844.7
2026-05-16 12:00:00+00:00,0.10898,0.10915,0.10853,0.10869,2408431.0
2026-05-16 13:00:00+00:00,0.10869,0.10874,0.1078,0.10859,9068650.3
2026-05-16 14:00:00+00:00,0.10859,0.10976,0.10836,0.10899,5288472.7
2026-05-16 15:00:00+00:00,0.10899,0.10994,0.10893,0.1097,6282920.6
2026-05-16 16:00:00+00:00,0.1097,0.1101,0.10946,0.10974,6387813.5
2026-05-16 17:00:00+00:00,0.10974,0.11006,0.10952,0.10958,1020734.5
2026-05-16 18:00:00+00:00,0.10958,0.1097,0.10929,0.10944,3178538.0
2026-05-16 19:00:00+00:00,0.10944,0.10978,0.10937,0.10962,2229549.5
2026-05-16 20:00:00+00:00,0.10962,0.10987,0.10945,0.10961,1491050.8
2026-05-16 21:00:00+00:00,0.10961,0.11021,0.10949,0.10984,1666752.3
2026-05-16 22:00:00+00:00,0.10984,0.10984,0.10946,0.10949,703239.3
2026-05-16 23:00:00+00:00,0.10949,0.10954,0.10925,0.10939,980811.0
2026-05-17 00:00:00+00:00,0.10939,0.10965,0.10891,0.10914,1234499.7
2026-05-17 01:00:00+00:00,0.10914,0.10922,0.10811,0.10812,2297723.4
2026-05-17 02:00:00+00:00,0.10812,0.10879,0.1081,0.10863,2522999.4
2026-05-17 03:00:00+00:00,0.10863,0.10949,0.10863,0.1092,1426024.7
2026-05-17 04:00:00+00:00,0.1092,0.10987,0.10913,0.10973,1302225.2
2026-05-17 05:00:00+00:00,0.10973,0.1104,0.10968,0.10995,2284001.7
2026-05-17 06:00:00+00:00,0.10995,0.11018,0.10949,0.10968,2109424.1
2026-05-17 07:00:00+00:00,0.10968,0.1103,0.10955,0.11018,891659.1
2026-05-17 08:00:00+00:00,0.11018,0.1104,0.1098,0.11024,1793613.0
2026-05-17 09:00:00+00:00,0.11024,0.11113,0.11015,0.11106,2081397.7
2026-05-17 10:00:00+00:00,0.11106,0.11194,0.11102,0.11172,5762888.7
2026-05-17 11:00:00+00:00,0.11172,0.11177,0.11122,0.11149,1464279.3
2026-05-17 12:00:00+00:00,0.11149,0.11279,0.11149,0.11206,3611051.5
2026-05-17 13:00:00+00:00,0.11206,0.11206,0.11101,0.11163,3692239.6
2026-05-17 14:00:00+00:00,0.11163,0.1117,0.11054,0.11078,4578091.3
2026-05-17 15:00:00+00:00,0.11078,0.11108,0.11024,0.11044,2564506.4
2026-05-17 16:00:00+00:00,0.11044,0.11067,0.10987,0.11006,3035030.6
2026-05-17 17:00:00+00:00,0.11006,0.11023,0.10955,0.10999,2270843.5
2026-05-17 18:00:00+00:00,0.10999,0.11042,0.10964,0.11038,1105715.7
2026-05-17 19:00:00+00:00,0.11038,0.11099,0.11037,0.11076,1764788.5
2026-05-17 20:00:00+00:00,0.11076,0.11091,0.11045,0.11054,1890963.8
2026-05-17 21:00:00+00:00,0.11054,0.11131,0.11037,0.11122,1685828.7
2026-05-17 22:00:00+00:00,0.11122,0.11127,0.10934,0.10952,3508868.5
2026-05-17 23:00:00+00:00,0.10952,0.10959,0.10553,0.10901,53318971.4
2026-05-18 00:00:00+00:00,0.10901,0.10907,0.10655,0.10695,21252969.2
2026-05-18 01:00:00+00:00,0.10695,0.10706,0.10586,0.10669,22867673.8
2026-05-18 02:00:00+00:00,0.10669,0.10718,0.10638,0.10665,4629210.0
2026-05-18 03:00:00+00:00,0.10665,0.10714,0.1062,0.10655,6940912.5
2026-05-18 04:00:00+00:00,0.10655,0.10694,0.10601,0.10686,3149415.5
2026-05-18 05:00:00+00:00,0.10686,0.10703,0.10594,0.10611,3943444.2
2026-05-18 06:00:00+00:00,0.10611,0.10626,0.10357,0.10469,36836756.9
2026-05-18 07:00:00+00:00,0.10469,0.10499,0.1037,0.1043,9959021.0
2026-05-18 08:00:00+00:00,0.1043,0.10468,0.10402,0.10439,5589297.4
2026-05-18 09:00:00+00:00,0.10439,0.10446,0.10397,0.10405,2757664.4
2026-05-18 10:00:00+00:00,0.10405,0.10447,0.10377,0.10405,5751005.9
2026-05-18 11:00:00+00:00,0.10405,0.10586,0.10382,0.10507,9285687.9
2026-05-18 12:00:00+00:00,0.10507,0.10643,0.10507,0.10637,14620384.6
2026-05-18 13:00:00+00:00,0.10637,0.10644,0.10425,0.10506,15032116.9
2026-05-18 14:00:00+00:00,0.10506,0.10506,0.1039,0.10418,10408172.3
2026-05-18 15:00:00+00:00,0.10418,0.10441,0.1031,0.10389,11361787.4
2026-05-18 16:00:00+00:00,0.10389,0.10437,0.10325,0.10365,6096054.7
2026-05-18 17:00:00+00:00,0.10365,0.10426,0.1035,0.10401,2539136.5
2026-05-18 18:00:00+00:00,0.10401,0.10406,0.10251,0.10267,9254222.1
2026-05-18 19:00:00+00:00,0.10267,0.10495,0.10262,0.10477,7322565.2
2026-05-18 20:00:00+00:00,0.10477,0.10523,0.10403,0.10418,2400398.0
2026-05-18 21:00:00+00:00,0.10418,0.10514,0.10392,0.10508,2473951.8
2026-05-18 22:00:00+00:00,0.10508,0.10556,0.10466,0.10499,2578558.7
2026-05-18 23:00:00+00:00,0.10499,0.1052,0.10463,0.10474,1166642.9
2026-05-19 00:00:00+00:00,0.10474,0.10551,0.10464,0.10522,1238439.4
2026-05-19 01:00:00+00:00,0.10522,0.10522,0.10422,0.10428,1927043.5
2026-05-19 02:00:00+00:00,0.10428,0.10477,0.10389,0.10412,1223032.0
2026-05-19 03:00:00+00:00,0.10412,0.10463,0.10401,0.10433,1667336.2
2026-05-19 04:00:00+00:00,0.10433,0.10535,0.10419,0.1053,2795600.5
2026-05-19 05:00:00+00:00,0.1053,0.10538,0.1042,0.10455,7927244.2
2026-05-19 06:00:00+00:00,0.10455,0.1047,0.10412,0.10448,5631976.4
2026-05-19 07:00:00+00:00,0.10448,0.1052,0.10421,0.1052,12499635.7
2026-05-19 08:00:00+00:00,0.1052,0.10522,0.10447,0.10448,4161905.3
2026-05-19 09:00:00+00:00,0.10448,0.10471,0.10372,0.10422,5514231.7
2026-05-19 10:00:00+00:00,0.10422,0.10446,0.10361,0.10422,3701967.1
2026-05-19 11:00:00+00:00,0.10422,0.10438,0.10369,0.10372,2469575.3
2026-05-19 12:00:00+00:00,0.10372,0.10429,0.1035,0.10413,4271799.1
2026-05-19 13:00:00+00:00,0.10413,0.10463,0.10356,0.10431,3512004.0
2026-05-19 14:00:00+00:00,0.10431,0.1045,0.10289,0.10341,5996719.3
2026-05-19 15:00:00+00:00,0.10341,0.10392,0.10326,0.1036,2518561.7
2026-05-19 16:00:00+00:00,0.1036,0.10423,0.1034,0.10412,2660523.0
2026-05-19 17:00:00+00:00,0.10412,0.10423,0.1035,0.10372,1414088.3
2026-05-19 18:00:00+00:00,0.10372,0.10382,0.10335,0.10346,1365620.9
2026-05-19 19:00:00+00:00,0.10346,0.1039,0.10316,0.10328,1394258.3
2026-05-19 20:00:00+00:00,0.10328,0.1037,0.10328,0.10365,800710.4
2026-05-19 21:00:00+00:00,0.10365,0.1038,0.1035,0.10352,670988.0
2026-05-19 22:00:00+00:00,0.10352,0.10352,0.10267,0.1028,2094469.2
2026-05-19 23:00:00+00:00,0.1028,0.10333,0.10268,0.10299,1005462.1
2026-05-20 00:00:00+00:00,0.10299,0.10308,0.10192,0.10277,7133717.5
2026-05-20 01:00:00+00:00,0.10277,0.10304,0.10225,0.10276,2258265.5
2026-05-20 02:00:00+00:00,0.10276,0.10304,0.10244,0.10256,1834075.1
2026-05-20 03:00:00+00:00,0.10256,0.10309,0.10236,0.10286,1820340.7
2026-05-20 04:00:00+00:00,0.10286,0.10295,0.10218,0.10245,2899202.7
2026-05-20 05:00:00+00:00,0.10245,0.10374,0.10245,0.10355,7696710.9
2026-05-20 06:00:00+00:00,0.10355,0.10413,0.1035,0.10404,2149054.5
2026-05-20 07:00:00+00:00,0.10404,0.10408,0.10349,0.1036,1461641.9
2026-05-20 08:00:00+00:00,0.1036,0.10409,0.10348,0.1038,2371984.3
2026-05-20 09:00:00+00:00,0.1038,0.10394,0.1035,0.10365,2092209.8
2026-05-20 10:00:00+00:00,0.10365,0.10413,0.10365,0.10389,1891609.4
2026-05-20 11:00:00+00:00,0.10389,0.10399,0.10349,0.10369,1554525.8
2026-05-20 12:00:00+00:00,0.10369,0.10447,0.1035,0.10415,2367236.5
2026-05-20 13:00:00+00:00,0.10415,0.10427,0.10305,0.10365,4647785.9
2026-05-20 14:00:00+00:00,0.10365,0.10458,0.10322,0.10444,4797368.0
2026-05-20 15:00:00+00:00,0.10444,0.10497,0.1039,0.10417,5616368.7
2026-05-20 16:00:00+00:00,0.10417,0.10458,0.10363,0.10439,4755393.8
2026-05-20 17:00:00+00:00,0.10439,0.10486,0.10415,0.10447,2267079.1
2026-05-20 18:00:00+00:00,0.10447,0.10461,0.104,0.10408,1742794.0
2026-05-20 19:00:00+00:00,0.10408,0.10449,0.10393,0.10424,2829748.7
2026-05-20 20:00:00+00:00,0.10424,0.1044,0.10374,0.10418,2569220.6
2026-05-20 21:00:00+00:00,0.10418,0.10425,0.10379,0.10379,2138371.7
2026-05-20 22:00:00+00:00,0.10379,0.10379,0.10297,0.10359,2845108.9
2026-05-20 23:00:00+00:00,0.10359,0.10374,0.10328,0.10372,850130.8
2026-05-21 00:00:00+00:00,0.10372,0.10462,0.10369,0.10454,3633485.3
2026-05-21 01:00:00+00:00,0.10454,0.10493,0.10442,0.10465,2176223.0
2026-05-21 02:00:00+00:00,0.10465,0.10529,0.10457,0.10511,3169042.6
2026-05-21 03:00:00+00:00,0.10511,0.10586,0.10495,0.10565,4250894.7
2026-05-21 04:00:00+00:00,0.10565,0.10612,0.10509,0.1056,5227090.1
2026-05-21 05:00:00+00:00,0.1056,0.10593,0.10534,0.10592,2719407.8
2026-05-21 06:00:00+00:00,0.10592,0.10606,0.10482,0.10507,5713652.2
2026-05-21 07:00:00+00:00,0.10507,0.10577,0.10488,0.10565,2614358.9
2026-05-21 08:00:00+00:00,0.10565,0.10638,0.10558,0.10583,4628436.1
2026-05-21 09:00:00+00:00,0.10583,0.10586,0.10509,0.10524,4264776.1
2026-05-21 10:00:00+00:00,0.10524,0.10534,0.10384,0.10404,7325377.0
2026-05-21 11:00:00+00:00,0.10404,0.10463,0.10389,0.1043,4161602.5
2026-05-21 12:00:00+00:00,0.1043,0.1048,0.1041,0.10458,2650174.7
2026-05-21 13:00:00+00:00,0.10458,0.10487,0.10386,0.10477,3972564.0
2026-05-21 14:00:00+00:00,0.10477,0.1049,0.10388,0.10422,3777421.5
2026-05-21 15:00:00+00:00,0.10422,0.10497,0.10396,0.1047,4640794.4
2026-05-21 16:00:00+00:00,0.1047,0.10491,0.10425,0.10452,1964384.9
2026-05-21 17:00:00+00:00,0.10452,0.10653,0.10439,0.1062,9387406.1
2026-05-21 18:00:00+00:00,0.1062,0.10633,0.10497,0.10548,4576146.5
2026-05-21 19:00:00+00:00,0.10548,0.106,0.10543,0.10576,4537556.8
2026-05-21 20:00:00+00:00,0.10576,0.10612,0.10562,0.10565,1811448.2
2026-05-21 21:00:00+00:00,0.10565,0.10577,0.10547,0.10549,2217730.8
2026-05-21 22:00:00+00:00,0.10549,0.1056,0.10523,0.10541,1942431.7
2026-05-21 23:00:00+00:00,0.10541,0.10573,0.10518,0.10566,999627.1
2026-05-22 00:00:00+00:00,0.10566,0.1057,0.10515,0.10515,2064091.8
2026-05-22 01:00:00+00:00,0.10515,0.10602,0.10505,0.10599,1866272.9
2026-05-22 02:00:00+00:00,0.10599,0.10631,0.10577,0.10601,1916915.3
2026-05-22 03:00:00+00:00,0.10601,0.10623,0.10575,0.1059,1174099.7
2026-05-22 04:00:00+00:00,0.1059,0.1062,0.10569,0.10575,2157389.8
2026-05-22 05:00:00+00:00,0.10575,0.10613,0.10554,0.10564,1183099.1
2026-05-22 06:00:00+00:00,0.10564,0.10572,0.1052,0.10527,1599869.6
2026-05-22 07:00:00+00:00,0.10527,0.10583,0.10491,0.10559,2081888.3
2026-05-22 08:00:00+00:00,0.10559,0.106,0.10544,0.1058,2560859.4
2026-05-22 09:00:00+00:00,0.1058,0.10605,0.10553,0.10575,1643673.1
2026-05-22 10:00:00+00:00,0.10575,0.10589,0.10553,0.10583,1285536.8
2026-05-22 11:00:00+00:00,0.10583,0.10651,0.1056,0.10644,7832398.4
2026-05-22 12:00:00+00:00,0.10644,0.10681,0.10618,0.10662,5442084.6
2026-05-22 13:00:00+00:00,0.10662,0.10674,0.10603,0.10653,4184699.7
2026-05-22 14:00:00+00:00,0.10653,0.10653,0.10527,0.10545,4857790.3
2026-05-22 15:00:00+00:00,0.10545,0.10638,0.10523,0.10608,3165069.9
2026-05-22 16:00:00+00:00,0.10608,0.10637,0.1057,0.10604,2065847.1
2026-05-22 17:00:00+00:00,0.10604,0.10629,0.10545,0.10547,1945660.6
2026-05-22 18:00:00+00:00,0.10547,0.10553,0.10323,0.10427,12169252.4
2026-05-22 19:00:00+00:00,0.10427,0.10449,0.10272,0.10347,14333305.7
2026-05-22 20:00:00+00:00,0.10347,0.10413,0.10342,0.10401,4360475.7
2026-05-22 21:00:00+00:00,0.10401,0.10438,0.10392,0.10431,1491254.2
2026-05-22 22:00:00+00:00,0.10431,0.10435,0.10321,0.10351,1643703.5
2026-05-22 23:00:00+00:00,0.10351,0.10379,0.10157,0.10234,7040091.8
2026-05-23 00:00:00+00:00,0.10234,0.10238,0.10059,0.10132,28086374.0
2026-05-23 01:00:00+00:00,0.10132,0.10184,0.10132,0.10176,6180501.5
2026-05-23 02:00:00+00:00,0.10176,0.10185,0.10151,0.10174,2116108.5
2026-05-23 03:00:00+00:00,0.10174,0.10192,0.10164,0.1017,660183.0
2026-05-23 04:00:00+00:00,0.1017,0.10176,0.10137,0.10151,1733682.5
2026-05-23 05:00:00+00:00,0.10151,0.10167,0.10113,0.10123,4138841.7
2026-05-23 06:00:00+00:00,0.10123,0.10133,0.1004,0.10087,5155096.9
2026-05-23 07:00:00+00:00,0.10087,0.10101,0.09729,0.09892,31006805.5
2026-05-23 08:00:00+00:00,0.09892,0.09979,0.09879,0.09972,12085669.3
2026-05-23 09:00:00+00:00,0.09972,0.09987,0.09939,0.0994,2881008.3
2026-05-23 10:00:00+00:00,0.0994,0.09971,0.09938,0.09953,1264587.6
2026-05-23 11:00:00+00:00,0.09953,0.0997,0.09927,0.09927,2253702.9
2026-05-23 12:00:00+00:00,0.09927,0.09927,0.09895,0.09917,2933601.0
2026-05-23 13:00:00+00:00,0.09917,0.10065,0.09917,0.10054,7201096.6
2026-05-23 14:00:00+00:00,0.10054,0.10118,0.10015,0.10104,17371484.8
2026-05-23 15:00:00+00:00,0.10104,0.10208,0.10088,0.10109,11213925.9
2026-05-23 16:00:00+00:00,0.10109,0.10151,0.10081,0.10118,9097327.0
2026-05-23 17:00:00+00:00,0.10118,0.10142,0.10101,0.10136,1447252.4
2026-05-23 18:00:00+00:00,0.10136,0.10281,0.1013,0.10235,10858633.9
2026-05-23 19:00:00+00:00,0.10235,0.10271,0.10215,0.10255,2039616.7
2026-05-23 20:00:00+00:00,0.10255,0.10485,0.10228,0.10483,12341478.9
2026-05-23 21:00:00+00:00,0.10483,0.10506,0.1032,0.1036,8927571.5
2026-05-23 22:00:00+00:00,0.1036,0.10395,0.10245,0.10298,8116048.1
2026-05-23 23:00:00+00:00,0.10298,0.10331,0.10286,0.10308,3027221.9
2026-05-24 00:00:00+00:00,0.10308,0.10338,0.10277,0.10314,3621185.6
2026-05-24 01:00:00+00:00,0.10314,0.10338,0.10309,0.10329,2520712.5
2026-05-24 02:00:00+00:00,0.10329,0.10337,0.10281,0.10315,1322725.5
2026-05-24 03:00:00+00:00,0.10315,0.10332,0.10279,0.10298,1705482.8
2026-05-24 04:00:00+00:00,0.10298,0.10329,0.10293,0.10312,2537283.7
2026-05-24 05:00:00+00:00,0.10312,0.10312,0.10236,0.10291,3983560.0
2026-05-24 06:00:00+00:00,0.10291,0.10321,0.10272,0.10313,2236724.1
2026-05-24 07:00:00+00:00,0.10313,0.10325,0.10284,0.1029,1694804.0
2026-05-24 08:00:00+00:00,0.1029,0.10296,0.10267,0.10287,1116527.3
2026-05-24 09:00:00+00:00,0.10287,0.10329,0.10278,0.10329,3390759.6
2026-05-24 10:00:00+00:00,0.10329,0.10394,0.10291,0.10306,4372572.4
2026-05-24 11:00:00+00:00,0.10306,0.10364,0.10292,0.10331,8596674.2
2026-05-24 12:00:00+00:00,0.10331,0.10333,0.10279,0.10296,2099552.0
2026-05-24 13:00:00+00:00,0.10296,0.1033,0.10263,0.10291,1922753.1
2026-05-24 14:00:00+00:00,0.10291,0.10297,0.10118,0.10213,16031292.4
2026-05-24 15:00:00+00:00,0.10213,0.10223,0.10187,0.10195,741832.5
2026-05-24 16:00:00+00:00,0.10195,0.10249,0.1019,0.10227,3129661.9
2026-05-24 17:00:00+00:00,0.10227,0.10251,0.10211,0.10239,756728.2
2026-05-24 18:00:00+00:00,0.10239,0.10247,0.10193,0.102,1966298.8
2026-05-24 19:00:00+00:00,0.102,0.10217,0.10184,0.10209,789004.4
2026-05-24 20:00:00+00:00,0.10209,0.10218,0.1017,0.10179,1625467.0
2026-05-24 21:00:00+00:00,0.10179,0.10205,0.10055,0.10068,3982902.8
2026-05-24 22:00:00+00:00,0.10068,0.10211,0.10067,0.10169,2748381.6
2026-05-24 23:00:00+00:00,0.10169,0.10252,0.10169,0.10227,911520.4
2026-05-25 00:00:00+00:00,0.10227,0.10285,0.10227,0.10252,1829128.2
2026-05-25 01:00:00+00:00,0.10252,0.10266,0.10175,0.10175,1136388.4
2026-05-25 02:00:00+00:00,0.10175,0.10263,0.10175,0.10219,2037491.6
2026-05-25 03:00:00+00:00,0.10219,0.10233,0.10176,0.10202,1300249.2
2026-05-25 04:00:00+00:00,0.10202,0.10275,0.10181,0.1026,1880331.5
2026-05-25 05:00:00+00:00,0.1026,0.10309,0.10251,0.10298,1419250.9
2026-05-25 06:00:00+00:00,0.10298,0.10317,0.10245,0.10297,1795354.9
2026-05-25 07:00:00+00:00,0.10297,0.10332,0.1025,0.10281,2037263.2
2026-05-25 08:00:00+00:00,0.10281,0.10285,0.10259,0.10276,988273.9
2026-05-25 09:00:00+00:00,0.10276,0.10291,0.10237,0.1027,7232794.7
2026-05-25 10:00:00+00:00,0.1027,0.10304,0.10265,0.10296,1822025.2
2026-05-25 11:00:00+00:00,0.10296,0.10308,0.10268,0.10289,2474029.0
2026-05-25 12:00:00+00:00,0.10289,0.10312,0.10269,0.10285,1960863.7
2026-05-25 13:00:00+00:00,0.10285,0.10294,0.1027,0.10292,1964324.5
2026-05-25 14:00:00+00:00,0.10292,0.10329,0.10292,0.10322,1996998.1
2026-05-25 15:00:00+00:00,0.10322,0.10359,0.10285,0.10301,4895428.6
2026-05-25 16:00:00+00:00,0.10301,0.10382,0.10286,0.10349,1426214.3
2026-05-25 17:00:00+00:00,0.10349,0.10361,0.1032,0.10329,6726991.8
2026-05-25 18:00:00+00:00,0.10329,0.10355,0.10306,0.10311,573627.4
2026-05-25 19:00:00+00:00,0.10311,0.10315,0.1027,0.1028,2493195.7
2026-05-25 20:00:00+00:00,0.1028,0.10293,0.10237,0.10245,3276559.2
2026-05-25 21:00:00+00:00,0.10245,0.10267,0.10221,0.10236,985331.1
2026-05-25 22:00:00+00:00,0.10236,0.10248,0.10172,0.10177,4232634.4
2026-05-25 23:00:00+00:00,0.10177,0.1023,0.10168,0.10221,1339473.7
2026-05-26 00:00:00+00:00,0.10221,0.10221,0.10072,0.10133,5292503.8
2026-05-26 01:00:00+00:00,0.10133,0.10135,0.10043,0.10071,1670965.5
2026-05-26 02:00:00+00:00,0.10071,0.10099,0.10053,0.10092,1276266.0
2026-05-26 03:00:00+00:00,0.10092,0.10111,0.10055,0.1011,733810.0
2026-05-26 04:00:00+00:00,0.1011,0.10148,0.10099,0.10137,918050.4
2026-05-26 05:00:00+00:00,0.10137,0.10213,0.10125,0.10179,1071961.2
2026-05-26 06:00:00+00:00,0.10179,0.10181,0.10133,0.10159,1069115.2
2026-05-26 07:00:00+00:00,0.10159,0.10165,0.10093,0.10117,1273075.6
2026-05-26 08:00:00+00:00,0.10117,0.10137,0.10101,0.10129,603116.1
2026-05-26 09:00:00+00:00,0.10129,0.10148,0.10107,0.10118,3758079.3
2026-05-26 10:00:00+00:00,0.10118,0.10257,0.10101,0.10236,4665689.9
2026-05-26 11:00:00+00:00,0.10236,0.1026,0.10214,0.10243,2265845.1
2026-05-26 12:00:00+00:00,0.10243,0.10279,0.1022,0.1027,3690639.7
2026-05-26 13:00:00+00:00,0.1027,0.10301,0.10188,0.10276,4153203.2
2026-05-26 14:00:00+00:00,0.10276,0.10385,0.10239,0.10288,4808419.0
2026-05-26 15:00:00+00:00,0.10288,0.10303,0.1014,0.10206,3791113.3
2026-05-26 16:00:00+00:00,0.10206,0.10211,0.10112,0.10149,3539261.8
2026-05-26 17:00:00+00:00,0.10149,0.10172,0.10026,0.10105,5010456.8
2026-05-26 18:00:00+00:00,0.10105,0.10147,0.10071,0.10084,1470104.1
2026-05-26 19:00:00+00:00,0.10084,0.10132,0.10049,0.10111,2301249.9
2026-05-26 20:00:00+00:00,0.10111,0.10141,0.10102,0.10119,995227.8
2026-05-26 21:00:00+00:00,0.10119,0.10125,0.10059,0.10076,2157479.9
2026-05-26 22:00:00+00:00,0.10076,0.10123,0.10065,0.10089,936261.7
2026-05-26 23:00:00+00:00,0.10089,0.10128,0.10089,0.10104,614197.2
2026-05-27 00:00:00+00:00,0.10104,0.10186,0.10104,0.10185,1425252.5
2026-05-27 01:00:00+00:00,0.10185,0.10188,0.10141,0.10155,926793.9
2026-05-27 02:00:00+00:00,0.10155,0.1016,0.10113,0.10157,1344783.0
2026-05-27 03:00:00+00:00,0.10157,0.10174,0.101,0.10122,1220847.8
2026-05-27 04:00:00+00:00,0.10122,0.10164,0.10025,0.10157,6606474.0
2026-05-27 05:00:00+00:00,0.10157,0.10174,0.10133,0.10169,3152137.2
2026-05-27 06:00:00+00:00,0.10169,0.10226,0.10141,0.10219,2710654.0
2026-05-27 07:00:00+00:00,0.10219,0.10232,0.10192,0.10215,2503465.8
2026-05-27 08:00:00+00:00,0.10215,0.10255,0.10198,0.10214,2960634.0
2026-05-27 09:00:00+00:00,0.10214,0.1022,0.10161,0.10191,3275368.5
2026-05-27 10:00:00+00:00,0.10191,0.10219,0.1016,0.10168,2223372.6
2026-05-27 11:00:00+00:00,0.10168,0.10196,0.10164,0.10167,3175672.8
2026-05-27 12:00:00+00:00,0.10167,0.1024,0.10118,0.10202,8025592.4
2026-05-27 13:00:00+00:00,0.10202,0.10214,0.1007,0.10137,8228883.8
2026-05-27 14:00:00+00:00,0.10137,0.1019,0.1008,0.10159,5438074.4
2026-05-27 15:00:00+00:00,0.10159,0.10334,0.10152,0.10255,5222015.6
2026-05-27 16:00:00+00:00,0.10255,0.10283,0.10159,0.10202,2259674.9
2026-05-27 17:00:00+00:00,0.10202,0.10204,0.10101,0.10126,3321014.6
2026-05-27 18:00:00+00:00,0.10126,0.10186,0.10096,0.10183,2357025.6
2026-05-27 19:00:00+00:00,0.10183,0.10229,0.10177,0.10219,1455774.1
2026-05-27 20:00:00+00:00,0.10219,0.10241,0.10191,0.10217,929507.5
2026-05-27 21:00:00+00:00,0.10217,0.10217,0.09934,0.10039,12140448.8
2026-05-27 22:00:00+00:00,0.10039,0.10099,0.10014,0.10043,4720205.1
2026-05-27 23:00:00+00:00,0.10043,0.10073,0.1,0.10048,2508730.8
2026-05-28 00:00:00+00:00,0.10048,0.10084,0.10036,0.10053,958987.6
2026-05-28 01:00:00+00:00,0.10053,0.10063,0.09987,0.10054,2982229.3
2026-05-28 02:00:00+00:00,0.10054,0.10066,0.10015,0.10023,1425365.5
2026-05-28 03:00:00+00:00,0.10023,0.10026,0.09803,0.09824,23517836.9
2026-05-28 04:00:00+00:00,0.09824,0.09834,0.09714,0.09821,9850747.0
2026-05-28 05:00:00+00:00,0.09821,0.09831,0.09717,0.09754,5577755.0
2026-05-28 06:00:00+00:00,0.09754,0.09816,0.09743,0.09799,3921892.6
2026-05-28 07:00:00+00:00,0.09799,0.09882,0.0978,0.09873,4553424.1
2026-05-28 08:00:00+00:00,0.09873,0.09875,0.09811,0.09828,2894401.7
2026-05-28 09:00:00+00:00,0.09828,0.09876,0.09828,0.09868,5780481.7
2026-05-28 10:00:00+00:00,0.09868,0.09884,0.09811,0.09811,1048098.2
2026-05-28 11:00:00+00:00,0.09811,0.09823,0.0978,0.09807,2367843.4
2026-05-28 12:00:00+00:00,0.09807,0.09812,0.09742,0.09808,1842886.1
2026-05-28 13:00:00+00:00,0.09808,0.09837,0.09737,0.09776,2974263.2
2026-05-28 14:00:00+00:00,0.09776,0.09873,0.09648,0.09827,13723314.6
2026-05-28 15:00:00+00:00,0.09827,0.0987,0.09758,0.09848,1803713.5
2026-05-28 16:00:00+00:00,0.09848,0.09945,0.09797,0.09945,2534830.6
2026-05-28 17:00:00+00:00,0.09945,0.10041,0.09922,0.09998,3324897.5
2026-05-28 18:00:00+00:00,0.09998,0.10052,0.09993,0.10019,1865085.7
2026-05-28 19:00:00+00:00,0.10019,0.10024,0.09952,0.09953,1024539.3
2026-05-28 20:00:00+00:00,0.09953,0.10007,0.09916,0.09977,1284368.7
2026-05-28 21:00:00+00:00,0.09977,0.10054,0.09972,0.10006,2712268.0
2026-05-28 22:00:00+00:00,0.10006,0.10023,0.09932,0.09951,1412986.8
2026-05-28 23:00:00+00:00,0.09951,0.09986,0.09945,0.09962,1618157.7
2026-05-29 00:00:00+00:00,0.09962,0.1001,0.09962,0.09989,991491.9
2026-05-29 01:00:00+00:00,0.09989,0.1001,0.09939,0.09959,1377336.1
2026-05-29 02:00:00+00:00,0.09959,0.09972,0.09888,0.09891,944345.9
2026-05-29 03:00:00+00:00,0.09891,0.09958,0.09891,0.09909,1225643.7
2026-05-29 04:00:00+00:00,0.09909,0.09926,0.09866,0.09925,1453089.6
2026-05-29 05:00:00+00:00,0.09925,0.09964,0.09922,0.0996,1214011.3
2026-05-29 06:00:00+00:00,0.0996,0.09987,0.09934,0.09962,2268951.8
2026-05-29 07:00:00+00:00,0.09962,0.09978,0.09909,0.09966,1976641.3
2026-05-29 08:00:00+00:00,0.09966,0.09993,0.09946,0.0995,1998444.3
2026-05-29 09:00:00+00:00,0.0995,0.09989,0.09946,0.09977,1456767.5
2026-05-29 10:00:00+00:00,0.09977,0.09977,0.09943,0.09973,817189.5
2026-05-29 11:00:00+00:00,0.09973,0.09974,0.0987,0.09911,1267009.5
2026-05-29 12:00:00+00:00,0.09911,0.09915,0.09846,0.09865,1977385.1
2026-05-29 13:00:00+00:00,0.09865,0.09877,0.09801,0.09839,3123188.0
2026-05-29 14:00:00+00:00,0.09839,0.09912,0.09745,0.0989,7253420.4
2026-05-29 15:00:00+00:00,0.0989,0.1012,0.09879,0.10039,11135711.6
2026-05-29 16:00:00+00:00,0.10039,0.10094,0.09989,0.1006,4517238.6
2026-05-29 17:00:00+00:00,0.1006,0.10087,0.10021,0.10036,2483112.2
2026-05-29 18:00:00+00:00,0.10036,0.10058,0.09935,0.09968,3255120.1
2026-05-29 19:00:00+00:00,0.09968,0.10021,0.0992,0.10007,1576438.8
2026-05-29 20:00:00+00:00,0.10007,0.10031,0.09992,0.1001,1024373.8
2026-05-29 21:00:00+00:00,0.1001,0.1005,0.09956,0.09957,1445534.1
2026-05-29 22:00:00+00:00,0.09957,0.09994,0.0994,0.09979,1042824.7
2026-05-29 23:00:00+00:00,0.09979,0.09999,0.09946,0.09968,1354893.6
2026-05-30 00:00:00+00:00,0.09968,0.10019,0.09947,0.1001,1317888.0
2026-05-30 01:00:00+00:00,0.1001,0.10093,0.10001,0.10093,3605431.5
2026-05-30 02:00:00+00:00,0.10093,0.10161,0.10093,0.10157,2730301.6
2026-05-30 03:00:00+00:00,0.10157,0.1018,0.10102,0.10112,4266536.7
2026-05-30 04:00:00+00:00,0.10112,0.10135,0.1002,0.10078,3683615.2
2026-05-30 05:00:00+00:00,0.10078,0.10145,0.10069,0.10144,2335256.7
2026-05-30 06:00:00+00:00,0.10144,0.10174,0.10123,0.10136,2314141.4
2026-05-30 07:00:00+00:00,0.10136,0.10143,0.10102,0.10128,1662408.3
2026-05-30 08:00:00+00:00,0.10128,0.10131,0.10081,0.10083,2215408.9
2026-05-30 09:00:00+00:00,0.10083,0.10104,0.10071,0.10093,1082577.1
2026-05-30 10:00:00+00:00,0.10093,0.10103,0.10076,0.10081,1289972.7
2026-05-30 11:00:00+00:00,0.10081,0.10093,0.10056,0.10083,986057.9
2026-05-30 12:00:00+00:00,0.10083,0.10094,0.10071,0.10092,894506.3
2026-05-30 13:00:00+00:00,0.10092,0.10113,0.10074,0.10096,1291816.1
2026-05-30 14:00:00+00:00,0.10096,0.10148,0.10096,0.10119,5138723.5
2026-05-30 15:00:00+00:00,0.10119,0.10152,0.1011,0.10132,642750.3
2026-05-30 16:00:00+00:00,0.10132,0.10167,0.10131,0.10154,520351.7
2026-05-30 17:00:00+00:00,0.10154,0.10161,0.1012,0.1016,657695.7
2026-05-30 18:00:00+00:00,0.1016,0.1017,0.10128,0.10152,1375634.8
2026-05-30 19:00:00+00:00,0.10152,0.10152,0.10124,0.10141,639467.9
2026-05-30 20:00:00+00:00,0.10141,0.10155,0.10122,0.1013,4045502.8
2026-05-30 21:00:00+00:00,0.1013,0.10154,0.10126,0.10129,1391274.3
2026-05-30 22:00:00+00:00,0.10129,0.10129,0.10048,0.1007,1720592.2
2026-05-30 23:00:00+00:00,0.1007,0.10082,0.1004,0.10061,1229223.2
2026-05-31 00:00:00+00:00,0.10061,0.10093,0.10048,0.10089,1233963.3
2026-05-31 01:00:00+00:00,0.10089,0.1012,0.10081,0.10085,684727.0
2026-05-31 02:00:00+00:00,0.10085,0.10144,0.10083,0.1012,1055284.1
2026-05-31 03:00:00+00:00,0.1012,0.10141,0.10112,0.10133,786459.3
2026-05-31 04:00:00+00:00,0.10133,0.10137,0.10113,0.10129,743178.1
2026-05-31 05:00:00+00:00,0.10129,0.10131,0.10085,0.10097,1329878.3
2026-05-31 06:00:00+00:00,0.10097,0.10097,0.10076,0.10093,536900.1
2026-05-31 07:00:00+00:00,0.10093,0.10093,0.10021,0.1006,1037784.9
2026-05-31 08:00:00+00:00,0.1006,0.10079,0.10047,0.10065,806246.4
2026-05-31 09:00:00+00:00,0.10065,0.10083,0.10043,0.10056,3700342.7
2026-05-31 10:00:00+00:00,0.10056,0.10063,0.10025,0.10063,1281072.9
2026-05-31 11:00:00+00:00,0.10063,0.10104,0.10063,0.10079,3031117.8
2026-05-31 12:00:00+00:00,0.10079,0.10098,0.10063,0.10089,1530963.8
2026-05-31 13:00:00+00:00,0.10089,0.10122,0.10083,0.10089,3593723.4
2026-05-31 14:00:00+00:00,0.10089,0.1009,0.09957,0.10002,6769405.8
2026-05-31 15:00:00+00:00,0.10002,0.10038,0.09985,0.09985,1095746.1
2026-05-31 16:00:00+00:00,0.09985,0.09997,0.09907,0.09936,3101300.5
2026-05-31 17:00:00+00:00,0.09936,0.09956,0.09913,0.09946,842894.9
2026-05-31 18:00:00+00:00,0.09946,0.09959,0.09927,0.09953,781039.0
2026-05-31 19:00:00+00:00,0.09953,0.09963,0.09916,0.09956,648760.6
2026-05-31 20:00:00+00:00,0.09956,0.09994,0.09956,0.09987,1112095.7
2026-05-31 21:00:00+00:00,0.09987,0.10044,0.09966,0.10032,1362503.9
2026-05-31 22:00:00+00:00,0.10032,0.10067,0.10005,0.10047,1082760.9
2026-05-31 23:00:00+00:00,0.10047,0.10101,0.09992,0.10043,1347465.1
2026-06-01 00:00:00+00:00,0.10043,0.10115,0.1003,0.10093,1747257.5
2026-06-01 01:00:00+00:00,0.10093,0.10099,0.09985,0.09986,1842215.7
2026-06-01 02:00:00+00:00,0.09986,0.10121,0.0997,0.10104,2330859.6
2026-06-01 03:00:00+00:00,0.10104,0.10154,0.10101,0.10111,3537001.0
2026-06-01 04:00:00+00:00,0.10111,0.1013,0.10012,0.10071,2529487.6
2026-06-01 05:00:00+00:00,0.10071,0.10076,0.10001,0.1003,1282472.4
2026-06-01 06:00:00+00:00,0.1003,0.10036,0.09975,0.10016,2283516.4
2026-06-01 07:00:00+00:00,0.10016,0.10023,0.09913,0.0992,2718630.1
2026-06-01 08:00:00+00:00,0.0992,0.09986,0.0991,0.09982,3344088.6
2026-06-01 09:00:00+00:00,0.09982,0.10028,0.09982,0.10006,1451971.9
2026-06-01 10:00:00+00:00,0.10006,0.10032,0.09977,0.10019,1203826.9
2026-06-01 11:00:00+00:00,0.10019,0.10028,0.09969,0.09994,1531452.9
2026-06-01 12:00:00+00:00,0.09994,0.10011,0.09922,0.09992,2844281.5
2026-06-01 13:00:00+00:00,0.09992,0.10008,0.09843,0.09913,18889026.4
2026-06-01 14:00:00+00:00,0.09913,0.09941,0.09853,0.0987,6003462.6
2026-06-01 15:00:00+00:00,0.0987,0.09895,0.098,0.09831,5820889.2
2026-06-01 16:00:00+00:00,0.09831,0.09958,0.09781,0.09956,3522621.2
2026-06-01 17:00:00+00:00,0.09956,0.10044,0.0995,0.10013,7381792.1
2026-06-01 18:00:00+00:00,0.10013,0.10043,0.09977,0.09992,2211799.3
2026-06-01 19:00:00+00:00,0.09992,0.10062,0.09977,0.1006,1177770.6
2026-06-01 20:00:00+00:00,0.1006,0.1008,0.10033,0.10061,880268.1
2026-06-01 21:00:00+00:00,0.10061,0.10061,0.09978,0.09995,1263570.2
2026-06-01 22:00:00+00:00,0.09995,0.10093,0.09955,0.10085,3041612.3
2026-06-01 23:00:00+00:00,0.10085,0.1011,0.10046,0.10108,3704526.1
2026-06-02 00:00:00+00:00,0.10108,0.10123,0.10061,0.10085,1896176.9
2026-06-02 01:00:00+00:00,0.10085,0.10101,0.09997,0.10008,4188605.2
2026-06-02 02:00:00+00:00,0.10008,0.10082,0.09944,0.10082,2577099.1
2026-06-02 03:00:00+00:00,0.10082,0.10103,0.10058,0.10097,4629621.8
2026-06-02 04:00:00+00:00,0.10097,0.10103,0.10021,0.10027,2408216.0
2026-06-02 05:00:00+00:00,0.10027,0.10032,0.09948,0.09951,3935468.0
2026-06-02 06:00:00+00:00,0.09951,0.09971,0.09888,0.09926,5442061.5
2026-06-02 07:00:00+00:00,0.09926,0.09956,0.09866,0.09923,3282663.1
2026-06-02 08:00:00+00:00,0.09923,0.09948,0.09904,0.0992,2705444.6
2026-06-02 09:00:00+00:00,0.0992,0.09928,0.09852,0.0988,3848267.6
2026-06-02 10:00:00+00:00,0.0988,0.09941,0.09864,0.09933,2699290.1
2026-06-02 11:00:00+00:00,0.09933,0.09933,0.09873,0.0988,2007938.9
2026-06-02 12:00:00+00:00,0.0988,0.09897,0.09846,0.09873,1258117.6
2026-06-02 13:00:00+00:00,0.09873,0.09902,0.09835,0.09847,2323020.8
2026-06-02 14:00:00+00:00,0.09847,0.09854,0.09537,0.09636,31600628.4
2026-06-02 15:00:00+00:00,0.09636,0.09651,0.09359,0.09487,32925538.1
2026-06-02 16:00:00+00:00,0.09487,0.09638,0.09461,0.09532,6609712.2
2026-06-02 17:00:00+00:00,0.09532,0.0961,0.09527,0.09563,3234707.4
2026-06-02 18:00:00+00:00,0.09563,0.09591,0.09404,0.09451,7943714.4
2026-06-02 19:00:00+00:00,0.09451,0.09469,0.09254,0.09409,15611202.7
2026-06-02 20:00:00+00:00,0.09409,0.09452,0.09335,0.09423,2416030.2
2026-06-02 21:00:00+00:00,0.09423,0.09496,0.09393,0.09427,5123583.6
2026-06-02 22:00:00+00:00,0.09427,0.09427,0.09182,0.0922,13122201.4
2026-06-02 23:00:00+00:00,0.0922,0.0929,0.09117,0.09273,11579873.3
2026-06-03 00:00:00+00:00,0.09273,0.09355,0.09258,0.09322,4898476.8
2026-06-03 01:00:00+00:00,0.09322,0.09337,0.09237,0.09317,2825403.8
2026-06-03 02:00:00+00:00,0.09317,0.09319,0.09252,0.09274,2180284.6
2026-06-03 03:00:00+00:00,0.09274,0.09291,0.09085,0.09157,11534051.0
2026-06-03 04:00:00+00:00,0.09157,0.09287,0.09157,0.09287,4532138.7
2026-06-03 05:00:00+00:00,0.09287,0.09422,0.09287,0.09399,7882235.0
2026-06-03 06:00:00+00:00,0.09399,0.09455,0.09379,0.09391,4443158.1
2026-06-03 07:00:00+00:00,0.09391,0.09455,0.09374,0.09419,3224760.3
2026-06-03 08:00:00+00:00,0.09419,0.09423,0.09372,0.09397,2731777.4
2026-06-03 09:00:00+00:00,0.09397,0.09426,0.09347,0.09383,3522447.3
2026-06-03 10:00:00+00:00,0.09383,0.0945,0.09377,0.0943,5909948.1
2026-06-03 11:00:00+00:00,0.0943,0.09453,0.09372,0.09397,2296324.7
2026-06-03 12:00:00+00:00,0.09397,0.09433,0.09371,0.09413,2570334.2
2026-06-03 13:00:00+00:00,0.09413,0.09441,0.09378,0.0942,2760885.6
2026-06-03 14:00:00+00:00,0.0942,0.09423,0.09315,0.09375,3916285.1
2026-06-03 15:00:00+00:00,0.09375,0.09386,0.09275,0.0928,5545288.1
2026-06-03 16:00:00+00:00,0.0928,0.09304,0.09159,0.09242,5620272.8
2026-06-03 17:00:00+00:00,0.09242,0.09307,0.0916,0.09258,3500821.3
2026-06-03 18:00:00+00:00,0.09258,0.09301,0.09202,0.09289,1882789.5
2026-06-03 19:00:00+00:00,0.09289,0.09297,0.09159,0.09181,5835129.9
2026-06-03 20:00:00+00:00,0.09181,0.09239,0.09059,0.09111,6748680.2
2026-06-03 21:00:00+00:00,0.09111,0.09312,0.09091,0.09297,5473074.6
2026-06-03 22:00:00+00:00,0.09297,0.09327,0.09183,0.09209,2883220.4
2026-06-03 23:00:00+00:00,0.09209,0.09212,0.09114,0.09138,2505770.8
2026-06-04 00:00:00+00:00,0.09138,0.09188,0.08987,0.09069,17527020.3
2026-06-04 01:00:00+00:00,0.09069,0.09112,0.08826,0.08849,19392589.4
2026-06-04 02:00:00+00:00,0.08849,0.08995,0.08576,0.08938,71011630.6
2026-06-04 03:00:00+00:00,0.08938,0.09153,0.08938,0.0913,8870111.8
2026-06-04 04:00:00+00:00,0.0913,0.09161,0.09068,0.09076,5643478.5
2026-06-04 05:00:00+00:00,0.09076,0.09076,0.08953,0.09005,6838493.3
2026-06-04 06:00:00+00:00,0.09005,0.09096,0.08969,0.08979,4817819.0
2026-06-04 07:00:00+00:00,0.08979,0.08987,0.08873,0.08873,5837981.9
2026-06-04 08:00:00+00:00,0.08873,0.08919,0.08797,0.08878,7780359.3
2026-06-04 09:00:00+00:00,0.08878,0.08881,0.08695,0.08802,9124896.4
2026-06-04 10:00:00+00:00,0.08802,0.08802,0.08666,0.08705,17068717.8
2026-06-04 11:00:00+00:00,0.08705,0.0881,0.08684,0.08792,10556404.7
2026-06-04 12:00:00+00:00,0.08792,0.08971,0.08766,0.08954,6469106.2
2026-06-04 13:00:00+00:00,0.08954,0.08961,0.08804,0.08939,7610016.0
2026-06-04 14:00:00+00:00,0.08939,0.0897,0.08894,0.08935,4251527.9
2026-06-04 15:00:00+00:00,0.08935,0.09021,0.08916,0.08953,4286478.7
2026-06-04 16:00:00+00:00,0.08953,0.08958,0.08875,0.08921,2183812.3
2026-06-04 17:00:00+00:00,0.08921,0.08964,0.08844,0.08936,8648227.9
2026-06-04 18:00:00+00:00,0.08936,0.09004,0.08857,0.0895,4487044.6
2026-06-04 19:00:00+00:00,0.0895,0.08984,0.08882,0.08907,2168747.2
2026-06-04 20:00:00+00:00,0.08907,0.08909,0.08839,0.08873,2036757.1
2026-06-04 21:00:00+00:00,0.08873,0.08904,0.08702,0.08742,3410196.9
2026-06-04 22:00:00+00:00,0.08742,0.0882,0.08697,0.08811,4771928.2
2026-06-04 23:00:00+00:00,0.08811,0.08864,0.08752,0.08857,2696548.0
2026-06-05 00:00:00+00:00,0.08857,0.08878,0.08775,0.08781,2728128.1
2026-06-05 01:00:00+00:00,0.08781,0.08834,0.08701,0.08798,3750487.5
2026-06-05 02:00:00+00:00,0.08798,0.08799,0.08613,0.08622,5929106.4
2026-06-05 03:00:00+00:00,0.08622,0.08691,0.08587,0.08593,6689915.8
2026-06-05 04:00:00+00:00,0.08593,0.0872,0.08569,0.08685,10825940.5
2026-06-05 05:00:00+00:00,0.08685,0.08707,0.08487,0.08507,11363311.7
2026-06-05 06:00:00+00:00,0.08507,0.08528,0.08204,0.08377,50652253.1
2026-06-05 07:00:00+00:00,0.08377,0.08509,0.08228,0.085,13478268.5
2026-06-05 08:00:00+00:00,0.085,0.08502,0.08333,0.08359,5696370.7
2026-06-05 09:00:00+00:00,0.08359,0.085,0.08359,0.085,8530664.8
2026-06-05 10:00:00+00:00,0.085,0.08542,0.08447,0.08474,6235522.7
2026-06-05 11:00:00+00:00,0.08474,0.08498,0.08403,0.08403,4697153.3
2026-06-05 12:00:00+00:00,0.08403,0.08428,0.08287,0.08361,8582436.4
2026-06-05 13:00:00+00:00,0.08361,0.08494,0.082,0.08201,11652460.1
2026-06-05 14:00:00+00:00,0.08201,0.08362,0.08134,0.08275,15280792.0
2026-06-05 15:00:00+00:00,0.08275,0.08286,0.08099,0.08155,23767114.7
2026-06-05 16:00:00+00:00,0.08155,0.08343,0.08026,0.08322,31210549.3
2026-06-05 17:00:00+00:00,0.08322,0.08346,0.08219,0.08262,6076672.6
2026-06-05 18:00:00+00:00,0.08262,0.08301,0.07969,0.08002,16977863.8
2026-06-05 19:00:00+00:00,0.08002,0.08184,0.079,0.08105,18336744.6
2026-06-05 20:00:00+00:00,0.08105,0.08284,0.0801,0.08254,16695935.8
2026-06-05 21:00:00+00:00,0.08254,0.08363,0.08242,0.08317,5055124.4
2026-06-05 22:00:00+00:00,0.08317,0.08318,0.08202,0.08285,9305333.4
2026-06-05 23:00:00+00:00,0.08285,0.08318,0.0805,0.08149,8595181.7
2026-06-06 00:00:00+00:00,0.08149,0.08305,0.08147,0.08281,5108726.9
2026-06-06 01:00:00+00:00,0.08281,0.083,0.08183,0.08196,3668959.6
2026-06-06 02:00:00+00:00,0.08196,0.08198,0.08107,0.08146,3258413.2
2026-06-06 03:00:00+00:00,0.08146,0.08146,0.08054,0.08107,5424104.4
2026-06-06 04:00:00+00:00,0.08107,0.08147,0.07784,0.0786,16709705.6
2026-06-06 05:00:00+00:00,0.0786,0.08081,0.07767,0.08053,18197905.1
2026-06-06 06:00:00+00:00,0.08053,0.08149,0.08028,0.08037,8859708.8
2026-06-06 07:00:00+00:00,0.08037,0.08181,0.08023,0.0815,5207605.1
2026-06-06 08:00:00+00:00,0.0815,0.08248,0.08116,0.08221,6869249.6
2026-06-06 09:00:00+00:00,0.08221,0.08258,0.08112,0.08137,4105935.9
2026-06-06 10:00:00+00:00,0.08137,0.08137,0.07988,0.08058,12304418.8
2026-06-06 11:00:00+00:00,0.08058,0.08164,0.08051,0.08123,7715604.6
2026-06-06 12:00:00+00:00,0.08123,0.08242,0.08095,0.08203,7849142.8
2026-06-06 13:00:00+00:00,0.08203,0.08241,0.08147,0.08184,3507571.2
2026-06-06 14:00:00+00:00,0.08184,0.08262,0.08177,0.08196,8021312.5
2026-06-06 15:00:00+00:00,0.08196,0.08212,0.08089,0.0817,6224750.6
2026-06-06 16:00:00+00:00,0.0817,0.08206,0.0807,0.08123,5259253.8
2026-06-06 17:00:00+00:00,0.08123,0.08133,0.08046,0.08065,3838569.0
2026-06-06 18:00:00+00:00,0.08065,0.08133,0.08057,0.08098,2272909.5
2026-06-06 19:00:00+00:00,0.08098,0.08141,0.08068,0.08071,3138277.0
2026-06-06 20:00:00+00:00,0.08071,0.08098,0.08048,0.08086,3037119.8
2026-06-06 21:00:00+00:00,0.08086,0.08171,0.08086,0.08122,3055765.9
2026-06-06 22:00:00+00:00,0.08122,0.08163,0.081,0.08133,1704712.2
2026-06-06 23:00:00+00:00,0.08133,0.08196,0.08127,0.08193,2018699.3
2026-06-07 00:00:00+00:00,0.08193,0.08214,0.08165,0.08173,1562853.4
2026-06-07 01:00:00+00:00,0.08173,0.08386,0.0817,0.08351,8620239.8
2026-06-07 02:00:00+00:00,0.08351,0.08369,0.08285,0.08346,3076225.1
2026-06-07 03:00:00+00:00,0.08346,0.08379,0.08324,0.08349,2461470.1
2026-06-07 04:00:00+00:00,0.08349,0.08398,0.08298,0.08389,4800850.7
2026-06-07 05:00:00+00:00,0.08389,0.08428,0.08364,0.08393,5957189.1
2026-06-07 06:00:00+00:00,0.08393,0.08488,0.08366,0.0846,7066162.6
2026-06-07 07:00:00+00:00,0.0846,0.08503,0.08442,0.08497,5408833.3
2026-06-07 08:00:00+00:00,0.08497,0.08565,0.08454,0.08558,9350147.5
2026-06-07 09:00:00+00:00,0.08558,0.08602,0.08471,0.08479,10479704.6
2026-06-07 10:00:00+00:00,0.08479,0.08489,0.08415,0.08437,4024375.0
2026-06-07 11:00:00+00:00,0.08437,0.08482,0.08418,0.08459,6054135.5
2026-06-07 12:00:00+00:00,0.08459,0.08463,0.08319,0.08377,8387738.4
2026-06-07 13:00:00+00:00,0.08377,0.08402,0.08364,0.08386,3414088.4
2026-06-07 14:00:00+00:00,0.08386,0.08502,0.08384,0.08457,5025454.4
2026-06-07 15:00:00+00:00,0.08457,0.08494,0.08428,0.08464,2427601.6
2026-06-07 16:00:00+00:00,0.08464,0.08496,0.08448,0.0848,2731939.0
2026-06-07 17:00:00+00:00,0.0848,0.0853,0.08463,0.08482,1980679.4
2026-06-07 18:00:00+00:00,0.08482,0.08498,0.08435,0.08435,1426795.6
2026-06-07 19:00:00+00:00,0.08435,0.08438,0.08299,0.08335,7715286.7
2026-06-07 20:00:00+00:00,0.08335,0.08432,0.08315,0.08417,2989438.7
2026-06-07 21:00:00+00:00,0.08417,0.08422,0.08357,0.08402,2991438.3
2026-06-07 22:00:00+00:00,0.08402,0.08756,0.08383,0.0855,35152687.2
2026-06-07 23:00:00+00:00,0.0855,0.0865,0.08549,0.08629,5091451.4
2026-06-08 00:00:00+00:00,0.08629,0.08681,0.08576,0.08637,5179983.1
2026-06-08 01:00:00+00:00,0.08637,0.0865,0.08483,0.0857,6304384.8
2026-06-08 02:00:00+00:00,0.0857,0.08594,0.0854,0.08588,5061681.5
2026-06-08 03:00:00+00:00,0.08588,0.08633,0.08555,0.08588,2916987.7
2026-06-08 04:00:00+00:00,0.08588,0.08597,0.08486,0.08493,2737667.5
2026-06-08 05:00:00+00:00,0.08493,0.08513,0.08434,0.08481,2901470.3
2026-06-08 06:00:00+00:00,0.08481,0.08541,0.0848,0.08527,2242569.8
2026-06-08 07:00:00+00:00,0.08527,0.08579,0.08497,0.08567,2626674.4
2026-06-08 08:00:00+00:00,0.08567,0.08567,0.08492,0.08513,5594479.8
2026-06-08 09:00:00+00:00,0.08513,0.08594,0.08512,0.08593,6217242.4
2026-06-08 10:00:00+00:00,0.08593,0.08604,0.08532,0.08569,4811263.7
2026-06-08 11:00:00+00:00,0.08569,0.08684,0.08549,0.08641,4602371.2
2026-06-08 12:00:00+00:00,0.08641,0.08702,0.08582,0.08684,8330589.4
2026-06-08 13:00:00+00:00,0.08684,0.08693,0.08607,0.08637,5033204.1
2026-06-08 14:00:00+00:00,0.08637,0.08681,0.08615,0.08669,3607263.1
2026-06-08 15:00:00+00:00,0.08669,0.08746,0.08668,0.08698,7329012.2
2026-06-08 16:00:00+00:00,0.08698,0.08753,0.08641,0.08647,7480826.0
2026-06-08 17:00:00+00:00,0.08647,0.08684,0.08613,0.08683,4345156.1
2026-06-08 18:00:00+00:00,0.08683,0.08726,0.08665,0.08684,2715221.0
2026-06-08 19:00:00+00:00,0.08684,0.08713,0.08668,0.08681,2621259.2
2026-06-08 20:00:00+00:00,0.08681,0.08684,0.08632,0.08677,2039822.6
2026-06-08 21:00:00+00:00,0.08677,0.08749,0.08677,0.08707,2763072.4
2026-06-08 22:00:00+00:00,0.08707,0.08713,0.08666,0.08701,5389087.3
2026-06-08 23:00:00+00:00,0.08701,0.08722,0.08616,0.08633,2212834.4
2026-06-09 00:00:00+00:00,0.08633,0.08648,0.08463,0.08487,9337169.5
2026-06-09 01:00:00+00:00,0.08487,0.08539,0.08476,0.08516,3097683.6
2026-06-09 02:00:00+00:00,0.08516,0.08533,0.08458,0.08533,1473001.9
2026-06-09 03:00:00+00:00,0.08533,0.08551,0.08496,0.08532,1163165.6
2026-06-09 04:00:00+00:00,0.08532,0.08646,0.08506,0.08618,4679121.1
2026-06-09 05:00:00+00:00,0.08618,0.08674,0.08596,0.08649,1657088.8
2026-06-09 06:00:00+00:00,0.08649,0.08673,0.08631,0.08633,2165802.0
2026-06-09 07:00:00+00:00,0.08633,0.08665,0.08598,0.08639,2871635.1
2026-06-09 08:00:00+00:00,0.08639,0.08644,0.08576,0.08586,3006839.2
2026-06-09 09:00:00+00:00,0.08586,0.08605,0.08527,0.0854,1779462.9
2026-06-09 10:00:00+00:00,0.0854,0.0856,0.0852,0.08547,3044085.5
2026-06-09 11:00:00+00:00,0.08547,0.0856,0.08518,0.08553,2186116.8
2026-06-09 12:00:00+00:00,0.08553,0.08594,0.0855,0.08587,1932008.0
2026-06-09 13:00:00+00:00,0.08587,0.08615,0.08525,0.08573,3231757.9
2026-06-09 14:00:00+00:00,0.08573,0.08594,0.08431,0.08501,7287905.4
2026-06-09 15:00:00+00:00,0.08501,0.08531,0.08408,0.08412,5870074.9
2026-06-09 16:00:00+00:00,0.08412,0.08446,0.08316,0.08433,7575939.4
2026-06-09 17:00:00+00:00,0.08433,0.08548,0.08432,0.08479,3134604.6
2026-06-09 18:00:00+00:00,0.08479,0.08526,0.0846,0.0849,1738961.4
2026-06-09 19:00:00+00:00,0.0849,0.08537,0.08473,0.08523,2735751.8
2026-06-09 20:00:00+00:00,0.08523,0.08561,0.08514,0.08556,1944976.3
2026-06-09 21:00:00+00:00,0.08556,0.08571,0.08462,0.08484,2072310.4
2026-06-09 22:00:00+00:00,0.08484,0.08514,0.08451,0.08454,1616086.4
2026-06-09 23:00:00+00:00,0.08454,0.08498,0.08445,0.08479,2193027.6
2026-06-10 00:00:00+00:00,0.08479,0.08517,0.08421,0.08509,1913476.6
2026-06-10 01:00:00+00:00,0.08509,0.08515,0.0845,0.0847,2429151.3
2026-06-10 02:00:00+00:00,0.0847,0.08485,0.08369,0.08383,3680997.8
2026-06-10 03:00:00+00:00,0.08383,0.08428,0.08382,0.08397,824439.8
2026-06-10 04:00:00+00:00,0.08397,0.08411,0.08349,0.08361,1520545.1
2026-06-10 05:00:00+00:00,0.08361,0.08374,0.08327,0.08357,1431890.8
2026-06-10 06:00:00+00:00,0.08357,0.08384,0.08328,0.08366,1368558.8
2026-06-10 07:00:00+00:00,0.08366,0.08437,0.08362,0.08424,1292019.8
2026-06-10 08:00:00+00:00,0.08424,0.08425,0.08321,0.08342,4003681.5
2026-06-10 09:00:00+00:00,0.08342,0.08367,0.08287,0.08357,4431922.9
2026-06-10 10:00:00+00:00,0.08357,0.08393,0.08329,0.08372,1424863.1
2026-06-10 11:00:00+00:00,0.08372,0.08378,0.08283,0.08331,6872852.9
2026-06-10 12:00:00+00:00,0.08331,0.0846,0.08305,0.08392,12386561.5
2026-06-10 13:00:00+00:00,0.08392,0.08521,0.08379,0.0846,7408507.8
2026-06-10 14:00:00+00:00,0.0846,0.08476,0.084,0.08453,4504457.3
2026-06-10 15:00:00+00:00,0.08453,0.08547,0.084,0.08514,9660181.0
2026-06-10 16:00:00+00:00,0.08514,0.08526,0.08374,0.08417,7959640.1
2026-06-10 17:00:00+00:00,0.08417,0.08455,0.08339,0.0839,5561883.3
2026-06-10 18:00:00+00:00,0.0839,0.08408,0.08331,0.08389,3879477.9
2026-06-10 19:00:00+00:00,0.08389,0.08393,0.08301,0.08316,4030721.8
2026-06-10 20:00:00+00:00,0.08316,0.0833,0.08267,0.08286,3880920.1
2026-06-10 21:00:00+00:00,0.08286,0.08286,0.08183,0.08218,4363639.4
2026-06-10 22:00:00+00:00,0.08218,0.08268,0.08187,0.08239,4744625.2
2026-06-10 23:00:00+00:00,0.08239,0.08312,0.08213,0.08295,5160982.9
2026-06-11 00:00:00+00:00,0.08295,0.08366,0.08295,0.08342,2012427.1
2026-06-11 01:00:00+00:00,0.08342,0.08446,0.08342,0.08426,2619313.2
2026-06-11 02:00:00+00:00,0.08426,0.08435,0.08362,0.08415,2381653.5
2026-06-11 03:00:00+00:00,0.08415,0.08531,0.08392,0.08504,8112412.0
2026-06-11 04:00:00+00:00,0.08504,0.08541,0.08481,0.08515,2168735.4
2026-06-11 05:00:00+00:00,0.08515,0.08517,0.08479,0.08481,1356777.2
2026-06-11 06:00:00+00:00,0.08481,0.08516,0.0846,0.08477,2199983.6
2026-06-11 07:00:00+00:00,0.08477,0.08505,0.08466,0.08486,1436408.9
2026-06-11 08:00:00+00:00,0.08486,0.08548,0.08485,0.08526,1922435.1
2026-06-11 09:00:00+00:00,0.08526,0.08527,0.08481,0.08511,2541558.1
2026-06-11 10:00:00+00:00,0.08511,0.08523,0.08498,0.08516,2268833.0
2026-06-11 11:00:00+00:00,0.08516,0.08561,0.08495,0.08533,3240913.5
2026-06-11 12:00:00+00:00,0.08533,0.08536,0.08425,0.0848,5911501.6
2026-06-11 13:00:00+00:00,0.0848,0.08524,0.08452,0.08497,3544235.2
2026-06-11 14:00:00+00:00,0.08497,0.08545,0.08464,0.085,3187220.3
2026-06-11 15:00:00+00:00,0.085,0.08521,0.08456,0.08494,3823839.8
2026-06-11 16:00:00+00:00,0.08494,0.08514,0.08461,0.08474,2738446.4
2026-06-11 17:00:00+00:00,0.08474,0.08685,0.08439,0.08674,18996832.9
2026-06-11 18:00:00+00:00,0.08674,0.08701,0.08625,0.08651,5256550.9
2026-06-11 19:00:00+00:00,0.08651,0.08708,0.08622,0.0865,9655016.8
2026-06-11 20:00:00+00:00,0.0865,0.08666,0.08601,0.08633,4482894.0
2026-06-11 21:00:00+00:00,0.08633,0.08673,0.08632,0.08645,3266119.6
2026-06-11 22:00:00+00:00,0.08645,0.08669,0.08629,0.08641,3066766.9
2026-06-11 23:00:00+00:00,0.08641,0.08654,0.086,0.08605,3177578.0
2026-06-12 00:00:00+00:00,0.08605,0.08621,0.08586,0.0859,2569349.2
2026-06-12 01:00:00+00:00,0.0859,0.08613,0.08561,0.0859,3056197.1
2026-06-12 02:00:00+00:00,0.0859,0.08658,0.0859,0.0864,2610332.5
2026-06-12 03:00:00+00:00,0.0864,0.08658,0.08619,0.08655,3476953.9
2026-06-12 04:00:00+00:00,0.08655,0.08721,0.08647,0.08702,4792611.2
2026-06-12 05:00:00+00:00,0.08702,0.0874,0.08671,0.0868,11275269.8
2026-06-12 06:00:00+00:00,0.0868,0.08708,0.08509,0.08541,11906865.7
2026-06-12 07:00:00+00:00,0.08541,0.08602,0.0854,0.08596,3387626.1
2026-06-12 08:00:00+00:00,0.08596,0.08675,0.08594,0.08668,3368195.8
2026-06-12 09:00:00+00:00,0.08668,0.08729,0.08655,0.08702,2810209.5
2026-06-12 10:00:00+00:00,0.08702,0.0871,0.08634,0.08662,4064294.1
2026-06-12 11:00:00+00:00,0.08662,0.08699,0.08649,0.08698,3066008.4
2026-06-12 12:00:00+00:00,0.08698,0.08732,0.08678,0.08703,3745269.1
2026-06-12 13:00:00+00:00,0.08703,0.0874,0.08669,0.087,8542822.6
2026-06-12 14:00:00+00:00,0.087,0.09249,0.08696,0.0906,87155501.4
2026-06-12 15:00:00+00:00,0.0906,0.09083,0.08717,0.08746,26825779.6
2026-06-12 16:00:00+00:00,0.08746,0.08878,0.08721,0.08878,8934955.7
2026-06-12 17:00:00+00:00,0.08878,0.08907,0.08777,0.08785,3919754.4
2026-06-12 18:00:00+00:00,0.08785,0.0881,0.08745,0.08759,2794242.4
2026-06-12 19:00:00+00:00,0.08759,0.08816,0.08733,0.08743,3112073.6
2026-06-12 20:00:00+00:00,0.08743,0.08783,0.08737,0.08749,3052972.7
2026-06-12 21:00:00+00:00,0.08749,0.08774,0.08648,0.08671,4996187.4
2026-06-12 22:00:00+00:00,0.08671,0.08684,0.08619,0.08638,3177536.4
2026-06-12 23:00:00+00:00,0.08638,0.08638,0.08559,0.086,3998250.0
2026-06-13 00:00:00+00:00,0.086,0.08619,0.08583,0.0861,1554346.1
2026-06-13 01:00:00+00:00,0.0861,0.0868,0.08609,0.08676,3026861.0
2026-06-13 02:00:00+00:00,0.08676,0.08691,0.08626,0.08644,1916655.9
2026-06-13 03:00:00+00:00,0.08644,0.08658,0.08607,0.08628,1154374.1
2026-06-13 04:00:00+00:00,0.08628,0.08647,0.08604,0.08609,694819.5
2026-06-13 05:00:00+00:00,0.08609,0.08629,0.08581,0.08616,3577612.6
2026-06-13 06:00:00+00:00,0.08616,0.08676,0.08607,0.08664,3017434.8
2026-06-13 07:00:00+00:00,0.08664,0.08723,0.08645,0.08706,4813824.9
2026-06-13 08:00:00+00:00,0.08706,0.08739,0.08692,0.08714,1831830.9
2026-06-13 09:00:00+00:00,0.08714,0.08746,0.08703,0.08714,2592362.4
2026-06-13 10:00:00+00:00,0.08714,0.08751,0.08711,0.08732,1294468.4
2026-06-13 11:00:00+00:00,0.08732,0.08795,0.08726,0.08792,2144335.7
2026-06-13 12:00:00+00:00,0.08792,0.08874,0.08772,0.08855,4537292.0
2026-06-13 13:00:00+00:00,0.08855,0.08858,0.08802,0.08812,3789632.3
2026-06-13 14:00:00+00:00,0.08812,0.08844,0.08807,0.08831,1300918.9
2026-06-13 15:00:00+00:00,0.08831,0.08881,0.08828,0.08835,1795918.8
2026-06-13 16:00:00+00:00,0.08835,0.08837,0.08754,0.08792,4365381.1
2026-06-13 17:00:00+00:00,0.08792,0.08793,0.08739,0.08762,4672589.8
2026-06-13 18:00:00+00:00,0.08762,0.08787,0.08757,0.08769,2363452.8
2026-06-13 19:00:00+00:00,0.08769,0.08789,0.08753,0.08767,1716539.1
2026-06-13 20:00:00+00:00,0.08767,0.08777,0.08751,0.08767,881781.5
2026-06-13 21:00:00+00:00,0.08767,0.08865,0.08763,0.08818,3630157.7
2026-06-13 22:00:00+00:00,0.08818,0.0882,0.08781,0.08785,990310.0
2026-06-13 23:00:00+00:00,0.08785,0.08804,0.08775,0.0879,761068.5
2026-06-14 00:00:00+00:00,0.0879,0.08792,0.08754,0.08769,1249116.6
2026-06-14 01:00:00+00:00,0.08769,0.08799,0.0876,0.08781,1667471.9
2026-06-14 02:00:00+00:00,0.08781,0.0881,0.08776,0.08789,1023531.4
2026-06-14 03:00:00+00:00,0.08789,0.08816,0.0878,0.08809,1092473.5
2026-06-14 04:00:00+00:00,0.08809,0.08813,0.08746,0.08761,1189086.8
2026-06-14 05:00:00+00:00,0.08761,0.08778,0.08727,0.08763,1053956.0
2026-06-14 06:00:00+00:00,0.08763,0.08787,0.08741,0.08751,821640.9
2026-06-14 07:00:00+00:00,0.08751,0.08752,0.08704,0.08719,889642.0
2026-06-14 08:00:00+00:00,0.08719,0.08748,0.08706,0.08721,2386416.2
2026-06-14 09:00:00+00:00,0.08721,0.08747,0.08672,0.08743,1694220.8
2026-06-14 10:00:00+00:00,0.08743,0.0875,0.08708,0.08714,1094067.9
2026-06-14 11:00:00+00:00,0.08714,0.08727,0.087,0.08704,1119610.4
2026-06-14 12:00:00+00:00,0.08704,0.0871,0.08638,0.08657,2305289.0
2026-06-14 13:00:00+00:00,0.08657,0.08669,0.08624,0.08651,3604529.1
2026-06-14 14:00:00+00:00,0.08651,0.08656,0.08569,0.08603,3720106.8
2026-06-14 15:00:00+00:00,0.08603,0.08633,0.08591,0.08631,1655664.1
2026-06-14 16:00:00+00:00,0.08631,0.08667,0.08629,0.08646,1306100.1
2026-06-14 17:00:00+00:00,0.08646,0.08664,0.08625,0.08634,2513585.0
2026-06-14 18:00:00+00:00,0.08634,0.08647,0.08615,0.08637,679942.1
2026-06-14 19:00:00+00:00,0.08637,0.08662,0.08624,0.08643,253982.2
2026-06-14 20:00:00+00:00,0.08643,0.08695,0.08629,0.08664,1034305.0
2026-06-14 21:00:00+00:00,0.08664,0.08912,0.08661,0.08855,6316582.6
2026-06-14 22:00:00+00:00,0.08855,0.08882,0.08797,0.08837,6359535.6
2026-06-14 23:00:00+00:00,0.08837,0.08899,0.08811,0.08892,4726608.7
2026-06-15 00:00:00+00:00,0.08892,0.08919,0.08851,0.08883,2475426.7
2026-06-15 01:00:00+00:00,0.08883,0.08891,0.08827,0.08844,3826804.1
2026-06-15 02:00:00+00:00,0.08844,0.08919,0.08836,0.08875,1476066.2
2026-06-15 03:00:00+00:00,0.08875,0.08914,0.08869,0.08897,1462503.2
2026-06-15 04:00:00+00:00,0.08897,0.08904,0.0886,0.08861,2132593.1
2026-06-15 05:00:00+00:00,0.08861,0.08895,0.08849,0.08874,3001577.9
2026-06-15 06:00:00+00:00,0.08874,0.08901,0.08865,0.08872,2131601.1
2026-06-15 07:00:00+00:00,0.08872,0.08877,0.08838,0.08852,1719903.4
2026-06-15 08:00:00+00:00,0.08852,0.08894,0.08845,0.08855,2526218.5
2026-06-15 09:00:00+00:00,0.08855,0.08874,0.08814,0.0886,2633357.4
2026-06-15 10:00:00+00:00,0.0886,0.08945,0.08847,0.0892,8652051.4
2026-06-15 11:00:00+00:00,0.0892,0.09013,0.08903,0.08971,16895674.5
2026-06-15 12:00:00+00:00,0.08971,0.09023,0.08954,0.09009,12263252.7
2026-06-15 13:00:00+00:00,0.09009,0.09092,0.09,0.09034,12268174.8
2026-06-15 14:00:00+00:00,0.09034,0.09034,0.08909,0.08949,13916311.5
2026-06-15 15:00:00+00:00,0.08949,0.09075,0.08918,0.09069,12329181.6
2026-06-15 16:00:00+00:00,0.09069,0.09069,0.09005,0.09007,6255255.9
2026-06-15 17:00:00+00:00,0.09007,0.09007,0.08928,0.08964,4471942.2
2026-06-15 18:00:00+00:00,0.08964,0.08972,0.08924,0.08933,2567374.0
2026-06-15 19:00:00+00:00,0.08933,0.08973,0.08857,0.08898,4733322.9
2026-06-15 20:00:00+00:00,0.08898,0.08924,0.08871,0.08897,3377878.5
2026-06-15 21:00:00+00:00,0.08897,0.08914,0.08862,0.08885,1939684.9
2026-06-15 22:00:00+00:00,0.08885,0.08896,0.08786,0.08803,11334375.4
2026-06-15 23:00:00+00:00,0.08803,0.08825,0.0878,0.08814,2613557.8
2026-06-16 00:00:00+00:00,0.08814,0.08831,0.08769,0.08778,3993686.4
2026-06-16 01:00:00+00:00,0.08778,0.08813,0.08776,0.08789,2084286.4
2026-06-16 02:00:00+00:00,0.08789,0.08799,0.08682,0.08699,6297560.5
2026-06-16 03:00:00+00:00,0.08699,0.08754,0.08691,0.08749,1575936.5
2026-06-16 04:00:00+00:00,0.08749,0.08759,0.08674,0.08693,3422965.3
2026-06-16 05:00:00+00:00,0.08693,0.08735,0.08693,0.08728,4128535.3
2026-06-16 06:00:00+00:00,0.08728,0.08772,0.08728,0.08761,1492021.3
2026-06-16 07:00:00+00:00,0.08761,0.08785,0.08747,0.08785,2442447.7
2026-06-16 08:00:00+00:00,0.08785,0.08906,0.08761,0.08882,16274643.3
2026-06-16 09:00:00+00:00,0.08882,0.08895,0.08842,0.08854,3331136.7
2026-06-16 10:00:00+00:00,0.08854,0.08866,0.08824,0.08827,2099916.2
2026-06-16 11:00:00+00:00,0.08827,0.08845,0.08784,0.08819,1942834.1
2026-06-16 12:00:00+00:00,0.08819,0.08892,0.08793,0.08842,3441531.8
2026-06-16 13:00:00+00:00,0.08842,0.08847,0.08726,0.08744,3771964.7
2026-06-16 14:00:00+00:00,0.08744,0.08776,0.08621,0.08668,12562107.2
2026-06-16 15:00:00+00:00,0.08668,0.08741,0.08656,0.0872,2898447.1
2026-06-16 16:00:00+00:00,0.0872,0.08729,0.08638,0.08655,3724731.4
2026-06-16 17:00:00+00:00,0.08655,0.08737,0.08653,0.08726,1747887.3
2026-06-16 18:00:00+00:00,0.08726,0.08786,0.08722,0.08757,2192016.4
2026-06-16 19:00:00+00:00,0.08757,0.08769,0.08703,0.08728,1592019.0
2026-06-16 20:00:00+00:00,0.08728,0.08779,0.08712,0.08769,1176356.5
2026-06-16 21:00:00+00:00,0.08769,0.0878,0.0873,0.08748,1291022.1
2026-06-16 22:00:00+00:00,0.08748,0.08764,0.08722,0.08736,671694.0
2026-06-16 23:00:00+00:00,0.08736,0.08742,0.08702,0.08717,652011.2
2026-06-17 00:00:00+00:00,0.08717,0.0875,0.08714,0.08742,1715538.2
2026-06-17 01:00:00+00:00,0.08742,0.08787,0.08701,0.08779,2104728.5
2026-06-17 02:00:00+00:00,0.08779,0.08812,0.08753,0.08779,1391545.1
2026-06-17 03:00:00+00:00,0.08779,0.08779,0.08729,0.0874,6125124.1
2026-06-17 04:00:00+00:00,0.0874,0.08784,0.08737,0.08753,989187.4
2026-06-17 05:00:00+00:00,0.08753,0.08767,0.08721,0.08738,1115176.0
2026-06-17 06:00:00+00:00,0.08738,0.0875,0.08675,0.08701,2010456.3
2026-06-17 07:00:00+00:00,0.08701,0.08722,0.08662,0.08692,4633093.2
2026-06-17 08:00:00+00:00,0.08692,0.08692,0.08577,0.08599,5491397.7
2026-06-17 09:00:00+00:00,0.08599,0.08624,0.08593,0.08607,6247263.8
2026-06-17 10:00:00+00:00,0.08607,0.08618,0.0859,0.08599,1151793.0
2026-06-17 11:00:00+00:00,0.08599,0.08611,0.08549,0.08584,3400395.1
2026-06-17 12:00:00+00:00,0.08584,0.08629,0.0855,0.08628,4933113.2
2026-06-17 13:00:00+00:00,0.08628,0.08661,0.08596,0.0863,2608403.0
2026-06-17 14:00:00+00:00,0.0863,0.08657,0.08566,0.08609,2642576.0
2026-06-17 15:00:00+00:00,0.08609,0.08728,0.08602,0.08728,9346445.5
2026-06-17 16:00:00+00:00,0.08728,0.08776,0.08704,0.08707,2293816.3
2026-06-17 17:00:00+00:00,0.08707,0.08758,0.08687,0.08757,2789859.3
2026-06-17 18:00:00+00:00,0.08757,0.08788,0.08588,0.08707,16850747.1
2026-06-17 19:00:00+00:00,0.08707,0.08724,0.085,0.08542,12130742.7
2026-06-17 20:00:00+00:00,0.08542,0.08627,0.0853,0.08622,2171012.2
2026-06-17 21:00:00+00:00,0.08622,0.08627,0.08547,0.08561,4263375.9
2026-06-17 22:00:00+00:00,0.08561,0.08597,0.08466,0.08585,3711609.3
2026-06-17 23:00:00+00:00,0.08585,0.08618,0.08579,0.08589,625762.3
2026-06-18 00:00:00+00:00,0.08589,0.08636,0.08589,0.08621,1778151.6
2026-06-18 01:00:00+00:00,0.08621,0.08657,0.08608,0.08625,1710015.2
2026-06-18 02:00:00+00:00,0.08625,0.08637,0.08607,0.0862,497260.8
2026-06-18 03:00:00+00:00,0.0862,0.0862,0.08519,0.08533,1226166.4
2026-06-18 04:00:00+00:00,0.08533,0.08541,0.08439,0.08469,3933956.2
2026-06-18 05:00:00+00:00,0.08469,0.08469,0.08395,0.08425,3236519.7
2026-06-18 06:00:00+00:00,0.08425,0.08479,0.08413,0.0847,4910117.1
2026-06-18 07:00:00+00:00,0.0847,0.08515,0.08446,0.08494,2236326.8
2026-06-18 08:00:00+00:00,0.08494,0.08525,0.08482,0.08508,1799366.4
2026-06-18 09:00:00+00:00,0.08508,0.08523,0.0849,0.08509,2149583.2
2026-06-18 10:00:00+00:00,0.08509,0.0851,0.08456,0.08489,2233170.6
2026-06-18 11:00:00+00:00,0.08489,0.08503,0.08433,0.08453,1047194.2
2026-06-18 12:00:00+00:00,0.08453,0.08487,0.08445,0.08481,2242401.9
2026-06-18 13:00:00+00:00,0.08481,0.08492,0.08357,0.08406,4569171.8
2026-06-18 14:00:00+00:00,0.08406,0.08451,0.08365,0.0839,3354254.9
2026-06-18 15:00:00+00:00,0.0839,0.0839,0.08186,0.08201,13146779.2
2026-06-18 16:00:00+00:00,0.08201,0.08276,0.08196,0.08267,3664174.7
2026-06-18 17:00:00+00:00,0.08267,0.0827,0.08201,0.08237,8279332.1
2026-06-18 18:00:00+00:00,0.08237,0.08267,0.08227,0.08244,2299337.1
2026-06-18 19:00:00+00:00,0.08244,0.08302,0.08237,0.0829,1937651.5
2026-06-18 20:00:00+00:00,0.0829,0.08355,0.0829,0.08342,2675533.0
2026-06-18 21:00:00+00:00,0.08342,0.08353,0.08309,0.0834,1786592.6
2026-06-18 22:00:00+00:00,0.0834,0.0835,0.08303,0.08345,948714.8
2026-06-18 23:00:00+00:00,0.08345,0.08359,0.08314,0.08354,703019.0
2026-06-19 00:00:00+00:00,0.08354,0.08378,0.0834,0.08361,499292.4
2026-06-19 01:00:00+00:00,0.08361,0.0839,0.08348,0.08385,370984.5
2026-06-19 02:00:00+00:00,0.08385,0.08396,0.08352,0.08365,400293.8
2026-06-19 03:00:00+00:00,0.08365,0.08372,0.0826,0.08286,8750926.8
2026-06-19 04:00:00+00:00,0.08286,0.08303,0.08205,0.08225,2390887.1
2026-06-19 05:00:00+00:00,0.08225,0.08273,0.08224,0.08263,907147.4
2026-06-19 06:00:00+00:00,0.08263,0.0828,0.08246,0.08273,540976.8
2026-06-19 07:00:00+00:00,0.08273,0.08275,0.08198,0.08233,2752815.9
2026-06-19 08:00:00+00:00,0.08233,0.08267,0.08231,0.08254,793215.6
2026-06-19 09:00:00+00:00,0.08254,0.08261,0.08207,0.08226,1279904.0
2026-06-19 10:00:00+00:00,0.08226,0.08244,0.08206,0.08234,1087570.7
2026-06-19 11:00:00+00:00,0.08234,0.08251,0.08216,0.08242,760569.6
2026-06-19 12:00:00+00:00,0.08242,0.08274,0.08189,0.08269,9335676.1
2026-06-19 13:00:00+00:00,0.08269,0.08349,0.08246,0.08323,2738766.3
2026-06-19 14:00:00+00:00,0.08323,0.08339,0.083,0.08313,1210762.0
2026-06-19 15:00:00+00:00,0.08313,0.08337,0.08301,0.0832,1830590.5
2026-06-19 16:00:00+00:00,0.0832,0.0834,0.08287,0.0829,1703063.2
2026-06-19 17:00:00+00:00,0.0829,0.08345,0.08277,0.08337,438625.0
2026-06-19 18:00:00+00:00,0.08337,0.08339,0.08294,0.08315,614701.4
2026-06-19 19:00:00+00:00,0.08315,0.08316,0.08273,0.08291,542697.7
2026-06-19 20:00:00+00:00,0.08291,0.08323,0.08271,0.08323,429019.7
2026-06-19 21:00:00+00:00,0.08323,0.0833,0.0828,0.08284,493593.6
2026-06-19 22:00:00+00:00,0.08284,0.08327,0.08281,0.08323,225804.5
2026-06-19 23:00:00+00:00,0.08323,0.08371,0.08311,0.08355,1122546.0
2026-06-20 00:00:00+00:00,0.08355,0.08395,0.08342,0.08348,463152.1
2026-06-20 01:00:00+00:00,0.08348,0.0836,0.08329,0.08347,606492.2
2026-06-20 02:00:00+00:00,0.08347,0.08355,0.08304,0.08305,318090.5
2026-06-20 03:00:00+00:00,0.08305,0.08335,0.08304,0.08326,399673.5
2026-06-20 04:00:00+00:00,0.08326,0.08353,0.08322,0.08353,1180093.8
2026-06-20 05:00:00+00:00,0.08353,0.08421,0.08346,0.08395,3847321.6
2026-06-20 06:00:00+00:00,0.08395,0.08425,0.08388,0.08419,877619.1
2026-06-20 07:00:00+00:00,0.08419,0.08431,0.08392,0.08406,1377162.0
2026-06-20 08:00:00+00:00,0.08406,0.08411,0.08382,0.08396,794512.8
2026-06-20 09:00:00+00:00,0.08396,0.08429,0.08396,0.08419,1048884.6
2026-06-20 10:00:00+00:00,0.08419,0.08423,0.08387,0.08393,1152948.9
2026-06-20 11:00:00+00:00,0.08393,0.08403,0.08379,0.08387,818678.7
2026-06-20 12:00:00+00:00,0.08387,0.08403,0.08373,0.08384,1041363.6
2026-06-20 13:00:00+00:00,0.08384,0.08387,0.08322,0.08332,975372.5
2026-06-20 14:00:00+00:00,0.08332,0.08415,0.08266,0.08373,2376080.3
2026-06-20 15:00:00+00:00,0.08373,0.08423,0.08354,0.08374,3942460.7
2026-06-20 16:00:00+00:00,0.08374,0.08376,0.0833,0.0835,689821.3
2026-06-20 17:00:00+00:00,0.0835,0.0835,0.08284,0.08308,1378477.5
2026-06-20 18:00:00+00:00,0.08308,0.08343,0.08308,0.08314,776256.5
2026-06-20 19:00:00+00:00,0.08314,0.08345,0.08314,0.08332,386395.5
2026-06-20 20:00:00+00:00,0.08332,0.08344,0.08325,0.0834,724576.8
2026-06-20 21:00:00+00:00,0.0834,0.08364,0.08336,0.0835,1426083.6
2026-06-20 22:00:00+00:00,0.0835,0.08402,0.08342,0.08386,928093.9
2026-06-20 23:00:00+00:00,0.08386,0.08404,0.08367,0.08371,1216184.7
2026-06-21 00:00:00+00:00,0.08371,0.08374,0.08357,0.08369,662266.4
2026-06-21 01:00:00+00:00,0.08369,0.0837,0.08351,0.08364,460069.7
2026-06-21 02:00:00+00:00,0.08364,0.0837,0.08357,0.08357,546588.5
2026-06-21 03:00:00+00:00,0.08357,0.08385,0.08345,0.08368,796591.5
2026-06-21 04:00:00+00:00,0.08368,0.08382,0.08328,0.08331,522350.0
2026-06-21 05:00:00+00:00,0.08331,0.08343,0.08314,0.08323,679162.3
2026-06-21 06:00:00+00:00,0.08323,0.08349,0.08322,0.08342,170956.5
2026-06-21 07:00:00+00:00,0.08342,0.08367,0.08333,0.0835,480828.5
2026-06-21 08:00:00+00:00,0.0835,0.08356,0.08292,0.08317,1025773.0
2026-06-21 09:00:00+00:00,0.08317,0.08338,0.08303,0.08338,404096.8
2026-06-21 10:00:00+00:00,0.08338,0.08356,0.08328,0.08329,471767.9
2026-06-21 11:00:00+00:00,0.08329,0.08336,0.08278,0.08305,1586611.7
2026-06-21 12:00:00+00:00,0.08305,0.0834,0.08296,0.08337,822379.1
2026-06-21 13:00:00+00:00,0.08337,0.08345,0.08318,0.08345,1225916.3
2026-06-21 14:00:00+00:00,0.08345,0.08354,0.08327,0.08345,621563.2
2026-06-21 15:00:00+00:00,0.08345,0.0837,0.08342,0.08344,945866.7
2026-06-21 16:00:00+00:00,0.08344,0.08358,0.08316,0.08358,1081679.7
2026-06-21 17:00:00+00:00,0.08358,0.08377,0.08325,0.08341,1847974.9
2026-06-21 18:00:00+00:00,0.08341,0.08366,0.08318,0.08348,312226.5
2026-06-21 19:00:00+00:00,0.08348,0.08366,0.08346,0.08363,192976.4
2026-06-21 20:00:00+00:00,0.08363,0.08365,0.08309,0.08317,543065.7
2026-06-21 21:00:00+00:00,0.08317,0.0832,0.08231,0.0829,5221781.3
2026-06-21 22:00:00+00:00,0.0829,0.08311,0.08264,0.08291,1704295.4
2026-06-21 23:00:00+00:00,0.08291,0.08291,0.08214,0.08223,1057361.4
2026-06-22 00:00:00+00:00,0.08223,0.08319,0.08223,0.08315,1307353.1
2026-06-22 01:00:00+00:00,0.08315,0.08432,0.08303,0.0837,2850218.4
2026-06-22 02:00:00+00:00,0.0837,0.08377,0.08331,0.08333,1070400.1
2026-06-22 03:00:00+00:00,0.08333,0.0835,0.08283,0.08294,1182663.8
2026-06-22 04:00:00+00:00,0.08294,0.08323,0.08278,0.0832,628957.1
2026-06-22 05:00:00+00:00,0.0832,0.08348,0.0832,0.08332,457731.8
2026-06-22 06:00:00+00:00,0.08332,0.08351,0.08314,0.08319,550057.5
2026-06-22 07:00:00+00:00,0.08319,0.08373,0.08317,0.0835,1299386.5
2026-06-22 08:00:00+00:00,0.0835,0.0838,0.08335,0.08357,1008542.4
2026-06-22 09:00:00+00:00,0.08357,0.08376,0.08357,0.0837,614092.6
2026-06-22 10:00:00+00:00,0.0837,0.08396,0.0835,0.08368,740741.0
2026-06-22 11:00:00+00:00,0.08368,0.08447,0.08365,0.08425,2327622.5
2026-06-22 12:00:00+00:00,0.08425,0.08465,0.08417,0.08461,2905020.6
2026-06-22 13:00:00+00:00,0.08461,0.08503,0.08434,0.08503,1636085.6
2026-06-22 14:00:00+00:00,0.08503,0.08508,0.0837,0.08395,3109014.7
2026-06-22 15:00:00+00:00,0.08395,0.08412,0.08353,0.08366,2386775.0
2026-06-22 16:00:00+00:00,0.08366,0.08366,0.08311,0.08338,1406626.4
2026-06-22 17:00:00+00:00,0.08338,0.08341,0.08295,0.08332,1562627.7
2026-06-22 18:00:00+00:00,0.08332,0.08347,0.08278,0.08287,1801809.5
2026-06-22 19:00:00+00:00,0.08287,0.08293,0.08251,0.08275,1014173.3
2026-06-22 20:00:00+00:00,0.08275,0.08303,0.08267,0.08285,631019.7
2026-06-22 21:00:00+00:00,0.08285,0.08287,0.08239,0.08274,283947.7
2026-06-22 22:00:00+00:00,0.08274,0.08288,0.08191,0.08223,2749091.6
2026-06-22 23:00:00+00:00,0.08223,0.08254,0.08217,0.08248,547825.2
2026-06-23 00:00:00+00:00,0.08248,0.08261,0.082,0.0826,854951.3
2026-06-23 01:00:00+00:00,0.0826,0.08272,0.08124,0.08191,6020281.7
2026-06-23 02:00:00+00:00,0.08191,0.08237,0.08176,0.0823,1186796.1
2026-06-23 03:00:00+00:00,0.0823,0.0823,0.08187,0.08222,1056175.9
2026-06-23 04:00:00+00:00,0.08222,0.08222,0.08163,0.08168,939504.2
2026-06-23 05:00:00+00:00,0.08168,0.08182,0.0814,0.08169,1494977.3
2026-06-23 06:00:00+00:00,0.08169,0.08172,0.07972,0.08025,20121500.5
2026-06-23 07:00:00+00:00,0.08025,0.08044,0.07999,0.08,2359360.4
2026-06-23 08:00:00+00:00,0.08,0.08005,0.07842,0.0791,20967364.8
2026-06-23 09:00:00+00:00,0.0791,0.07929,0.07898,0.07902,1640270.3
2026-06-23 10:00:00+00:00,0.07902,0.07937,0.07897,0.07912,1185623.3
2026-06-23 11:00:00+00:00,0.07912,0.07962,0.07912,0.07958,1932831.9
2026-06-23 12:00:00+00:00,0.07958,0.07965,0.07931,0.07945,1296564.6
2026-06-23 13:00:00+00:00,0.07945,0.07982,0.07902,0.07962,2683129.4
2026-06-23 14:00:00+00:00,0.07962,0.07983,0.07892,0.07901,1953756.0
2026-06-23 15:00:00+00:00,0.07901,0.07905,0.07838,0.07884,3809001.4
2026-06-23 16:00:00+00:00,0.07884,0.07937,0.07874,0.07895,2172064.8
2026-06-23 17:00:00+00:00,0.07895,0.0791,0.07852,0.0786,1329919.4
2026-06-23 18:00:00+00:00,0.0786,0.07887,0.0783,0.07859,1112690.6
2026-06-23 19:00:00+00:00,0.07859,0.07878,0.07836,0.07847,1705690.6
2026-06-23 20:00:00+00:00,0.07847,0.07883,0.07838,0.07851,493420.5
2026-06-23 21:00:00+00:00,0.07851,0.07879,0.07851,0.07877,685387.0
2026-06-23 22:00:00+00:00,0.07877,0.07912,0.07872,0.07901,700322.5
2026-06-23 23:00:00+00:00,0.07901,0.07912,0.07874,0.0789,406774.0
2026-06-24 00:00:00+00:00,0.0789,0.07927,0.07888,0.07914,1304543.5
2026-06-24 01:00:00+00:00,0.07914,0.07979,0.07896,0.07959,1950876.5
2026-06-24 02:00:00+00:00,0.07959,0.07965,0.0791,0.07912,1982589.8
2026-06-24 03:00:00+00:00,0.07912,0.07932,0.07881,0.0791,2409872.5
2026-06-24 04:00:00+00:00,0.0791,0.07921,0.0785,0.0792,1592424.9
2026-06-24 05:00:00+00:00,0.0792,0.07947,0.07913,0.07921,801422.8
2026-06-24 06:00:00+00:00,0.07921,0.07925,0.07896,0.07905,1057923.9
2026-06-24 07:00:00+00:00,0.07905,0.07906,0.07878,0.07886,1447078.5
2026-06-24 08:00:00+00:00,0.07886,0.0792,0.07885,0.07918,1165782.8
2026-06-24 09:00:00+00:00,0.07918,0.07918,0.07872,0.07898,926410.9
2026-06-24 10:00:00+00:00,0.07898,0.07898,0.07851,0.07859,804902.6
2026-06-24 11:00:00+00:00,0.07859,0.0796,0.07801,0.07903,6798361.4
2026-06-24 12:00:00+00:00,0.07903,0.07908,0.07856,0.07862,776188.9
2026-06-24 13:00:00+00:00,0.07862,0.07864,0.07671,0.07681,15657626.9
2026-06-24 14:00:00+00:00,0.07681,0.07715,0.07649,0.07675,8580090.5
2026-06-24 15:00:00+00:00,0.07675,0.07698,0.07461,0.07477,23698133.9
2026-06-24 16:00:00+00:00,0.07477,0.07564,0.07362,0.0742,30692927.0
2026-06-24 17:00:00+00:00,0.0742,0.07454,0.07282,0.07306,16474913.9
2026-06-24 18:00:00+00:00,0.07306,0.07441,0.0729,0.07387,9497029.1
2026-06-24 19:00:00+00:00,0.07387,0.07419,0.07363,0.07413,5105068.2
2026-06-24 20:00:00+00:00,0.07413,0.07582,0.07399,0.07559,8678098.7
2026-06-24 21:00:00+00:00,0.07559,0.07614,0.07514,0.07606,1890575.2
2026-06-24 22:00:00+00:00,0.07606,0.07647,0.07582,0.07588,2903538.9
2026-06-24 23:00:00+00:00,0.07588,0.07618,0.07578,0.07613,1070141.3
2026-06-25 00:00:00+00:00,0.07613,0.07644,0.07603,0.07617,1444446.7
2026-06-25 01:00:00+00:00,0.07617,0.0764,0.07609,0.0763,1115383.2
2026-06-25 02:00:00+00:00,0.0763,0.07641,0.07604,0.0762,988059.2
2026-06-25 03:00:00+00:00,0.0762,0.07631,0.07593,0.07604,1420894.3
2026-06-25 04:00:00+00:00,0.07604,0.07679,0.07581,0.07678,1794856.8
2026-06-25 05:00:00+00:00,0.07678,0.07748,0.07671,0.07729,10493772.9
2026-06-25 06:00:00+00:00,0.07729,0.0775,0.07708,0.07729,2558405.4
2026-06-25 07:00:00+00:00,0.07729,0.07736,0.07707,0.07733,1036200.8
2026-06-25 08:00:00+00:00,0.07733,0.0774,0.07703,0.07703,1432774.4
2026-06-25 09:00:00+00:00,0.07703,0.07719,0.07685,0.077,1832865.3
2026-06-25 10:00:00+00:00,0.077,0.077,0.07611,0.07622,5522701.9
2026-06-25 11:00:00+00:00,0.07622,0.07634,0.07577,0.07594,3579243.0
2026-06-25 12:00:00+00:00,0.07594,0.0764,0.07538,0.07606,14053591.5
2026-06-25 13:00:00+00:00,0.07606,0.07644,0.07145,0.07173,30619348.0
2026-06-25 14:00:00+00:00,0.07173,0.07454,0.07173,0.07313,33919358.1
2026-06-25 15:00:00+00:00,0.07313,0.07354,0.07215,0.07345,18667743.4
2026-06-25 16:00:00+00:00,0.07345,0.07419,0.07311,0.07341,9186839.7
2026-06-25 17:00:00+00:00,0.07341,0.07526,0.07341,0.07493,7080200.5
2026-06-25 18:00:00+00:00,0.07493,0.07497,0.07348,0.07357,6004724.5
2026-06-25 19:00:00+00:00,0.07357,0.07366,0.07292,0.07336,3467746.4
2026-06-25 20:00:00+00:00,0.07336,0.07405,0.07336,0.07359,3042034.4
2026-06-25 21:00:00+00:00,0.07359,0.07491,0.07359,0.07491,3082149.1
2026-06-25 22:00:00+00:00,0.07491,0.075,0.07455,0.0747,2337599.8
2026-06-25 23:00:00+00:00,0.0747,0.07531,0.07461,0.07491,2554603.7
2026-06-26 00:00:00+00:00,0.07491,0.07511,0.07463,0.07468,2696467.9
2026-06-26 01:00:00+00:00,0.07468,0.07479,0.07384,0.07402,2157206.1
2026-06-26 02:00:00+00:00,0.07402,0.07404,0.0725,0.0727,12741493.5
2026-06-26 03:00:00+00:00,0.0727,0.07479,0.07215,0.07467,16618977.1
2026-06-26 04:00:00+00:00,0.07467,0.07482,0.07415,0.07429,3929129.5
2026-06-26 05:00:00+00:00,0.07429,0.07451,0.07398,0.07443,2221684.7
2026-06-26 06:00:00+00:00,0.07443,0.07524,0.07398,0.07477,12282757.8
2026-06-26 07:00:00+00:00,0.07477,0.07529,0.07469,0.07515,4279994.8
2026-06-26 08:00:00+00:00,0.07515,0.07517,0.07429,0.07444,3412758.2
2026-06-26 09:00:00+00:00,0.07444,0.07457,0.07391,0.07401,2581108.5
2026-06-26 10:00:00+00:00,0.07401,0.07417,0.07364,0.07371,3158986.9
2026-06-26 11:00:00+00:00,0.07371,0.07401,0.07333,0.07348,2647837.0
2026-06-26 12:00:00+00:00,0.07348,0.07428,0.07293,0.07336,7522498.5
2026-06-26 13:00:00+00:00,0.07336,0.07475,0.07284,0.07474,9344779.0
2026-06-26 14:00:00+00:00,0.07474,0.07492,0.07387,0.07396,5467176.2
2026-06-26 15:00:00+00:00,0.07396,0.07539,0.07386,0.07501,7763145.3
2026-06-26 16:00:00+00:00,0.07501,0.07564,0.07464,0.07532,11107423.9
2026-06-26 17:00:00+00:00,0.07532,0.07574,0.07523,0.07559,2219586.0
2026-06-26 18:00:00+00:00,0.07559,0.07582,0.0751,0.07518,1697956.4
2026-06-26 19:00:00+00:00,0.07518,0.07612,0.07506,0.07556,4397718.5
2026-06-26 20:00:00+00:00,0.07556,0.07615,0.07533,0.0755,4902208.0
2026-06-26 21:00:00+00:00,0.0755,0.07589,0.07525,0.07548,2722851.6
2026-06-26 22:00:00+00:00,0.07548,0.07572,0.07519,0.0757,1261060.5
2026-06-26 23:00:00+00:00,0.0757,0.07592,0.07564,0.07578,1458388.7
2026-06-27 00:00:00+00:00,0.07578,0.07601,0.07513,0.07544,4928872.5
2026-06-27 01:00:00+00:00,0.07544,0.07548,0.07527,0.07542,1316523.6
2026-06-27 02:00:00+00:00,0.07542,0.07606,0.0754,0.07594,1719616.1
2026-06-27 03:00:00+00:00,0.07594,0.07595,0.0756,0.07565,2201407.8
2026-06-27 04:00:00+00:00,0.07565,0.07599,0.07559,0.0756,1367529.5
2026-06-27 05:00:00+00:00,0.0756,0.07578,0.07541,0.07575,758753.5
2026-06-27 06:00:00+00:00,0.07575,0.07586,0.07546,0.07571,1392116.6
2026-06-27 07:00:00+00:00,0.07571,0.07588,0.07558,0.07581,707318.2
2026-06-27 08:00:00+00:00,0.07581,0.07583,0.07543,0.07558,894415.4
2026-06-27 09:00:00+00:00,0.07558,0.07566,0.0753,0.07542,630526.6
2026-06-27 10:00:00+00:00,0.07542,0.07545,0.07527,0.07537,2601775.2
2026-06-27 11:00:00+00:00,0.07537,0.07539,0.07499,0.07532,2432034.2
2026-06-27 12:00:00+00:00,0.07532,0.07563,0.07525,0.07557,708904.2
2026-06-27 13:00:00+00:00,0.07557,0.07593,0.07548,0.07584,836394.5
2026-06-27 14:00:00+00:00,0.07584,0.07606,0.07571,0.07596,1113070.4
2026-06-27 15:00:00+00:00,0.07596,0.07644,0.07589,0.07624,2593556.9
2026-06-27 16:00:00+00:00,0.07624,0.07635,0.07594,0.07624,2004581.4
2026-06-27 17:00:00+00:00,0.07624,0.07629,0.07563,0.07567,2526505.7
2026-06-27 18:00:00+00:00,0.07567,0.07571,0.07523,0.07534,2447148.3
2026-06-27 19:00:00+00:00,0.07534,0.07543,0.07451,0.07476,3738252.4
2026-06-27 20:00:00+00:00,0.07476,0.07495,0.0747,0.07476,9428415.4
2026-06-27 21:00:00+00:00,0.07476,0.07499,0.07443,0.07458,10045985.6
2026-06-27 22:00:00+00:00,0.07458,0.07485,0.0741,0.07485,1283361.1
2026-06-27 23:00:00+00:00,0.07485,0.07488,0.07443,0.07451,420931.1
2026-06-28 00:00:00+00:00,0.07451,0.0747,0.07448,0.07461,947474.4
2026-06-28 01:00:00+00:00,0.07461,0.07466,0.07438,0.07449,701774.9
2026-06-28 02:00:00+00:00,0.07449,0.07462,0.07409,0.07416,2202180.1
2026-06-28 03:00:00+00:00,0.07416,0.07447,0.07415,0.07429,413662.8
2026-06-28 04:00:00+00:00,0.07429,0.0743,0.07399,0.07404,517521.8
2026-06-28 05:00:00+00:00,0.07404,0.07404,0.07349,0.07387,1540823.5
2026-06-28 06:00:00+00:00,0.07387,0.07391,0.07323,0.07351,2522211.5
2026-06-28 07:00:00+00:00,0.07351,0.07379,0.07346,0.07379,650405.1
2026-06-28 08:00:00+00:00,0.07379,0.07428,0.07368,0.07407,1172270.1
2026-06-28 09:00:00+00:00,0.07407,0.07428,0.07353,0.07361,1096100.2
2026-06-28 10:00:00+00:00,0.07361,0.07372,0.07332,0.07348,1173149.6
2026-06-28 11:00:00+00:00,0.07348,0.07389,0.07336,0.07383,1251770.3
2026-06-28 12:00:00+00:00,0.07383,0.07405,0.07345,0.07377,759596.4
2026-06-28 13:00:00+00:00,0.07377,0.0738,0.07341,0.07354,929526.4
2026-06-28 14:00:00+00:00,0.07354,0.074,0.07353,0.07366,1318083.4
2026-06-28 15:00:00+00:00,0.07366,0.07386,0.07339,0.07357,1410487.8
2026-06-28 16:00:00+00:00,0.07357,0.07363,0.07299,0.07316,2862154.6
2026-06-28 17:00:00+00:00,0.07316,0.07344,0.07274,0.0732,3234868.9
2026-06-28 18:00:00+00:00,0.0732,0.07331,0.07299,0.07327,1599560.7
2026-06-28 19:00:00+00:00,0.07327,0.07336,0.07264,0.07297,1037388.9
2026-06-28 20:00:00+00:00,0.07297,0.07343,0.0729,0.07323,645633.0
2026-06-28 21:00:00+00:00,0.07323,0.07326,0.0725,0.07278,1935921.6
2026-06-28 22:00:00+00:00,0.07278,0.07372,0.07215,0.07248,5180588.5
2026-06-28 23:00:00+00:00,0.07248,0.0734,0.0724,0.07318,1403030.6
2026-06-29 00:00:00+00:00,0.07318,0.07336,0.07221,0.07334,2591491.2
2026-06-29 01:00:00+00:00,0.07334,0.07335,0.07254,0.07283,1994626.1
2026-06-29 02:00:00+00:00,0.07283,0.0732,0.07196,0.07307,6617112.4
2026-06-29 03:00:00+00:00,0.07307,0.07365,0.07305,0.0733,2242583.2
2026-06-29 04:00:00+00:00,0.0733,0.07333,0.07234,0.07256,1664481.8
2026-06-29 05:00:00+00:00,0.07256,0.0731,0.07209,0.0731,5014305.2
2026-06-29 06:00:00+00:00,0.0731,0.07349,0.07302,0.07319,4359281.3
2026-06-29 07:00:00+00:00,0.07319,0.0733,0.07279,0.07279,1274017.2
2026-06-29 08:00:00+00:00,0.07279,0.07295,0.07224,0.07256,2923853.9
2026-06-29 09:00:00+00:00,0.07256,0.07297,0.07253,0.07282,1524062.5
2026-06-29 10:00:00+00:00,0.07282,0.07323,0.07282,0.0729,1618758.2
2026-06-29 11:00:00+00:00,0.0729,0.07315,0.07248,0.07289,6731111.5
2026-06-29 12:00:00+00:00,0.07289,0.07389,0.07247,0.07295,6780429.8
2026-06-29 13:00:00+00:00,0.07295,0.07352,0.07226,0.07271,5918766.7
2026-06-29 14:00:00+00:00,0.07271,0.07293,0.07203,0.0726,4761805.2
2026-06-29 15:00:00+00:00,0.0726,0.07299,0.07203,0.07282,2706177.7
2026-06-29 16:00:00+00:00,0.07282,0.07298,0.07213,0.07282,6304264.6
2026-06-29 17:00:00+00:00,0.07282,0.07427,0.07279,0.07392,9111030.0
2026-06-29 18:00:00+00:00,0.07392,0.07408,0.07374,0.07386,2520229.1
2026-06-29 19:00:00+00:00,0.07386,0.07412,0.07371,0.07392,1158877.1
2026-06-29 20:00:00+00:00,0.07392,0.07396,0.07371,0.07372,4495260.9
2026-06-29 21:00:00+00:00,0.07372,0.07413,0.0736,0.07395,1322767.3
2026-06-29 22:00:00+00:00,0.07395,0.07401,0.07345,0.07345,541495.8
2026-06-29 23:00:00+00:00,0.07345,0.07351,0.07322,0.07344,992209.6
2026-06-30 00:00:00+00:00,0.07344,0.07354,0.07254,0.07257,5070573.5
2026-06-30 01:00:00+00:00,0.07257,0.07278,0.07229,0.07257,2565898.0
2026-06-30 02:00:00+00:00,0.07257,0.07273,0.0723,0.07265,2121085.6
2026-06-30 03:00:00+00:00,0.07265,0.07282,0.07238,0.07247,5203001.7
2026-06-30 04:00:00+00:00,0.07247,0.0726,0.07215,0.07245,7184705.3
2026-06-30 05:00:00+00:00,0.07245,0.07247,0.0721,0.07246,5331441.1
2026-06-30 06:00:00+00:00,0.07246,0.07259,0.07232,0.07248,1972582.7
2026-06-30 07:00:00+00:00,0.07248,0.07263,0.07232,0.0724,1124977.4
2026-06-30 08:00:00+00:00,0.0724,0.07248,0.07201,0.07237,3276568.3
2026-06-30 09:00:00+00:00,0.07237,0.07257,0.07222,0.07255,1686154.0
2026-06-30 10:00:00+00:00,0.07255,0.07264,0.0723,0.07249,2487630.6
2026-06-30 11:00:00+00:00,0.07249,0.07255,0.071,0.07145,20589798.1
2026-06-30 12:00:00+00:00,0.07145,0.07145,0.06952,0.06966,50001536.1
2026-06-30 13:00:00+00:00,0.06966,0.07085,0.06964,0.07075,12299248.9
2026-06-30 14:00:00+00:00,0.07075,0.0713,0.07023,0.07036,6518489.2
2026-06-30 15:00:00+00:00,0.07036,0.0711,0.07021,0.07072,5300855.7
2026-06-30 16:00:00+00:00,0.07072,0.07156,0.07057,0.07141,2947278.3
2026-06-30 17:00:00+00:00,0.07141,0.07165,0.07115,0.07135,1106939.7
2026-06-30 18:00:00+00:00,0.07135,0.07286,0.07126,0.07244,15278524.8
2026-06-30 19:00:00+00:00,0.07244,0.07255,0.07212,0.0723,1948296.2
2026-06-30 20:00:00+00:00,0.0723,0.07238,0.07192,0.07205,722223.4
2026-06-30 21:00:00+00:00,0.07205,0.07223,0.07185,0.07214,14543493.0
2026-06-30 22:00:00+00:00,0.07214,0.07233,0.07183,0.07196,5183265.6
2026-06-30 23:00:00+00:00,0.07196,0.07214,0.07184,0.07207,4337941.0
2026-07-01 00:00:00+00:00,0.07207,0.07217,0.07162,0.0718,5887095.8
2026-07-01 01:00:00+00:00,0.0718,0.07211,0.07051,0.07188,6741405.6
2026-07-01 02:00:00+00:00,0.07188,0.07229,0.07174,0.07197,7045273.7
2026-07-01 03:00:00+00:00,0.07197,0.07249,0.07186,0.07233,2560597.8
2026-07-01 04:00:00+00:00,0.07233,0.07271,0.07227,0.07253,831581.1
2026-07-01 05:00:00+00:00,0.07253,0.0726,0.07224,0.07233,1047302.1
2026-07-01 06:00:00+00:00,0.07233,0.07236,0.0711,0.07141,9361184.3
2026-07-01 07:00:00+00:00,0.07141,0.07161,0.0713,0.07151,1536431.1
2026-07-01 08:00:00+00:00,0.07151,0.07156,0.07089,0.07151,2538901.1
2026-07-01 09:00:00+00:00,0.07151,0.07161,0.07115,0.07131,3291126.8
2026-07-01 10:00:00+00:00,0.07131,0.07138,0.07081,0.07098,1911535.4
2026-07-01 11:00:00+00:00,0.07098,0.07125,0.07083,0.07116,947478.0
2026-07-01 12:00:00+00:00,0.07116,0.07145,0.07088,0.07145,2475748.3
2026-07-01 13:00:00+00:00,0.07145,0.07249,0.07123,0.07242,9609891.2
2026-07-01 14:00:00+00:00,0.07242,0.073,0.07216,0.07263,5004309.6
2026-07-01 15:00:00+00:00,0.07263,0.07357,0.07263,0.07337,6336627.6
2026-07-01 16:00:00+00:00,0.07337,0.07353,0.07293,0.07305,4029833.6
2026-07-01 17:00:00+00:00,0.07305,0.07362,0.07278,0.07347,2182163.2
2026-07-01 18:00:00+00:00,0.07347,0.0736,0.07301,0.0731,2586499.5
2026-07-01 19:00:00+00:00,0.0731,0.07337,0.07269,0.07283,2653326.8
2026-07-01 20:00:00+00:00,0.07283,0.07289,0.07254,0.07284,2258446.0
2026-07-01 21:00:00+00:00,0.07284,0.07359,0.07282,0.07346,5241405.3
2026-07-01 22:00:00+00:00,0.07346,0.07396,0.073,0.07306,5182014.9
2026-07-01 23:00:00+00:00,0.07306,0.07306,0.07218,0.0722,4595493.7
2026-07-02 00:00:00+00:00,0.0722,0.07231,0.07165,0.07192,1900587.2
2026-07-02 01:00:00+00:00,0.07192,0.07285,0.07192,0.07254,1421054.5
2026-07-02 02:00:00+00:00,0.07254,0.07283,0.07228,0.07275,895461.4
2026-07-02 03:00:00+00:00,0.07275,0.07349,0.07234,0.07338,7608821.4
2026-07-02 04:00:00+00:00,0.07338,0.07344,0.07291,0.07327,3709232.9
2026-07-02 05:00:00+00:00,0.07327,0.07327,0.07261,0.07275,1694309.3
2026-07-02 06:00:00+00:00,0.07275,0.07288,0.07243,0.07251,5468457.6
2026-07-02 07:00:00+00:00,0.07251,0.07263,0.07232,0.07255,4548843.8
2026-07-02 08:00:00+00:00,0.07255,0.07309,0.07252,0.07306,1837544.5
2026-07-02 09:00:00+00:00,0.07306,0.07379,0.07276,0.07347,6540127.0
2026-07-02 10:00:00+00:00,0.07347,0.07411,0.0734,0.07398,2582204.6
2026-07-02 11:00:00+00:00,0.07398,0.07435,0.07382,0.07419,3031473.8
2026-07-02 12:00:00+00:00,0.07419,0.07475,0.07409,0.07436,10130396.1
2026-07-02 13:00:00+00:00,0.07436,0.07556,0.07425,0.07509,9507486.2
2026-07-02 14:00:00+00:00,0.07509,0.07548,0.07426,0.07449,7064065.9
2026-07-02 15:00:00+00:00,0.07449,0.07475,0.07404,0.07454,4066844.3
2026-07-02 16:00:00+00:00,0.07454,0.07477,0.0741,0.07432,2256150.3
2026-07-02 17:00:00+00:00,0.07432,0.07458,0.07414,0.07424,1320349.7
2026-07-02 18:00:00+00:00,0.07424,0.07454,0.07422,0.07439,1504754.9
2026-07-02 19:00:00+00:00,0.07439,0.07451,0.07414,0.07423,1718792.1
2026-07-02 20:00:00+00:00,0.07423,0.07428,0.07399,0.07411,2537749.8
2026-07-02 21:00:00+00:00,0.07411,0.07418,0.07385,0.07408,1399790.3
2026-07-02 22:00:00+00:00,0.07408,0.07412,0.07376,0.074,615922.8
2026-07-02 23:00:00+00:00,0.074,0.07438,0.07388,0.07418,653625.8
2026-07-03 00:00:00+00:00,0.07418,0.07431,0.07394,0.074,1658848.8
2026-07-03 01:00:00+00:00,0.074,0.07498,0.07396,0.0748,3264252.4
2026-07-03 02:00:00+00:00,0.0748,0.07491,0.07443,0.07475,1096683.2
2026-07-03 03:00:00+00:00,0.07475,0.07486,0.07428,0.07483,3072926.5
2026-07-03 04:00:00+00:00,0.07483,0.07483,0.07444,0.07451,925936.0
2026-07-03 05:00:00+00:00,0.07451,0.07541,0.07451,0.07506,2386912.8
2026-07-03 06:00:00+00:00,0.07506,0.07535,0.07504,0.0752,5342482.7
2026-07-03 07:00:00+00:00,0.0752,0.07539,0.07509,0.07531,2222631.7
2026-07-03 08:00:00+00:00,0.07531,0.07558,0.07486,0.07491,9561616.7
2026-07-03 09:00:00+00:00,0.07491,0.07514,0.07476,0.07501,1213974.8
2026-07-03 10:00:00+00:00,0.07501,0.07559,0.07497,0.0754,2799686.1
2026-07-03 11:00:00+00:00,0.0754,0.07614,0.07528,0.07594,5531607.2
2026-07-03 12:00:00+00:00,0.07594,0.07616,0.07568,0.07603,2974815.0
2026-07-03 13:00:00+00:00,0.07603,0.0767,0.07595,0.07663,7369850.5
2026-07-03 14:00:00+00:00,0.07663,0.0768,0.07594,0.07674,9120118.2
2026-07-03 15:00:00+00:00,0.07674,0.07736,0.0762,0.07635,17667653.9
2026-07-03 16:00:00+00:00,0.07635,0.07677,0.07615,0.07647,2434572.7
2026-07-03 17:00:00+00:00,0.07647,0.07706,0.0764,0.07698,13158883.4
2026-07-03 18:00:00+00:00,0.07698,0.07701,0.07671,0.07693,992417.4
2026-07-03 19:00:00+00:00,0.07693,0.07768,0.07677,0.0772,4399748.0
2026-07-03 20:00:00+00:00,0.0772,0.07823,0.07716,0.07804,8710809.6
2026-07-03 21:00:00+00:00,0.07804,0.07848,0.07753,0.07816,3620484.4
2026-07-03 22:00:00+00:00,0.07816,0.07824,0.07756,0.07784,1160461.0
2026-07-03 23:00:00+00:00,0.07784,0.07784,0.07724,0.07755,1260225.9
2026-07-04 00:00:00+00:00,0.07755,0.07774,0.07729,0.07738,2111833.6
2026-07-04 01:00:00+00:00,0.07738,0.07738,0.07672,0.07688,3095706.1
2026-07-04 02:00:00+00:00,0.07688,0.07704,0.07662,0.077,2790872.1
2026-07-04 03:00:00+00:00,0.077,0.07746,0.07679,0.07734,1321765.6
2026-07-04 04:00:00+00:00,0.07734,0.07817,0.07717,0.07782,3271848.0
2026-07-04 05:00:00+00:00,0.07782,0.07782,0.07705,0.07717,10204349.0
2026-07-04 06:00:00+00:00,0.07717,0.07747,0.07666,0.07711,14474433.2
2026-07-04 07:00:00+00:00,0.07711,0.07711,0.07675,0.07693,2907141.8
2026-07-04 08:00:00+00:00,0.07693,0.07705,0.07682,0.07702,767655.6
2026-07-04 09:00:00+00:00,0.07702,0.07723,0.07663,0.07687,3613179.3
2026-07-04 10:00:00+00:00,0.07687,0.07717,0.07675,0.07713,1391683.0
2026-07-04 11:00:00+00:00,0.07713,0.0772,0.07693,0.07693,2206798.2
2026-07-04 12:00:00+00:00,0.07693,0.07715,0.07686,0.07714,1465432.2
2026-07-04 13:00:00+00:00,0.07714,0.07747,0.07697,0.07717,1786323.2
2026-07-04 14:00:00+00:00,0.07717,0.0778,0.07714,0.07773,3444335.5
2026-07-04 15:00:00+00:00,0.07773,0.07876,0.0777,0.07858,6595307.8
2026-07-04 16:00:00+00:00,0.07858,0.07895,0.0782,0.07851,5939261.2
2026-07-04 17:00:00+00:00,0.07851,0.07926,0.0781,0.0791,21188389.1
2026-07-04 18:00:00+00:00,0.0791,0.07932,0.07892,0.0792,3247007.7
2026-07-04 19:00:00+00:00,0.0792,0.07938,0.07848,0.07854,11941086.2
2026-07-04 20:00:00+00:00,0.07854,0.07872,0.07795,0.07805,3147528.6
2026-07-04 21:00:00+00:00,0.07805,0.07854,0.07802,0.07824,3600411.9
2026-07-04 22:00:00+00:00,0.07824,0.07827,0.07783,0.07795,1978323.6
2026-07-04 23:00:00+00:00,0.07795,0.07796,0.07739,0.07767,3123003.7
2026-07-05 00:00:00+00:00,0.07767,0.07768,0.07703,0.07718,3506653.7
2026-07-05 01:00:00+00:00,0.07718,0.07738,0.07669,0.07686,14309956.3
2026-07-05 02:00:00+00:00,0.07686,0.07686,0.07568,0.07587,9741990.1
2026-07-05 03:00:00+00:00,0.07587,0.07624,0.07585,0.07596,3135948.2
2026-07-05 04:00:00+00:00,0.07596,0.07638,0.07587,0.07613,4105444.8
2026-07-05 05:00:00+00:00,0.07613,0.07613,0.07565,0.07586,2738574.3
2026-07-05 06:00:00+00:00,0.07586,0.07599,0.07565,0.0759,2137944.1
2026-07-05 07:00:00+00:00,0.0759,0.07626,0.07575,0.07618,1814750.7
2026-07-05 08:00:00+00:00,0.07618,0.07627,0.076,0.07602,699317.0
2026-07-05 09:00:00+00:00,0.07602,0.07606,0.07537,0.07557,2389499.1
2026-07-05 10:00:00+00:00,0.07557,0.07595,0.07532,0.07585,2051447.0
2026-07-05 11:00:00+00:00,0.07585,0.07599,0.07575,0.07592,1947406.8
2026-07-05 12:00:00+00:00,0.07592,0.07657,0.07569,0.07654,7816742.2
2026-07-05 13:00:00+00:00,0.07654,0.07669,0.07638,0.07661,2810052.0
2026-07-05 14:00:00+00:00,0.07661,0.0772,0.07649,0.07706,2568371.9
2026-07-05 15:00:00+00:00,0.07706,0.07735,0.07681,0.07716,3418947.8
2026-07-05 16:00:00+00:00,0.07716,0.07748,0.07691,0.07707,1996114.6
2026-07-05 17:00:00+00:00,0.07707,0.07786,0.07702,0.07731,3346675.6
2026-07-05 18:00:00+00:00,0.07731,0.07777,0.07724,0.07763,973024.8
2026-07-05 19:00:00+00:00,0.07763,0.0778,0.07721,0.07726,1002639.5
2026-07-05 20:00:00+00:00,0.07726,0.0775,0.07702,0.0771,1649090.8
2026-07-05 21:00:00+00:00,0.0771,0.07829,0.07693,0.07794,6088401.8
2026-07-05 22:00:00+00:00,0.07794,0.07883,0.07777,0.0784,6656815.2
2026-07-05 23:00:00+00:00,0.0784,0.07883,0.07776,0.0779,7874092.5
2026-07-06 00:00:00+00:00,0.0779,0.07813,0.07706,0.07813,3430432.1
2026-07-06 01:00:00+00:00,0.07813,0.07828,0.07768,0.0777,2030788.1
2026-07-06 02:00:00+00:00,0.0777,0.07806,0.07744,0.0777,1593143.1
2026-07-06 03:00:00+00:00,0.0777,0.07779,0.07719,0.07748,4546528.2
2026-07-06 04:00:00+00:00,0.07748,0.07748,0.07709,0.07712,2422221.5
2026-07-06 05:00:00+00:00,0.07712,0.07712,0.07644,0.07664,3546262.5
2026-07-06 06:00:00+00:00,0.07664,0.07676,0.07653,0.07666,838376.2
2026-07-06 07:00:00+00:00,0.07666,0.0771,0.07654,0.07696,1910758.3
2026-07-06 08:00:00+00:00,0.07696,0.0772,0.07686,0.07706,1459943.0
2026-07-06 09:00:00+00:00,0.07706,0.07708,0.0766,0.07674,1944753.0
2026-07-06 10:00:00+00:00,0.07674,0.07727,0.07669,0.07715,1641767.8
2026-07-06 11:00:00+00:00,0.07715,0.07744,0.07675,0.07675,1386331.0
2026-07-06 12:00:00+00:00,0.07675,0.07675,0.07497,0.07498,16147987.2
2026-07-06 13:00:00+00:00,0.07498,0.07555,0.07438,0.07528,5638861.7
2026-07-06 14:00:00+00:00,0.07528,0.07593,0.07508,0.07554,1979153.4
2026-07-06 15:00:00+00:00,0.07554,0.07656,0.07554,0.07624,8922184.8
2026-07-06 16:00:00+00:00,0.07624,0.07709,0.076,0.07682,6170549.6
2026-07-06 17:00:00+00:00,0.07682,0.07713,0.07644,0.07661,2707427.7
2026-07-06 18:00:00+00:00,0.07661,0.07702,0.07648,0.07683,2614065.0
2026-07-06 19:00:00+00:00,0.07683,0.07719,0.07677,0.07692,1498291.4
2026-07-06 20:00:00+00:00,0.07692,0.07705,0.0767,0.07686,971128.6
2026-07-06 21:00:00+00:00,0.07686,0.07836,0.07686,0.07756,8920887.5
2026-07-06 22:00:00+00:00,0.07756,0.07763,0.07701,0.07704,3522766.9
2026-07-06 23:00:00+00:00,0.07704,0.07716,0.07661,0.07664,1157167.4
2026-07-07 00:00:00+00:00,0.07664,0.07702,0.0765,0.07678,2524086.2
2026-07-07 01:00:00+00:00,0.07678,0.07682,0.07592,0.07606,2922539.0
2026-07-07 02:00:00+00:00,0.07606,0.0762,0.07525,0.07532,13281400.0
2026-07-07 03:00:00+00:00,0.07532,0.0754,0.07497,0.07515,3763539.8
2026-07-07 04:00:00+00:00,0.07515,0.07519,0.07451,0.07472,4219723.2
2026-07-07 05:00:00+00:00,0.07472,0.07498,0.07427,0.07486,2119462.8
2026-07-07 06:00:00+00:00,0.07486,0.07551,0.07473,0.07547,3793288.4
2026-07-07 07:00:00+00:00,0.07547,0.07565,0.07497,0.07498,6625780.7
2026-07-07 08:00:00+00:00,0.07498,0.07503,0.07474,0.07484,3029194.8
2026-07-07 09:00:00+00:00,0.07484,0.07507,0.07476,0.07495,2279565.3
2026-07-07 10:00:00+00:00,0.07495,0.07521,0.07463,0.07465,3152094.7
2026-07-07 11:00:00+00:00,0.07465,0.07491,0.07436,0.0748,3700137.0
2026-07-07 12:00:00+00:00,0.0748,0.07543,0.07476,0.07487,4615396.2
2026-07-07 13:00:00+00:00,0.07487,0.0749,0.0741,0.07429,7459161.7
2026-07-07 14:00:00+00:00,0.07429,0.07496,0.07373,0.07485,4093416.5
2026-07-07 15:00:00+00:00,0.07485,0.07538,0.07458,0.07518,3471195.1
2026-07-07 16:00:00+00:00,0.07518,0.07572,0.07482,0.07538,1672409.7
2026-07-07 17:00:00+00:00,0.07538,0.07556,0.07519,0.07544,1203138.8
2026-07-07 18:00:00+00:00,0.07544,0.07545,0.07446,0.07452,1486203.1
2026-07-07 19:00:00+00:00,0.07452,0.07493,0.07411,0.07472,11076544.7
2026-07-07 20:00:00+00:00,0.07472,0.07485,0.07427,0.07438,1454041.2
2026-07-07 21:00:00+00:00,0.07438,0.07458,0.07396,0.07405,2349793.6
2026-07-07 22:00:00+00:00,0.07405,0.07452,0.0736,0.07448,1612525.0
2026-07-07 23:00:00+00:00,0.07448,0.07471,0.07414,0.07419,1494840.8
2026-07-08 00:00:00+00:00,0.07419,0.07445,0.07413,0.07436,1724289.8
2026-07-08 01:00:00+00:00,0.07436,0.07441,0.07282,0.07309,11690799.7
2026-07-08 02:00:00+00:00,0.07309,0.07309,0.07232,0.07291,5587824.5
2026-07-08 03:00:00+00:00,0.07291,0.07311,0.07256,0.07261,1128224.9
2026-07-08 04:00:00+00:00,0.07261,0.07272,0.07235,0.07261,5271844.3
2026-07-08 05:00:00+00:00,0.07261,0.07277,0.07239,0.07254,1586191.7
2026-07-08 06:00:00+00:00,0.07254,0.07256,0.07179,0.07213,9135399.9
2026-07-08 07:00:00+00:00,0.07213,0.07267,0.07192,0.07245,4636155.2
2026-07-08 08:00:00+00:00,0.07245,0.07254,0.07103,0.07132,8155451.1
2026-07-08 09:00:00+00:00,0.07132,0.07168,0.0711,0.07132,2024362.0
2026-07-08 10:00:00+00:00,0.07132,0.07174,0.07115,0.07162,3378509.6
2026-07-08 11:00:00+00:00,0.07162,0.07217,0.07154,0.07205,2569170.6
2026-07-08 12:00:00+00:00,0.07205,0.07222,0.07183,0.07183,1795626.3
2026-07-08 13:00:00+00:00,0.07183,0.07232,0.07173,0.07201,3724342.0
2026-07-08 14:00:00+00:00,0.07201,0.0722,0.07148,0.07187,4268125.1
2026-07-08 15:00:00+00:00,0.07187,0.07192,0.07127,0.07188,1875734.2
2026-07-08 16:00:00+00:00,0.07188,0.07257,0.07185,0.07257,2365366.4
2026-07-08 17:00:00+00:00,0.07257,0.07294,0.07231,0.07252,2240142.6
2026-07-08 18:00:00+00:00,0.07252,0.07279,0.07222,0.07246,2297177.4
2026-07-08 19:00:00+00:00,0.07246,0.0727,0.07227,0.07266,1035085.3
2026-07-08 20:00:00+00:00,0.07266,0.07271,0.07233,0.07233,1501929.5
2026-07-08 21:00:00+00:00,0.07233,0.07257,0.07209,0.07253,1266094.6
2026-07-08 22:00:00+00:00,0.07253,0.07277,0.07233,0.07244,1093424.7
2026-07-08 23:00:00+00:00,0.07244,0.07249,0.07218,0.07243,1289299.0
2026-07-09 00:00:00+00:00,0.07243,0.07245,0.07212,0.07225,437109.2
2026-07-09 01:00:00+00:00,0.07225,0.07299,0.07211,0.07216,1598998.6
2026-07-09 02:00:00+00:00,0.07216,0.07262,0.072,0.07216,1080129.4
2026-07-09 03:00:00+00:00,0.07216,0.07242,0.07202,0.07228,636413.5
2026-07-09 04:00:00+00:00,0.07228,0.07265,0.07222,0.07265,643908.6
2026-07-09 05:00:00+00:00,0.07265,0.07288,0.07234,0.07278,1539198.0
2026-07-09 06:00:00+00:00,0.07278,0.07306,0.07258,0.073,2193819.5
2026-07-09 07:00:00+00:00,0.073,0.07321,0.07268,0.0728,1340888.8
2026-07-09 08:00:00+00:00,0.0728,0.07307,0.07272,0.07287,844552.9
2026-07-09 09:00:00+00:00,0.07287,0.07287,0.07258,0.07278,923070.4
2026-07-09 10:00:00+00:00,0.07278,0.07282,0.07228,0.0724,1094245.2
2026-07-09 11:00:00+00:00,0.0724,0.0725,0.07226,0.07248,1441600.7
2026-07-09 12:00:00+00:00,0.07248,0.07255,0.07205,0.07228,4264497.3
2026-07-09 13:00:00+00:00,0.07228,0.07274,0.07205,0.0726,1567085.0
2026-07-09 14:00:00+00:00,0.0726,0.07272,0.0722,0.07268,1535782.2
2026-07-09 15:00:00+00:00,0.07268,0.0729,0.07253,0.07264,1170164.2
2026-07-09 16:00:00+00:00,0.07264,0.0728,0.07237,0.07272,1602214.4
2026-07-09 17:00:00+00:00,0.07272,0.07308,0.07267,0.07295,1469616.4
2026-07-09 18:00:00+00:00,0.07295,0.07342,0.07291,0.07318,1051523.7
2026-07-09 19:00:00+00:00,0.07318,0.07335,0.0729,0.07306,839382.6
2026-07-09 20:00:00+00:00,0.07306,0.0734,0.07298,0.0733,540753.5
2026-07-09 21:00:00+00:00,0.0733,0.07358,0.07322,0.07337,1125583.0
2026-07-09 22:00:00+00:00,0.07337,0.07343,0.07308,0.07308,537186.1
2026-07-09 23:00:00+00:00,0.07308,0.07318,0.07282,0.07291,434866.0
2026-07-10 00:00:00+00:00,0.07291,0.07297,0.07267,0.07291,1116967.8
2026-07-10 01:00:00+00:00,0.07291,0.07422,0.07274,0.07384,8339729.1
2026-07-10 02:00:00+00:00,0.07384,0.07414,0.0738,0.07407,1446921.9
2026-07-10 03:00:00+00:00,0.07407,0.07418,0.07385,0.07401,772793.8
2026-07-10 04:00:00+00:00,0.07401,0.07422,0.07388,0.07402,1012979.7
2026-07-10 05:00:00+00:00,0.07402,0.07421,0.07386,0.07414,790458.8
2026-07-10 06:00:00+00:00,0.07414,0.07427,0.07386,0.07392,461338.5
2026-07-10 07:00:00+00:00,0.07392,0.07407,0.07371,0.07378,605942.1
2026-07-10 08:00:00+00:00,0.07378,0.07446,0.07375,0.07425,1441821.2
2026-07-10 09:00:00+00:00,0.07425,0.07446,0.07403,0.07439,641796.4
2026-07-10 10:00:00+00:00,0.07439,0.0747,0.07427,0.07444,1572632.2
2026-07-10 11:00:00+00:00,0.07444,0.07463,0.07418,0.07436,1093652.7
2026-07-10 12:00:00+00:00,0.07436,0.07453,0.074,0.07401,2664233.9
2026-07-10 13:00:00+00:00,0.07401,0.07451,0.07391,0.07434,2844907.2
2026-07-10 14:00:00+00:00,0.07434,0.07441,0.07335,0.07386,4044907.3
2026-07-10 15:00:00+00:00,0.07386,0.07414,0.07375,0.07405,1127292.7
2026-07-10 16:00:00+00:00,0.07405,0.07434,0.0739,0.07425,1146111.6
2026-07-10 17:00:00+00:00,0.07425,0.07438,0.07382,0.07389,2334753.5
2026-07-10 18:00:00+00:00,0.07389,0.07415,0.07366,0.07378,1815572.5
2026-07-10 19:00:00+00:00,0.07378,0.07436,0.07372,0.07416,1336454.1
2026-07-10 20:00:00+00:00,0.07416,0.07427,0.07397,0.0742,481424.0
2026-07-10 21:00:00+00:00,0.0742,0.07426,0.0741,0.07414,468770.0
2026-07-10 22:00:00+00:00,0.07414,0.07426,0.07403,0.07415,318515.3
2026-07-10 23:00:00+00:00,0.07415,0.0742,0.07397,0.0741,565823.7
2026-07-11 00:00:00+00:00,0.0741,0.07424,0.07393,0.07423,447057.8
2026-07-11 01:00:00+00:00,0.07423,0.07438,0.07407,0.07408,1324306.9
2026-07-11 02:00:00+00:00,0.07408,0.07429,0.07406,0.07424,1844258.2
2026-07-11 03:00:00+00:00,0.07424,0.07441,0.07412,0.0743,976575.3
2026-07-11 04:00:00+00:00,0.0743,0.07445,0.07426,0.07432,686707.0
2026-07-11 05:00:00+00:00,0.07432,0.07455,0.07425,0.07447,1573421.9
2026-07-11 06:00:00+00:00,0.07447,0.07467,0.07435,0.07437,4168904.8
2026-07-11 07:00:00+00:00,0.07437,0.07444,0.07421,0.07429,1226067.6
2026-07-11 08:00:00+00:00,0.07429,0.07433,0.07415,0.07424,942342.2
2026-07-11 09:00:00+00:00,0.07424,0.07444,0.07416,0.07416,495477.4
2026-07-11 10:00:00+00:00,0.07416,0.07475,0.07416,0.0745,778456.1
2026-07-11 11:00:00+00:00,0.0745,0.0746,0.07445,0.07449,441511.8
2026-07-11 12:00:00+00:00,0.07449,0.07465,0.07439,0.0746,1074953.2
2026-07-11 13:00:00+00:00,0.0746,0.07498,0.07452,0.07469,1100517.9
2026-07-11 14:00:00+00:00,0.07469,0.07547,0.07468,0.07525,7569947.6
2026-07-11 15:00:00+00:00,0.07525,0.07559,0.07492,0.07533,10462488.1
2026-07-11 16:00:00+00:00,0.07533,0.07537,0.07495,0.07505,1682911.4
2026-07-11 17:00:00+00:00,0.07505,0.07534,0.07497,0.07511,1995365.6
2026-07-11 18:00:00+00:00,0.07511,0.07528,0.07503,0.07519,592467.1
2026-07-11 19:00:00+00:00,0.07519,0.07555,0.07519,0.07535,1736832.0
2026-07-11 20:00:00+00:00,0.07535,0.07543,0.07516,0.07516,252115.3
2026-07-11 21:00:00+00:00,0.07516,0.07533,0.07513,0.0752,1062258.0
2026-07-11 22:00:00+00:00,0.0752,0.0752,0.07461,0.07464,1648295.9
2026-07-11 23:00:00+00:00,0.07464,0.0747,0.07321,0.07324,7577154.4
2026-07-12 00:00:00+00:00,0.07324,0.07332,0.07229,0.07266,5338577.3
2026-07-12 01:00:00+00:00,0.07266,0.07338,0.0726,0.07338,2035129.5
2026-07-12 02:00:00+00:00,0.07338,0.07338,0.07312,0.07322,1255906.6
2026-07-12 03:00:00+00:00,0.07322,0.07348,0.07308,0.07342,1898999.9
2026-07-12 04:00:00+00:00,0.07342,0.07354,0.07305,0.07312,1178819.4
2026-07-12 05:00:00+00:00,0.07312,0.07328,0.07304,0.07315,711850.7
2026-07-12 06:00:00+00:00,0.07315,0.07315,0.07259,0.07289,1350877.4
2026-07-12 07:00:00+00:00,0.07289,0.07305,0.07279,0.07294,1343667.2
2026-07-12 08:00:00+00:00,0.07294,0.07325,0.07293,0.07304,1065329.7
2026-07-12 09:00:00+00:00,0.07304,0.07316,0.07274,0.07301,1036324.6
2026-07-12 10:00:00+00:00,0.07301,0.07305,0.07292,0.07302,381588.2
2026-07-12 11:00:00+00:00,0.07302,0.07329,0.07288,0.07326,632030.3
2026-07-12 12:00:00+00:00,0.07326,0.0735,0.07317,0.07341,614081.1
2026-07-12 13:00:00+00:00,0.07341,0.07357,0.07329,0.07329,657383.7
2026-07-12 14:00:00+00:00,0.07329,0.0739,0.07321,0.07375,1115192.8
2026-07-12 15:00:00+00:00,0.07375,0.07388,0.07362,0.07374,1714789.6
2026-07-12 16:00:00+00:00,0.07374,0.07379,0.0735,0.07365,736330.0
2026-07-12 17:00:00+00:00,0.07365,0.07369,0.07333,0.07342,394342.6
2026-07-12 18:00:00+00:00,0.07342,0.07367,0.07336,0.07365,241999.0
2026-07-12 19:00:00+00:00,0.07365,0.07373,0.07347,0.07366,303346.2
2026-07-12 20:00:00+00:00,0.07366,0.07368,0.07344,0.07346,259243.2
2026-07-12 21:00:00+00:00,0.07346,0.07359,0.07292,0.07313,1456140.3
2026-07-12 22:00:00+00:00,0.07313,0.07313,0.07239,0.07275,2212073.2
2026-07-12 23:00:00+00:00,0.07275,0.07284,0.07256,0.07273,591343.1
2026-07-13 00:00:00+00:00,0.07273,0.07417,0.07262,0.07346,2425244.2
2026-07-13 01:00:00+00:00,0.07346,0.07347,0.07248,0.07256,1780950.1
2026-07-13 02:00:00+00:00,0.07256,0.07292,0.0724,0.07278,2818672.6
2026-07-13 03:00:00+00:00,0.07278,0.07278,0.07162,0.07211,2975923.4
2026-07-13 04:00:00+00:00,0.07211,0.07227,0.07193,0.07203,1686116.4
2026-07-13 05:00:00+00:00,0.07203,0.07245,0.07187,0.07233,2078160.9
2026-07-13 06:00:00+00:00,0.07233,0.07239,0.07211,0.07233,943796.3
2026-07-13 07:00:00+00:00,0.07233,0.07254,0.07224,0.07236,680038.2
2026-07-13 08:00:00+00:00,0.07236,0.07271,0.07232,0.07258,1419910.4
2026-07-13 09:00:00+00:00,0.07258,0.07259,0.07235,0.07239,820354.3
2026-07-13 10:00:00+00:00,0.07239,0.0724,0.07209,0.07219,1876377.9
2026-07-13 11:00:00+00:00,0.07219,0.07248,0.07219,0.07228,681020.4
2026-07-13 12:00:00+00:00,0.07228,0.07237,0.07196,0.07213,1381099.9
2026-07-13 13:00:00+00:00,0.07213,0.07236,0.07189,0.07211,1480964.0
2026-07-13 14:00:00+00:00,0.07211,0.07257,0.07188,0.07254,10609195.2
2026-07-13 15:00:00+00:00,0.07254,0.07259,0.07207,0.07209,930991.9
2026-07-13 16:00:00+00:00,0.07209,0.07219,0.07153,0.07165,1951140.6
2026-07-13 17:00:00+00:00,0.07165,0.0718,0.07095,0.07099,4350214.4
2026-07-13 18:00:00+00:00,0.07099,0.07148,0.07094,0.07137,1520287.9
2026-07-13 19:00:00+00:00,0.07137,0.07188,0.07136,0.07184,2276729.4
2026-07-13 20:00:00+00:00,0.07184,0.07197,0.07156,0.07178,1959733.5
2026-07-13 21:00:00+00:00,0.07178,0.07181,0.0711,0.07152,1698999.3
2026-07-13 22:00:00+00:00,0.07152,0.07183,0.07135,0.07137,600450.1
2026-07-13 23:00:00+00:00,0.07137,0.07201,0.07124,0.07198,2078073.4
2026-07-14 00:00:00+00:00,0.07198,0.07244,0.07186,0.07237,2051479.7
2026-07-14 01:00:00+00:00,0.07237,0.07239,0.07193,0.07193,693234.6
2026-07-14 02:00:00+00:00,0.07193,0.07206,0.07179,0.07183,1717681.1
2026-07-14 03:00:00+00:00,0.07183,0.07206,0.07145,0.07206,2760094.4
2026-07-14 04:00:00+00:00,0.07206,0.07217,0.07195,0.07209,471949.8
2026-07-14 05:00:00+00:00,0.07209,0.07242,0.07209,0.07235,668745.5
2026-07-14 06:00:00+00:00,0.07235,0.07243,0.07226,0.0723,415983.4
2026-07-14 07:00:00+00:00,0.0723,0.07236,0.07212,0.07218,1214293.3
2026-07-14 08:00:00+00:00,0.07218,0.0723,0.07208,0.07211,359205.0
2026-07-14 09:00:00+00:00,0.07211,0.07227,0.07208,0.07209,420419.1
2026-07-14 10:00:00+00:00,0.07209,0.07236,0.072,0.07228,809557.3
2026-07-14 11:00:00+00:00,0.07228,0.07234,0.0722,0.07228,365096.5
2026-07-14 12:00:00+00:00,0.07228,0.07348,0.07216,0.07337,8738618.7
2026-07-14 13:00:00+00:00,0.07337,0.07412,0.07311,0.07389,9046261.9
2026-07-14 14:00:00+00:00,0.07389,0.07469,0.07368,0.07453,7319737.5
2026-07-14 15:00:00+00:00,0.07453,0.07518,0.07435,0.0749,8713193.3
2026-07-14 16:00:00+00:00,0.0749,0.07538,0.07454,0.07459,9164992.3
2026-07-14 17:00:00+00:00,0.07459,0.07462,0.07408,0.07456,2635337.4
2026-07-14 18:00:00+00:00,0.07456,0.07462,0.0742,0.07446,3189901.2
2026-07-14 19:00:00+00:00,0.07446,0.07459,0.07414,0.07424,2604548.2
2026-07-14 20:00:00+00:00,0.07424,0.07429,0.07403,0.07409,849597.5
2026-07-14 21:00:00+00:00,0.07409,0.07471,0.07409,0.07433,4832098.0
2026-07-14 22:00:00+00:00,0.07433,0.07463,0.07404,0.07439,2979802.9
2026-07-14 23:00:00+00:00,0.07439,0.07465,0.07425,0.07446,1852952.0
2026-07-15 00:00:00+00:00,0.07446,0.07453,0.07398,0.07413,3248713.4
2026-07-15 01:00:00+00:00,0.07413,0.0742,0.0739,0.07404,930360.1
2026-07-15 02:00:00+00:00,0.07404,0.07411,0.07368,0.07375,656470.6
2026-07-15 03:00:00+00:00,0.07375,0.07422,0.07372,0.07405,702341.5
2026-07-15 04:00:00+00:00,0.07405,0.07422,0.07383,0.07409,702745.4
2026-07-15 05:00:00+00:00,0.07409,0.07451,0.07385,0.07443,2081648.8
2026-07-15 06:00:00+00:00,0.07443,0.07491,0.07435,0.07442,3520686.1
2026-07-15 07:00:00+00:00,0.07442,0.07443,0.07387,0.074,1310188.7
2026-07-15 08:00:00+00:00,0.074,0.0743,0.07392,0.07422,4038192.9
2026-07-15 09:00:00+00:00,0.07422,0.07453,0.07349,0.07372,7028859.2
2026-07-15 10:00:00+00:00,0.07372,0.0739,0.07365,0.0738,3896646.6
2026-07-15 11:00:00+00:00,0.0738,0.07389,0.07358,0.07388,3140806.0
2026-07-15 12:00:00+00:00,0.07388,0.07479,0.0737,0.07471,6198915.1
2026-07-15 13:00:00+00:00,0.07471,0.07529,0.07432,0.07458,24977476.8
2026-07-15 14:00:00+00:00,0.07458,0.07519,0.0745,0.07492,6508346.2
2026-07-15 15:00:00+00:00,0.07492,0.07501,0.07434,0.07463,2061160.5
2026-07-15 16:00:00+00:00,0.07463,0.07468,0.07335,0.07396,13454462.5
2026-07-15 17:00:00+00:00,0.07396,0.0744,0.07381,0.07424,3507510.8
2026-07-15 18:00:00+00:00,0.07424,0.07478,0.07398,0.07406,2906876.4
2026-07-15 19:00:00+00:00,0.07406,0.07418,0.07368,0.07383,4087698.6
2026-07-15 20:00:00+00:00,0.07383,0.07415,0.07376,0.07404,1304952.6
2026-07-15 21:00:00+00:00,0.07404,0.07418,0.07395,0.07404,518207.7
2026-07-15 22:00:00+00:00,0.07404,0.07424,0.07394,0.07405,1830086.7
2026-07-15 23:00:00+00:00,0.07405,0.07419,0.07397,0.07408,398069.2
2026-07-16 00:00:00+00:00,0.07408,0.07425,0.07375,0.07392,1180237.0
2026-07-16 01:00:00+00:00,0.07392,0.0742,0.07363,0.07414,1435320.2
2026-07-16 02:00:00+00:00,0.07414,0.07443,0.07405,0.07438,1743909.9
2026-07-16 03:00:00+00:00,0.07438,0.07451,0.07397,0.074,3286448.7
2026-07-16 04:00:00+00:00,0.074,0.0741,0.07381,0.07383,2478909.3
2026-07-16 05:00:00+00:00,0.07383,0.07429,0.07381,0.07424,5108064.1
2026-07-16 06:00:00+00:00,0.07424,0.07437,0.0739,0.07415,3402654.6
2026-07-16 07:00:00+00:00,0.07415,0.07417,0.07334,0.07356,3319604.9
2026-07-16 08:00:00+00:00,0.07356,0.07358,0.07266,0.07315,19964298.2
2026-07-16 09:00:00+00:00,0.07315,0.07327,0.07306,0.07312,4421010.5
2026-07-16 10:00:00+00:00,0.07312,0.07344,0.07311,0.07334,1599879.7
2026-07-16 11:00:00+00:00,0.07334,0.07334,0.07306,0.07331,2651809.7
2026-07-16 12:00:00+00:00,0.07331,0.07332,0.07277,0.07292,10091391.4
2026-07-16 13:00:00+00:00,0.07292,0.07375,0.07286,0.07362,5607800.5
2026-07-16 14:00:00+00:00,0.07362,0.074,0.07336,0.07364,4646038.2
2026-07-16 15:00:00+00:00,0.07364,0.07395,0.07319,0.07365,3078690.8
2026-07-16 16:00:00+00:00,0.07365,0.07373,0.07337,0.07345,2060448.1
2026-07-16 17:00:00+00:00,0.07345,0.07349,0.07296,0.07325,2047609.4
2026-07-16 18:00:00+00:00,0.07325,0.07367,0.07322,0.07344,2955951.9
2026-07-16 19:00:00+00:00,0.07344,0.07351,0.07309,0.07319,4038329.3
2026-07-16 20:00:00+00:00,0.07319,0.07324,0.07307,0.07307,1827286.7
2026-07-16 21:00:00+00:00,0.07307,0.07328,0.07295,0.07313,1435665.8
2026-07-16 22:00:00+00:00,0.07313,0.07337,0.07263,0.07275,2461537.6
2026-07-16 23:00:00+00:00,0.07275,0.0728,0.07215,0.07238,5184010.4
2026-07-17 00:00:00+00:00,0.07238,0.07278,0.07211,0.07276,1734076.1
2026-07-17 01:00:00+00:00,0.07276,0.07288,0.07208,0.07219,1140844.2
2026-07-17 02:00:00+00:00,0.07219,0.0723,0.07188,0.07211,1458596.2
2026-07-17 03:00:00+00:00,0.07211,0.07264,0.07211,0.07244,767198.0
2026-07-17 04:00:00+00:00,0.07244,0.07246,0.07202,0.0723,735898.5
2026-07-17 05:00:00+00:00,0.0723,0.0723,0.07142,0.07153,2859208.5
2026-07-17 06:00:00+00:00,0.07153,0.07199,0.07142,0.07181,2093056.5
2026-07-17 07:00:00+00:00,0.07181,0.07191,0.07159,0.07167,1200000.8
2026-07-17 08:00:00+00:00,0.07167,0.07177,0.07118,0.07147,1991752.6
2026-07-17 09:00:00+00:00,0.07147,0.07175,0.07145,0.07173,2277171.1
2026-07-17 10:00:00+00:00,0.07173,0.07205,0.07171,0.072,1245631.6
2026-07-17 11:00:00+00:00,0.072,0.07211,0.07187,0.07202,709304.7
2026-07-17 12:00:00+00:00,0.07202,0.07204,0.07166,0.07169,1210897.3
2026-07-17 13:00:00+00:00,0.07169,0.07195,0.071,0.0719,4028185.9
2026-07-17 14:00:00+00:00,0.0719,0.07229,0.07176,0.07194,1463724.6
2026-07-17 15:00:00+00:00,0.07194,0.07215,0.07155,0.07215,3195428.7
2026-07-17 16:00:00+00:00,0.07215,0.07256,0.072,0.07235,3471422.4
2026-07-17 17:00:00+00:00,0.07235,0.07298,0.07235,0.07258,760802.0
2026-07-17 18:00:00+00:00,0.07258,0.07288,0.07238,0.0728,491477.1
2026-07-17 19:00:00+00:00,0.0728,0.0728,0.07241,0.07264,287929.3
2026-07-17 20:00:00+00:00,0.07264,0.07272,0.07233,0.07269,531277.3
2026-07-17 21:00:00+00:00,0.07269,0.07292,0.07264,0.07267,1040136.1
2026-07-17 22:00:00+00:00,0.07267,0.07272,0.07242,0.07256,276354.0
2026-07-17 23:00:00+00:00,0.07256,0.07262,0.07236,0.07256,514486.3
2026-07-18 00:00:00+00:00,0.07256,0.07271,0.07248,0.0725,1238018.8
2026-07-18 01:00:00+00:00,0.0725,0.07263,0.07241,0.07257,222175.3
2026-07-18 02:00:00+00:00,0.07257,0.07279,0.07254,0.07256,565032.3
2026-07-18 03:00:00+00:00,0.07256,0.07279,0.07256,0.07268,592728.4
2026-07-18 04:00:00+00:00,0.07268,0.07271,0.07248,0.0725,310398.6
2026-07-18 05:00:00+00:00,0.0725,0.07251,0.07209,0.07225,1641753.1
2026-07-18 06:00:00+00:00,0.07225,0.07244,0.07216,0.07236,1140344.1
2026-07-18 07:00:00+00:00,0.07236,0.07242,0.07229,0.07231,342619.2
2026-07-18 08:00:00+00:00,0.07231,0.07246,0.07223,0.07226,857189.5
2026-07-18 09:00:00+00:00,0.07226,0.07229,0.07192,0.07218,3897130.4
2026-07-18 10:00:00+00:00,0.07218,0.07232,0.07213,0.0722,293617.3
2026-07-18 11:00:00+00:00,0.0722,0.07228,0.07218,0.07225,352859.5
2026-07-18 12:00:00+00:00,0.07225,0.0725,0.07205,0.07236,1149949.6
2026-07-18 13:00:00+00:00,0.07236,0.07236,0.07196,0.07212,544746.5
2026-07-18 14:00:00+00:00,0.07212,0.07233,0.07208,0.07226,474281.5
2026-07-18 15:00:00+00:00,0.07226,0.07232,0.07214,0.07217,450718.8
2026-07-18 16:00:00+00:00,0.07217,0.07236,0.07207,0.07231,1224879.0
2026-07-18 17:00:00+00:00,0.07231,0.07245,0.07216,0.07241,904707.7
2026-07-18 18:00:00+00:00,0.07241,0.07265,0.07227,0.07233,929791.4
2026-07-18 19:00:00+00:00,0.07233,0.07244,0.0723,0.07237,614088.5
2026-07-18 20:00:00+00:00,0.07237,0.07255,0.0723,0.07241,878869.5
2026-07-18 21:00:00+00:00,0.07241,0.07256,0.07228,0.07235,511103.3
2026-07-18 22:00:00+00:00,0.07235,0.07253,0.07234,0.0725,842007.3
2026-07-18 23:00:00+00:00,0.0725,0.07254,0.0724,0.07251,291283.9
2026-07-19 00:00:00+00:00,0.07251,0.07256,0.07241,0.07254,602237.4
2026-07-19 01:00:00+00:00,0.07254,0.07256,0.0724,0.0724,401648.7
2026-07-19 02:00:00+00:00,0.0724,0.07283,0.0724,0.07263,2062975.0
2026-07-19 03:00:00+00:00,0.07263,0.07267,0.07234,0.07243,937706.3
2026-07-19 04:00:00+00:00,0.07243,0.07249,0.07228,0.07235,525962.1
2026-07-19 05:00:00+00:00,0.07235,0.07249,0.07232,0.07235,219055.9
2026-07-19 06:00:00+00:00,0.07235,0.07253,0.07233,0.0725,364115.1
2026-07-19 07:00:00+00:00,0.0725,0.07264,0.07242,0.07246,540427.6
2026-07-19 08:00:00+00:00,0.07246,0.07276,0.07242,0.07266,691050.2
2026-07-19 09:00:00+00:00,0.07266,0.07278,0.0724,0.07251,1103451.8
2026-07-19 10:00:00+00:00,0.07251,0.07279,0.07237,0.07263,1572151.2
2026-07-19 11:00:00+00:00,0.07263,0.07275,0.0725,0.07253,577555.3
2026-07-19 12:00:00+00:00,0.07253,0.07264,0.07232,0.07247,1278238.0
2026-07-19 13:00:00+00:00,0.07247,0.07253,0.07223,0.07243,1363349.5
2026-07-19 14:00:00+00:00,0.07243,0.07279,0.07236,0.07261,1638315.3
2026-07-19 15:00:00+00:00,0.07261,0.07264,0.07239,0.07247,593382.0
2026-07-19 16:00:00+00:00,0.07247,0.07253,0.07231,0.07231,451123.7
2026-07-19 17:00:00+00:00,0.07231,0.07244,0.07193,0.07225,1358844.4
2026-07-19 18:00:00+00:00,0.07225,0.07225,0.07167,0.07205,2098141.8
2026-07-19 19:00:00+00:00,0.07205,0.07228,0.07199,0.07228,256346.1
2026-07-19 20:00:00+00:00,0.07228,0.07241,0.07226,0.07241,421930.2
2026-07-19 21:00:00+00:00,0.07241,0.07243,0.07191,0.07201,1084509.7
2026-07-19 22:00:00+00:00,0.07201,0.07261,0.07192,0.0723,1326663.7
2026-07-19 23:00:00+00:00,0.0723,0.07244,0.07204,0.07242,1526877.2
2026-07-20 00:00:00+00:00,0.07242,0.07308,0.07226,0.07247,2162492.4
2026-07-20 01:00:00+00:00,0.07247,0.07314,0.07221,0.07233,1170398.5
2026-07-20 02:00:00+00:00,0.07233,0.07284,0.07229,0.07269,2151074.7
2026-07-20 03:00:00+00:00,0.07269,0.07295,0.07255,0.07271,589313.7
2026-07-20 04:00:00+00:00,0.07271,0.07275,0.07231,0.07233,658090.9
2026-07-20 05:00:00+00:00,0.07233,0.07233,0.07148,0.07172,4222060.9
2026-07-20 06:00:00+00:00,0.07172,0.07178,0.07109,0.07135,3278525.8
2026-07-20 07:00:00+00:00,0.07135,0.07188,0.07133,0.07184,987476.0
2026-07-20 08:00:00+00:00,0.07184,0.07199,0.07154,0.0718,3157787.7
2026-07-20 09:00:00+00:00,0.0718,0.07215,0.07174,0.07204,998150.8
2026-07-20 10:00:00+00:00,0.07204,0.07231,0.07197,0.07218,1047240.8
2026-07-20 11:00:00+00:00,0.07218,0.07295,0.07216,0.07288,2198312.4
2026-07-20 12:00:00+00:00,0.07288,0.07291,0.07252,0.07254,2125901.1
2026-07-20 13:00:00+00:00,0.07254,0.07275,0.07195,0.07205,2089108.2
2026-07-20 14:00:00+00:00,0.07205,0.07255,0.0718,0.07235,1396744.2
2026-07-20 15:00:00+00:00,0.07235,0.0735,0.07235,0.07338,4254644.5
2026-07-20 16:00:00+00:00,0.07338,0.07359,0.07298,0.07324,4886492.9
2026-07-20 17:00:00+00:00,0.07324,0.07329,0.07284,0.07309,2554013.6
2026-07-20 18:00:00+00:00,0.07309,0.07327,0.07238,0.07245,7346301.7
2026-07-20 19:00:00+00:00,0.07245,0.07245,0.07151,0.07215,7055284.6
2026-07-20 20:00:00+00:00,0.07215,0.07238,0.07196,0.07219,1646600.5
2026-07-20 21:00:00+00:00,0.07219,0.07235,0.0721,0.07213,2517380.4
2026-07-20 22:00:00+00:00,0.07213,0.07213,0.07169,0.07179,1872322.2
2026-07-20 23:00:00+00:00,0.07179,0.07224,0.07175,0.07217,1144083.1
2026-07-21 00:00:00+00:00,0.07217,0.07241,0.0719,0.07228,1179224.7
2026-07-21 01:00:00+00:00,0.07228,0.07245,0.0722,0.07225,890557.1
2026-07-21 02:00:00+00:00,0.07225,0.07263,0.07212,0.07252,1299992.8
2026-07-21 03:00:00+00:00,0.07252,0.07284,0.0725,0.07279,1313619.1
2026-07-21 04:00:00+00:00,0.07279,0.07287,0.07254,0.07272,1298722.7
2026-07-21 05:00:00+00:00,0.07272,0.07313,0.0727,0.07296,2151942.2
2026-07-21 06:00:00+00:00,0.07296,0.07325,0.07283,0.07314,2729854.2
2026-07-21 07:00:00+00:00,0.07314,0.07335,0.07299,0.07334,6292821.1
2026-07-21 08:00:00+00:00,0.07334,0.07382,0.07331,0.07355,4097784.2
2026-07-21 09:00:00+00:00,0.07355,0.0736,0.07337,0.07348,854882.0
2026-07-21 10:00:00+00:00,0.07348,0.07376,0.0733,0.07346,2037775.1
2026-07-21 11:00:00+00:00,0.07346,0.07375,0.07339,0.07364,1762631.3
2026-07-21 12:00:00+00:00,0.07364,0.07373,0.07338,0.07353,3324583.5
2026-07-21 13:00:00+00:00,0.07353,0.0736,0.07313,0.0735,2372507.0
2026-07-21 14:00:00+00:00,0.0735,0.07361,0.07313,0.07329,4916963.4
2026-07-21 15:00:00+00:00,0.07329,0.07348,0.0731,0.07346,2992076.2
2026-07-21 16:00:00+00:00,0.07346,0.07351,0.07322,0.07339,982218.1
2026-07-21 17:00:00+00:00,0.07339,0.07343,0.07295,0.07328,3074777.1
2026-07-21 18:00:00+00:00,0.07328,0.0735,0.07322,0.07346,860227.9
2026-07-21 19:00:00+00:00,0.07346,0.07365,0.07337,0.07354,1472211.3
2026-07-21 20:00:00+00:00,0.07354,0.07363,0.07342,0.07353,475597.4
2026-07-21 21:00:00+00:00,0.07353,0.07356,0.07333,0.0734,919742.4
2026-07-21 22:00:00+00:00,0.0734,0.0734,0.07304,0.07313,1474613.7
2026-07-21 23:00:00+00:00,0.07313,0.07338,0.07299,0.07335,1990503.2
2026-07-22 00:00:00+00:00,0.07335,0.07388,0.0733,0.07372,1174735.2
2026-07-22 01:00:00+00:00,0.07372,0.07383,0.07335,0.0736,3206639.8
2026-07-22 02:00:00+00:00,0.0736,0.07375,0.07343,0.07343,893977.5
2026-07-22 03:00:00+00:00,0.07343,0.07352,0.07321,0.07325,774522.8
2026-07-22 04:00:00+00:00,0.07325,0.07351,0.07323,0.07345,1269052.6
2026-07-22 05:00:00+00:00,0.07345,0.07345,0.07241,0.07248,4232127.1
2026-07-22 06:00:00+00:00,0.07248,0.07253,0.07223,0.07239,3284916.4
2026-07-22 07:00:00+00:00,0.07239,0.07242,0.0721,0.07223,2743771.1
2026-07-22 08:00:00+00:00,0.07223,0.07255,0.07221,0.07249,1465357.6
2026-07-22 09:00:00+00:00,0.07249,0.07265,0.07239,0.07253,2717686.2
2026-07-22 10:00:00+00:00,0.07253,0.07281,0.07247,0.07273,747067.3
2026-07-22 11:00:00+00:00,0.07273,0.07283,0.07255,0.07266,1632949.5
2026-07-22 12:00:00+00:00,0.07266,0.07266,0.07218,0.07244,2671815.8
2026-07-22 13:00:00+00:00,0.07244,0.07295,0.07236,0.07289,1254476.0
2026-07-22 14:00:00+00:00,0.07289,0.07334,0.07248,0.07286,1890861.0
2026-07-22 15:00:00+00:00,0.07286,0.07332,0.07286,0.07308,1988697.9
2026-07-22 16:00:00+00:00,0.07308,0.07351,0.07291,0.07339,1489745.1
2026-07-22 17:00:00+00:00,0.07339,0.07349,0.07304,0.07318,1488363.4
2026-07-22 18:00:00+00:00,0.07318,0.07323,0.07265,0.0728,1367830.2
2026-07-22 19:00:00+00:00,0.0728,0.07283,0.07227,0.07252,1718422.9
2026-07-22 20:00:00+00:00,0.07252,0.0728,0.07242,0.07263,2082919.2
2026-07-22 21:00:00+00:00,0.07263,0.0731,0.07252,0.07301,1726310.8
2026-07-22 22:00:00+00:00,0.07301,0.07306,0.0728,0.07303,578942.9
2026-07-22 23:00:00+00:00,0.07303,0.07303,0.07251,0.073,745740.8
2026-07-23 00:00:00+00:00,0.073,0.07321,0.07292,0.073,685621.1
2026-07-23 01:00:00+00:00,0.073,0.07308,0.07272,0.0728,975014.2
2026-07-23 02:00:00+00:00,0.0728,0.07283,0.07256,0.0727,1161416.1
2026-07-23 03:00:00+00:00,0.0727,0.07271,0.07225,0.07237,1529405.6
2026-07-23 04:00:00+00:00,0.07237,0.07263,0.07231,0.07255,420998.5
2026-07-23 05:00:00+00:00,0.07255,0.07267,0.0724,0.07248,546226.3
2026-07-23 06:00:00+00:00,0.07248,0.07264,0.07239,0.07261,520299.2
2026-07-23 07:00:00+00:00,0.07261,0.07262,0.07211,0.07221,1149928.5
2026-07-23 08:00:00+00:00,0.07221,0.07248,0.07216,0.07244,1794241.5
2026-07-23 09:00:00+00:00,0.07244,0.07253,0.07225,0.07225,844148.3
2026-07-23 10:00:00+00:00,0.07225,0.07251,0.07223,0.07239,1052603.8
2026-07-23 11:00:00+00:00,0.07239,0.07253,0.07234,0.07238,1186721.2
2026-07-23 12:00:00+00:00,0.07238,0.07243,0.07056,0.07127,21089074.2
2026-07-23 13:00:00+00:00,0.07127,0.0713,0.06997,0.07031,17343263.4
2026-07-23 14:00:00+00:00,0.07031,0.07069,0.0701,0.07024,4695949.3
2026-07-23 15:00:00+00:00,0.07024,0.07024,0.06841,0.06977,52004039.1
2026-07-23 16:00:00+00:00,0.06977,0.06982,0.06926,0.06963,6780011.9
2026-07-23 17:00:00+00:00,0.06963,0.06982,0.06926,0.06941,7629645.3
2026-07-23 18:00:00+00:00,0.06941,0.06949,0.06912,0.06931,6054482.3
2026-07-23 19:00:00+00:00,0.06931,0.06944,0.06895,0.06924,4399274.8
2026-07-23 20:00:00+00:00,0.06924,0.06967,0.06921,0.06966,3083927.2
2026-07-23 21:00:00+00:00,0.06966,0.06976,0.06941,0.06951,5409147.0
2026-07-23 22:00:00+00:00,0.06951,0.06973,0.06933,0.06954,3553770.3
2026-07-23 23:00:00+00:00,0.06954,0.06958,0.06914,0.06919,1838848.7
2026-07-24 00:00:00+00:00,0.06919,0.06922,0.06876,0.06922,4337303.9
2026-07-24 01:00:00+00:00,0.06922,0.06944,0.06919,0.06929,2258495.2
2026-07-24 02:00:00+00:00,0.06929,0.06948,0.06882,0.06917,2864972.9
2026-07-24 03:00:00+00:00,0.06917,0.06951,0.06907,0.06942,1142951.5
2026-07-24 04:00:00+00:00,0.06942,0.06944,0.069,0.06908,4199860.9
2026-07-24 05:00:00+00:00,0.06908,0.06927,0.06896,0.06922,6869530.0
2026-07-24 06:00:00+00:00,0.06922,0.06945,0.0692,0.06933,3201575.3
2026-07-24 07:00:00+00:00,0.06933,0.07016,0.06933,0.07007,20651317.8
2026-07-24 08:00:00+00:00,0.07007,0.07007,0.06983,0.06998,2110732.8
2026-07-24 09:00:00+00:00,0.06998,0.07007,0.06966,0.07004,1848966.7
2026-07-24 10:00:00+00:00,0.07004,0.07009,0.06971,0.06988,1004958.5
2026-07-24 11:00:00+00:00,0.06988,0.06992,0.06922,0.06947,3119262.6
2026-07-24 12:00:00+00:00,0.06947,0.06965,0.06909,0.06913,2738518.6
2026-07-24 13:00:00+00:00,0.06913,0.06918,0.0682,0.06872,11071420.9
2026-07-24 14:00:00+00:00,0.06872,0.06888,0.06826,0.06888,5134329.8
2026-07-24 15:00:00+00:00,0.06888,0.06942,0.06856,0.06919,4600671.7
2026-07-24 16:00:00+00:00,0.06919,0.06921,0.06856,0.06879,2497895.7
2026-07-24 17:00:00+00:00,0.06879,0.06923,0.06877,0.06916,2313755.9
2026-07-24 18:00:00+00:00,0.06916,0.06923,0.06896,0.06916,1727711.7
2026-07-24 19:00:00+00:00,0.06916,0.0693,0.06906,0.06922,1875383.2
2026-07-24 20:00:00+00:00,0.06922,0.06935,0.06915,0.06919,1983795.8
2026-07-24 21:00:00+00:00,0.06919,0.06925,0.06883,0.06886,4460237.5
2026-07-24 22:00:00+00:00,0.06886,0.06972,0.06884,0.06953,7149412.5
2026-07-24 23:00:00+00:00,0.06953,0.06964,0.06937,0.06956,2804475.0
2026-07-25 00:00:00+00:00,0.06956,0.06973,0.06945,0.06964,1894647.1
2026-07-25 01:00:00+00:00,0.06964,0.06972,0.06944,0.06955,1669100.1
2026-07-25 02:00:00+00:00,0.06955,0.0697,0.06954,0.06964,1047733.0
2026-07-25 03:00:00+00:00,0.06964,0.06974,0.06958,0.06968,878782.4
2026-07-25 04:00:00+00:00,0.06968,0.06981,0.06955,0.06961,1178352.5
2026-07-25 05:00:00+00:00,0.06961,0.06967,0.06925,0.06937,2154846.2
2026-07-25 06:00:00+00:00,0.06937,0.06945,0.06922,0.06943,948012.7
2026-07-25 07:00:00+00:00,0.06943,0.06948,0.06931,0.06936,1152545.2
2026-07-25 08:00:00+00:00,0.06936,0.06951,0.06916,0.06943,1331558.5
2026-07-25 09:00:00+00:00,0.06943,0.06961,0.06942,0.06951,1215585.9
2026-07-25 10:00:00+00:00,0.06951,0.06958,0.06942,0.06954,492353.9
2026-07-25 11:00:00+00:00,0.06954,0.0696,0.06933,0.06943,681139.3
2026-07-25 12:00:00+00:00,0.06943,0.06975,0.06942,0.06975,2907630.7
2026-07-25 13:00:00+00:00,0.06975,0.07026,0.06975,0.06996,2092067.1
2026-07-25 14:00:00+00:00,0.06996,0.07061,0.06989,0.07037,2694869.6
2026-07-25 15:00:00+00:00,0.07037,0.0715,0.07033,0.0712,8849328.5
2026-07-25 16:00:00+00:00,0.0712,0.07227,0.07116,0.07216,19297271.8
2026-07-25 17:00:00+00:00,0.07216,0.07354,0.07215,0.07321,13284394.9
2026-07-25 18:00:00+00:00,0.07321,0.07368,0.0727,0.07291,12386031.2
2026-07-25 19:00:00+00:00,0.07291,0.07302,0.07251,0.0728,2518351.1
2026-07-25 20:00:00+00:00,0.0728,0.07296,0.07237,0.07252,3324107.1
2026-07-25 21:00:00+00:00,0.07252,0.0726,0.07216,0.07231,4348830.0
2026-07-25 22:00:00+00:00,0.07231,0.0724,0.07197,0.07201,1527524.1
2026-07-25 23:00:00+00:00,0.07201,0.07201,0.07165,0.07171,2537731.4
2026-07-26 00:00:00+00:00,0.07171,0.07185,0.07158,0.07181,2179010.6
2026-07-26 01:00:00+00:00,0.07181,0.07213,0.07161,0.07213,1531683.0
2026-07-26 02:00:00+00:00,0.07213,0.0728,0.07194,0.07245,6271973.2
2026-07-26 03:00:00+00:00,0.07245,0.07276,0.07228,0.07272,2295531.2
2026-07-26 04:00:00+00:00,0.07272,0.07337,0.07253,0.0732,5407768.0
2026-07-26 05:00:00+00:00,0.0732,0.07385,0.07307,0.0734,9471860.2
2026-07-26 06:00:00+00:00,0.0734,0.07358,0.07273,0.07348,5367863.2
2026-07-26 07:00:00+00:00,0.07348,0.07402,0.07307,0.07326,7644857.0
2026-07-26 08:00:00+00:00,0.07326,0.07377,0.07316,0.07341,1894003.9
2026-07-26 09:00:00+00:00,0.07341,0.07349,0.07304,0.07328,2770476.3
2026-07-26 10:00:00+00:00,0.07328,0.07349,0.07316,0.07328,1414013.1
2026-07-26 11:00:00+00:00,0.07328,0.07345,0.07317,0.07322,1185279.2
2026-07-26 12:00:00+00:00,0.07322,0.07343,0.07307,0.07328,3032548.7
2026-07-26 13:00:00+00:00,0.07328,0.07328,0.07285,0.07307,1429066.4
2026-07-26 14:00:00+00:00,0.07307,0.07337,0.07281,0.07298,2140758.7
2026-07-26 15:00:00+00:00,0.07298,0.07325,0.07286,0.07308,1512856.9
2026-07-26 16:00:00+00:00,0.07308,0.0734,0.07294,0.07311,3161683.8
2026-07-26 17:00:00+00:00,0.07311,0.07323,0.07292,0.0731,1281084.7
2026-07-26 18:00:00+00:00,0.0731,0.07311,0.07267,0.0727,3077249.6
2026-07-26 19:00:00+00:00,0.0727,0.07274,0.07252,0.07266,1688647.2
2026-07-26 20:00:00+00:00,0.07266,0.07281,0.07258,0.07259,1019626.0
2026-07-26 21:00:00+00:00,0.07259,0.07287,0.07253,0.07278,1538189.9
2026-07-26 22:00:00+00:00,0.07278,0.07338,0.07278,0.07327,7246297.8
2026-07-26 23:00:00+00:00,0.07327,0.07352,0.07314,0.0734,2975774.3
2026-07-27 00:00:00+00:00,0.0734,0.07342,0.07296,0.073,4160998.7
2026-07-27 01:00:00+00:00,0.073,0.07304,0.07256,0.07283,2710775.5
2026-07-27 02:00:00+00:00,0.07283,0.07289,0.07254,0.07261,1572054.9
2026-07-27 03:00:00+00:00,0.07261,0.07294,0.07253,0.07287,1233405.7
2026-07-27 04:00:00+00:00,0.07287,0.07312,0.07269,0.07281,1172656.6
2026-07-27 05:00:00+00:00,0.07281,0.07306,0.0727,0.07297,10336849.4
2026-07-27 06:00:00+00:00,0.07297,0.07352,0.07297,0.07301,3265341.4
2026-07-27 07:00:00+00:00,0.07301,0.07304,0.07273,0.07285,1203816.5
2026-07-27 08:00:00+00:00,0.07285,0.07287,0.07236,0.0726,3557436.5
2026-07-27 09:00:00+00:00,0.0726,0.07273,0.07221,0.07266,2831055.0
2026-07-27 10:00:00+00:00,0.07266,0.07291,0.07263,0.07279,1447211.8
2026-07-27 11:00:00+00:00,0.07279,0.07281,0.07255,0.07257,641434.5
2026-07-27 12:00:00+00:00,0.07257,0.07302,0.07238,0.07292,4338964.5
2026-07-27 13:00:00+00:00,0.07292,0.07322,0.07238,0.07275,3558453.3
2026-07-27 14:00:00+00:00,0.07275,0.07281,0.07085,0.07141,9126127.7
2026-07-27 15:00:00+00:00,0.07141,0.07167,0.0713,0.07136,1386976.9
2026-07-27 16:00:00+00:00,0.07136,0.07221,0.07123,0.07213,3873426.7
2026-07-27 17:00:00+00:00,0.07213,0.07231,0.07201,0.07213,3100274.1
2026-07-27 18:00:00+00:00,0.07213,0.07216,0.07155,0.0718,2095404.4
2026-07-27 19:00:00+00:00,0.0718,0.07216,0.07177,0.07204,1082217.0
2026-07-27 20:00:00+00:00,0.07204,0.07216,0.07184,0.07213,11950282.4
2026-07-27 21:00:00+00:00,0.07213,0.07218,0.07182,0.0719,1206431.8
2026-07-27 22:00:00+00:00,0.0719,0.0719,0.07041,0.07055,4730021.2
2026-07-27 23:00:00+00:00,0.07055,0.07069,0.07011,0.07038,4034823.1
2026-07-28 00:00:00+00:00,0.07038,0.07057,0.06989,0.0699,1915475.4
2026-07-28 01:00:00+00:00,0.0699,0.07,0.06932,0.06971,5081874.3
2026-07-28 02:00:00+00:00,0.06971,0.07028,0.06968,0.07015,1787018.2
2026-07-28 03:00:00+00:00,0.07015,0.07026,0.06991,0.07026,970922.0
2026-07-28 04:00:00+00:00,0.07026,0.07027,0.06994,0.07007,653534.2
2026-07-28 05:00:00+00:00,0.07007,0.07015,0.06987,0.07002,1682908.8
2026-07-28 06:00:00+00:00,0.07002,0.07043,0.06985,0.07039,1164403.5
2026-07-28 07:00:00+00:00,0.07039,0.07051,0.07008,0.07014,2164202.5
2026-07-28 08:00:00+00:00,0.07014,0.07029,0.07005,0.0702,1085600.0
2026-07-28 09:00:00+00:00,0.0702,0.07033,0.07006,0.07015,718036.3
2026-07-28 10:00:00+00:00,0.07015,0.07022,0.07001,0.07017,1357884.2
2026-07-28 11:00:00+00:00,0.07017,0.07019,0.06979,0.07,2944292.7
2026-07-28 12:00:00+00:00,0.07,0.07019,0.06994,0.07013,2774446.8
2026-07-28 13:00:00+00:00,0.07013,0.07019,0.06925,0.06959,6729744.6
2026-07-28 14:00:00+00:00,0.06959,0.07012,0.06937,0.07001,1720586.2
2026-07-28 15:00:00+00:00,0.07001,0.07109,0.06987,0.0708,4717754.9
2026-07-28 16:00:00+00:00,0.0708,0.07128,0.07067,0.07117,2550651.2
2026-07-28 17:00:00+00:00,0.07117,0.07141,0.07048,0.07063,3138919.0
2026-07-28 18:00:00+00:00,0.07063,0.07079,0.07051,0.07074,545602.2
2026-07-28 19:00:00+00:00,0.07074,0.07089,0.0706,0.07072,1348590.6
2026-07-28 20:00:00+00:00,0.07072,0.07088,0.07063,0.07074,699960.6
2026-07-28 21:00:00+00:00,0.07074,0.07116,0.07072,0.07099,3201272.8
2026-07-28 22:00:00+00:00,0.07099,0.07113,0.07032,0.07034,785224.9
2026-07-28 23:00:00+00:00,0.07034,0.07091,0.07004,0.07088,3115807.5
2026-07-29 00:00:00+00:00,0.07088,0.0712,0.07071,0.07092,4988739.8
2026-07-29 01:00:00+00:00,0.07092,0.07106,0.07041,0.07042,733244.9
2026-07-29 02:00:00+00:00,0.07042,0.07099,0.0703,0.0708,1104626.9
2026-07-29 03:00:00+00:00,0.0708,0.0709,0.07021,0.07024,2248705.8
2026-07-29 04:00:00+00:00,0.07024,0.07071,0.06994,0.07056,4714842.7
2026-07-29 05:00:00+00:00,0.07056,0.07075,0.07047,0.07061,822951.0
2026-07-29 06:00:00+00:00,0.07061,0.07096,0.07046,0.07075,1149119.0
2026-07-29 07:00:00+00:00,0.07075,0.07102,0.07065,0.07099,1360045.1
2026-07-29 08:00:00+00:00,0.07099,0.07107,0.07046,0.07076,1823598.0
2026-07-29 09:00:00+00:00,0.07076,0.07102,0.07076,0.07092,1300221.4
2026-07-29 10:00:00+00:00,0.07092,0.07096,0.07047,0.07056,1680271.5
2026-07-29 11:00:00+00:00,0.07056,0.07072,0.07044,0.07059,865484.4
2026-07-29 12:00:00+00:00,0.07059,0.07069,0.07039,0.07058,2126599.6
2026-07-29 13:00:00+00:00,0.07058,0.07075,0.07032,0.07068,2806413.8
2026-07-29 14:00:00+00:00,0.07068,0.07076,0.07012,0.07021,2232601.8
2026-07-29 15:00:00+00:00,0.07021,0.07045,0.07001,0.0702,2702912.8
2026-07-29 16:00:00+00:00,0.0702,0.07039,0.07001,0.07025,1554474.2
2026-07-29 17:00:00+00:00,0.07025,0.07064,0.07021,0.07061,1640375.7
2026-07-29 18:00:00+00:00,0.07061,0.07116,0.07026,0.07096,9349392.6
2026-07-29 19:00:00+00:00,0.07096,0.07104,0.06969,0.06969,2996312.3
2026-07-29 20:00:00+00:00,0.06969,0.06987,0.06882,0.06936,8576096.5
2026-07-29 21:00:00+00:00,0.06936,0.0699,0.06909,0.06986,2863556.8
2026-07-29 22:00:00+00:00,0.06986,0.07025,0.06986,0.07006,572508.5
2026-07-29 23:00:00+00:00,0.07006,0.07024,0.06996,0.07014,624289.9
2026-07-30 00:00:00+00:00,0.07014,0.07049,0.0699,0.07015,1726750.8
2026-07-30 01:00:00+00:00,0.07015,0.07075,0.07015,0.07057,1420399.7
2026-07-30 02:00:00+00:00,0.07057,0.07069,0.07047,0.07047,1419597.6
2026-07-30 03:00:00+00:00,0.07047,0.07058,0.07022,0.07023,605427.7
2026-07-30 04:00:00+00:00,0.07023,0.07024,0.06972,0.06978,1312380.8
2026-07-30 05:00:00+00:00,0.06978,0.07018,0.06965,0.07015,1218989.8
2026-07-30 06:00:00+00:00,0.07015,0.07019,0.06988,0.06994,749401.2
2026-07-30 07:00:00+00:00,0.06994,0.0702,0.06977,0.06981,700807.9
2026-07-30 08:00:00+00:00,0.06981,0.07023,0.0698,0.07009,1172724.5
2026-07-30 09:00:00+00:00,0.07009,0.0703,0.07008,0.07023,1106139.9
2026-07-30 10:00:00+00:00,0.07023,0.07037,0.06988,0.06999,1778355.2
2026-07-30 11:00:00+00:00,0.06999,0.07021,0.06985,0.07015,1908126.9
2026-07-30 12:00:00+00:00,0.07015,0.07035,0.07009,0.07027,1629028.5
2026-07-30 13:00:00+00:00,0.07027,0.07064,0.06992,0.07053,1875130.1
2026-07-30 14:00:00+00:00,0.07053,0.07072,0.07011,0.07054,1160750.8
2026-07-30 15:00:00+00:00,0.07054,0.07074,0.07025,0.07057,1426192.1
2026-07-30 16:00:00+00:00,0.07057,0.0707,0.07046,0.07065,867668.5
2026-07-30 17:00:00+00:00,0.07065,0.071,0.07045,0.07086,3279124.5
2026-07-30 18:00:00+00:00,0.07086,0.07096,0.07065,0.07073,626779.9
2026-07-30 19:00:00+00:00,0.07073,0.07103,0.07071,0.07076,936041.3
2026-07-30 20:00:00+00:00,0.07076,0.07091,0.07056,0.07057,1898654.3
2026-07-30 21:00:00+00:00,0.07057,0.07074,0.07045,0.07052,2948437.2
2026-07-30 22:00:00+00:00,0.07052,0.0709,0.07041,0.07069,649274.3
2026-07-30 23:00:00+00:00,0.07069,0.07095,0.07053,0.07061,1063222.7
2026-07-31 00:00:00+00:00,0.07061,0.07074,0.07022,0.07044,1693677.2
2026-07-31 01:00:00+00:00,0.07044,0.071,0.07017,0.0703,2339993.1
2026-07-31 02:00:00+00:00,0.0703,0.07035,0.06991,0.07003,1287132.6
2026-07-31 03:00:00+00:00,0.07003,0.0702,0.06982,0.07007,732452.6
2026-07-31 04:00:00+00:00,0.07007,0.07013,0.06985,0.07012,1798226.9
2026-07-31 05:00:00+00:00,0.07012,0.07023,0.07001,0.07014,988370.8
2026-07-31 06:00:00+00:00,0.07014,0.07031,0.07,0.07012,1161741.1
2026-07-31 07:00:00+00:00,0.07012,0.07012,0.0696,0.07006,2633572.7
2026-07-31 08:00:00+00:00,0.07006,0.07021,0.06987,0.06995,1646615.5
2026-07-31 09:00:00+00:00,0.06995,0.06996,0.06937,0.06942,1901285.3
2026-07-31 10:00:00+00:00,0.06942,0.06955,0.06913,0.06953,1741286.5
2026-07-31 11:00:00+00:00,0.06953,0.06963,0.06947,0.06962,1021851.8
2026-07-31 12:00:00+00:00,0.06962,0.06965,0.06936,0.06964,1623766.3
2026-07-31 13:00:00+00:00,0.06964,0.06973,0.06911,0.06932,4455336.3
2026-07-31 14:00:00+00:00,0.06932,0.06967,0.06847,0.06936,18685467.2
2026-07-31 15:00:00+00:00,0.06936,0.0695,0.06884,0.06905,10238436.0
2026-07-31 16:00:00+00:00,0.06905,0.06975,0.06901,0.06974,5199821.5
2026-07-31 17:00:00+00:00,0.06974,0.07032,0.06961,0.07016,3945591.5
2026-07-31 18:00:00+00:00,0.07016,0.07038,0.06991,0.07024,3331898.6
2026-07-31 19:00:00+00:00,0.07024,0.07038,0.06968,0.06979,2749670.8
2026-07-31 20:00:00+00:00,0.06979,0.06995,0.06948,0.06954,2192213.1
2026-07-31 21:00:00+00:00,0.06954,0.06988,0.06946,0.06967,1166631.0
2026-07-31 22:00:00+00:00,0.06967,0.06985,0.06957,0.06963,1098209.9
2026-07-31 23:00:00+00:00,0.06963,0.06975,0.06959,0.06963,595958.5
2026-08-01 00:00:00+00:00,0.06963,0.06997,0.0696,0.06995,5841118.5
2026-08-01 01:00:00+00:00,0.06995,0.07019,0.06995,0.07012,1524600.1
2026-08-01 02:00:00+00:00,0.07012,0.07029,0.07,0.07013,761792.0
2026-08-01 03:00:00+00:00,0.07013,0.07018,0.07004,0.07013,615467.1
2026-08-01 04:00:00+00:00,0.07013,0.07027,0.07009,0.07017,1321900.6
2026-08-01 05:00:00+00:00,0.07017,0.07021,0.07001,0.07013,1414978.9
2026-08-01 06:00:00+00:00,0.07013,0.07018,0.06998,0.07005,820482.5
2026-08-01 07:00:00+00:00,0.07005,0.07029,0.06978,0.06989,3560258.1
2026-08-01 08:00:00+00:00,0.06989,0.06996,0.0698,0.06993,523962.0
2026-08-01 09:00:00+00:00,0.06993,0.06996,0.06979,0.0698,740994.1
2026-08-01 10:00:00+00:00,0.0698,0.06984,0.06962,0.06982,1834237.5
2026-08-01 11:00:00+00:00,0.06982,0.06992,0.0698,0.06987,1202942.9
2026-08-01 12:00:00+00:00,0.06987,0.07001,0.06978,0.06994,773782.6
2026-08-01 13:00:00+00:00,0.06994,0.07014,0.06993,0.07006,1291634.5
2026-08-01 14:00:00+00:00,0.07006,0.07026,0.07003,0.07015,645520.2
2026-08-01 15:00:00+00:00,0.07015,0.07019,0.07,0.07014,1039454.0
2026-08-01 16:00:00+00:00,0.07014,0.07023,0.06993,0.07002,2507316.0
2026-08-01 17:00:00+00:00,0.07002,0.07011,0.06936,0.06953,3796387.3
2026-08-01 18:00:00+00:00,0.06953,0.06954,0.06766,0.06854,10338114.6
2026-08-01 19:00:00+00:00,0.06854,0.06868,0.06842,0.06853,1349243.2
2026-08-01 20:00:00+00:00,0.06853,0.06867,0.06841,0.06867,1149440.6
2026-08-01 21:00:00+00:00,0.06867,0.06926,0.06866,0.06913,3141943.4
2026-08-01 22:00:00+00:00,0.06913,0.06918,0.06901,0.06901,474840.2
2026-08-01 23:00:00+00:00,0.06901,0.06948,0.06901,0.06916,8846382.4
2026-08-02 00:00:00+00:00,0.06916,0.0693,0.06913,0.06921,2158188.2
2026-08-02 01:00:00+00:00,0.06921,0.06969,0.06921,0.06965,1543130.6
2026-08-02 02:00:00+00:00,0.06965,0.07025,0.06963,0.07003,5295687.8
2026-08-02 03:00:00+00:00,0.07003,0.07012,0.06998,0.07004,768871.5
2026-08-02 04:00:00+00:00,0.07004,0.07028,0.07004,0.07025,1623719.3
2026-08-02 05:00:00+00:00,0.07025,0.07058,0.07018,0.07051,2271299.9
2026-08-02 06:00:00+00:00,0.07051,0.07056,0.07024,0.07038,1171649.1
2026-08-02 07:00:00+00:00,0.07038,0.07044,0.07027,0.07042,908324.3
2026-08-02 08:00:00+00:00,0.07042,0.07045,0.07,0.07004,1835933.4
2026-08-02 09:00:00+00:00,0.07004,0.07026,0.06986,0.0702,1510928.3
2026-08-02 10:00:00+00:00,0.0702,0.07022,0.06992,0.07007,883129.3
2026-08-02 11:00:00+00:00,0.07007,0.07015,0.06991,0.06998,1009294.3
2026-08-02 12:00:00+00:00,0.06998,0.07015,0.06998,0.07003,420903.1
2026-08-02 13:00:00+00:00,0.07003,0.07024,0.07001,0.0702,645284.5
2026-08-02 14:00:00+00:00,0.0702,0.07055,0.07007,0.0704,1675590.5
2026-08-02 15:00:00+00:00,0.0704,0.07052,0.07028,0.07031,975733.2
2026-08-02 16:00:00+00:00,0.07031,0.0705,0.07016,0.07037,676961.2
2026-08-02 17:00:00+00:00,0.07037,0.07068,0.07028,0.0706,1665960.2
2026-08-02 18:00:00+00:00,0.0706,0.07126,0.07053,0.07087,3876868.3
2026-08-02 19:00:00+00:00,0.07087,0.07087,0.07064,0.07077,605743.6
2026-08-02 20:00:00+00:00,0.07077,0.07077,0.07049,0.07062,861715.0
2026-08-02 21:00:00+00:00,0.07062,0.071,0.07056,0.0708,2177409.4
2026-08-02 22:00:00+00:00,0.0708,0.07149,0.07072,0.07079,4770671.6
2026-08-02 23:00:00+00:00,0.07079,0.07082,0.07055,0.07081,860070.6
2026-08-03 00:00:00+00:00,0.07081,0.07094,0.07022,0.07026,1994700.1
2026-08-03 01:00:00+00:00,0.07026,0.07027,0.07002,0.07007,1656287.4
2026-08-03 02:00:00+00:00,0.07007,0.07024,0.06997,0.07005,1658772.6
2026-08-03 03:00:00+00:00,0.07005,0.07009,0.06965,0.06981,1933620.9
2026-08-03 04:00:00+00:00,0.06981,0.07002,0.06974,0.06974,619428.3
2026-08-03 05:00:00+00:00,0.06974,0.06994,0.06966,0.06984,1545500.4
2026-08-03 06:00:00+00:00,0.06984,0.0699,0.06935,0.06942,1924006.5
2026-08-03 07:00:00+00:00,0.06942,0.06945,0.06903,0.06929,4251247.4
2026-08-03 08:00:00+00:00,0.06929,0.06936,0.069,0.06931,2672830.0
2026-08-03 09:00:00+00:00,0.06931,0.0698,0.06928,0.06972,3025433.0
2026-08-03 10:00:00+00:00,0.06972,0.06979,0.06939,0.06951,2363685.4
2026-08-03 11:00:00+00:00,0.06951,0.06956,0.06932,0.06934,819378.8
2026-08-03 12:00:00+00:00,0.06934,0.06963,0.06925,0.06955,3220393.7
2026-08-03 13:00:00+00:00,0.06955,0.07046,0.06954,0.07038,3261687.3
2026-08-03 14:00:00+00:00,0.07038,0.07053,0.07008,0.07048,3892158.4
2026-08-03 15:00:00+00:00,0.07048,0.07059,0.07019,0.07047,1917466.1
2026-08-03 16:00:00+00:00,0.07047,0.07057,0.07015,0.07034,2352248.9
2026-08-03 17:00:00+00:00,0.07034,0.0706,0.07022,0.07033,943046.8
2026-08-03 18:00:00+00:00,0.07033,0.07049,0.07027,0.07044,999412.6
2026-08-03 19:00:00+00:00,0.07044,0.07053,0.07026,0.07029,3321739.6
2026-08-03 20:00:00+00:00,0.07029,0.07054,0.07025,0.07052,3899897.2
2026-08-03 21:00:00+00:00,0.07052,0.07055,0.07036,0.07049,577107.6
2026-08-03 22:00:00+00:00,0.07049,0.07049,0.07013,0.07027,879990.5
2026-08-03 23:00:00+00:00,0.07027,0.0703,0.07014,0.07023,946680.9
2026-08-04 00:00:00+00:00,0.07023,0.07026,0.06992,0.06998,2313191.7
2026-08-04 01:00:00+00:00,0.06998,0.07055,0.06996,0.0705,1576972.2
2026-08-04 02:00:00+00:00,0.0705,0.07065,0.07024,0.07046,696913.6
2026-08-04 03:00:00+00:00,0.07046,0.07049,0.07028,0.07032,437771.5
2026-08-04 04:00:00+00:00,0.07032,0.07061,0.07021,0.07036,1894783.6
2026-08-04 05:00:00+00:00,0.07036,0.0704,0.07023,0.07032,358047.4
2026-08-04 06:00:00+00:00,0.07032,0.07047,0.0701,0.07021,3608942.6
2026-08-04 07:00:00+00:00,0.07021,0.07041,0.07001,0.07028,2228567.2
2026-08-04 08:00:00+00:00,0.07028,0.07031,0.07006,0.07012,2516439.8
2026-08-04 09:00:00+00:00,0.07012,0.07022,0.07005,0.07018,1614476.4
2026-08-04 10:00:00+00:00,0.07018,0.07047,0.07004,0.07037,1918563.2
2026-08-04 11:00:00+00:00,0.07037,0.07071,0.07026,0.07059,1624839.4
2026-08-04 12:00:00+00:00,0.07059,0.07059,0.07037,0.07048,7631157.3
2026-08-04 13:00:00+00:00,0.07048,0.07053,0.07012,0.07015,16549804.3
2026-08-04 14:00:00+00:00,0.07015,0.07029,0.06978,0.07018,6279206.1
2026-08-04 15:00:00+00:00,0.07018,0.07041,0.06996,0.07024,2227619.8
2026-08-04 16:00:00+00:00,0.07024,0.0704,0.07004,0.07036,1506054.2
2026-08-04 17:00:00+00:00,0.07036,0.07059,0.07018,0.07021,2119910.1
2026-08-04 18:00:00+00:00,0.07021,0.07065,0.07019,0.07041,1862188.4
2026-08-04 19:00:00+00:00,0.07041,0.07052,0.07034,0.07044,1639841.3
2026-08-04 20:00:00+00:00,0.07044,0.07057,0.07011,0.07038,3484064.2
2026-08-04 21:00:00+00:00,0.07038,0.07042,0.07019,0.07032,6661546.2
2026-08-04 22:00:00+00:00,0.07032,0.07041,0.0702,0.0704,1159147.2
2026-08-04 23:00:00+00:00,0.0704,0.07053,0.07008,0.07008,5338612.3
2026-08-05 00:00:00+00:00,0.07008,0.07013,0.06982,0.06986,2171927.7
2026-08-05 01:00:00+00:00,0.06986,0.07031,0.06973,0.07025,2376365.7
2026-08-05 02:00:00+00:00,0.07025,0.07043,0.07012,0.07024,3096751.4
2026-08-05 03:00:00+00:00,0.07024,0.07032,0.06965,0.06979,3973322.3
2026-08-05 04:00:00+00:00,0.06979,0.06995,0.06971,0.06984,1442634.9
2026-08-05 05:00:00+00:00,0.06984,0.07015,0.06982,0.06994,2787928.2
2026-08-05 06:00:00+00:00,0.06994,0.06994,0.06976,0.06981,1822051.5
2026-08-05 07:00:00+00:00,0.06981,0.06989,0.06961,0.06985,1635075.4
2026-08-05 08:00:00+00:00,0.06985,0.06997,0.06978,0.0699,726583.2
2026-08-05 09:00:00+00:00,0.0699,0.06998,0.06983,0.06983,905551.9
2026-08-05 10:00:00+00:00,0.06983,0.06993,0.06963,0.06968,2029042.4
2026-08-05 11:00:00+00:00,0.06968,0.0699,0.06968,0.06984,769235.5
2026-08-05 12:00:00+00:00,0.06984,0.07027,0.06981,0.06997,2132612.2
2026-08-05 13:00:00+00:00,0.06997,0.07004,0.06929,0.06982,3601033.3
2026-08-05 14:00:00+00:00,0.06982,0.07007,0.06974,0.06999,2111973.1
2026-08-05 15:00:00+00:00,0.06999,0.07015,0.0697,0.0697,1670155.8
2026-08-05 16:00:00+00:00,0.0697,0.07036,0.0697,0.07012,1969914.2
2026-08-05 17:00:00+00:00,0.07012,0.07042,0.06997,0.0703,1933114.0
2026-08-05 18:00:00+00:00,0.0703,0.07046,0.0701,0.07019,2267152.4
2026-08-05 19:00:00+00:00,0.07019,0.07043,0.07018,0.07025,1242325.0
2026-08-05 20:00:00+00:00,0.07025,0.07055,0.0701,0.07034,2402111.8
2026-08-05 21:00:00+00:00,0.07034,0.07035,0.07002,0.07008,679718.0
2026-08-05 22:00:00+00:00,0.07008,0.07019,0.07001,0.07001,1302139.1
2026-08-05 23:00:00+00:00,0.07001,0.0701,0.0699,0.07005,634803.1
2026-08-06 00:00:00+00:00,0.07005,0.07017,0.07001,0.0701,2248007.0
2026-08-06 01:00:00+00:00,0.0701,0.0701,0.06971,0.06972,880473.5
2026-08-06 02:00:00+00:00,0.06972,0.06986,0.06956,0.0697,1362075.4
2026-08-06 03:00:00+00:00,0.0697,0.06971,0.06959,0.06963,1551405.4
2026-08-06 04:00:00+00:00,0.06963,0.06985,0.06949,0.06983,1122036.8
2026-08-06 05:00:00+00:00,0.06983,0.07017,0.06983,0.07001,673782.8
2026-08-06 06:00:00+00:00,0.07001,0.07001,0.06974,0.06992,348122.5
2026-08-06 07:00:00+00:00,0.06992,0.07,0.06978,0.0698,428022.3
2026-08-06 08:00:00+00:00,0.0698,0.07005,0.06969,0.06997,978061.3
2026-08-06 09:00:00+00:00,0.06997,0.06998,0.06893,0.06908,8414003.3
2026-08-06 10:00:00+00:00,0.06908,0.06912,0.06884,0.06904,2368442.4
2026-08-06 11:00:00+00:00,0.06904,0.06927,0.06889,0.06917,1368687.6
2026-08-06 12:00:00+00:00,0.06917,0.06918,0.06882,0.06886,785116.0
2026-08-06 13:00:00+00:00,0.06886,0.06892,0.06825,0.06881,7645653.1
2026-08-06 14:00:00+00:00,0.06881,0.0692,0.06872,0.06911,1649919.8
2026-08-06 15:00:00+00:00,0.06911,0.06928,0.06906,0.06908,1772593.8
2026-08-06 16:00:00+00:00,0.06908,0.06939,0.06899,0.06934,1001444.3
2026-08-06 17:00:00+00:00,0.06934,0.0694,0.06898,0.06911,1734591.8
2026-08-06 18:00:00+00:00,0.06911,0.06915,0.06867,0.06872,1899088.0
2026-08-06 19:00:00+00:00,0.06872,0.06886,0.06871,0.06875,1169016.1
2026-08-06 20:00:00+00:00,0.06875,0.06897,0.06875,0.06893,1174314.6
2026-08-06 21:00:00+00:00,0.06893,0.06913,0.0689,0.0691,3473584.0
2026-08-06 22:00:00+00:00,0.0691,0.06912,0.0689,0.06903,635766.8
2026-08-06 23:00:00+00:00,0.06903,0.06909,0.06889,0.06909,256647.2
2026-08-07 00:00:00+00:00,0.06909,0.06934,0.06901,0.06928,759424.7
2026-08-07 01:00:00+00:00,0.06928,0.06947,0.06913,0.0693,593199.9
2026-08-07 02:00:00+00:00,0.0693,0.06949,0.06907,0.0693,1192195.9
2026-08-07 03:00:00+00:00,0.0693,0.06943,0.06905,0.06905,996145.7
2026-08-07 04:00:00+00:00,0.06905,0.06922,0.06894,0.06905,986919.8
2026-08-07 05:00:00+00:00,0.06905,0.06926,0.06884,0.06921,1821130.1
2026-08-07 06:00:00+00:00,0.06921,0.0695,0.06899,0.06921,7200017.0
2026-08-07 07:00:00+00:00,0.06921,0.06936,0.06914,0.0693,871921.8
2026-08-07 08:00:00+00:00,0.0693,0.06951,0.06928,0.06941,1915455.4
2026-08-07 09:00:00+00:00,0.06941,0.0696,0.06939,0.06958,1476969.7
2026-08-07 10:00:00+00:00,0.06958,0.06964,0.06946,0.06949,2121269.3
2026-08-07 11:00:00+00:00,0.06949,0.06969,0.06946,0.06961,1436525.7
2026-08-07 12:00:00+00:00,0.06961,0.07037,0.06959,0.07007,8192627.4
2026-08-07 13:00:00+00:00,0.07007,0.07023,0.06995,0.07005,4377204.9
2026-08-07 14:00:00+00:00,0.07005,0.0702,0.06959,0.06972,5320673.7
2026-08-07 15:00:00+00:00,0.06972,0.07003,0.06967,0.06996,1047237.5
2026-08-07 16:00:00+00:00,0.06996,0.07016,0.06965,0.06965,1193490.9
2026-08-07 17:00:00+00:00,0.06965,0.06973,0.0694,0.06967,1638547.5
2026-08-07 18:00:00+00:00,0.06967,0.06983,0.06954,0.06967,428353.5
2026-08-07 19:00:00+00:00,0.06967,0.06998,0.06966,0.06985,490658.8
2026-08-07 20:00:00+00:00,0.06985,0.0699,0.06973,0.06975,376442.9
2026-08-07 21:00:00+00:00,0.06975,0.06993,0.06963,0.0697,1756666.2
2026-08-07 22:00:00+00:00,0.0697,0.06979,0.06962,0.06966,324932.9
2026-08-07 23:00:00+00:00,0.06966,0.06978,0.06965,0.06965,377160.8
2026-08-08 00:00:00+00:00,0.06965,0.06992,0.06956,0.06972,3399153.6
2026-08-08 01:00:00+00:00,0.06972,0.07002,0.06972,0.06993,796307.1
2026-08-08 02:00:00+00:00,0.06993,0.07001,0.06987,0.06987,375996.7
2026-08-08 03:00:00+00:00,0.06987,0.07039,0.06987,0.07031,3834076.9
2026-08-08 04:00:00+00:00,0.07031,0.07036,0.07007,0.0701,670944.6
2026-08-08 05:00:00+00:00,0.0701,0.07027,0.07008,0.0702,1633941.1
2026-08-08 06:00:00+00:00,0.0702,0.07038,0.07019,0.07036,1047644.3
2026-08-08 07:00:00+00:00,0.07036,0.07038,0.0702,0.07024,492840.9
2026-08-08 08:00:00+00:00,0.07024,0.07044,0.07015,0.07042,1453544.0
2026-08-08 09:00:00+00:00,0.07042,0.07063,0.07032,0.07036,1961289.9
2026-08-08 10:00:00+00:00,0.07036,0.07043,0.07029,0.07041,582497.0
2026-08-08 11:00:00+00:00,0.07041,0.07049,0.07032,0.07043,795321.3
2026-08-08 12:00:00+00:00,0.07043,0.0705,0.07038,0.07043,492402.4
2026-08-08 13:00:00+00:00,0.07043,0.07061,0.07043,0.07052,564289.8
2026-08-08 14:00:00+00:00,0.07052,0.07157,0.07047,0.07126,3637742.6
2026-08-08 15:00:00+00:00,0.07126,0.07135,0.07093,0.07115,2030875.0
2026-08-08 16:00:00+00:00,0.07115,0.07138,0.07106,0.07125,2792502.6
2026-08-08 17:00:00+00:00,0.07125,0.07142,0.07115,0.07123,1326888.6
2026-08-08 18:00:00+00:00,0.07123,0.07133,0.07092,0.07094,1689918.3
2026-08-08 19:00:00+00:00,0.07094,0.0711,0.07087,0.07099,1880793.9
2026-08-08 20:00:00+00:00,0.07099,0.0711,0.07096,0.07103,207357.0
2026-08-08 21:00:00+00:00,0.07103,0.07108,0.07093,0.07097,450808.5
2026-08-08 22:00:00+00:00,0.07097,0.07101,0.07049,0.07052,1040340.4
2026-08-08 23:00:00+00:00,0.07052,0.07052,0.07028,0.07043,1650719.7
2026-08-09 00:00:00+00:00,0.07043,0.07049,0.07029,0.0704,788894.6
2026-08-09 01:00:00+00:00,0.0704,0.07052,0.06997,0.07002,2995695.0
2026-08-09 02:00:00+00:00,0.07002,0.0701,0.0699,0.07,1045690.1
2026-08-09 03:00:00+00:00,0.07,0.07008,0.06986,0.07001,771825.8
2026-08-09 04:00:00+00:00,0.07001,0.07013,0.07,0.07006,224206.6
2026-08-09 05:00:00+00:00,0.07006,0.07007,0.06988,0.07001,762755.2
2026-08-09 06:00:00+00:00,0.07001,0.07025,0.06994,0.07019,1098440.0
2026-08-09 07:00:00+00:00,0.07019,0.07021,0.07007,0.07015,767568.7
2026-08-09 08:00:00+00:00,0.07015,0.0703,0.06995,0.07012,2588660.5
2026-08-09 09:00:00+00:00,0.07012,0.07016,0.07002,0.07014,2255699.6
2026-08-09 10:00:00+00:00,0.07014,0.07027,0.07011,0.0702,1009141.7
2026-08-09 11:00:00+00:00,0.0702,0.07029,0.07017,0.07017,636057.4
2026-08-09 12:00:00+00:00,0.07017,0.07023,0.07013,0.07019,656332.1
2026-08-09 13:00:00+00:00,0.07019,0.07047,0.07016,0.07034,1365795.1
2026-08-09 14:00:00+00:00,0.07034,0.07055,0.07033,0.0705,770603.2
2026-08-09 15:00:00+00:00,0.0705,0.07077,0.07049,0.07069,1586470.2
2026-08-09 16:00:00+00:00,0.07069,0.0708,0.07061,0.07074,1579251.3
2026-08-09 17:00:00+00:00,0.07074,0.07083,0.07048,0.07055,836085.1
2026-08-09 18:00:00+00:00,0.07055,0.07063,0.07042,0.07052,2647057.2
2026-08-09 19:00:00+00:00,0.07052,0.07054,0.0704,0.07051,518409.8
2026-08-09 20:00:00+00:00,0.07051,0.07052,0.07037,0.07049,1984581.3
2026-08-09 21:00:00+00:00,0.07049,0.0708,0.07042,0.0706,2543341.2
2026-08-09 22:00:00+00:00,0.0706,0.07096,0.06989,0.07007,3315141.8
2026-08-09 23:00:00+00:00,0.07007,0.07008,0.06924,0.06935,3729637.8
2026-08-10 00:00:00+00:00,0.06935,0.06981,0.0691,0.06964,3038652.4
2026-08-10 01:00:00+00:00,0.06964,0.07024,0.06956,0.06999,2403514.9
2026-08-10 02:00:00+00:00,0.06999,0.07004,0.06951,0.06994,1354743.4
2026-08-10 03:00:00+00:00,0.06994,0.07005,0.06957,0.06968,1834738.3
2026-08-10 04:00:00+00:00,0.06968,0.06986,0.06957,0.06972,1141801.5
2026-08-10 05:00:00+00:00,0.06972,0.07009,0.06972,0.06997,637891.7
2026-08-10 06:00:00+00:00,0.06997,0.07014,0.06994,0.07014,999760.5
2026-08-10 07:00:00+00:00,0.07014,0.07015,0.07001,0.07004,609883.1
2026-08-10 08:00:00+00:00,0.07004,0.07017,0.06979,0.07008,3134827.8
2026-08-10 09:00:00+00:00,0.07008,0.07016,0.06987,0.0699,4764648.0
2026-08-10 10:00:00+00:00,0.0699,0.07007,0.06988,0.06994,838891.7
2026-08-10 11:00:00+00:00,0.06994,0.07011,0.06989,0.07003,487728.9
2026-08-10 12:00:00+00:00,0.07003,0.07015,0.06981,0.06985,1126610.9
2026-08-10 13:00:00+00:00,0.06985,0.06996,0.06958,0.0698,2737114.2
2026-08-10 14:00:00+00:00,0.0698,0.07006,0.06976,0.06983,1655503.4
2026-08-10 15:00:00+00:00,0.06983,0.06987,0.06942,0.0697,3613255.3
2026-08-10 16:00:00+00:00,0.0697,0.06981,0.0695,0.06956,2013224.5
2026-08-10 17:00:00+00:00,0.06956,0.06984,0.06947,0.06966,995275.7
2026-08-10 18:00:00+00:00,0.06966,0.06979,0.06952,0.0697,996184.4
2026-08-10 19:00:00+00:00,0.0697,0.06996,0.0697,0.06987,1347270.2
2026-08-10 20:00:00+00:00,0.06987,0.06999,0.06984,0.06992,860385.5
2026-08-10 21:00:00+00:00,0.06992,0.06996,0.06969,0.06969,755255.9
2026-08-10 22:00:00+00:00,0.06969,0.06986,0.06954,0.06983,721652.1
2026-08-10 23:00:00+00:00,0.06983,0.06991,0.06969,0.0697,519713.9
2026-08-11 00:00:00+00:00,0.0697,0.06989,0.06963,0.06988,220470.1
2026-08-11 01:00:00+00:00,0.06988,0.0701,0.06979,0.07002,1057332.4
2026-08-11 02:00:00+00:00,0.07002,0.07037,0.07,0.07019,2787389.8
2026-08-11 03:00:00+00:00,0.07019,0.07026,0.07011,0.07013,2008738.9
2026-08-11 04:00:00+00:00,0.07013,0.07013,0.06998,0.06999,457463.8
2026-08-11 05:00:00+00:00,0.06999,0.07022,0.06991,0.07007,1215755.1
2026-08-11 06:00:00+00:00,0.07007,0.07028,0.06998,0.07017,2437026.2
2026-08-11 07:00:00+00:00,0.07017,0.07028,0.06997,0.07013,1703544.2
2026-08-11 08:00:00+00:00,0.07013,0.07037,0.07012,0.07036,1970593.3
2026-08-11 09:00:00+00:00,0.07036,0.07069,0.07033,0.07059,2573002.0
2026-08-11 10:00:00+00:00,0.07059,0.0707,0.07036,0.07055,3127504.2
2026-08-11 11:00:00+00:00,0.07055,0.07076,0.07046,0.07059,12563259.2
2026-08-11 12:00:00+00:00,0.07059,0.07074,0.07049,0.07065,8544649.4
2026-08-11 13:00:00+00:00,0.07065,0.07098,0.07059,0.07092,5247309.9
2026-08-11 14:00:00+00:00,0.07092,0.07134,0.06993,0.07011,11697758.7
2026-08-11 15:00:00+00:00,0.07011,0.07063,0.06999,0.07061,12873311.8
2026-08-11 16:00:00+00:00,0.07061,0.07091,0.07041,0.07051,13237715.1
2026-08-11 17:00:00+00:00,0.07051,0.07129,0.07041,0.071,4110922.9
2026-08-11 18:00:00+00:00,0.071,0.07108,0.07063,0.07081,3233804.6
2026-08-11 19:00:00+00:00,0.07081,0.07106,0.07048,0.07103,1827485.4
2026-08-11 20:00:00+00:00,0.07103,0.07229,0.07103,0.07172,15489152.2
2026-08-11 21:00:00+00:00,0.07172,0.07259,0.07165,0.07245,8628645.3
2026-08-11 22:00:00+00:00,0.07245,0.07314,0.07217,0.07237,10140411.4
2026-08-11 23:00:00+00:00,0.07237,0.07237,0.07187,0.0719,2491104.2
2026-08-12 00:00:00+00:00,0.0719,0.07238,0.07184,0.07232,4046795.4
2026-08-12 01:00:00+00:00,0.07232,0.07252,0.07219,0.07228,3764625.2
2026-08-12 02:00:00+00:00,0.07228,0.07245,0.07189,0.07189,4038365.8
2026-08-12 03:00:00+00:00,0.07189,0.07246,0.07189,0.07223,2754197.9
2026-08-12 04:00:00+00:00,0.07223,0.07231,0.07203,0.07211,1808881.7
2026-08-12 05:00:00+00:00,0.07211,0.07223,0.07193,0.0721,1111299.9
2026-08-12 06:00:00+00:00,0.0721,0.0721,0.07141,0.07156,3031249.1
2026-08-12 07:00:00+00:00,0.07156,0.07174,0.0715,0.0717,1034876.8
2026-08-12 08:00:00+00:00,0.0717,0.07174,0.07149,0.07151,2527482.8
2026-08-12 09:00:00+00:00,0.07151,0.07203,0.0715,0.07202,1189465.2
2026-08-12 10:00:00+00:00,0.07202,0.07218,0.07186,0.0719,955672.6
2026-08-12 11:00:00+00:00,0.0719,0.07203,0.07185,0.072,1159688.5
2026-08-12 12:00:00+00:00,0.072,0.07224,0.07141,0.07165,6916586.1
2026-08-12 13:00:00+00:00,0.07165,0.07168,0.07053,0.07061,6605512.9
2026-08-12 14:00:00+00:00,0.07061,0.07074,0.07028,0.07047,8060717.3
2026-08-12 15:00:00+00:00,0.07047,0.071,0.07046,0.07084,3633951.8
2026-08-12 16:00:00+00:00,0.07084,0.07098,0.07073,0.07089,2359322.1
2026-08-12 17:00:00+00:00,0.07089,0.07092,0.07061,0.07082,8445995.0
2026-08-12 18:00:00+00:00,0.07082,0.07085,0.07067,0.07069,644432.5
2026-08-12 19:00:00+00:00,0.07069,0.07072,0.07049,0.0706,1265152.3
2026-08-12 20:00:00+00:00,0.0706,0.07073,0.07043,0.07064,759037.4
2026-08-12 21:00:00+00:00,0.07064,0.07069,0.06913,0.06935,21182589.2
2026-08-12 22:00:00+00:00,0.06935,0.06947,0.06888,0.06946,20337992.9
2026-08-12 23:00:00+00:00,0.06946,0.06972,0.06937,0.06971,2436765.8
2026-08-13 00:00:00+00:00,0.06971,0.06999,0.06964,0.06987,1725191.2
2026-08-13 01:00:00+00:00,0.06987,0.07005,0.0698,0.06989,2007285.2
2026-08-13 02:00:00+00:00,0.06989,0.07034,0.06987,0.07029,1278439.2
2026-08-13 03:00:00+00:00,0.07029,0.07042,0.07013,0.07018,2421069.7
2026-08-13 04:00:00+00:00,0.07018,0.07039,0.07009,0.07027,1093957.8
2026-08-13 05:00:00+00:00,0.07027,0.07068,0.07023,0.07063,2703126.3
2026-08-13 06:00:00+00:00,0.07063,0.0707,0.0704,0.07066,1847414.8
2026-08-13 07:00:00+00:00,0.07066,0.07082,0.07057,0.07059,1228387.1
2026-08-13 08:00:00+00:00,0.07059,0.07067,0.07043,0.07049,1065307.8
2026-08-13 09:00:00+00:00,0.07049,0.07055,0.07029,0.07052,2637914.5
2026-08-13 10:00:00+00:00,0.07052,0.07056,0.06995,0.07015,4230028.8
2026-08-13 11:00:00+00:00,0.07015,0.0702,0.06995,0.07008,1585684.5
2026-08-13 12:00:00+00:00,0.07008,0.07035,0.07003,0.07026,2205702.2
2026-08-13 13:00:00+00:00,0.07026,0.07037,0.07003,0.07022,851945.9
2026-08-13 14:00:00+00:00,0.07022,0.07038,0.07004,0.07017,1891955.3
2026-08-13 15:00:00+00:00,0.07017,0.07027,0.06973,0.06973,2640183.3
2026-08-13 16:00:00+00:00,0.06973,0.07002,0.06952,0.0698,2999945.7
2026-08-13 17:00:00+00:00,0.0698,0.07002,0.06978,0.06992,1032041.0
2026-08-13 18:00:00+00:00,0.06992,0.07009,0.0698,0.07005,488721.6
2026-08-13 19:00:00+00:00,0.07005,0.07034,0.07004,0.07032,1293864.6
2026-08-13 20:00:00+00:00,0.07032,0.07037,0.07017,0.07018,693219.0
2026-08-13 21:00:00+00:00,0.07018,0.07027,0.07015,0.07019,754824.7
2026-08-13 22:00:00+00:00,0.07019,0.07035,0.07013,0.07015,662943.1
2026-08-13 23:00:00+00:00,0.07015,0.07018,0.07001,0.07018,636829.4
2026-08-14 00:00:00+00:00,0.07018,0.07029,0.0701,0.07029,609964.8
2026-08-14 01:00:00+00:00,0.07029,0.07029,0.07016,0.07023,798682.2
2026-08-14 02:00:00+00:00,0.07023,0.07037,0.07011,0.07011,429221.9
2026-08-14 03:00:00+00:00,0.07011,0.07012,0.06993,0.06997,656991.3
2026-08-14 04:00:00+00:00,0.06997,0.07014,0.06994,0.06994,203285.7
2026-08-14 05:00:00+00:00,0.06994,0.07003,0.06991,0.06999,508831.4
2026-08-14 06:00:00+00:00,0.06999,0.06999,0.06965,0.06966,1488204.4
2026-08-14 07:00:00+00:00,0.06966,0.06981,0.0696,0.06967,830823.5
2026-08-14 08:00:00+00:00,0.06967,0.07,0.06959,0.06997,2903993.9
2026-08-14 09:00:00+00:00,0.06997,0.06998,0.06943,0.06949,3305934.6
2026-08-14 10:00:00+00:00,0.06949,0.06967,0.06933,0.06938,1303775.7
2026-08-14 11:00:00+00:00,0.06938,0.06954,0.06938,0.06946,805150.3
2026-08-14 12:00:00+00:00,0.06946,0.06959,0.06922,0.06929,2884933.8
2026-08-14 13:00:00+00:00,0.06929,0.06949,0.06927,0.06944,2082456.7
2026-08-14 14:00:00+00:00,0.06944,0.06961,0.06935,0.06949,861858.1
2026-08-14 15:00:00+00:00,0.06949,0.06999,0.06946,0.06989,813564.3
2026-08-14 16:00:00+00:00,0.06989,0.07006,0.06985,0.06992,1001974.2
2026-08-14 17:00:00+00:00,0.06992,0.07013,0.06986,0.06988,1021212.4
2026-08-14 18:00:00+00:00,0.06988,0.0699,0.06969,0.06975,1190586.2
2026-08-14 19:00:00+00:00,0.06975,0.06988,0.06959,0.06985,599470.3
2026-08-14 20:00:00+00:00,0.06985,0.0699,0.06974,0.06981,720452.9
2026-08-14 21:00:00+00:00,0.06981,0.06984,0.0697,0.06981,514501.4
2026-08-14 22:00:00+00:00,0.06981,0.06992,0.06967,0.06982,388991.3
2026-08-14 23:00:00+00:00,0.06982,0.07012,0.06982,0.07006,812183.6
2026-08-15 00:00:00+00:00,0.07006,0.07013,0.07,0.07011,408246.7
2026-08-15 01:00:00+00:00,0.07011,0.07013,0.06999,0.07009,408375.1
2026-08-15 02:00:00+00:00,0.07009,0.07038,0.07005,0.07035,1227565.1
2026-08-15 03:00:00+00:00,0.07035,0.07055,0.07029,0.07032,842624.6
2026-08-15 04:00:00+00:00,0.07032,0.07045,0.07028,0.07033,634113.6
2026-08-15 05:00:00+00:00,0.07033,0.07041,0.07004,0.07013,1476989.8
2026-08-15 06:00:00+00:00,0.07013,0.07021,0.07003,0.07017,853356.4
2026-08-15 07:00:00+00:00,0.07017,0.07019,0.07003,0.07007,255058.7
2026-08-15 08:00:00+00:00,0.07007,0.07011,0.06994,0.06994,632002.0
2026-08-15 09:00:00+00:00,0.06994,0.07013,0.0699,0.07011,207472.9
2026-08-15 10:00:00+00:00,0.07011,0.07013,0.06999,0.07005,682173.4
2026-08-15 11:00:00+00:00,0.07005,0.07009,0.06999,0.07002,1033265.0
2026-08-15 12:00:00+00:00,0.07002,0.07006,0.06993,0.07006,556181.8
2026-08-15 13:00:00+00:00,0.07006,0.07014,0.07004,0.0701,530984.1
2026-08-15 14:00:00+00:00,0.0701,0.0701,0.06993,0.07007,876056.0
2026-08-15 15:00:00+00:00,0.07007,0.0701,0.06997,0.07007,428193.0
2026-08-15 16:00:00+00:00,0.07007,0.07008,0.06998,0.07003,285826.1
2026-08-15 17:00:00+00:00,0.07003,0.07007,0.06991,0.06993,1405649.8
2026-08-15 18:00:00+00:00,0.06993,0.06998,0.06977,0.06979,1254308.8
2026-08-15 19:00:00+00:00,0.06979,0.06997,0.06975,0.06994,366914.5
2026-08-15 20:00:00+00:00,0.06994,0.06998,0.06988,0.06989,785493.7
2026-08-15 21:00:00+00:00,0.06989,0.07009,0.06988,0.06995,782729.1
2026-08-15 22:00:00+00:00,0.06995,0.07001,0.06986,0.06986,860211.4
2026-08-15 23:00:00+00:00,0.06986,0.06989,0.06952,0.06961,4831799.1
2026-08-16 00:00:00+00:00,0.06961,0.0697,0.06951,0.06969,317908.7
2026-08-16 01:00:00+00:00,0.06969,0.06969,0.06953,0.06964,1679502.2
2026-08-16 02:00:00+00:00,0.06964,0.06992,0.06961,0.06982,1396648.7
2026-08-16 03:00:00+00:00,0.06982,0.0699,0.06979,0.06982,1057478.6
2026-08-16 04:00:00+00:00,0.06982,0.0699,0.06977,0.0698,362283.6
2026-08-16 05:00:00+00:00,0.0698,0.06981,0.06966,0.06967,728199.6
2026-08-16 06:00:00+00:00,0.06967,0.0698,0.06958,0.06971,1511990.6
2026-08-16 07:00:00+00:00,0.06971,0.0699,0.06969,0.0699,863711.8
2026-08-16 08:00:00+00:00,0.0699,0.06993,0.06983,0.06986,403331.3
2026-08-16 09:00:00+00:00,0.06986,0.06989,0.06967,0.06977,1736972.0
2026-08-16 10:00:00+00:00,0.06977,0.06979,0.06971,0.06977,675205.3
2026-08-16 11:00:00+00:00,0.06977,0.06985,0.06976,0.06984,329083.7
2026-08-16 12:00:00+00:00,0.06984,0.06993,0.06975,0.06992,342401.7
2026-08-16 13:00:00+00:00,0.06992,0.07,0.0699,0.06992,615699.7
2026-08-16 14:00:00+00:00,0.06992,0.07006,0.06989,0.07006,458232.1
2026-08-16 15:00:00+00:00,0.07006,0.07008,0.06998,0.07005,615236.2
2026-08-16 16:00:00+00:00,0.07005,0.07018,0.06996,0.07005,787553.5
2026-08-16 17:00:00+00:00,0.07005,0.07009,0.06996,0.07001,640837.2
2026-08-16 18:00:00+00:00,0.07001,0.07003,0.06989,0.06999,879074.9
2026-08-16 19:00:00+00:00,0.06999,0.07006,0.06992,0.06992,333836.9
2026-08-16 20:00:00+00:00,0.06992,0.07002,0.0698,0.06985,1218193.7
2026-08-16 21:00:00+00:00,0.06985,0.0699,0.06904,0.06938,4760165.4
2026-08-16 22:00:00+00:00,0.06938,0.06963,0.0693,0.06959,2238274.4
2026-08-16 23:00:00+00:00,0.06959,0.06969,0.06952,0.06959,766015.2
2026-08-17 00:00:00+00:00,0.06959,0.06981,0.06947,0.06976,1139151.4
2026-08-17 01:00:00+00:00,0.06976,0.07026,0.06975,0.06999,2186498.6
2026-08-17 02:00:00+00:00,0.06999,0.07032,0.06991,0.07017,1665306.2
2026-08-17 03:00:00+00:00,0.07017,0.07025,0.07006,0.07019,1277031.1
2026-08-17 04:00:00+00:00,0.07019,0.07028,0.07017,0.07022,978560.9
2026-08-17 05:00:00+00:00,0.07022,0.07027,0.07012,0.07015,781903.1
2026-08-17 06:00:00+00:00,0.07015,0.0705,0.07014,0.07048,3077585.5
2026-08-17 07:00:00+00:00,0.07048,0.0705,0.07024,0.07031,888748.0
2026-08-17 08:00:00+00:00,0.07031,0.07034,0.07003,0.07009,2558363.5
2026-08-17 09:00:00+00:00,0.07009,0.07029,0.07005,0.07025,549121.6
2026-08-17 10:00:00+00:00,0.07025,0.07043,0.07016,0.07041,603525.3
2026-08-17 11:00:00+00:00,0.07041,0.07043,0.07016,0.07018,1001893.1
2026-08-17 12:00:00+00:00,0.07018,0.07021,0.07001,0.07006,873779.3
2026-08-17 13:00:00+00:00,0.07006,0.0703,0.07,0.07024,908656.5
2026-08-17 14:00:00+00:00,0.07024,0.0704,0.07009,0.07038,641180.0
2026-08-17 15:00:00+00:00,0.07038,0.07059,0.07027,0.0705,1271478.0
2026-08-17 16:00:00+00:00,0.0705,0.07052,0.07032,0.07036,817910.4
2026-08-17 17:00:00+00:00,0.07036,0.07053,0.07029,0.07037,1757195.0
2026-08-17 18:00:00+00:00,0.07037,0.07049,0.07032,0.07035,1807170.3
2026-08-17 19:00:00+00:00,0.07035,0.07036,0.07023,0.07029,2951149.1
2026-08-17 20:00:00+00:00,0.07029,0.07051,0.07011,0.07033,4843183.3
2026-08-17 21:00:00+00:00,0.07033,0.07047,0.0703,0.0704,4459773.6
2026-08-17 22:00:00+00:00,0.0704,0.07049,0.07019,0.07021,1306047.6
2026-08-17 23:00:00+00:00,0.07021,0.07047,0.07017,0.07038,1343012.1
2026-08-18 00:00:00+00:00,0.07038,0.07042,0.07021,0.07033,2068181.1
2026-08-18 01:00:00+00:00,0.07033,0.07036,0.06995,0.06998,1750304.8
2026-08-18 02:00:00+00:00,0.06998,0.0701,0.06959,0.06971,2360383.8
2026-08-18 03:00:00+00:00,0.06971,0.06989,0.06968,0.06984,853974.1
2026-08-18 04:00:00+00:00,0.06984,0.06999,0.06973,0.06994,699711.9
2026-08-18 05:00:00+00:00,0.06994,0.06999,0.0696,0.06979,4073416.3
2026-08-18 06:00:00+00:00,0.06979,0.0701,0.06973,0.06995,4091411.5
2026-08-18 07:00:00+00:00,0.06995,0.07002,0.06977,0.06988,2730614.9
2026-08-18 08:00:00+00:00,0.06988,0.06994,0.06968,0.06989,1574485.7
2026-08-18 09:00:00+00:00,0.06989,0.06994,0.06984,0.0699,1637091.5
2026-08-18 10:00:00+00:00,0.0699,0.06996,0.06987,0.06991,502194.0
2026-08-18 11:00:00+00:00,0.06991,0.07003,0.0699,0.06997,1424612.4
2026-08-18 12:00:00+00:00,0.06997,0.06999,0.06979,0.06983,2226231.7
2026-08-18 13:00:00+00:00,0.06983,0.06991,0.06975,0.0698,815581.0
2026-08-18 14:00:00+00:00,0.0698,0.07039,0.06978,0.07006,2106531.5
2026-08-18 15:00:00+00:00,0.07006,0.07034,0.07002,0.07032,724716.9
2026-08-18 16:00:00+00:00,0.07032,0.07047,0.07022,0.07039,897354.8
2026-08-18 17:00:00+00:00,0.07039,0.07041,0.07029,0.0703,828369.8
