ts,open,high,low,close,volume
2026-02-19 18:00:00+00:00,1920.73,1944.76,1916.61,1939.82,4587.82425
2026-02-19 19:00:00+00:00,1939.82,1947.6,1927.18,1941.16,5784.24217
2026-02-19 20:00:00+00:00,1941.16,1952.56,1934.65,1950.04,3124.48748
2026-02-19 21:00:00+00:00,1950.04,1952.6,1945.68,1948.76,2155.3723
2026-02-19 22:00:00+00:00,1948.76,1948.83,1937.0,1943.99,1435.94307
2026-02-19 23:00:00+00:00,1943.99,1951.47,1942.21,1949.14,999.60352
2026-02-20 00:00:00+00:00,1949.14,1964.54,1947.27,1957.63,2739.53276
2026-02-20 01:00:00+00:00,1957.63,1961.7,1949.95,1953.74,1566.44264
2026-02-20 02:00:00+00:00,1953.74,1956.81,1948.08,1949.63,2742.90579
2026-02-20 03:00:00+00:00,1949.63,1960.84,1949.44,1955.06,1848.08496
2026-02-20 04:00:00+00:00,1955.06,1956.43,1930.89,1939.25,4522.04415
2026-02-20 05:00:00+00:00,1939.25,1965.84,1936.13,1955.28,4283.19661
2026-02-20 06:00:00+00:00,1955.28,1960.43,1949.7,1958.55,2222.28082
2026-02-20 07:00:00+00:00,1958.55,1968.84,1956.81,1960.69,3014.73169
2026-02-20 08:00:00+00:00,1960.69,1966.37,1957.08,1959.94,2546.13712
2026-02-20 09:00:00+00:00,1959.94,1972.21,1959.9,1968.0,3349.2222
2026-02-20 10:00:00+00:00,1968.0,1973.76,1956.39,1957.47,2950.51284
2026-02-20 11:00:00+00:00,1957.47,1957.56,1940.37,1944.08,4567.41208
2026-02-20 12:00:00+00:00,1944.08,1951.77,1942.37,1949.89,5300.50296
2026-02-20 13:00:00+00:00,1949.89,1949.9,1923.04,1934.16,6602.3099
2026-02-20 14:00:00+00:00,1934.16,1954.92,1933.02,1943.66,5613.58723
2026-02-20 15:00:00+00:00,1943.66,1980.66,1935.6,1964.02,12768.3764
2026-02-20 16:00:00+00:00,1964.02,1973.58,1953.8,1968.64,6676.67424
2026-02-20 17:00:00+00:00,1968.64,1971.0,1939.0,1966.47,6410.7956
2026-02-20 18:00:00+00:00,1966.47,1981.61,1959.35,1975.65,6010.01065
2026-02-20 19:00:00+00:00,1975.65,1978.45,1961.35,1963.75,2706.41221
2026-02-20 20:00:00+00:00,1963.75,1971.19,1961.56,1971.0,1684.99598
2026-02-20 21:00:00+00:00,1971.0,1975.3,1967.01,1974.37,1734.94215
2026-02-20 22:00:00+00:00,1974.37,1974.37,1964.26,1971.3,2022.84016
2026-02-20 23:00:00+00:00,1971.3,1973.85,1963.38,1968.9,2205.98933
2026-02-21 00:00:00+00:00,1968.9,1969.61,1961.46,1963.4,1197.98953
2026-02-21 01:00:00+00:00,1963.4,1969.59,1963.11,1966.53,3001.48315
2026-02-21 02:00:00+00:00,1966.53,1970.85,1964.9,1965.77,1638.3593
2026-02-21 03:00:00+00:00,1965.77,1966.28,1955.97,1959.26,4254.48843
2026-02-21 04:00:00+00:00,1959.26,1963.48,1956.25,1962.47,1504.02922
2026-02-21 05:00:00+00:00,1962.47,1964.61,1961.24,1962.95,1405.27585
2026-02-21 06:00:00+00:00,1962.95,1966.46,1960.54,1961.53,1582.82696
2026-02-21 07:00:00+00:00,1961.53,1965.14,1960.03,1962.85,1636.45371
2026-02-21 08:00:00+00:00,1962.85,1971.3,1962.01,1969.11,1759.67774
2026-02-21 09:00:00+00:00,1969.11,1977.87,1967.29,1970.44,2490.83536
2026-02-21 10:00:00+00:00,1970.44,1975.23,1970.09,1974.38,1419.88585
2026-02-21 11:00:00+00:00,1974.38,1989.5,1973.99,1977.33,4409.12711
2026-02-21 12:00:00+00:00,1977.33,1978.62,1968.74,1976.37,3101.6215
2026-02-21 13:00:00+00:00,1976.37,1981.83,1972.94,1981.38,2605.5633
2026-02-21 14:00:00+00:00,1981.38,1996.55,1978.71,1987.53,8650.63134
2026-02-21 15:00:00+00:00,1987.53,1993.43,1984.33,1988.13,2948.89364
2026-02-21 16:00:00+00:00,1988.13,1989.89,1976.63,1986.66,5233.69553
2026-02-21 17:00:00+00:00,1986.66,1992.49,1984.45,1989.18,2549.26536
2026-02-21 18:00:00+00:00,1989.18,1995.6,1987.8,1992.21,2593.71371
2026-02-21 19:00:00+00:00,1992.21,1994.73,1988.0,1988.63,1587.52569
2026-02-21 20:00:00+00:00,1988.63,1990.8,1973.11,1974.34,3888.82282
2026-02-21 21:00:00+00:00,1974.34,1983.21,1968.09,1982.29,2431.30818
2026-02-21 22:00:00+00:00,1982.29,1982.69,1972.0,1974.32,2082.17518
2026-02-21 23:00:00+00:00,1974.32,1977.82,1971.12,1973.41,1183.75299
2026-02-22 00:00:00+00:00,1973.41,1975.43,1967.44,1973.06,2225.58943
2026-02-22 01:00:00+00:00,1973.06,1979.96,1972.44,1977.5,2404.0678
2026-02-22 02:00:00+00:00,1977.5,1983.12,1972.0,1972.35,2453.23468
2026-02-22 03:00:00+00:00,1972.35,1976.36,1967.24,1974.68,2099.84732
2026-02-22 04:00:00+00:00,1974.68,1976.21,1970.98,1973.66,1322.14864
2026-02-22 05:00:00+00:00,1973.66,1975.27,1970.89,1975.1,1032.66201
2026-02-22 06:00:00+00:00,1975.1,1979.55,1974.21,1976.14,1434.38735
2026-02-22 07:00:00+00:00,1976.14,1978.88,1974.46,1976.08,1081.24719
2026-02-22 08:00:00+00:00,1976.08,1977.2,1970.47,1973.37,1127.86763
2026-02-22 09:00:00+00:00,1973.37,1976.32,1971.63,1975.7,1115.1025
2026-02-22 10:00:00+00:00,1975.7,1980.08,1974.8,1977.44,1187.9202
2026-02-22 11:00:00+00:00,1977.44,1983.16,1977.44,1980.67,1878.15723
2026-02-22 12:00:00+00:00,1980.67,1981.5,1961.53,1966.34,4636.1122
2026-02-22 13:00:00+00:00,1966.34,1968.79,1944.86,1951.11,6441.75578
2026-02-22 14:00:00+00:00,1951.11,1954.48,1943.49,1950.66,5568.61543
2026-02-22 15:00:00+00:00,1950.66,1958.79,1945.74,1953.97,3426.28919
2026-02-22 16:00:00+00:00,1953.97,1955.85,1947.44,1952.62,1665.82855
2026-02-22 17:00:00+00:00,1952.62,1953.75,1935.02,1940.28,4117.53332
2026-02-22 18:00:00+00:00,1940.28,1944.37,1938.53,1943.11,1548.70466
2026-02-22 19:00:00+00:00,1943.11,1946.62,1940.31,1944.01,1299.40067
2026-02-22 20:00:00+00:00,1944.01,1945.97,1940.0,1941.03,1576.8021
2026-02-22 21:00:00+00:00,1941.03,1952.47,1940.95,1950.46,1620.22865
2026-02-22 22:00:00+00:00,1950.46,1960.92,1946.4,1958.31,2305.52799
2026-02-22 23:00:00+00:00,1958.31,1960.99,1948.21,1958.03,3464.40406
2026-02-23 00:00:00+00:00,1958.03,1958.31,1928.34,1929.22,4479.10989
2026-02-23 01:00:00+00:00,1929.22,1929.26,1846.53,1856.42,33289.05625
2026-02-23 02:00:00+00:00,1856.42,1868.89,1850.91,1863.14,9791.43089
2026-02-23 03:00:00+00:00,1863.14,1871.96,1855.35,1862.62,7063.01268
2026-02-23 04:00:00+00:00,1862.62,1864.93,1853.65,1859.9,4843.18429
2026-02-23 05:00:00+00:00,1859.9,1870.47,1859.67,1865.71,7112.07572
2026-02-23 06:00:00+00:00,1865.71,1882.64,1863.87,1879.09,8150.63266
2026-02-23 07:00:00+00:00,1879.09,1889.46,1876.68,1885.42,8131.43037
2026-02-23 08:00:00+00:00,1885.42,1890.02,1877.06,1880.53,5229.17025
2026-02-23 09:00:00+00:00,1880.53,1918.72,1880.52,1917.95,7896.62585
2026-02-23 10:00:00+00:00,1917.95,1928.29,1912.03,1914.02,5527.91544
2026-02-23 11:00:00+00:00,1914.02,1920.77,1911.19,1915.36,3673.14318
2026-02-23 12:00:00+00:00,1915.36,1926.79,1905.59,1920.23,6006.12945
2026-02-23 13:00:00+00:00,1920.23,1935.68,1918.79,1921.88,5971.89529
2026-02-23 14:00:00+00:00,1921.88,1925.57,1895.17,1906.94,10458.47979
2026-02-23 15:00:00+00:00,1906.94,1913.56,1892.58,1895.52,9268.79464
2026-02-23 16:00:00+00:00,1895.52,1900.29,1880.35,1884.8,9004.8371
2026-02-23 17:00:00+00:00,1884.8,1888.04,1837.29,1863.92,16074.63297
2026-02-23 18:00:00+00:00,1863.92,1874.15,1854.55,1857.51,6745.44434
2026-02-23 19:00:00+00:00,1857.51,1864.65,1847.13,1856.96,5499.0124
2026-02-23 20:00:00+00:00,1856.96,1862.43,1846.69,1860.66,5013.91563
2026-02-23 21:00:00+00:00,1860.66,1869.17,1858.4,1863.52,2890.80031
2026-02-23 22:00:00+00:00,1863.52,1869.93,1859.66,1859.97,3423.68033
2026-02-23 23:00:00+00:00,1859.97,1867.22,1850.96,1856.23,5099.65838
2026-02-24 00:00:00+00:00,1856.23,1869.59,1855.28,1867.88,3164.02531
2026-02-24 01:00:00+00:00,1867.88,1868.05,1811.52,1840.79,13391.11047
2026-02-24 02:00:00+00:00,1840.79,1854.49,1837.01,1843.5,3844.28846
2026-02-24 03:00:00+00:00,1843.5,1843.5,1823.08,1831.82,5405.68548
2026-02-24 04:00:00+00:00,1831.82,1833.98,1813.72,1830.67,6602.46228
2026-02-24 05:00:00+00:00,1830.67,1840.64,1813.76,1826.12,6142.08794
2026-02-24 06:00:00+00:00,1826.12,1831.29,1817.91,1820.69,4541.36892
2026-02-24 07:00:00+00:00,1820.69,1832.01,1815.11,1825.44,14073.18713
2026-02-24 08:00:00+00:00,1825.44,1836.34,1818.24,1831.41,4853.5172
2026-02-24 09:00:00+00:00,1831.41,1834.48,1814.96,1827.12,4422.72411
2026-02-24 10:00:00+00:00,1827.12,1829.68,1820.41,1825.83,3477.21592
2026-02-24 11:00:00+00:00,1825.83,1827.44,1818.24,1826.65,3892.96878
2026-02-24 12:00:00+00:00,1826.65,1830.42,1820.9,1823.89,5023.93735
2026-02-24 13:00:00+00:00,1823.89,1827.55,1798.55,1815.69,11351.23581
2026-02-24 14:00:00+00:00,1815.69,1848.24,1803.47,1834.51,13246.88048
2026-02-24 15:00:00+00:00,1834.51,1850.28,1828.21,1847.54,8962.09281
2026-02-24 16:00:00+00:00,1847.54,1863.39,1838.21,1858.68,9160.81729
2026-02-24 17:00:00+00:00,1858.68,1865.4,1849.37,1855.44,6347.19315
2026-02-24 18:00:00+00:00,1855.44,1860.62,1844.7,1854.95,4026.25483
2026-02-24 19:00:00+00:00,1854.95,1862.76,1846.84,1852.47,3372.61187
2026-02-24 20:00:00+00:00,1852.47,1862.43,1849.29,1858.63,2801.3706
2026-02-24 21:00:00+00:00,1858.63,1858.63,1845.28,1853.96,2736.7134
2026-02-24 22:00:00+00:00,1853.96,1864.24,1852.66,1860.77,2234.9107
2026-02-24 23:00:00+00:00,1860.77,1860.77,1851.05,1852.0,1801.34512
2026-02-25 00:00:00+00:00,1852.0,1856.75,1846.56,1851.91,2105.08956
2026-02-25 01:00:00+00:00,1851.91,1924.8,1850.52,1918.41,15627.35499
2026-02-25 02:00:00+00:00,1918.41,1945.05,1918.01,1921.17,9878.19372
2026-02-25 03:00:00+00:00,1921.17,1923.5,1903.55,1906.46,7413.86493
2026-02-25 04:00:00+00:00,1906.46,1914.72,1894.99,1906.3,7451.25115
2026-02-25 05:00:00+00:00,1906.3,1908.63,1877.9,1888.01,8383.81588
2026-02-25 06:00:00+00:00,1888.01,1896.43,1884.77,1885.07,3390.6185
2026-02-25 07:00:00+00:00,1885.07,1895.36,1882.34,1893.34,5340.73287
2026-02-25 08:00:00+00:00,1893.34,1914.0,1890.22,1910.42,6959.08577
2026-02-25 09:00:00+00:00,1910.42,1918.0,1907.91,1915.48,5492.73255
2026-02-25 10:00:00+00:00,1915.48,1924.03,1910.66,1912.82,5815.47471
2026-02-25 11:00:00+00:00,1912.82,1928.88,1908.06,1926.68,7854.19148
2026-02-25 12:00:00+00:00,1926.68,1956.79,1922.39,1953.76,16412.90086
2026-02-25 13:00:00+00:00,1953.76,1977.08,1952.73,1964.81,20004.34577
2026-02-25 14:00:00+00:00,1964.81,2002.79,1961.87,1997.66,23781.35048
2026-02-25 15:00:00+00:00,1997.66,2029.01,1986.67,2013.59,25865.70622
2026-02-25 16:00:00+00:00,2013.59,2049.74,2013.56,2046.65,26892.52446
2026-02-25 17:00:00+00:00,2046.65,2086.14,2044.35,2074.09,22799.12677
2026-02-25 18:00:00+00:00,2074.09,2081.44,2057.05,2074.18,16847.2777
2026-02-25 19:00:00+00:00,2074.18,2075.19,2060.06,2071.27,10513.43368
2026-02-25 20:00:00+00:00,2071.27,2084.37,2058.43,2074.93,13702.7572
2026-02-25 21:00:00+00:00,2074.93,2149.19,2065.89,2100.53,24028.55116
2026-02-25 22:00:00+00:00,2100.53,2115.65,2074.0,2083.23,12601.48377
2026-02-25 23:00:00+00:00,2083.23,2087.23,2034.52,2057.56,14238.62475
2026-02-26 00:00:00+00:00,2057.56,2076.78,2047.61,2062.32,9106.4351
2026-02-26 01:00:00+00:00,2062.32,2067.11,2049.56,2058.62,7003.15843
2026-02-26 02:00:00+00:00,2058.62,2059.43,2038.48,2053.3,5759.77881
2026-02-26 03:00:00+00:00,2053.3,2059.68,2047.18,2054.61,4173.66712
2026-02-26 04:00:00+00:00,2054.61,2082.91,2051.89,2075.14,5824.33381
2026-02-26 05:00:00+00:00,2075.14,2075.66,2056.71,2066.48,4742.04586
2026-02-26 06:00:00+00:00,2066.48,2076.47,2059.61,2062.75,4898.86813
2026-02-26 07:00:00+00:00,2062.75,2068.84,2051.66,2053.44,7223.67373
2026-02-26 08:00:00+00:00,2053.44,2059.26,2044.9,2054.51,8208.92645
2026-02-26 09:00:00+00:00,2054.51,2077.44,2053.01,2075.25,6818.70172
2026-02-26 10:00:00+00:00,2075.25,2083.71,2062.35,2065.55,5688.49656
2026-02-26 11:00:00+00:00,2065.55,2067.65,2053.56,2057.73,4902.75581
2026-02-26 12:00:00+00:00,2057.73,2072.0,2055.28,2070.18,4005.67445
2026-02-26 13:00:00+00:00,2070.18,2073.7,2061.06,2065.18,4179.41203
2026-02-26 14:00:00+00:00,2065.18,2078.29,2034.6,2051.22,13408.15761
2026-02-26 15:00:00+00:00,2051.22,2053.27,2011.37,2033.5,20136.13672
2026-02-26 16:00:00+00:00,2033.5,2038.07,1978.01,1983.72,21053.73759
2026-02-26 17:00:00+00:00,1983.72,1999.33,1982.05,1988.21,10980.00087
2026-02-26 18:00:00+00:00,1988.21,2009.74,1974.76,2004.0,12377.12022
2026-02-26 19:00:00+00:00,2004.0,2035.0,2003.36,2029.91,10110.75024
2026-02-26 20:00:00+00:00,2029.91,2042.0,2021.3,2023.54,5938.13073
2026-02-26 21:00:00+00:00,2023.54,2034.86,2018.1,2030.24,4612.39954
2026-02-26 22:00:00+00:00,2030.24,2037.44,2027.34,2033.22,2036.85581
2026-02-26 23:00:00+00:00,2033.22,2033.51,2024.04,2027.72,1841.81593
2026-02-27 00:00:00+00:00,2027.72,2030.56,2008.04,2014.63,4217.58634
2026-02-27 01:00:00+00:00,2014.63,2022.57,2000.46,2021.74,8114.52406
2026-02-27 02:00:00+00:00,2021.74,2034.4,2019.17,2025.95,2554.23466
2026-02-27 03:00:00+00:00,2025.95,2049.52,2019.21,2045.09,3395.94695
2026-02-27 04:00:00+00:00,2045.09,2064.04,2038.94,2042.66,6053.33104
2026-02-27 05:00:00+00:00,2042.66,2049.59,2038.59,2041.69,2469.57894
2026-02-27 06:00:00+00:00,2041.69,2042.88,2028.41,2036.09,3172.76518
2026-02-27 07:00:00+00:00,2036.09,2041.57,2022.25,2032.98,14221.25772
2026-02-27 08:00:00+00:00,2032.98,2046.32,2028.34,2033.67,21502.53561
2026-02-27 09:00:00+00:00,2033.67,2042.45,2008.67,2009.81,6160.68391
2026-02-27 10:00:00+00:00,2009.81,2013.82,1978.54,1980.76,12943.13471
2026-02-27 11:00:00+00:00,1980.76,1984.14,1953.13,1962.12,13838.72368
2026-02-27 12:00:00+00:00,1962.12,1969.4,1948.85,1960.06,9252.48592
2026-02-27 13:00:00+00:00,1960.06,1967.64,1938.5,1963.38,9840.9332
2026-02-27 14:00:00+00:00,1963.38,1964.56,1940.03,1942.8,8478.75609
2026-02-27 15:00:00+00:00,1942.8,1959.43,1940.54,1948.58,7895.19318
2026-02-27 16:00:00+00:00,1948.58,1949.0,1924.49,1927.19,10349.53322
2026-02-27 17:00:00+00:00,1927.19,1935.0,1907.51,1932.18,10036.15557
2026-02-27 18:00:00+00:00,1932.18,1933.35,1915.32,1918.03,4627.84269
2026-02-27 19:00:00+00:00,1918.03,1923.51,1912.01,1920.99,3529.01572
2026-02-27 20:00:00+00:00,1920.99,1926.8,1920.3,1923.33,3819.67797
2026-02-27 21:00:00+00:00,1923.33,1933.67,1917.13,1921.4,3082.87216
2026-02-27 22:00:00+00:00,1921.4,1927.46,1886.61,1921.29,6881.53218
2026-02-27 23:00:00+00:00,1921.29,1933.83,1919.91,1929.75,4671.28786
2026-02-28 00:00:00+00:00,1929.75,1936.88,1924.25,1932.28,3770.23813
2026-02-28 01:00:00+00:00,1932.28,1936.15,1919.81,1924.35,3299.26314
2026-02-28 02:00:00+00:00,1924.35,1932.43,1922.25,1930.44,2423.18152
2026-02-28 03:00:00+00:00,1930.44,1931.24,1920.73,1924.41,3173.81239
2026-02-28 04:00:00+00:00,1924.41,1931.37,1914.79,1924.95,4151.41531
2026-02-28 05:00:00+00:00,1924.95,1928.33,1914.21,1919.96,3124.25124
2026-02-28 06:00:00+00:00,1919.96,1920.38,1835.24,1842.72,24218.34031
2026-02-28 07:00:00+00:00,1842.72,1884.42,1835.46,1866.52,20453.17351
2026-02-28 08:00:00+00:00,1866.52,1868.61,1848.33,1852.37,11975.63751
2026-02-28 09:00:00+00:00,1852.37,1863.28,1844.76,1854.94,6936.28156
2026-02-28 10:00:00+00:00,1854.94,1870.59,1848.92,1865.17,6186.87198
2026-02-28 11:00:00+00:00,1865.17,1880.79,1861.38,1863.1,7085.18443
2026-02-28 12:00:00+00:00,1863.1,1874.0,1862.2,1868.54,2831.70461
2026-02-28 13:00:00+00:00,1868.54,1910.15,1865.0,1905.47,12024.30655
2026-02-28 14:00:00+00:00,1905.47,1915.87,1883.18,1887.73,14833.7653
2026-02-28 15:00:00+00:00,1887.73,1904.2,1873.83,1898.84,10809.54777
2026-02-28 16:00:00+00:00,1898.84,1910.38,1891.71,1903.92,4754.40438
2026-02-28 17:00:00+00:00,1903.92,1911.4,1886.34,1906.89,6402.41317
2026-02-28 18:00:00+00:00,1906.89,1947.26,1901.15,1936.0,10053.8562
2026-02-28 19:00:00+00:00,1936.0,1955.22,1920.3,1947.05,8814.52209
2026-02-28 20:00:00+00:00,1947.05,1972.19,1938.57,1965.89,8301.3186
2026-02-28 21:00:00+00:00,1965.89,1967.99,1945.25,1957.83,6621.24325
2026-02-28 22:00:00+00:00,1957.83,1984.92,1955.5,1965.51,5718.91477
2026-02-28 23:00:00+00:00,1965.51,1969.88,1956.86,1964.43,3288.14646
2026-03-01 00:00:00+00:00,1964.43,1969.5,1954.7,1962.64,3044.75958
2026-03-01 01:00:00+00:00,1962.64,2023.57,1943.69,2012.4,14714.05269
2026-03-01 02:00:00+00:00,2012.4,2055.32,2008.44,2033.16,23221.52073
2026-03-01 03:00:00+00:00,2033.16,2039.45,2016.8,2023.26,11120.31405
2026-03-01 04:00:00+00:00,2023.26,2031.58,1999.19,2016.03,12551.08289
2026-03-01 05:00:00+00:00,2016.03,2023.31,2009.91,2011.43,5913.27705
2026-03-01 06:00:00+00:00,2011.43,2013.12,1989.14,1998.71,9472.05412
2026-03-01 07:00:00+00:00,1998.71,2009.97,1993.15,2007.27,7467.84792
2026-03-01 08:00:00+00:00,2007.27,2010.39,1980.99,1986.05,9160.96252
2026-03-01 09:00:00+00:00,1986.05,1996.28,1975.01,1980.88,8356.24535
2026-03-01 10:00:00+00:00,1980.88,1993.07,1972.01,1984.76,6009.25342
2026-03-01 11:00:00+00:00,1984.76,1989.73,1982.12,1983.3,3324.15855
2026-03-01 12:00:00+00:00,1983.3,1988.29,1976.35,1978.17,3951.39446
2026-03-01 13:00:00+00:00,1978.17,2024.73,1968.62,2006.71,11293.64965
2026-03-01 14:00:00+00:00,2006.71,2028.0,1993.48,2000.3,12131.87334
2026-03-01 15:00:00+00:00,2000.3,2016.46,1992.32,1993.4,6659.9572
2026-03-01 16:00:00+00:00,1993.4,2009.62,1960.45,1974.21,13951.57202
2026-03-01 17:00:00+00:00,1974.21,1976.0,1953.17,1961.29,9117.44158
2026-03-01 18:00:00+00:00,1961.29,1997.2,1960.66,1975.78,9325.78357
2026-03-01 19:00:00+00:00,1975.78,1976.47,1947.12,1953.83,7662.33057
2026-03-01 20:00:00+00:00,1953.83,1955.07,1907.32,1913.99,13086.23955
2026-03-01 21:00:00+00:00,1913.99,1932.1,1912.24,1928.96,6517.81857
2026-03-01 22:00:00+00:00,1928.96,1970.05,1914.27,1924.46,10255.4981
2026-03-01 23:00:00+00:00,1924.46,1948.37,1918.48,1939.61,5984.65304
2026-03-02 00:00:00+00:00,1939.61,1967.21,1937.22,1960.76,6925.28032
2026-03-02 01:00:00+00:00,1960.76,1989.4,1959.64,1963.72,5456.17971
2026-03-02 02:00:00+00:00,1963.72,1966.33,1939.65,1955.65,5648.37486
2026-03-02 03:00:00+00:00,1955.65,1980.0,1948.28,1972.26,5058.82406
2026-03-02 04:00:00+00:00,1972.26,1980.47,1968.42,1973.17,3495.47219
2026-03-02 05:00:00+00:00,1973.17,1984.16,1962.4,1971.2,3247.8083
2026-03-02 06:00:00+00:00,1971.2,1971.53,1937.52,1943.44,6190.82958
2026-03-02 07:00:00+00:00,1943.44,1945.33,1925.64,1941.63,4565.36027
2026-03-02 08:00:00+00:00,1941.63,1951.66,1919.13,1949.13,6678.59196
2026-03-02 09:00:00+00:00,1949.13,1967.09,1946.88,1947.84,7365.87528
2026-03-02 10:00:00+00:00,1947.84,1956.27,1943.87,1952.45,2754.22258
2026-03-02 11:00:00+00:00,1952.45,1956.59,1935.68,1947.75,5364.90354
2026-03-02 12:00:00+00:00,1947.75,1948.95,1929.84,1938.18,3550.74212
2026-03-02 13:00:00+00:00,1938.18,1944.55,1922.6,1927.67,5051.10829
2026-03-02 14:00:00+00:00,1927.67,1985.63,1921.4,1979.72,14065.38889
2026-03-02 15:00:00+00:00,1979.72,2065.79,1974.14,2047.74,30606.26579
2026-03-02 16:00:00+00:00,2047.74,2090.01,2043.55,2064.5,22572.94056
2026-03-02 17:00:00+00:00,2064.5,2066.29,2025.51,2041.29,10621.31554
2026-03-02 18:00:00+00:00,2041.29,2041.51,2024.41,2029.35,4816.79591
2026-03-02 19:00:00+00:00,2029.35,2049.75,2017.14,2043.58,7472.63421
2026-03-02 20:00:00+00:00,2043.58,2057.66,2025.05,2034.87,7751.81901
2026-03-02 21:00:00+00:00,2034.87,2048.48,2029.14,2043.13,4742.84245
2026-03-02 22:00:00+00:00,2043.13,2058.66,2041.68,2054.06,4331.44597
2026-03-02 23:00:00+00:00,2054.06,2055.89,2024.96,2027.69,4886.33143
2026-03-03 00:00:00+00:00,2027.69,2039.24,2018.58,2035.83,5708.3703
2026-03-03 01:00:00+00:00,2035.83,2042.21,2019.61,2019.94,3675.84456
2026-03-03 02:00:00+00:00,2019.94,2022.82,1997.79,2013.78,6126.68383
2026-03-03 03:00:00+00:00,2013.78,2015.78,2005.26,2008.77,2654.54429
2026-03-03 04:00:00+00:00,2008.77,2013.77,1998.39,1999.74,3714.99844
2026-03-03 05:00:00+00:00,1999.74,2019.45,1987.65,1993.45,5767.92457
2026-03-03 06:00:00+00:00,1993.45,2002.0,1988.1,1999.09,3424.80244
2026-03-03 07:00:00+00:00,1999.09,2003.74,1993.17,1996.22,2534.11808
2026-03-03 08:00:00+00:00,1996.22,2000.57,1947.43,1952.8,10837.83864
2026-03-03 09:00:00+00:00,1952.8,1968.62,1938.85,1951.26,10553.7858
2026-03-03 10:00:00+00:00,1951.26,1963.94,1945.0,1957.79,7301.21885
2026-03-03 11:00:00+00:00,1957.79,1966.93,1951.42,1961.33,5105.78462
2026-03-03 12:00:00+00:00,1961.33,1990.04,1960.55,1967.41,5930.00203
2026-03-03 13:00:00+00:00,1967.41,1968.73,1943.52,1952.14,6404.09344
2026-03-03 14:00:00+00:00,1952.14,1977.35,1928.73,1942.72,10154.00081
2026-03-03 15:00:00+00:00,1942.72,1972.69,1931.87,1969.25,9041.30279
2026-03-03 16:00:00+00:00,1969.25,2013.79,1958.57,1983.95,14752.46846
2026-03-03 17:00:00+00:00,1983.95,1985.71,1959.09,1980.72,6005.11669
2026-03-03 18:00:00+00:00,1980.72,2000.39,1969.45,1988.34,5952.74546
2026-03-03 19:00:00+00:00,1988.34,1994.56,1976.92,1986.15,6375.34456
2026-03-03 20:00:00+00:00,1986.15,1990.0,1969.92,1978.48,4913.93707
2026-03-03 21:00:00+00:00,1978.48,1978.51,1958.81,1968.28,3779.42357
2026-03-03 22:00:00+00:00,1968.28,1987.92,1968.12,1983.47,3666.57613
2026-03-03 23:00:00+00:00,1983.47,2001.9,1981.21,1982.92,4802.1136
2026-03-04 00:00:00+00:00,1982.92,1986.87,1961.72,1976.7,4586.02232
2026-03-04 01:00:00+00:00,1976.7,1998.99,1970.01,1981.89,4125.38913
2026-03-04 02:00:00+00:00,1981.89,1983.02,1968.92,1979.47,2686.86235
2026-03-04 03:00:00+00:00,1979.47,1980.44,1945.0,1961.01,6675.03859
2026-03-04 04:00:00+00:00,1961.01,1964.83,1950.42,1960.26,4526.53374
2026-03-04 05:00:00+00:00,1960.26,1977.62,1955.26,1971.11,4385.63245
2026-03-04 06:00:00+00:00,1971.11,1986.65,1963.01,1980.1,4356.6742
2026-03-04 07:00:00+00:00,1980.1,2010.73,1974.66,2006.55,8456.51296
2026-03-04 08:00:00+00:00,2006.55,2066.87,2000.56,2063.97,18744.39149
2026-03-04 09:00:00+00:00,2063.97,2089.71,2055.19,2075.45,22052.25604
2026-03-04 10:00:00+00:00,2075.45,2093.6,2067.55,2072.77,15147.26514
2026-03-04 11:00:00+00:00,2072.77,2078.7,2047.02,2055.17,8684.6365
2026-03-04 12:00:00+00:00,2055.17,2059.97,2036.57,2054.39,7266.71149
2026-03-04 13:00:00+00:00,2054.39,2068.91,2052.95,2064.36,11567.0981
2026-03-04 14:00:00+00:00,2064.36,2110.67,2062.87,2080.0,16040.23505
2026-03-04 15:00:00+00:00,2080.0,2157.99,2078.78,2150.35,21752.8803
2026-03-04 16:00:00+00:00,2150.35,2165.75,2129.09,2142.32,11707.59602
2026-03-04 17:00:00+00:00,2142.32,2156.54,2130.15,2145.79,8775.20436
2026-03-04 18:00:00+00:00,2145.79,2164.45,2137.53,2163.22,6611.32923
2026-03-04 19:00:00+00:00,2163.22,2199.96,2161.1,2177.71,17845.69851
2026-03-04 20:00:00+00:00,2177.71,2179.9,2149.49,2150.58,6849.23396
2026-03-04 21:00:00+00:00,2150.58,2155.97,2142.22,2149.74,3730.46701
2026-03-04 22:00:00+00:00,2149.74,2163.95,2127.16,2131.82,3686.13422
2026-03-04 23:00:00+00:00,2131.82,2136.99,2116.7,2127.09,3199.37317
2026-03-05 00:00:00+00:00,2127.09,2135.35,2121.34,2128.06,3291.2917
2026-03-05 01:00:00+00:00,2128.06,2142.0,2107.51,2113.59,4644.94975
2026-03-05 02:00:00+00:00,2113.59,2134.01,2112.81,2121.94,3635.55592
2026-03-05 03:00:00+00:00,2121.94,2126.04,2107.16,2120.11,3945.86238
2026-03-05 04:00:00+00:00,2120.11,2144.38,2118.43,2137.13,5130.95408
2026-03-05 05:00:00+00:00,2137.13,2139.41,2113.78,2119.36,5062.32274
2026-03-05 06:00:00+00:00,2119.36,2130.83,2109.88,2128.11,3569.67855
2026-03-05 07:00:00+00:00,2128.11,2132.94,2095.26,2104.75,5137.34816
2026-03-05 08:00:00+00:00,2104.75,2118.28,2093.57,2117.58,4316.71733
2026-03-05 09:00:00+00:00,2117.58,2137.87,2116.41,2125.71,4874.62991
2026-03-05 10:00:00+00:00,2125.71,2163.73,2120.31,2156.16,6620.5009
2026-03-05 11:00:00+00:00,2156.16,2159.28,2133.43,2138.08,4089.47263
2026-03-05 12:00:00+00:00,2138.08,2142.96,2123.3,2138.2,3796.89262
2026-03-05 13:00:00+00:00,2138.2,2139.83,2109.04,2117.62,6317.97517
2026-03-05 14:00:00+00:00,2117.62,2131.68,2096.03,2118.98,7035.86609
2026-03-05 15:00:00+00:00,2118.98,2121.67,2067.28,2086.92,12929.07258
2026-03-05 16:00:00+00:00,2086.92,2087.49,2056.66,2080.19,7220.26514
2026-03-05 17:00:00+00:00,2080.19,2094.14,2054.55,2059.78,6527.16075
2026-03-05 18:00:00+00:00,2059.78,2078.38,2057.32,2076.75,3884.45264
2026-03-05 19:00:00+00:00,2076.75,2093.24,2072.22,2074.34,4990.70567
2026-03-05 20:00:00+00:00,2074.34,2099.0,2069.86,2092.33,6084.50762
2026-03-05 21:00:00+00:00,2092.33,2099.88,2075.86,2080.55,3987.00133
2026-03-05 22:00:00+00:00,2080.55,2085.26,2077.49,2080.0,1560.91084
2026-03-05 23:00:00+00:00,2080.0,2084.57,2069.07,2072.8,2509.44702
2026-03-06 00:00:00+00:00,2072.8,2080.5,2067.67,2075.12,2096.33497
2026-03-06 01:00:00+00:00,2075.12,2091.49,2061.91,2087.73,4189.55932
2026-03-06 02:00:00+00:00,2087.73,2093.57,2080.61,2084.01,2899.16793
2026-03-06 03:00:00+00:00,2084.01,2089.01,2075.17,2084.08,2579.85264
2026-03-06 04:00:00+00:00,2084.08,2086.12,2059.5,2071.17,3553.58712
2026-03-06 05:00:00+00:00,2071.17,2074.47,2059.42,2069.0,3070.89231
2026-03-06 06:00:00+00:00,2069.0,2080.79,2063.56,2074.34,2545.43577
2026-03-06 07:00:00+00:00,2074.34,2087.64,2068.92,2082.9,4030.82353
2026-03-06 08:00:00+00:00,2082.9,2082.9,2074.49,2076.17,2948.24541
2026-03-06 09:00:00+00:00,2076.17,2077.56,2045.54,2059.87,7613.2994
2026-03-06 10:00:00+00:00,2059.87,2069.45,2058.53,2063.39,3229.00708
2026-03-06 11:00:00+00:00,2063.39,2067.29,2049.61,2050.89,3101.53704
2026-03-06 12:00:00+00:00,2050.89,2055.26,2037.79,2048.52,5034.78594
2026-03-06 13:00:00+00:00,2048.52,2062.42,2018.94,2019.73,10598.93976
2026-03-06 14:00:00+00:00,2019.73,2024.29,1971.7,1981.62,19053.78119
2026-03-06 15:00:00+00:00,1981.62,1998.0,1966.1,1978.03,10150.8989
2026-03-06 16:00:00+00:00,1978.03,1985.08,1966.28,1971.38,8553.2749
2026-03-06 17:00:00+00:00,1971.38,1982.83,1955.7,1966.91,8256.8168
2026-03-06 18:00:00+00:00,1966.91,1983.63,1966.48,1974.35,5834.38384
2026-03-06 19:00:00+00:00,1974.35,1993.53,1974.35,1983.83,5728.49301
2026-03-06 20:00:00+00:00,1983.83,1988.96,1969.33,1978.76,5799.50098
2026-03-06 21:00:00+00:00,1978.76,1984.84,1971.39,1983.87,2882.86339
2026-03-06 22:00:00+00:00,1983.87,1990.22,1981.51,1987.5,2176.47963
2026-03-06 23:00:00+00:00,1987.5,1987.93,1977.01,1978.89,1384.03675
2026-03-07 00:00:00+00:00,1978.89,1983.41,1977.0,1981.34,998.83907
2026-03-07 01:00:00+00:00,1981.34,1983.86,1976.18,1980.52,1511.97234
2026-03-07 02:00:00+00:00,1980.52,1984.78,1972.5,1983.46,3038.34691
2026-03-07 03:00:00+00:00,1983.46,1996.1,1979.62,1979.83,3798.8036
2026-03-07 04:00:00+00:00,1979.83,1980.3,1963.59,1975.18,3155.42595
2026-03-07 05:00:00+00:00,1975.18,1979.81,1972.58,1978.63,1590.36138
2026-03-07 06:00:00+00:00,1978.63,1978.63,1968.63,1971.72,2229.04845
2026-03-07 07:00:00+00:00,1971.72,1984.83,1966.95,1983.41,5117.65513
2026-03-07 08:00:00+00:00,1983.41,1987.85,1975.31,1977.79,2584.09436
2026-03-07 09:00:00+00:00,1977.79,1989.57,1975.03,1986.51,2040.07215
2026-03-07 10:00:00+00:00,1986.51,1988.94,1983.25,1984.22,1427.98466
2026-03-07 11:00:00+00:00,1984.22,1994.66,1982.21,1988.84,2195.29806
2026-03-07 12:00:00+00:00,1988.84,1991.09,1979.68,1982.47,1691.6346
2026-03-07 13:00:00+00:00,1982.47,1984.17,1977.6,1981.76,1380.23575
2026-03-07 14:00:00+00:00,1981.76,1990.35,1970.25,1986.98,3216.23805
2026-03-07 15:00:00+00:00,1986.98,1987.67,1976.12,1980.99,2370.03857
2026-03-07 16:00:00+00:00,1980.99,1980.99,1973.74,1976.92,6474.71871
2026-03-07 17:00:00+00:00,1976.92,1983.71,1976.19,1977.37,6175.43236
2026-03-07 18:00:00+00:00,1977.37,1977.37,1965.73,1971.24,2844.04147
2026-03-07 19:00:00+00:00,1971.24,1971.24,1947.72,1955.0,6805.40087
2026-03-07 20:00:00+00:00,1955.0,1968.69,1954.65,1966.44,1799.90919
2026-03-07 21:00:00+00:00,1966.44,1971.51,1963.76,1970.39,1385.99085
2026-03-07 22:00:00+00:00,1970.39,1971.07,1958.32,1966.28,2004.96236
2026-03-07 23:00:00+00:00,1966.28,1974.15,1965.06,1969.45,1568.20884
2026-03-08 00:00:00+00:00,1969.45,1977.27,1966.26,1968.68,1635.05015
2026-03-08 01:00:00+00:00,1968.68,1971.81,1963.21,1968.88,1289.97481
2026-03-08 02:00:00+00:00,1968.88,1969.83,1935.34,1942.1,6360.18873
2026-03-08 03:00:00+00:00,1942.1,1951.32,1941.03,1947.33,3069.4136
2026-03-08 04:00:00+00:00,1947.33,1953.43,1929.42,1937.93,5227.65199
2026-03-08 05:00:00+00:00,1937.93,1952.34,1937.7,1948.9,2928.77978
2026-03-08 06:00:00+00:00,1948.9,1952.23,1942.86,1947.68,1675.98729
2026-03-08 07:00:00+00:00,1947.68,1960.16,1946.91,1954.87,3603.63131
2026-03-08 08:00:00+00:00,1954.87,1960.49,1948.76,1959.56,3839.33328
2026-03-08 09:00:00+00:00,1959.56,1970.18,1956.58,1963.68,3728.1958
2026-03-08 10:00:00+00:00,1963.68,1980.55,1963.41,1974.33,3857.39944
2026-03-08 11:00:00+00:00,1974.33,1974.49,1944.78,1951.29,5082.05986
2026-03-08 12:00:00+00:00,1951.29,1954.77,1925.32,1946.12,6302.83412
2026-03-08 13:00:00+00:00,1946.12,1947.95,1925.0,1944.21,8457.13789
2026-03-08 14:00:00+00:00,1944.21,1950.45,1937.18,1945.18,4683.53461
2026-03-08 15:00:00+00:00,1945.18,1947.59,1937.05,1942.91,2770.86112
2026-03-08 16:00:00+00:00,1942.91,1944.66,1933.78,1936.35,2943.31458
2026-03-08 17:00:00+00:00,1936.35,1946.39,1933.0,1935.48,3617.66284
2026-03-08 18:00:00+00:00,1935.48,1936.74,1927.66,1929.75,4399.71391
2026-03-08 19:00:00+00:00,1929.75,1969.8,1927.62,1964.28,11830.79922
2026-03-08 20:00:00+00:00,1964.28,1971.18,1953.25,1958.42,6217.97356
2026-03-08 21:00:00+00:00,1958.42,1961.78,1944.15,1952.98,5061.38878
2026-03-08 22:00:00+00:00,1952.98,1953.37,1910.03,1942.91,22224.9183
2026-03-08 23:00:00+00:00,1942.91,1955.16,1935.01,1936.66,6877.66427
2026-03-09 00:00:00+00:00,1936.66,1966.06,1929.42,1950.6,11094.49596
2026-03-09 01:00:00+00:00,1950.6,1963.24,1942.38,1945.61,8887.42537
2026-03-09 02:00:00+00:00,1945.61,1963.27,1937.87,1959.57,5920.44793
2026-03-09 03:00:00+00:00,1959.57,2005.67,1959.05,1977.45,14273.87245
2026-03-09 04:00:00+00:00,1977.45,1989.47,1973.25,1977.15,4230.72848
2026-03-09 05:00:00+00:00,1977.15,2014.55,1976.11,2010.85,13495.56205
2026-03-09 06:00:00+00:00,2010.85,2013.01,1983.16,1985.04,6436.10976
2026-03-09 07:00:00+00:00,1985.04,1986.01,1963.38,1983.9,6149.60921
2026-03-09 08:00:00+00:00,1983.9,2000.01,1978.7,1996.82,6704.96251
2026-03-09 09:00:00+00:00,1996.82,2022.48,1986.82,2004.48,9934.79729
2026-03-09 10:00:00+00:00,2004.48,2007.09,1992.54,1995.37,5628.73221
2026-03-09 11:00:00+00:00,1995.37,1999.97,1980.59,1992.26,4506.40253
2026-03-09 12:00:00+00:00,1992.26,2013.78,1992.25,2002.39,6183.65485
2026-03-09 13:00:00+00:00,2002.39,2030.0,2001.0,2018.14,14769.65955
2026-03-09 14:00:00+00:00,2018.14,2033.31,2007.78,2022.36,15145.09305
2026-03-09 15:00:00+00:00,2022.36,2029.52,2013.56,2022.42,7837.21945
2026-03-09 16:00:00+00:00,2022.42,2038.72,2018.62,2027.29,7879.53604
2026-03-09 17:00:00+00:00,2027.29,2032.34,2005.21,2016.68,9042.68941
2026-03-09 18:00:00+00:00,2016.68,2022.97,2006.1,2011.96,7804.55434
2026-03-09 19:00:00+00:00,2011.96,2053.74,2009.88,2033.97,12337.31583
2026-03-09 20:00:00+00:00,2033.97,2037.68,2018.67,2025.68,4198.68944
2026-03-09 21:00:00+00:00,2025.68,2035.49,2021.97,2028.08,1989.45086
2026-03-09 22:00:00+00:00,2028.08,2031.38,1999.34,2002.74,6459.11604
2026-03-09 23:00:00+00:00,2002.74,2007.75,1989.21,1993.21,5943.74902
2026-03-10 00:00:00+00:00,1993.21,2022.92,1991.01,2015.59,4917.21789
2026-03-10 01:00:00+00:00,2015.59,2025.49,2006.67,2019.16,4301.41646
2026-03-10 02:00:00+00:00,2019.16,2055.0,2014.0,2042.37,9085.58561
2026-03-10 03:00:00+00:00,2042.37,2048.0,2022.59,2026.57,4506.39019
2026-03-10 04:00:00+00:00,2026.57,2047.59,2026.28,2045.75,3989.5085
2026-03-10 05:00:00+00:00,2045.75,2054.65,2040.01,2044.37,5354.58131
2026-03-10 06:00:00+00:00,2044.37,2050.35,2036.65,2043.85,3437.21353
2026-03-10 07:00:00+00:00,2043.85,2060.0,2040.55,2051.25,7234.79158
2026-03-10 08:00:00+00:00,2051.25,2070.84,2051.25,2057.25,8959.50862
2026-03-10 09:00:00+00:00,2057.25,2074.53,2055.65,2068.17,8356.94344
2026-03-10 10:00:00+00:00,2068.17,2069.4,2055.54,2062.94,5509.06037
2026-03-10 11:00:00+00:00,2062.94,2068.32,2056.41,2061.78,7875.26423
2026-03-10 12:00:00+00:00,2061.78,2062.5,2047.4,2049.9,5496.77378
2026-03-10 13:00:00+00:00,2049.9,2060.5,2023.48,2033.48,12219.25996
2026-03-10 14:00:00+00:00,2033.48,2080.98,2008.56,2075.51,19823.91876
2026-03-10 15:00:00+00:00,2075.51,2086.56,2058.9,2079.75,18857.47847
2026-03-10 16:00:00+00:00,2079.75,2088.73,2069.39,2080.85,9709.34941
2026-03-10 17:00:00+00:00,2080.85,2085.9,2058.19,2071.83,8154.10443
2026-03-10 18:00:00+00:00,2071.83,2073.49,2035.63,2039.5,13289.2635
2026-03-10 19:00:00+00:00,2039.5,2044.3,2026.93,2037.09,6461.39631
2026-03-10 20:00:00+00:00,2037.09,2047.59,2035.3,2042.48,4494.01128
2026-03-10 21:00:00+00:00,2042.48,2048.53,2018.95,2029.29,3816.03993
2026-03-10 22:00:00+00:00,2029.29,2032.99,2020.5,2027.51,3714.81969
2026-03-10 23:00:00+00:00,2027.51,2037.5,2027.29,2036.67,1590.38434
2026-03-11 00:00:00+00:00,2036.67,2041.84,2028.62,2037.96,3020.4166
2026-03-11 01:00:00+00:00,2037.96,2041.15,2028.73,2036.25,2381.06625
2026-03-11 02:00:00+00:00,2036.25,2039.22,2018.47,2026.71,3905.63689
2026-03-11 03:00:00+00:00,2026.71,2029.38,2018.06,2021.17,2155.17273
2026-03-11 04:00:00+00:00,2021.17,2041.37,2018.34,2039.15,3265.96215
2026-03-11 05:00:00+00:00,2039.15,2041.29,2011.03,2014.46,4678.36651
2026-03-11 06:00:00+00:00,2014.46,2026.06,2013.65,2024.32,3234.09722
2026-03-11 07:00:00+00:00,2024.32,2025.78,2006.75,2012.69,4115.72535
2026-03-11 08:00:00+00:00,2012.69,2025.99,2009.47,2024.06,4635.85134
2026-03-11 09:00:00+00:00,2024.06,2027.9,2014.75,2018.12,2610.40237
2026-03-11 10:00:00+00:00,2018.12,2031.72,2017.39,2028.88,2662.1696
2026-03-11 11:00:00+00:00,2028.88,2034.26,2015.6,2018.03,3738.8972
2026-03-11 12:00:00+00:00,2018.03,2036.2,2013.02,2023.31,7355.98433
2026-03-11 13:00:00+00:00,2023.31,2082.91,2021.72,2051.04,16560.78255
2026-03-11 14:00:00+00:00,2051.04,2077.96,2043.33,2062.97,13027.86601
2026-03-11 15:00:00+00:00,2062.97,2065.72,2030.01,2050.07,7182.70368
2026-03-11 16:00:00+00:00,2050.07,2072.74,2046.52,2067.21,7637.69463
2026-03-11 17:00:00+00:00,2067.21,2086.08,2057.7,2068.23,8558.77648
2026-03-11 18:00:00+00:00,2068.23,2080.0,2064.23,2076.8,4906.7213
2026-03-11 19:00:00+00:00,2076.8,2077.99,2068.54,2076.31,6692.38097
2026-03-11 20:00:00+00:00,2076.31,2076.58,2065.85,2068.72,5920.56365
2026-03-11 21:00:00+00:00,2068.72,2075.03,2063.41,2073.26,3966.04828
2026-03-11 22:00:00+00:00,2073.26,2084.85,2058.77,2061.57,8643.29241
2026-03-11 23:00:00+00:00,2061.57,2065.06,2045.25,2052.14,5390.23758
2026-03-12 00:00:00+00:00,2052.14,2058.16,2046.32,2055.72,2173.05704
2026-03-12 01:00:00+00:00,2055.72,2056.31,2042.8,2046.29,5168.6951
2026-03-12 02:00:00+00:00,2046.29,2048.02,2021.68,2024.49,8069.75207
2026-03-12 03:00:00+00:00,2024.49,2034.68,2017.6,2023.21,5127.17312
2026-03-12 04:00:00+00:00,2023.21,2029.79,2021.4,2022.98,3749.186
2026-03-12 05:00:00+00:00,2022.98,2028.0,2019.1,2026.92,4094.00723
2026-03-12 06:00:00+00:00,2026.92,2031.81,2024.43,2030.29,2239.66554
2026-03-12 07:00:00+00:00,2030.29,2042.15,2025.64,2040.61,5384.81473
2026-03-12 08:00:00+00:00,2040.61,2052.99,2038.47,2047.83,5310.10377
2026-03-12 09:00:00+00:00,2047.83,2066.27,2038.22,2055.62,5723.8114
2026-03-12 10:00:00+00:00,2055.62,2075.88,2052.68,2070.15,7189.1966
2026-03-12 11:00:00+00:00,2070.15,2076.99,2058.42,2063.01,5981.31499
2026-03-12 12:00:00+00:00,2063.01,2071.27,2058.01,2065.65,3244.90027
2026-03-12 13:00:00+00:00,2065.65,2080.9,2051.42,2065.46,10366.65092
2026-03-12 14:00:00+00:00,2065.46,2095.22,2037.46,2045.22,17104.46291
2026-03-12 15:00:00+00:00,2045.22,2082.38,2038.73,2072.3,10451.39896
2026-03-12 16:00:00+00:00,2072.3,2078.29,2056.21,2069.74,7134.30451
2026-03-12 17:00:00+00:00,2069.74,2075.57,2055.09,2058.33,6134.73209
2026-03-12 18:00:00+00:00,2058.33,2062.03,2046.44,2048.74,4399.64216
2026-03-12 19:00:00+00:00,2048.74,2073.61,2045.13,2069.27,3977.98287
2026-03-12 20:00:00+00:00,2069.27,2073.74,2060.13,2062.47,2487.19301
2026-03-12 21:00:00+00:00,2062.47,2069.47,2057.23,2062.73,2735.41726
2026-03-12 22:00:00+00:00,2062.73,2067.7,2055.45,2065.48,2871.96658
2026-03-12 23:00:00+00:00,2065.48,2093.64,2064.76,2073.6,10199.75484
2026-03-13 00:00:00+00:00,2073.6,2149.17,2070.32,2119.16,19913.52321
2026-03-13 01:00:00+00:00,2119.16,2130.63,2111.54,2125.14,5509.18969
2026-03-13 02:00:00+00:00,2125.14,2127.65,2102.49,2105.95,5807.96371
2026-03-13 03:00:00+00:00,2105.95,2123.81,2102.25,2118.91,3809.08331
2026-03-13 04:00:00+00:00,2118.91,2120.36,2109.85,2111.8,1798.67339
2026-03-13 05:00:00+00:00,2111.8,2115.34,2103.53,2110.79,1896.72318
2026-03-13 06:00:00+00:00,2110.79,2113.4,2090.05,2096.13,5370.09681
2026-03-13 07:00:00+00:00,2096.13,2105.0,2092.61,2099.68,4211.90522
2026-03-13 08:00:00+00:00,2099.68,2117.62,2091.34,2100.05,7171.26813
2026-03-13 09:00:00+00:00,2100.05,2117.2,2096.15,2113.76,5459.84274
2026-03-13 10:00:00+00:00,2113.76,2133.43,2112.86,2126.99,7754.45011
2026-03-13 11:00:00+00:00,2126.99,2130.41,2118.02,2121.01,4645.58404
2026-03-13 12:00:00+00:00,2121.01,2153.35,2119.66,2146.55,8633.98646
2026-03-13 13:00:00+00:00,2146.55,2201.0,2141.57,2185.62,22026.00688
2026-03-13 14:00:00+00:00,2185.62,2210.0,2145.31,2151.28,20437.75855
2026-03-13 15:00:00+00:00,2151.28,2165.84,2125.0,2127.85,16681.21194
2026-03-13 16:00:00+00:00,2127.85,2143.27,2111.1,2133.91,15435.15807
2026-03-13 17:00:00+00:00,2133.91,2141.39,2090.85,2102.46,11449.3356
2026-03-13 18:00:00+00:00,2102.46,2108.55,2090.52,2100.93,6590.87019
2026-03-13 19:00:00+00:00,2100.93,2106.08,2096.3,2102.25,4784.8637
2026-03-13 20:00:00+00:00,2102.25,2114.07,2100.94,2111.47,2860.22289
2026-03-13 21:00:00+00:00,2111.47,2116.95,2101.32,2102.97,2205.19545
2026-03-13 22:00:00+00:00,2102.97,2104.89,2078.2,2088.96,5045.47364
2026-03-13 23:00:00+00:00,2088.96,2094.1,2085.51,2092.1,2255.20648
2026-03-14 00:00:00+00:00,2092.1,2095.15,2082.82,2085.36,3262.6446
2026-03-14 01:00:00+00:00,2085.36,2095.52,2081.17,2092.66,3548.281
2026-03-14 02:00:00+00:00,2092.66,2095.73,2089.62,2092.46,2740.26289
2026-03-14 03:00:00+00:00,2092.46,2104.14,2092.46,2101.3,3236.02231
2026-03-14 04:00:00+00:00,2101.3,2106.02,2087.64,2090.33,4701.75461
2026-03-14 05:00:00+00:00,2090.33,2094.53,2085.6,2092.27,2905.47429
2026-03-14 06:00:00+00:00,2092.27,2092.27,2068.54,2078.04,5351.41089
2026-03-14 07:00:00+00:00,2078.04,2080.32,2075.5,2077.35,3235.5712
2026-03-14 08:00:00+00:00,2077.35,2081.14,2072.61,2074.18,3020.92973
2026-03-14 09:00:00+00:00,2074.18,2077.77,2063.65,2067.17,3247.68564
2026-03-14 10:00:00+00:00,2067.17,2068.91,2061.39,2066.2,2462.75366
2026-03-14 11:00:00+00:00,2066.2,2076.63,2065.66,2073.67,3439.22453
2026-03-14 12:00:00+00:00,2073.67,2077.81,2069.62,2075.22,4081.61356
2026-03-14 13:00:00+00:00,2075.22,2080.36,2072.54,2078.2,3235.17616
2026-03-14 14:00:00+00:00,2078.2,2080.27,2069.43,2071.02,3055.82172
2026-03-14 15:00:00+00:00,2071.02,2077.73,2069.63,2074.41,1985.49374
2026-03-14 16:00:00+00:00,2074.41,2078.67,2068.8,2077.26,1848.20077
2026-03-14 17:00:00+00:00,2077.26,2078.04,2073.17,2075.03,1582.11856
2026-03-14 18:00:00+00:00,2075.03,2078.18,2072.33,2076.74,754.41419
2026-03-14 19:00:00+00:00,2076.74,2079.47,2074.58,2077.26,1285.21048
2026-03-14 20:00:00+00:00,2077.26,2086.97,2075.76,2085.62,2207.16707
2026-03-14 21:00:00+00:00,2085.62,2088.72,2081.43,2086.56,1715.04529
2026-03-14 22:00:00+00:00,2086.56,2088.19,2081.73,2084.23,1369.32593
2026-03-14 23:00:00+00:00,2084.23,2099.39,2083.62,2096.21,3413.75488
2026-03-15 00:00:00+00:00,2096.21,2096.69,2086.22,2087.73,2426.54474
2026-03-15 01:00:00+00:00,2087.73,2091.29,2083.26,2088.49,1182.66082
2026-03-15 02:00:00+00:00,2088.49,2108.0,2088.34,2102.09,3236.07555
2026-03-15 03:00:00+00:00,2102.09,2105.27,2093.63,2096.42,1629.03135
2026-03-15 04:00:00+00:00,2096.42,2104.51,2096.24,2104.51,1939.64835
2026-03-15 05:00:00+00:00,2104.51,2116.06,2102.04,2107.97,3529.08067
2026-03-15 06:00:00+00:00,2107.97,2111.39,2103.07,2107.99,1388.31862
2026-03-15 07:00:00+00:00,2107.99,2113.77,2103.57,2105.86,1752.00393
2026-03-15 08:00:00+00:00,2105.86,2113.35,2105.86,2112.97,1545.44874
2026-03-15 09:00:00+00:00,2112.97,2123.57,2112.7,2117.47,2753.94369
2026-03-15 10:00:00+00:00,2117.47,2121.47,2114.35,2119.2,1514.37993
2026-03-15 11:00:00+00:00,2119.2,2121.41,2114.8,2119.91,1104.24355
2026-03-15 12:00:00+00:00,2119.91,2120.13,2108.18,2109.66,2370.12438
2026-03-15 13:00:00+00:00,2109.66,2112.95,2086.54,2097.22,6231.63377
2026-03-15 14:00:00+00:00,2097.22,2098.9,2086.53,2096.94,2439.15052
2026-03-15 15:00:00+00:00,2096.94,2097.26,2090.21,2093.83,1466.56864
2026-03-15 16:00:00+00:00,2093.83,2098.99,2088.74,2091.57,3189.97538
2026-03-15 17:00:00+00:00,2091.57,2118.16,2091.19,2110.6,3543.2779
2026-03-15 18:00:00+00:00,2110.6,2113.63,2094.14,2098.98,3738.0746
2026-03-15 19:00:00+00:00,2098.98,2114.46,2096.21,2113.59,3938.17104
2026-03-15 20:00:00+00:00,2113.59,2138.99,2110.09,2129.08,5682.33225
2026-03-15 21:00:00+00:00,2129.08,2144.63,2123.41,2139.2,3450.48637
2026-03-15 22:00:00+00:00,2139.2,2192.64,2125.6,2184.44,17257.54149
2026-03-15 23:00:00+00:00,2184.44,2203.0,2165.98,2178.53,18934.86222
2026-03-16 00:00:00+00:00,2178.53,2187.43,2165.06,2171.32,7373.38111
2026-03-16 01:00:00+00:00,2171.32,2190.72,2165.02,2185.86,6206.47426
2026-03-16 02:00:00+00:00,2185.86,2189.53,2170.01,2180.69,4629.97128
2026-03-16 03:00:00+00:00,2180.69,2253.77,2177.24,2236.16,30254.9266
2026-03-16 04:00:00+00:00,2236.16,2278.65,2236.16,2263.27,25849.62115
2026-03-16 05:00:00+00:00,2263.27,2289.14,2256.63,2280.42,19990.17923
2026-03-16 06:00:00+00:00,2280.42,2281.49,2260.78,2261.66,11707.56468
2026-03-16 07:00:00+00:00,2261.66,2269.32,2245.97,2249.0,11947.89613
2026-03-16 08:00:00+00:00,2249.0,2259.03,2234.75,2243.55,11631.30302
2026-03-16 09:00:00+00:00,2243.55,2266.2,2239.85,2260.55,9321.42854
2026-03-16 10:00:00+00:00,2260.55,2278.78,2256.01,2278.03,8619.49049
2026-03-16 11:00:00+00:00,2278.03,2280.0,2265.7,2269.85,5472.87716
2026-03-16 12:00:00+00:00,2269.85,2303.78,2269.79,2279.11,18781.44321
2026-03-16 13:00:00+00:00,2279.11,2308.2,2272.2,2288.81,18483.22446
2026-03-16 14:00:00+00:00,2288.81,2304.9,2254.86,2287.97,21646.11427
2026-03-16 15:00:00+00:00,2287.97,2299.0,2269.89,2273.62,14149.71243
2026-03-16 16:00:00+00:00,2273.62,2300.69,2269.84,2297.0,10286.16615
2026-03-16 17:00:00+00:00,2297.0,2323.04,2293.52,2314.66,12747.16852
2026-03-16 18:00:00+00:00,2314.66,2346.91,2313.86,2321.78,14592.15304
2026-03-16 19:00:00+00:00,2321.78,2348.18,2318.68,2331.32,7789.53761
2026-03-16 20:00:00+00:00,2331.32,2347.73,2323.59,2345.23,6410.66165
2026-03-16 21:00:00+00:00,2345.23,2376.59,2343.58,2360.66,9329.18355
2026-03-16 22:00:00+00:00,2360.66,2385.68,2355.04,2358.0,9432.20711
2026-03-16 23:00:00+00:00,2358.0,2361.57,2329.8,2352.58,8647.54555
2026-03-17 00:00:00+00:00,2352.58,2376.96,2340.46,2357.68,18756.14248
2026-03-17 01:00:00+00:00,2357.68,2375.34,2346.49,2360.98,12696.03069
2026-03-17 02:00:00+00:00,2360.98,2362.05,2344.93,2351.18,7557.38855
2026-03-17 03:00:00+00:00,2351.18,2356.06,2308.03,2320.17,14766.16022
2026-03-17 04:00:00+00:00,2320.17,2330.24,2295.71,2311.31,9587.41286
2026-03-17 05:00:00+00:00,2311.31,2318.36,2297.95,2307.55,4734.09918
2026-03-17 06:00:00+00:00,2307.55,2324.88,2298.18,2315.31,5268.43606
2026-03-17 07:00:00+00:00,2315.31,2338.1,2315.17,2327.82,6205.80596
2026-03-17 08:00:00+00:00,2327.82,2335.51,2316.0,2320.64,5909.62217
2026-03-17 09:00:00+00:00,2320.64,2329.24,2306.13,2315.79,8796.35358
2026-03-17 10:00:00+00:00,2315.79,2316.95,2303.64,2313.06,5330.92505
2026-03-17 11:00:00+00:00,2313.06,2333.42,2311.46,2327.07,5915.64569
2026-03-17 12:00:00+00:00,2327.07,2335.28,2312.66,2315.81,6063.42793
2026-03-17 13:00:00+00:00,2315.81,2346.63,2313.4,2328.7,10635.34033
2026-03-17 14:00:00+00:00,2328.7,2349.1,2318.79,2343.6,9742.76332
2026-03-17 15:00:00+00:00,2343.6,2357.95,2304.36,2316.0,11675.28077
2026-03-17 16:00:00+00:00,2316.0,2337.0,2312.39,2326.86,5380.29069
2026-03-17 17:00:00+00:00,2326.86,2343.15,2320.54,2340.14,4944.95546
2026-03-17 18:00:00+00:00,2340.14,2342.81,2328.01,2332.82,4349.13615
2026-03-17 19:00:00+00:00,2332.82,2340.0,2316.69,2320.26,3872.54971
2026-03-17 20:00:00+00:00,2320.26,2330.24,2317.47,2327.88,3249.03566
2026-03-17 21:00:00+00:00,2327.88,2344.68,2327.73,2338.25,2453.85763
2026-03-17 22:00:00+00:00,2338.25,2342.0,2317.97,2329.61,3752.11733
2026-03-17 23:00:00+00:00,2329.61,2333.24,2316.35,2317.43,4863.90817
2026-03-18 00:00:00+00:00,2317.43,2325.74,2306.49,2324.07,4215.81562
2026-03-18 01:00:00+00:00,2324.07,2335.26,2323.09,2324.74,3259.54284
2026-03-18 02:00:00+00:00,2324.74,2341.43,2324.27,2331.33,2093.74606
2026-03-18 03:00:00+00:00,2331.33,2350.3,2328.46,2340.74,3597.21531
2026-03-18 04:00:00+00:00,2340.74,2342.1,2326.41,2327.47,1698.74415
2026-03-18 05:00:00+00:00,2327.47,2331.64,2313.87,2318.53,3431.5157
2026-03-18 06:00:00+00:00,2318.53,2331.24,2318.01,2322.57,2259.6992
2026-03-18 07:00:00+00:00,2322.57,2323.27,2311.0,2317.34,4188.84895
2026-03-18 08:00:00+00:00,2317.34,2326.13,2316.99,2322.65,2468.60828
2026-03-18 09:00:00+00:00,2322.65,2333.56,2321.53,2329.12,2229.38733
2026-03-18 10:00:00+00:00,2329.12,2331.89,2308.0,2312.65,4665.17884
2026-03-18 11:00:00+00:00,2312.65,2319.34,2263.19,2268.94,14697.427
2026-03-18 12:00:00+00:00,2268.94,2270.62,2235.37,2237.34,12130.54502
2026-03-18 13:00:00+00:00,2237.34,2244.88,2223.53,2235.64,9645.05569
2026-03-18 14:00:00+00:00,2235.64,2237.18,2186.72,2190.24,14620.85585
2026-03-18 15:00:00+00:00,2190.24,2196.57,2169.71,2187.46,13761.68398
2026-03-18 16:00:00+00:00,2187.46,2191.17,2166.21,2181.22,7929.94727
2026-03-18 17:00:00+00:00,2181.22,2211.68,2176.93,2204.14,7965.32427
2026-03-18 18:00:00+00:00,2204.14,2221.04,2175.34,2181.18,10526.01112
2026-03-18 19:00:00+00:00,2181.18,2196.94,2178.43,2186.13,4976.48004
2026-03-18 20:00:00+00:00,2186.13,2195.62,2153.18,2187.33,8699.4129
2026-03-18 21:00:00+00:00,2187.33,2207.41,2185.68,2202.82,3845.29445
2026-03-18 22:00:00+00:00,2202.82,2203.74,2187.54,2194.69,2450.67464
2026-03-18 23:00:00+00:00,2194.69,2206.76,2189.01,2203.18,4148.15222
2026-03-19 00:00:00+00:00,2203.18,2208.46,2190.71,2193.13,4388.39881
2026-03-19 01:00:00+00:00,2193.13,2202.29,2187.17,2196.75,4020.29268
2026-03-19 02:00:00+00:00,2196.75,2205.27,2188.71,2196.78,2231.10403
2026-03-19 03:00:00+00:00,2196.78,2233.97,2196.74,2212.03,8203.90269
2026-03-19 04:00:00+00:00,2212.03,2213.24,2190.74,2193.45,3357.67854
2026-03-19 05:00:00+00:00,2193.45,2198.6,2186.44,2189.25,2038.1157
2026-03-19 06:00:00+00:00,2189.25,2195.78,2177.56,2180.67,4035.66527
2026-03-19 07:00:00+00:00,2180.67,2182.08,2142.91,2166.55,11734.02413
2026-03-19 08:00:00+00:00,2166.55,2172.55,2158.15,2160.73,5045.26666
2026-03-19 09:00:00+00:00,2160.73,2190.73,2160.2,2189.34,7102.08175
2026-03-19 10:00:00+00:00,2189.34,2192.0,2172.37,2172.72,2666.73219
2026-03-19 11:00:00+00:00,2172.72,2177.52,2165.54,2166.75,3569.47216
2026-03-19 12:00:00+00:00,2166.75,2167.52,2129.7,2132.2,7174.71384
2026-03-19 13:00:00+00:00,2132.2,2143.49,2111.14,2137.59,12547.34197
2026-03-19 14:00:00+00:00,2137.59,2147.68,2102.27,2121.81,10189.96554
2026-03-19 15:00:00+00:00,2121.81,2137.0,2099.21,2118.8,9641.65369
2026-03-19 16:00:00+00:00,2118.8,2122.28,2106.15,2115.43,9102.97013
2026-03-19 17:00:00+00:00,2115.43,2131.88,2105.0,2127.51,7106.32911
2026-03-19 18:00:00+00:00,2127.51,2129.71,2114.33,2125.24,2581.82511
2026-03-19 19:00:00+00:00,2125.24,2157.11,2125.06,2141.08,9873.7198
2026-03-19 20:00:00+00:00,2141.08,2152.99,2139.45,2146.44,3291.97741
2026-03-19 21:00:00+00:00,2146.44,2155.97,2145.43,2150.4,2342.07329
2026-03-19 22:00:00+00:00,2150.4,2152.77,2133.14,2140.48,4176.22451
2026-03-19 23:00:00+00:00,2140.48,2148.8,2130.33,2137.93,4309.72143
2026-03-20 00:00:00+00:00,2137.93,2149.21,2134.91,2145.62,3838.65272
2026-03-20 01:00:00+00:00,2145.62,2160.92,2145.01,2151.26,4237.87391
2026-03-20 02:00:00+00:00,2151.26,2152.21,2132.58,2144.51,2670.04034
2026-03-20 03:00:00+00:00,2144.51,2157.62,2143.64,2151.51,2526.08144
2026-03-20 04:00:00+00:00,2151.51,2159.47,2139.67,2148.57,2953.51308
2026-03-20 05:00:00+00:00,2148.57,2152.35,2137.62,2140.55,1920.82989
2026-03-20 06:00:00+00:00,2140.55,2142.04,2131.94,2136.42,3615.75333
2026-03-20 07:00:00+00:00,2136.42,2153.44,2121.38,2150.53,7156.24111
2026-03-20 08:00:00+00:00,2150.53,2176.6,2146.67,2164.21,5493.52361
2026-03-20 09:00:00+00:00,2164.21,2164.25,2135.09,2141.49,3472.17728
2026-03-20 10:00:00+00:00,2141.49,2151.41,2131.45,2148.58,3102.98545
2026-03-20 11:00:00+00:00,2148.58,2158.69,2134.69,2141.73,3298.06137
2026-03-20 12:00:00+00:00,2141.73,2153.1,2135.3,2141.18,3136.15397
2026-03-20 13:00:00+00:00,2141.18,2153.0,2122.4,2127.36,5942.36591
2026-03-20 14:00:00+00:00,2127.36,2147.67,2116.7,2129.2,8780.78111
2026-03-20 15:00:00+00:00,2129.2,2138.86,2120.21,2133.96,4329.92905
2026-03-20 16:00:00+00:00,2133.96,2144.98,2130.59,2137.36,2601.04384
2026-03-20 17:00:00+00:00,2137.36,2141.24,2119.55,2136.76,3892.32837
2026-03-20 18:00:00+00:00,2136.76,2137.81,2117.14,2123.34,3716.19126
2026-03-20 19:00:00+00:00,2123.34,2134.99,2117.14,2133.36,3258.55061
2026-03-20 20:00:00+00:00,2133.36,2137.1,2123.79,2133.24,2058.95387
2026-03-20 21:00:00+00:00,2133.24,2157.74,2130.71,2147.78,3686.0452
2026-03-20 22:00:00+00:00,2147.78,2168.0,2147.72,2154.82,2482.38129
2026-03-20 23:00:00+00:00,2154.82,2155.76,2143.16,2146.27,1235.36665
2026-03-21 00:00:00+00:00,2146.27,2156.55,2144.18,2153.3,1392.68344
2026-03-21 01:00:00+00:00,2153.3,2159.83,2147.06,2147.5,1476.43621
2026-03-21 02:00:00+00:00,2147.5,2156.43,2146.13,2154.94,1579.27603
2026-03-21 03:00:00+00:00,2154.94,2155.99,2150.7,2153.23,1295.1565
2026-03-21 04:00:00+00:00,2153.23,2158.22,2150.31,2151.67,1397.72524
2026-03-21 05:00:00+00:00,2151.67,2157.99,2151.67,2153.21,1064.42662
2026-03-21 06:00:00+00:00,2153.21,2156.4,2152.16,2155.7,648.06082
2026-03-21 07:00:00+00:00,2155.7,2161.56,2153.69,2155.51,1149.74647
2026-03-21 08:00:00+00:00,2155.51,2157.49,2149.56,2153.86,1015.27936
2026-03-21 09:00:00+00:00,2153.86,2159.1,2153.59,2158.78,1014.63452
2026-03-21 10:00:00+00:00,2158.78,2159.57,2152.92,2154.16,1132.92769
2026-03-21 11:00:00+00:00,2154.16,2157.83,2152.83,2157.27,816.48882
2026-03-21 12:00:00+00:00,2157.27,2160.84,2156.72,2157.88,900.50334
2026-03-21 13:00:00+00:00,2157.88,2159.83,2154.9,2155.87,967.16652
2026-03-21 14:00:00+00:00,2155.87,2168.29,2150.45,2152.04,2767.27274
2026-03-21 15:00:00+00:00,2152.04,2158.25,2146.21,2155.57,4638.35514
2026-03-21 16:00:00+00:00,2155.57,2155.75,2144.75,2146.72,2040.92726
2026-03-21 17:00:00+00:00,2146.72,2150.81,2142.1,2148.42,1177.6086
2026-03-21 18:00:00+00:00,2148.42,2155.83,2147.63,2151.6,864.73229
2026-03-21 19:00:00+00:00,2151.6,2153.36,2149.11,2152.25,585.601
2026-03-21 20:00:00+00:00,2152.25,2157.01,2149.63,2155.74,1303.23934
2026-03-21 21:00:00+00:00,2155.74,2157.08,2152.28,2153.73,767.06979
2026-03-21 22:00:00+00:00,2153.73,2153.81,2149.54,2150.0,882.06311
2026-03-21 23:00:00+00:00,2150.0,2150.1,2070.04,2084.98,9879.09466
2026-03-22 00:00:00+00:00,2084.98,2095.99,2050.0,2087.77,13089.42829
2026-03-22 01:00:00+00:00,2087.77,2094.72,2081.88,2091.35,4290.31841
2026-03-22 02:00:00+00:00,2091.35,2109.84,2088.0,2102.58,3555.60125
2026-03-22 03:00:00+00:00,2102.58,2127.32,2098.35,2114.05,2970.97834
2026-03-22 04:00:00+00:00,2114.05,2123.08,2106.29,2119.2,5333.85635
2026-03-22 05:00:00+00:00,2119.2,2120.81,2112.25,2112.97,1815.58127
2026-03-22 06:00:00+00:00,2112.97,2113.42,2107.08,2108.46,1997.20511
2026-03-22 07:00:00+00:00,2108.46,2112.08,2092.7,2093.53,2776.44044
2026-03-22 08:00:00+00:00,2093.53,2095.8,2074.35,2086.53,6932.27606
2026-03-22 09:00:00+00:00,2086.53,2096.52,2079.57,2085.01,3702.83313
2026-03-22 10:00:00+00:00,2085.01,2086.85,2077.17,2081.24,1959.97866
2026-03-22 11:00:00+00:00,2081.24,2083.98,2066.83,2069.95,2621.84122
2026-03-22 12:00:00+00:00,2069.95,2088.66,2068.24,2082.66,2786.9897
2026-03-22 13:00:00+00:00,2082.66,2093.19,2072.6,2078.75,4216.53853
2026-03-22 14:00:00+00:00,2078.75,2085.32,2071.74,2078.25,2164.60325
2026-03-22 15:00:00+00:00,2078.25,2084.95,2075.83,2082.96,2975.33065
2026-03-22 16:00:00+00:00,2082.96,2084.61,2077.79,2082.14,1169.56271
2026-03-22 17:00:00+00:00,2082.14,2084.58,2077.44,2079.6,1076.9469
2026-03-22 18:00:00+00:00,2079.6,2080.53,2056.87,2072.22,2889.07791
2026-03-22 19:00:00+00:00,2072.22,2072.84,2054.09,2063.17,3102.39431
2026-03-22 20:00:00+00:00,2063.17,2072.18,2056.17,2058.68,3987.70364
2026-03-22 21:00:00+00:00,2058.68,2060.69,2026.0,2046.06,7856.09407
2026-03-22 22:00:00+00:00,2046.06,2065.79,2032.36,2062.88,3917.3601
2026-03-22 23:00:00+00:00,2062.88,2077.36,2051.16,2053.76,3513.7704
2026-03-23 00:00:00+00:00,2053.76,2063.27,2035.51,2043.42,5880.34387
2026-03-23 01:00:00+00:00,2043.42,2062.81,2039.31,2047.56,3906.88856
2026-03-23 02:00:00+00:00,2047.56,2070.54,2046.44,2063.16,4358.64997
2026-03-23 03:00:00+00:00,2063.16,2072.43,2051.7,2052.42,3308.60842
2026-03-23 04:00:00+00:00,2052.42,2067.01,2050.56,2065.6,1476.09841
2026-03-23 05:00:00+00:00,2065.6,2072.42,2060.67,2069.3,3392.65064
2026-03-23 06:00:00+00:00,2069.3,2069.3,2028.12,2037.31,6341.85019
2026-03-23 07:00:00+00:00,2037.31,2049.96,2023.1,2044.77,4520.38234
2026-03-23 08:00:00+00:00,2044.77,2059.08,2043.66,2047.87,5082.76342
2026-03-23 09:00:00+00:00,2047.87,2049.14,2028.62,2043.51,4113.5509
2026-03-23 10:00:00+00:00,2043.51,2054.21,2040.05,2048.94,2893.73993
2026-03-23 11:00:00+00:00,2048.94,2198.8,2048.92,2134.63,47605.61638
2026-03-23 12:00:00+00:00,2134.63,2148.11,2107.54,2144.42,16561.15806
2026-03-23 13:00:00+00:00,2144.42,2189.16,2140.23,2185.91,16570.16068
2026-03-23 14:00:00+00:00,2185.91,2192.86,2169.13,2181.36,11388.52338
2026-03-23 15:00:00+00:00,2181.36,2188.68,2124.26,2128.52,12862.03771
2026-03-23 16:00:00+00:00,2128.52,2142.73,2117.59,2136.0,8825.85548
2026-03-23 17:00:00+00:00,2136.0,2158.71,2124.67,2152.7,4756.43498
2026-03-23 18:00:00+00:00,2152.7,2171.78,2145.76,2168.88,5706.64803
2026-03-23 19:00:00+00:00,2168.88,2178.77,2150.15,2154.06,5306.40454
2026-03-23 20:00:00+00:00,2154.06,2167.17,2150.47,2161.72,2123.5736
2026-03-23 21:00:00+00:00,2161.72,2163.93,2154.47,2158.03,1630.46124
2026-03-23 22:00:00+00:00,2158.03,2159.71,2143.79,2152.72,2554.46035
2026-03-23 23:00:00+00:00,2152.72,2155.3,2140.19,2152.09,1909.832
2026-03-24 00:00:00+00:00,2152.09,2156.37,2129.87,2143.24,4193.23075
2026-03-24 01:00:00+00:00,2143.24,2149.93,2124.11,2137.61,3546.43494
2026-03-24 02:00:00+00:00,2137.61,2146.0,2132.44,2135.88,1987.85847
2026-03-24 03:00:00+00:00,2135.88,2143.73,2130.58,2141.67,1715.57273
2026-03-24 04:00:00+00:00,2141.67,2153.0,2131.58,2136.27,2259.47611
2026-03-24 05:00:00+00:00,2136.27,2138.77,2128.76,2133.75,2513.85227
2026-03-24 06:00:00+00:00,2133.75,2146.51,2131.79,2145.28,2509.27822
2026-03-24 07:00:00+00:00,2145.28,2171.08,2144.05,2165.7,7910.70325
2026-03-24 08:00:00+00:00,2165.7,2167.93,2152.0,2154.81,3887.69677
2026-03-24 09:00:00+00:00,2154.81,2167.96,2147.09,2164.95,3712.58426
2026-03-24 10:00:00+00:00,2164.95,2165.03,2155.2,2161.3,2080.34562
2026-03-24 11:00:00+00:00,2161.3,2175.52,2151.83,2165.86,5273.01709
2026-03-24 12:00:00+00:00,2165.86,2170.38,2158.7,2162.48,2381.79965
2026-03-24 13:00:00+00:00,2162.48,2165.8,2130.18,2138.11,7556.74713
2026-03-24 14:00:00+00:00,2138.11,2148.52,2119.0,2134.03,9947.93001
2026-03-24 15:00:00+00:00,2134.03,2147.57,2131.34,2135.3,4783.10487
2026-03-24 16:00:00+00:00,2135.3,2140.96,2120.0,2127.59,5176.38423
2026-03-24 17:00:00+00:00,2127.59,2128.99,2103.05,2109.16,7852.05957
2026-03-24 18:00:00+00:00,2109.16,2127.96,2104.98,2119.16,4681.49065
2026-03-24 19:00:00+00:00,2119.16,2128.01,2114.27,2117.05,3848.48611
2026-03-24 20:00:00+00:00,2117.05,2154.66,2115.44,2148.69,8501.45511
2026-03-24 21:00:00+00:00,2148.69,2152.04,2140.58,2148.86,3716.6483
2026-03-24 22:00:00+00:00,2148.86,2156.08,2140.47,2145.62,5005.09829
2026-03-24 23:00:00+00:00,2145.62,2164.08,2143.12,2156.46,4555.53977
2026-03-25 00:00:00+00:00,2156.46,2169.01,2146.08,2162.04,6352.61867
2026-03-25 01:00:00+00:00,2162.04,2167.26,2156.87,2156.89,4599.50817
2026-03-25 02:00:00+00:00,2156.89,2161.81,2153.57,2155.99,3953.46985
2026-03-25 03:00:00+00:00,2155.99,2161.0,2146.68,2158.83,2843.6752
2026-03-25 04:00:00+00:00,2158.83,2168.21,2156.84,2166.62,2861.50926
2026-03-25 05:00:00+00:00,2166.62,2180.26,2164.57,2169.26,3641.75452
2026-03-25 06:00:00+00:00,2169.26,2173.28,2163.25,2163.87,4868.32145
2026-03-25 07:00:00+00:00,2163.87,2177.71,2159.38,2164.82,5087.68708
2026-03-25 08:00:00+00:00,2164.82,2191.19,2164.56,2176.73,7847.98037
2026-03-25 09:00:00+00:00,2176.73,2189.48,2175.17,2186.75,3324.56303
2026-03-25 10:00:00+00:00,2186.75,2189.16,2181.47,2185.62,3530.05119
2026-03-25 11:00:00+00:00,2185.62,2200.0,2179.65,2186.45,8309.66318
2026-03-25 12:00:00+00:00,2186.45,2195.11,2165.11,2183.58,11553.2589
2026-03-25 13:00:00+00:00,2183.58,2198.39,2179.58,2184.49,5470.29844
2026-03-25 14:00:00+00:00,2184.49,2188.26,2172.91,2174.16,5988.54002
2026-03-25 15:00:00+00:00,2174.16,2177.11,2147.5,2162.38,6981.17279
2026-03-25 16:00:00+00:00,2162.38,2186.15,2155.74,2173.94,6612.84031
2026-03-25 17:00:00+00:00,2173.94,2176.41,2160.4,2164.29,4044.48689
2026-03-25 18:00:00+00:00,2164.29,2173.65,2157.4,2162.43,3959.69049
2026-03-25 19:00:00+00:00,2162.43,2176.86,2159.39,2172.82,3949.97931
2026-03-25 20:00:00+00:00,2172.82,2173.23,2159.46,2166.85,2215.72647
2026-03-25 21:00:00+00:00,2166.85,2169.65,2162.05,2164.09,1659.76714
2026-03-25 22:00:00+00:00,2164.09,2183.92,2161.6,2174.56,3509.6687
2026-03-25 23:00:00+00:00,2174.56,2177.54,2164.64,2169.27,2492.30343
2026-03-26 00:00:00+00:00,2169.27,2172.48,2162.41,2166.54,3614.42687
2026-03-26 01:00:00+00:00,2166.54,2169.59,2160.03,2164.74,2542.16903
2026-03-26 02:00:00+00:00,2164.74,2165.9,2144.11,2149.67,3841.67567
2026-03-26 03:00:00+00:00,2149.67,2155.54,2144.51,2153.27,2750.34188
2026-03-26 04:00:00+00:00,2153.27,2154.39,2147.84,2149.41,1594.02333
2026-03-26 05:00:00+00:00,2149.41,2150.84,2113.3,2119.71,6400.47072
2026-03-26 06:00:00+00:00,2119.71,2124.82,2112.05,2121.7,3991.11011
2026-03-26 07:00:00+00:00,2121.7,2124.81,2112.91,2123.69,4360.9193
2026-03-26 08:00:00+00:00,2123.69,2126.95,2114.08,2119.7,4738.9543
2026-03-26 09:00:00+00:00,2119.7,2122.32,2075.05,2082.57,9117.44687
2026-03-26 10:00:00+00:00,2082.57,2083.92,2073.0,2078.64,5367.15289
2026-03-26 11:00:00+00:00,2078.64,2081.59,2062.59,2068.45,4978.97363
2026-03-26 12:00:00+00:00,2068.45,2075.92,2065.79,2073.44,5160.81607
2026-03-26 13:00:00+00:00,2073.44,2094.08,2069.5,2080.88,12146.76552
2026-03-26 14:00:00+00:00,2080.88,2085.61,2067.01,2076.06,9026.44124
2026-03-26 15:00:00+00:00,2076.06,2076.85,2051.19,2070.38,9565.73501
2026-03-26 16:00:00+00:00,2070.38,2071.07,2059.87,2060.96,4293.13981
2026-03-26 17:00:00+00:00,2060.96,2070.97,2044.82,2049.21,5308.08606
2026-03-26 18:00:00+00:00,2049.21,2055.93,2034.02,2047.07,6127.35581
2026-03-26 19:00:00+00:00,2047.07,2053.93,2038.86,2048.85,5147.38338
2026-03-26 20:00:00+00:00,2048.85,2080.79,2046.37,2064.81,9592.65565
2026-03-26 21:00:00+00:00,2064.81,2077.2,2060.18,2068.2,3393.32609
2026-03-26 22:00:00+00:00,2068.2,2072.93,2054.5,2065.79,3792.11959
2026-03-26 23:00:00+00:00,2065.79,2069.84,2056.0,2060.26,3305.59389
2026-03-27 00:00:00+00:00,2060.26,2067.83,2056.67,2065.19,3215.1861
2026-03-27 01:00:00+00:00,2065.19,2074.6,2063.33,2074.12,2760.71117
2026-03-27 02:00:00+00:00,2074.12,2077.31,2067.23,2068.19,1812.75407
2026-03-27 03:00:00+00:00,2068.19,2069.33,2059.24,2061.44,1801.0644
2026-03-27 04:00:00+00:00,2061.44,2062.12,2043.35,2052.96,4099.74246
2026-03-27 05:00:00+00:00,2052.96,2066.55,2052.09,2061.29,2216.64378
2026-03-27 06:00:00+00:00,2061.29,2068.15,2058.36,2062.63,2943.65169
2026-03-27 07:00:00+00:00,2062.63,2073.35,2060.02,2066.39,17221.44536
2026-03-27 08:00:00+00:00,2066.39,2069.69,2033.74,2047.45,11153.36432
2026-03-27 09:00:00+00:00,2047.45,2051.77,2035.11,2040.99,4612.49009
2026-03-27 10:00:00+00:00,2040.99,2044.72,1982.9,1991.21,16866.60006
2026-03-27 11:00:00+00:00,1991.21,1998.32,1982.1,1991.53,8416.07618
2026-03-27 12:00:00+00:00,1991.53,1993.96,1981.82,1989.13,9209.54575
2026-03-27 13:00:00+00:00,1989.13,1997.19,1968.74,1978.99,19593.95326
2026-03-27 14:00:00+00:00,1978.99,1989.73,1971.6,1989.21,9662.9143
2026-03-27 15:00:00+00:00,1989.21,2010.52,1983.16,1990.93,11273.05403
2026-03-27 16:00:00+00:00,1990.93,1992.49,1980.28,1986.76,7271.05963
2026-03-27 17:00:00+00:00,1986.76,1998.25,1974.74,1977.27,5328.49687
2026-03-27 18:00:00+00:00,1977.27,1986.28,1974.35,1984.23,3439.46006
2026-03-27 19:00:00+00:00,1984.23,1997.89,1978.64,1991.4,5534.45127
2026-03-27 20:00:00+00:00,1991.4,1996.22,1979.99,1986.12,4646.6395
2026-03-27 21:00:00+00:00,1986.12,1991.18,1984.21,1985.98,1723.66256
2026-03-27 22:00:00+00:00,1985.98,1987.39,1981.93,1985.55,1706.09156
2026-03-27 23:00:00+00:00,1985.55,1994.09,1980.39,1992.7,2681.53714
2026-03-28 00:00:00+00:00,1992.7,1995.4,1989.64,1992.68,1308.1404
2026-03-28 01:00:00+00:00,1992.68,1992.84,1984.65,1990.38,1645.82537
2026-03-28 02:00:00+00:00,1990.38,1993.77,1982.54,1987.28,1011.38574
2026-03-28 03:00:00+00:00,1987.28,1991.44,1986.98,1989.29,873.59699
2026-03-28 04:00:00+00:00,1989.29,1992.64,1987.3,1990.79,773.57151
2026-03-28 05:00:00+00:00,1990.79,1995.03,1988.34,1994.34,826.12518
2026-03-28 06:00:00+00:00,1994.34,2007.22,1993.18,2001.08,2024.0585
2026-03-28 07:00:00+00:00,2001.08,2008.47,2000.52,2007.14,1489.66396
2026-03-28 08:00:00+00:00,2007.14,2008.61,1998.19,1999.37,2363.19528
2026-03-28 09:00:00+00:00,1999.37,1999.91,1995.46,1999.52,967.37024
2026-03-28 10:00:00+00:00,1999.52,2004.81,1992.44,1996.79,1514.24883
2026-03-28 11:00:00+00:00,1996.79,2000.81,1995.75,1997.54,916.67139
2026-03-28 12:00:00+00:00,1997.54,2004.62,1992.18,1999.6,1876.89808
2026-03-28 13:00:00+00:00,1999.6,2046.6,1999.34,2026.34,7380.99596
2026-03-28 14:00:00+00:00,2026.34,2029.27,2015.75,2020.97,3513.73567
2026-03-28 15:00:00+00:00,2020.97,2039.17,2018.45,2026.96,4804.33702
2026-03-28 16:00:00+00:00,2026.96,2030.2,2021.38,2024.64,2445.92692
2026-03-28 17:00:00+00:00,2024.64,2027.17,2015.73,2020.7,2226.10943
2026-03-28 18:00:00+00:00,2020.7,2024.66,2020.21,2021.69,1011.11351
2026-03-28 19:00:00+00:00,2021.69,2023.04,2017.04,2020.47,2889.25931
2026-03-28 20:00:00+00:00,2020.47,2026.53,2020.46,2024.42,1555.99507
2026-03-28 21:00:00+00:00,2024.42,2025.57,2005.73,2009.49,2877.68378
2026-03-28 22:00:00+00:00,2009.49,2013.31,2005.2,2011.77,1468.53088
2026-03-28 23:00:00+00:00,2011.77,2011.77,1989.39,1994.55,2640.29744
2026-03-29 00:00:00+00:00,1994.55,1999.87,1991.35,1998.87,1471.0839
2026-03-29 01:00:00+00:00,1998.87,2008.2,1997.76,2005.06,1713.04354
2026-03-29 02:00:00+00:00,2005.06,2010.57,2002.6,2009.24,1969.92791
2026-03-29 03:00:00+00:00,2009.24,2019.61,2006.96,2011.18,1464.22789
2026-03-29 04:00:00+00:00,2011.18,2012.9,2004.19,2005.8,794.40358
2026-03-29 05:00:00+00:00,2005.8,2007.28,1997.53,2005.28,1583.14578
2026-03-29 06:00:00+00:00,2005.28,2008.4,2000.01,2004.83,1090.19545
2026-03-29 07:00:00+00:00,2004.83,2009.64,2000.11,2005.9,1739.46562
2026-03-29 08:00:00+00:00,2005.9,2007.57,2002.46,2004.23,1255.1846
2026-03-29 09:00:00+00:00,2004.23,2005.69,1994.33,1999.05,1645.90091
2026-03-29 10:00:00+00:00,1999.05,1999.05,1991.66,1995.75,1824.00854
2026-03-29 11:00:00+00:00,1995.75,2008.44,1994.91,2003.65,1304.78532
2026-03-29 12:00:00+00:00,2003.65,2004.98,1997.6,2001.75,1022.03732
2026-03-29 13:00:00+00:00,2001.75,2002.24,1983.7,1987.18,3566.41625
2026-03-29 14:00:00+00:00,1987.18,2002.5,1983.95,1994.05,3058.87023
2026-03-29 15:00:00+00:00,1994.05,1999.19,1986.25,1992.7,4156.2822
2026-03-29 16:00:00+00:00,1992.7,2003.83,1991.56,1997.68,1896.91776
2026-03-29 17:00:00+00:00,1997.68,2000.31,1987.66,1995.02,1941.21308
2026-03-29 18:00:00+00:00,1995.02,2001.91,1991.43,1997.37,1736.52909
2026-03-29 19:00:00+00:00,1997.37,2000.14,1994.21,1995.78,952.92299
2026-03-29 20:00:00+00:00,1995.78,2009.79,1995.63,2002.52,2226.1506
2026-03-29 21:00:00+00:00,2002.52,2007.26,2001.45,2006.35,1213.95354
2026-03-29 22:00:00+00:00,2006.35,2006.56,1938.0,1974.19,9851.82691
2026-03-29 23:00:00+00:00,1974.19,1994.62,1973.59,1984.6,8137.6563
2026-03-30 00:00:00+00:00,1984.6,2024.18,1980.0,1997.3,10826.06156
2026-03-30 01:00:00+00:00,1997.3,2016.6,1997.17,2010.67,3006.62528
2026-03-30 02:00:00+00:00,2010.67,2043.87,2006.66,2030.05,5752.43576
2026-03-30 03:00:00+00:00,2030.05,2042.29,2027.85,2036.14,3406.00083
2026-03-30 04:00:00+00:00,2036.14,2053.12,2035.97,2048.57,4450.52017
2026-03-30 05:00:00+00:00,2048.57,2059.4,2045.69,2047.94,5197.83275
2026-03-30 06:00:00+00:00,2047.94,2052.42,2040.89,2042.59,3572.89123
2026-03-30 07:00:00+00:00,2042.59,2068.84,2041.72,2059.84,6641.24568
2026-03-30 08:00:00+00:00,2059.84,2075.56,2057.47,2062.65,9172.32809
2026-03-30 09:00:00+00:00,2062.65,2063.42,2054.11,2055.26,2280.74017
2026-03-30 10:00:00+00:00,2055.26,2058.57,2048.61,2058.05,5367.46307
2026-03-30 11:00:00+00:00,2058.05,2082.24,2057.86,2071.65,7246.12878
2026-03-30 12:00:00+00:00,2071.65,2078.92,2069.17,2074.66,3151.16976
2026-03-30 13:00:00+00:00,2074.66,2085.5,2057.8,2060.62,7777.50296
2026-03-30 14:00:00+00:00,2060.62,2076.15,2043.77,2071.98,7281.90865
2026-03-30 15:00:00+00:00,2071.98,2080.15,2061.84,2074.54,5871.98506
2026-03-30 16:00:00+00:00,2074.54,2075.16,2058.95,2066.25,3746.45599
2026-03-30 17:00:00+00:00,2066.25,2072.69,2031.88,2041.6,8067.50389
2026-03-30 18:00:00+00:00,2041.6,2044.09,2027.89,2032.62,4239.26703
2026-03-30 19:00:00+00:00,2032.62,2032.79,2013.3,2023.61,5769.35652
2026-03-30 20:00:00+00:00,2023.61,2027.99,2021.21,2023.23,2799.53975
2026-03-30 21:00:00+00:00,2023.23,2049.24,2021.21,2036.09,3727.337
2026-03-30 22:00:00+00:00,2036.09,2044.9,2029.31,2033.14,1555.50213
2026-03-30 23:00:00+00:00,2033.14,2033.14,2014.0,2026.59,2548.91191
2026-03-31 00:00:00+00:00,2026.59,2041.32,2016.23,2036.82,3708.15432
2026-03-31 01:00:00+00:00,2036.82,2092.29,2032.23,2073.26,10698.7122
2026-03-31 02:00:00+00:00,2073.26,2083.15,2067.34,2073.24,3413.92475
2026-03-31 03:00:00+00:00,2073.24,2076.86,2061.89,2067.13,2431.78048
2026-03-31 04:00:00+00:00,2067.13,2072.38,2057.0,2060.87,2917.93583
2026-03-31 05:00:00+00:00,2060.87,2069.3,2054.91,2064.49,2755.82007
2026-03-31 06:00:00+00:00,2064.49,2065.15,2055.25,2062.46,2117.16364
2026-03-31 07:00:00+00:00,2062.46,2063.33,2042.42,2056.02,3225.02024
2026-03-31 08:00:00+00:00,2056.02,2059.46,2036.01,2039.97,4598.67901
2026-03-31 09:00:00+00:00,2039.97,2044.43,2012.29,2018.43,8151.99796
2026-03-31 10:00:00+00:00,2018.43,2030.28,2017.11,2026.33,3058.98588
2026-03-31 11:00:00+00:00,2026.33,2044.49,2022.81,2041.38,6380.72508
2026-03-31 12:00:00+00:00,2041.38,2058.36,2035.42,2047.77,4831.10715
2026-03-31 13:00:00+00:00,2047.77,2080.2,2047.77,2075.36,9609.06468
2026-03-31 14:00:00+00:00,2075.36,2093.0,2037.48,2046.03,13274.79025
2026-03-31 15:00:00+00:00,2046.03,2078.03,2045.38,2055.05,7791.7951
2026-03-31 16:00:00+00:00,2055.05,2108.56,2054.45,2091.8,15080.19712
2026-03-31 17:00:00+00:00,2091.8,2126.0,2088.81,2093.55,13887.82085
2026-03-31 18:00:00+00:00,2093.55,2115.4,2093.55,2099.95,6531.81871
2026-03-31 19:00:00+00:00,2099.95,2104.3,2092.17,2096.39,3400.93882
2026-03-31 20:00:00+00:00,2096.39,2111.05,2096.04,2107.96,4278.35179
2026-03-31 21:00:00+00:00,2107.96,2109.47,2093.72,2102.69,2135.98367
2026-03-31 22:00:00+00:00,2102.69,2104.5,2088.01,2096.78,2460.34098
2026-03-31 23:00:00+00:00,2096.78,2108.88,2093.25,2105.78,2163.40126
2026-04-01 00:00:00+00:00,2105.78,2118.15,2096.99,2115.14,3584.59424
2026-04-01 01:00:00+00:00,2115.14,2116.23,2091.31,2092.91,3406.50303
2026-04-01 02:00:00+00:00,2092.91,2096.62,2082.19,2088.57,3191.02235
2026-04-01 03:00:00+00:00,2088.57,2107.01,2088.57,2102.69,3228.93472
2026-04-01 04:00:00+00:00,2102.69,2117.14,2100.23,2111.49,3616.47237
2026-04-01 05:00:00+00:00,2111.49,2136.12,2106.53,2123.1,8263.81757
2026-04-01 06:00:00+00:00,2123.1,2156.56,2122.96,2151.31,18280.39566
2026-04-01 07:00:00+00:00,2151.31,2158.0,2130.1,2130.96,7912.82512
2026-04-01 08:00:00+00:00,2130.96,2143.6,2125.21,2137.12,4978.91964
2026-04-01 09:00:00+00:00,2137.12,2140.53,2127.8,2136.54,5225.87203
2026-04-01 10:00:00+00:00,2136.54,2138.07,2126.33,2132.56,2321.81005
2026-04-01 11:00:00+00:00,2132.56,2139.86,2130.64,2135.43,2308.54348
2026-04-01 12:00:00+00:00,2135.43,2150.7,2121.83,2130.86,6973.33998
2026-04-01 13:00:00+00:00,2130.86,2135.27,2108.5,2119.58,9509.45221
2026-04-01 14:00:00+00:00,2119.58,2130.92,2113.8,2126.89,8793.50043
2026-04-01 15:00:00+00:00,2126.89,2137.84,2122.12,2134.98,4016.72335
2026-04-01 16:00:00+00:00,2134.98,2154.0,2124.84,2146.19,5486.56438
2026-04-01 17:00:00+00:00,2146.19,2167.99,2133.78,2137.04,7030.62897
2026-04-01 18:00:00+00:00,2137.04,2137.87,2123.56,2129.13,6773.92078
2026-04-01 19:00:00+00:00,2129.13,2145.29,2127.83,2141.36,4177.84896
2026-04-01 20:00:00+00:00,2141.36,2147.54,2129.93,2143.73,5442.68841
2026-04-01 21:00:00+00:00,2143.73,2165.49,2143.09,2157.06,4774.9363
2026-04-01 22:00:00+00:00,2157.06,2158.81,2137.97,2140.1,4524.5206
2026-04-01 23:00:00+00:00,2140.1,2146.17,2135.37,2140.12,2934.99586
2026-04-02 00:00:00+00:00,2140.12,2159.41,2136.07,2156.39,3317.9018
2026-04-02 01:00:00+00:00,2156.39,2156.39,2089.2,2099.71,24734.97513
2026-04-02 02:00:00+00:00,2099.71,2099.76,2064.16,2073.65,15275.01644
2026-04-02 03:00:00+00:00,2073.65,2076.51,2046.13,2055.69,11326.8658
2026-04-02 04:00:00+00:00,2055.69,2058.27,2041.48,2044.47,6661.51176
2026-04-02 05:00:00+00:00,2044.47,2051.57,2038.04,2050.12,7545.82678
2026-04-02 06:00:00+00:00,2050.12,2053.97,2045.37,2050.06,2591.72152
2026-04-02 07:00:00+00:00,2050.06,2057.0,2044.2,2056.16,2820.60438
2026-04-02 08:00:00+00:00,2056.16,2056.16,2045.43,2046.34,2812.44018
2026-04-02 09:00:00+00:00,2046.34,2048.16,2039.43,2044.1,2535.56729
2026-04-02 10:00:00+00:00,2044.1,2045.15,2032.58,2038.81,2860.16556
2026-04-02 11:00:00+00:00,2038.81,2040.48,2023.05,2033.11,2787.63257
2026-04-02 12:00:00+00:00,2033.11,2033.46,2024.14,2026.92,3568.46138
2026-04-02 13:00:00+00:00,2026.92,2041.52,2016.56,2039.25,7980.62439
2026-04-02 14:00:00+00:00,2039.25,2072.12,2032.75,2063.71,9035.55828
2026-04-02 15:00:00+00:00,2063.71,2067.93,2048.31,2059.65,6962.015
2026-04-02 16:00:00+00:00,2059.65,2076.76,2052.2,2063.27,3636.96332
2026-04-02 17:00:00+00:00,2063.27,2072.2,2045.0,2047.23,6197.34954
2026-04-02 18:00:00+00:00,2047.23,2063.52,2043.75,2058.45,3902.47305
2026-04-02 19:00:00+00:00,2058.45,2066.84,2054.73,2065.82,3612.91968
2026-04-02 20:00:00+00:00,2065.82,2074.44,2060.83,2068.35,2662.89677
2026-04-02 21:00:00+00:00,2068.35,2070.7,2055.76,2063.14,2049.66246
2026-04-02 22:00:00+00:00,2063.14,2065.21,2053.38,2060.1,1592.84688
2026-04-02 23:00:00+00:00,2060.1,2061.9,2053.9,2057.21,2135.04028
2026-04-03 00:00:00+00:00,2057.21,2059.82,2049.95,2053.09,1647.76466
2026-04-03 01:00:00+00:00,2053.09,2062.59,2045.21,2050.46,2414.66976
2026-04-03 02:00:00+00:00,2050.46,2060.0,2040.91,2052.64,2795.47571
2026-04-03 03:00:00+00:00,2052.64,2057.38,2050.03,2054.08,1688.87184
2026-04-03 04:00:00+00:00,2054.08,2058.07,2048.77,2054.5,1026.11027
2026-04-03 05:00:00+00:00,2054.5,2064.37,2047.3,2057.26,2216.60354
2026-04-03 06:00:00+00:00,2057.26,2066.79,2054.71,2063.8,2081.94698
2026-04-03 07:00:00+00:00,2063.8,2075.7,2062.1,2066.17,2771.63134
2026-04-03 08:00:00+00:00,2066.17,2072.34,2058.6,2061.02,3273.91374
2026-04-03 09:00:00+00:00,2061.02,2064.3,2056.94,2061.15,1333.33703
2026-04-03 10:00:00+00:00,2061.15,2061.15,2053.29,2059.8,1700.58112
2026-04-03 11:00:00+00:00,2059.8,2064.99,2057.75,2062.85,1356.57306
2026-04-03 12:00:00+00:00,2062.85,2081.82,2045.45,2049.96,5284.62229
2026-04-03 13:00:00+00:00,2049.96,2051.4,2041.53,2048.11,2953.79485
2026-04-03 14:00:00+00:00,2048.11,2057.17,2045.32,2054.49,2143.90027
2026-04-03 15:00:00+00:00,2054.49,2057.93,2049.18,2051.31,1504.46511
2026-04-03 16:00:00+00:00,2051.31,2056.76,2049.66,2054.82,1656.12391
2026-04-03 17:00:00+00:00,2054.82,2055.36,2043.51,2050.29,1883.83536
2026-04-03 18:00:00+00:00,2050.29,2053.37,2047.64,2049.24,1590.90589
2026-04-03 19:00:00+00:00,2049.24,2054.24,2045.2,2052.42,1216.91109
2026-04-03 20:00:00+00:00,2052.42,2055.09,2051.84,2052.71,834.59132
2026-04-03 21:00:00+00:00,2052.71,2061.36,2052.62,2058.35,1202.14077
2026-04-03 22:00:00+00:00,2058.35,2059.99,2049.43,2052.01,968.75982
2026-04-03 23:00:00+00:00,2052.01,2054.35,2049.18,2053.8,696.39173
2026-04-04 00:00:00+00:00,2053.8,2053.98,2051.39,2052.23,458.69265
2026-04-04 01:00:00+00:00,2052.23,2053.95,2049.47,2051.4,826.09198
2026-04-04 02:00:00+00:00,2051.4,2053.66,2047.91,2050.03,639.56603
2026-04-04 03:00:00+00:00,2050.03,2052.29,2049.59,2050.1,482.96052
2026-04-04 04:00:00+00:00,2050.1,2051.78,2048.46,2051.05,620.26395
2026-04-04 05:00:00+00:00,2051.05,2054.99,2050.44,2053.76,808.30977
2026-04-04 06:00:00+00:00,2053.76,2058.14,2052.7,2056.42,1143.41716
2026-04-04 07:00:00+00:00,2056.42,2057.13,2051.57,2053.98,1479.20704
2026-04-04 08:00:00+00:00,2053.98,2055.53,2049.06,2050.64,2236.91134
2026-04-04 09:00:00+00:00,2050.64,2052.02,2049.16,2050.44,669.99957
2026-04-04 10:00:00+00:00,2050.44,2054.99,2047.57,2054.16,1449.39926
2026-04-04 11:00:00+00:00,2054.16,2055.17,2051.08,2051.93,1084.81077
2026-04-04 12:00:00+00:00,2051.93,2053.26,2048.08,2050.08,1194.99076
2026-04-04 13:00:00+00:00,2050.08,2054.98,2049.39,2053.35,1358.85282
2026-04-04 14:00:00+00:00,2053.35,2054.76,2043.79,2052.99,3909.58083
2026-04-04 15:00:00+00:00,2052.99,2061.8,2052.25,2056.1,2673.91313
2026-04-04 16:00:00+00:00,2056.1,2062.17,2053.06,2055.56,1955.22976
2026-04-04 17:00:00+00:00,2055.56,2058.22,2052.67,2056.78,1271.91942
2026-04-04 18:00:00+00:00,2056.78,2058.42,2054.8,2055.21,564.24661
2026-04-04 19:00:00+00:00,2055.21,2083.89,2055.05,2064.81,5022.80138
2026-04-04 20:00:00+00:00,2064.81,2065.0,2059.9,2062.85,1060.34481
2026-04-04 21:00:00+00:00,2062.85,2071.71,2062.44,2068.8,1286.17456
2026-04-04 22:00:00+00:00,2068.8,2072.37,2068.2,2069.12,944.81839
2026-04-04 23:00:00+00:00,2069.12,2069.28,2062.63,2065.57,1061.93761
2026-04-05 00:00:00+00:00,2065.57,2065.77,2060.27,2062.32,872.92879
2026-04-05 01:00:00+00:00,2062.32,2062.61,2057.17,2057.28,1011.13765
2026-04-05 02:00:00+00:00,2057.28,2059.99,2054.11,2059.83,865.76364
2026-04-05 03:00:00+00:00,2059.83,2060.79,2055.11,2056.52,475.94081
2026-04-05 04:00:00+00:00,2056.52,2058.13,2053.78,2055.04,686.2593
2026-04-05 05:00:00+00:00,2055.04,2056.91,2046.97,2048.56,1778.0518
2026-04-05 06:00:00+00:00,2048.56,2048.99,2027.26,2038.02,4804.14306
2026-04-05 07:00:00+00:00,2038.02,2042.68,2033.99,2037.18,2328.38216
2026-04-05 08:00:00+00:00,2037.18,2039.9,2035.67,2038.92,1485.95941
2026-04-05 09:00:00+00:00,2038.92,2045.88,2038.77,2044.22,1368.12983
2026-04-05 10:00:00+00:00,2044.22,2052.58,2042.03,2044.6,1711.44573
2026-04-05 11:00:00+00:00,2044.6,2045.89,2040.32,2041.75,1029.35074
2026-04-05 12:00:00+00:00,2041.75,2041.75,2021.61,2027.96,4722.76175
2026-04-05 13:00:00+00:00,2027.96,2037.7,2025.25,2036.42,3693.19334
2026-04-05 14:00:00+00:00,2036.42,2043.21,2034.76,2038.37,1970.32214
2026-04-05 15:00:00+00:00,2038.37,2069.96,2034.21,2053.89,6771.60288
2026-04-05 16:00:00+00:00,2053.89,2059.43,2050.24,2051.89,1454.71833
2026-04-05 17:00:00+00:00,2051.89,2062.39,2048.26,2062.37,2321.8837
2026-04-05 18:00:00+00:00,2062.37,2067.31,2056.54,2062.92,2718.0263
2026-04-05 19:00:00+00:00,2062.92,2070.0,2057.85,2061.96,2039.27854
2026-04-05 20:00:00+00:00,2061.96,2075.0,2061.57,2068.86,2215.31153
2026-04-05 21:00:00+00:00,2068.86,2069.1,2056.5,2060.06,2020.02272
2026-04-05 22:00:00+00:00,2060.06,2088.08,2049.74,2085.87,6474.84874
2026-04-05 23:00:00+00:00,2085.87,2123.5,2082.33,2110.19,12602.22661
2026-04-06 00:00:00+00:00,2110.19,2135.45,2110.19,2122.12,10800.53721
2026-04-06 01:00:00+00:00,2122.12,2124.82,2112.51,2115.02,5102.6492
2026-04-06 02:00:00+00:00,2115.02,2147.37,2114.49,2133.66,6812.94088
2026-04-06 03:00:00+00:00,2133.66,2137.5,2126.9,2129.48,4444.1451
2026-04-06 04:00:00+00:00,2129.48,2134.98,2125.12,2131.2,5124.75732
2026-04-06 05:00:00+00:00,2131.2,2134.94,2128.53,2131.55,2732.76349
2026-04-06 06:00:00+00:00,2131.55,2139.35,2120.26,2127.57,5224.96008
2026-04-06 07:00:00+00:00,2127.57,2142.4,2122.96,2135.04,8108.97773
2026-04-06 08:00:00+00:00,2135.04,2148.0,2133.52,2138.55,4490.6975
2026-04-06 09:00:00+00:00,2138.55,2174.78,2138.47,2151.29,10521.21886
2026-04-06 10:00:00+00:00,2151.29,2157.83,2148.51,2153.52,3778.73436
2026-04-06 11:00:00+00:00,2153.52,2153.88,2146.7,2151.67,2836.22682
2026-04-06 12:00:00+00:00,2151.67,2154.75,2142.37,2143.63,4870.36738
2026-04-06 13:00:00+00:00,2143.63,2149.5,2137.96,2146.15,4339.81008
2026-04-06 14:00:00+00:00,2146.15,2166.5,2137.73,2156.54,11385.82844
2026-04-06 15:00:00+00:00,2156.54,2169.75,2155.31,2164.7,5588.60641
2026-04-06 16:00:00+00:00,2164.7,2168.57,2140.19,2140.68,5921.19702
2026-04-06 17:00:00+00:00,2140.68,2141.08,2123.27,2134.96,7462.84218
2026-04-06 18:00:00+00:00,2134.96,2149.14,2131.47,2144.75,3698.22722
2026-04-06 19:00:00+00:00,2144.75,2146.23,2135.64,2144.27,4891.65232
2026-04-06 20:00:00+00:00,2144.27,2155.09,2140.23,2148.74,3165.71304
2026-04-06 21:00:00+00:00,2148.74,2148.75,2137.32,2139.32,2233.94011
2026-04-06 22:00:00+00:00,2139.32,2140.93,2105.16,2105.24,8302.74505
2026-04-06 23:00:00+00:00,2105.24,2110.49,2087.77,2106.87,10034.36363
2026-04-07 00:00:00+00:00,2106.87,2120.03,2105.31,2112.42,4370.18675
2026-04-07 01:00:00+00:00,2112.42,2120.14,2097.5,2099.4,4206.70466
2026-04-07 02:00:00+00:00,2099.4,2111.66,2093.13,2106.66,3514.14312
2026-04-07 03:00:00+00:00,2106.66,2110.27,2103.41,2108.23,2339.8475
2026-04-07 04:00:00+00:00,2108.23,2119.14,2103.45,2114.18,1704.30279
2026-04-07 05:00:00+00:00,2114.18,2114.74,2103.39,2105.45,2870.98999
2026-04-07 06:00:00+00:00,2105.45,2106.5,2096.53,2104.06,3652.08501
2026-04-07 07:00:00+00:00,2104.06,2106.28,2098.77,2104.08,3284.79419
2026-04-07 08:00:00+00:00,2104.08,2117.58,2103.36,2114.9,3187.94718
2026-04-07 09:00:00+00:00,2114.9,2134.04,2113.84,2128.48,4065.26096
2026-04-07 10:00:00+00:00,2128.48,2131.76,2085.52,2089.33,7750.38116
2026-04-07 11:00:00+00:00,2089.33,2094.0,2081.8,2089.34,4371.31573
2026-04-07 12:00:00+00:00,2089.34,2093.09,2073.86,2086.84,6875.59063
2026-04-07 13:00:00+00:00,2086.84,2093.34,2074.1,2074.89,6014.37672
2026-04-07 14:00:00+00:00,2074.89,2081.92,2060.14,2069.27,7976.02621
2026-04-07 15:00:00+00:00,2069.27,2083.97,2064.8,2080.23,6798.73978
2026-04-07 16:00:00+00:00,2080.23,2090.38,2077.44,2083.78,4071.90537
2026-04-07 17:00:00+00:00,2083.78,2115.11,2079.66,2099.36,4971.03711
2026-04-07 18:00:00+00:00,2099.36,2101.54,2082.27,2086.37,3521.34109
2026-04-07 19:00:00+00:00,2086.37,2117.37,2084.36,2113.36,7412.71891
2026-04-07 20:00:00+00:00,2113.36,2125.72,2110.8,2115.73,5727.04975
2026-04-07 21:00:00+00:00,2115.73,2153.32,2115.69,2145.25,9414.27002
2026-04-07 22:00:00+00:00,2145.25,2220.24,2145.25,2220.24,23944.83607
2026-04-07 23:00:00+00:00,2220.24,2273.7,2215.75,2240.1,25611.05998
2026-04-08 00:00:00+00:00,2240.1,2251.12,2227.55,2236.22,13984.61472
2026-04-08 01:00:00+00:00,2236.22,2243.0,2230.56,2234.26,6420.75633
2026-04-08 02:00:00+00:00,2234.26,2247.44,2230.79,2237.3,7246.01884
2026-04-08 03:00:00+00:00,2237.3,2239.79,2231.89,2234.64,3166.2832
2026-04-08 04:00:00+00:00,2234.64,2252.8,2234.64,2240.57,5740.9761
2026-04-08 05:00:00+00:00,2240.57,2245.71,2238.29,2240.72,3440.24613
2026-04-08 06:00:00+00:00,2240.72,2254.32,2235.45,2246.02,4826.25264
2026-04-08 07:00:00+00:00,2246.02,2260.87,2244.6,2253.72,9304.18334
2026-04-08 08:00:00+00:00,2253.72,2259.31,2250.06,2256.67,4125.1563
2026-04-08 09:00:00+00:00,2256.67,2263.47,2246.3,2249.8,3896.47401
2026-04-08 10:00:00+00:00,2249.8,2254.0,2241.76,2242.7,3177.54677
2026-04-08 11:00:00+00:00,2242.7,2254.85,2237.57,2247.49,4539.06315
2026-04-08 12:00:00+00:00,2247.49,2259.65,2242.49,2255.97,5367.58016
2026-04-08 13:00:00+00:00,2255.97,2270.93,2231.8,2235.99,15383.88073
2026-04-08 14:00:00+00:00,2235.99,2241.17,2186.6,2195.43,17611.43095
2026-04-08 15:00:00+00:00,2195.43,2218.09,2193.24,2215.58,7569.0408
2026-04-08 16:00:00+00:00,2215.58,2225.31,2211.29,2220.99,4346.43142
2026-04-08 17:00:00+00:00,2220.99,2239.48,2213.29,2231.93,6043.02932
2026-04-08 18:00:00+00:00,2231.93,2232.7,2199.35,2201.36,6406.12516
2026-04-08 19:00:00+00:00,2201.36,2212.16,2197.68,2211.32,5464.97076
2026-04-08 20:00:00+00:00,2211.32,2217.03,2205.81,2209.95,2349.7813
2026-04-08 21:00:00+00:00,2209.95,2222.93,2207.94,2215.18,2687.304
2026-04-08 22:00:00+00:00,2215.18,2215.64,2187.25,2190.0,3006.97871
2026-04-08 23:00:00+00:00,2190.0,2194.04,2179.45,2189.89,3202.00003
2026-04-09 00:00:00+00:00,2189.89,2193.82,2179.03,2182.88,3221.96682
2026-04-09 01:00:00+00:00,2182.88,2185.27,2161.8,2179.12,5634.45877
2026-04-09 02:00:00+00:00,2179.12,2185.61,2174.07,2181.6,2614.2714
2026-04-09 03:00:00+00:00,2181.6,2184.12,2175.66,2182.65,1144.41165
2026-04-09 04:00:00+00:00,2182.65,2182.71,2176.46,2178.09,1249.71942
2026-04-09 05:00:00+00:00,2178.09,2189.41,2175.63,2182.36,2208.0211
2026-04-09 06:00:00+00:00,2182.36,2186.28,2175.62,2181.5,1445.19301
2026-04-09 07:00:00+00:00,2181.5,2185.97,2180.0,2181.48,3250.23824
2026-04-09 08:00:00+00:00,2181.48,2191.43,2176.54,2186.2,2275.95433
2026-04-09 09:00:00+00:00,2186.2,2197.94,2179.61,2194.25,2921.69392
2026-04-09 10:00:00+00:00,2194.25,2197.1,2188.2,2190.86,2029.78428
2026-04-09 11:00:00+00:00,2190.86,2193.23,2178.4,2179.94,2453.51366
2026-04-09 12:00:00+00:00,2179.94,2187.74,2174.21,2183.34,3580.31433
2026-04-09 13:00:00+00:00,2183.34,2186.55,2158.91,2165.23,7044.8502
2026-04-09 14:00:00+00:00,2165.23,2182.33,2157.05,2177.74,5879.48033
2026-04-09 15:00:00+00:00,2177.74,2225.14,2169.62,2218.14,12019.00921
2026-04-09 16:00:00+00:00,2218.14,2229.93,2193.17,2208.22,9572.11565
2026-04-09 17:00:00+00:00,2208.22,2225.72,2206.46,2223.0,6332.17582
2026-04-09 18:00:00+00:00,2223.0,2223.92,2200.94,2207.06,5132.89016
2026-04-09 19:00:00+00:00,2207.06,2224.74,2204.29,2216.41,6273.1081
2026-04-09 20:00:00+00:00,2216.41,2222.31,2210.79,2213.28,2419.0551
2026-04-09 21:00:00+00:00,2213.28,2226.87,2207.89,2210.85,3274.27173
2026-04-09 22:00:00+00:00,2210.85,2246.4,2197.56,2197.93,7070.71976
2026-04-09 23:00:00+00:00,2197.93,2201.4,2183.22,2190.23,3852.39767
2026-04-10 00:00:00+00:00,2190.23,2197.46,2181.92,2195.09,4445.58733
2026-04-10 01:00:00+00:00,2195.09,2205.0,2176.0,2194.68,4990.2127
2026-04-10 02:00:00+00:00,2194.68,2198.82,2186.9,2189.1,1849.80015
2026-04-10 03:00:00+00:00,2189.1,2192.43,2182.66,2186.16,1904.14951
2026-04-10 04:00:00+00:00,2186.16,2199.53,2185.97,2195.72,2004.9657
2026-04-10 05:00:00+00:00,2195.72,2203.59,2192.59,2197.1,2866.84286
2026-04-10 06:00:00+00:00,2197.1,2198.69,2183.85,2186.41,2288.79122
2026-04-10 07:00:00+00:00,2186.41,2188.77,2176.31,2179.56,2225.97903
2026-04-10 08:00:00+00:00,2179.56,2190.33,2177.15,2185.83,3688.9899
2026-04-10 09:00:00+00:00,2185.83,2197.91,2185.75,2196.31,4474.92186
2026-04-10 10:00:00+00:00,2196.31,2198.47,2190.51,2197.29,2090.68772
2026-04-10 11:00:00+00:00,2197.29,2224.39,2197.07,2215.88,7510.52266
2026-04-10 12:00:00+00:00,2215.88,2228.91,2208.25,2218.94,8191.95966
2026-04-10 13:00:00+00:00,2218.94,2225.6,2208.41,2223.05,5095.62404
2026-04-10 14:00:00+00:00,2223.05,2253.47,2220.65,2242.6,12660.29554
2026-04-10 15:00:00+00:00,2242.6,2258.21,2220.41,2224.32,8130.02513
2026-04-10 16:00:00+00:00,2224.32,2247.68,2221.24,2245.36,6382.57212
2026-04-10 17:00:00+00:00,2245.36,2249.52,2239.1,2248.63,3174.40122
2026-04-10 18:00:00+00:00,2248.63,2252.46,2239.01,2249.47,2626.88352
2026-04-10 19:00:00+00:00,2249.47,2256.21,2243.51,2253.34,3120.70134
2026-04-10 20:00:00+00:00,2253.34,2258.5,2243.09,2255.66,3293.67375
2026-04-10 21:00:00+00:00,2255.66,2256.18,2241.9,2255.03,2513.61278
2026-04-10 22:00:00+00:00,2255.03,2255.61,2235.06,2242.56,2704.17004
2026-04-10 23:00:00+00:00,2242.56,2245.96,2239.25,2245.28,1741.06498
2026-04-11 00:00:00+00:00,2245.28,2245.28,2235.79,2238.97,1310.0941
2026-04-11 01:00:00+00:00,2238.97,2246.93,2234.92,2244.7,2063.20483
2026-04-11 02:00:00+00:00,2244.7,2252.55,2242.36,2248.34,1528.50985
2026-04-11 03:00:00+00:00,2248.34,2251.2,2235.9,2237.48,2350.42862
2026-04-11 04:00:00+00:00,2237.48,2243.21,2235.64,2241.2,1378.04946
2026-04-11 05:00:00+00:00,2241.2,2242.12,2229.02,2233.05,1834.7419
2026-04-11 06:00:00+00:00,2233.05,2237.13,2229.76,2236.16,1511.39596
2026-04-11 07:00:00+00:00,2236.16,2236.9,2231.13,2233.07,1049.49885
2026-04-11 08:00:00+00:00,2233.07,2235.94,2231.37,2233.0,1761.25021
2026-04-11 09:00:00+00:00,2233.0,2249.4,2232.44,2243.8,2899.3937
2026-04-11 10:00:00+00:00,2243.8,2245.35,2237.83,2240.72,1708.41247
2026-04-11 11:00:00+00:00,2240.72,2247.15,2238.84,2246.32,2064.94762
2026-04-11 12:00:00+00:00,2246.32,2247.05,2241.4,2245.64,1878.5328
2026-04-11 13:00:00+00:00,2245.64,2245.64,2233.7,2239.81,3030.55013
2026-04-11 14:00:00+00:00,2239.81,2244.4,2238.37,2242.24,1420.17804
2026-04-11 15:00:00+00:00,2242.24,2256.76,2241.45,2249.75,2032.6971
2026-04-11 16:00:00+00:00,2249.75,2274.13,2246.69,2258.96,3224.36082
2026-04-11 17:00:00+00:00,2258.96,2265.5,2253.72,2259.86,1827.16808
2026-04-11 18:00:00+00:00,2259.86,2313.7,2257.2,2305.11,10555.29575
2026-04-11 19:00:00+00:00,2305.11,2329.62,2305.11,2315.92,7090.07228
2026-04-11 20:00:00+00:00,2315.92,2317.15,2288.29,2298.29,4543.99605
2026-04-11 21:00:00+00:00,2298.29,2304.26,2292.23,2299.5,2489.76842
2026-04-11 22:00:00+00:00,2299.5,2308.23,2289.05,2296.86,3207.51851
2026-04-11 23:00:00+00:00,2296.86,2296.86,2276.53,2284.98,2940.61769
2026-04-12 00:00:00+00:00,2284.98,2288.55,2276.84,2285.64,2799.23136
2026-04-12 01:00:00+00:00,2285.64,2288.59,2209.13,2218.85,13608.02149
2026-04-12 02:00:00+00:00,2218.85,2234.89,2206.9,2223.6,4266.13327
2026-04-12 03:00:00+00:00,2223.6,2227.29,2212.66,2213.85,2693.68036
2026-04-12 04:00:00+00:00,2213.85,2216.53,2209.48,2212.15,3873.71977
2026-04-12 05:00:00+00:00,2212.15,2219.88,2208.24,2217.12,1946.63436
2026-04-12 06:00:00+00:00,2217.12,2220.82,2214.55,2215.87,1321.28434
2026-04-12 07:00:00+00:00,2215.87,2220.62,2212.5,2218.07,2781.69206
2026-04-12 08:00:00+00:00,2218.07,2219.56,2211.77,2213.97,2294.56368
2026-04-12 09:00:00+00:00,2213.97,2216.12,2211.18,2214.12,1399.22008
2026-04-12 10:00:00+00:00,2214.12,2217.35,2194.05,2201.53,5237.74057
2026-04-12 11:00:00+00:00,2201.53,2207.35,2197.03,2204.34,1988.79215
2026-04-12 12:00:00+00:00,2204.34,2208.1,2188.59,2194.46,4120.15439
2026-04-12 13:00:00+00:00,2194.46,2198.94,2184.36,2186.84,5408.74378
2026-04-12 14:00:00+00:00,2186.84,2193.6,2178.33,2180.7,5583.12556
2026-04-12 15:00:00+00:00,2180.7,2188.85,2174.91,2186.29,4454.78344
2026-04-12 16:00:00+00:00,2186.29,2190.2,2182.71,2187.1,2776.49602
2026-04-12 17:00:00+00:00,2187.1,2205.0,2187.1,2203.28,4398.85091
2026-04-12 18:00:00+00:00,2203.28,2207.41,2199.24,2200.36,2736.53503
2026-04-12 19:00:00+00:00,2200.36,2205.08,2197.25,2198.25,1211.23858
2026-04-12 20:00:00+00:00,2198.25,2218.37,2193.21,2213.31,3512.18485
2026-04-12 21:00:00+00:00,2213.31,2217.91,2204.71,2210.91,1528.4854
2026-04-12 22:00:00+00:00,2210.91,2211.91,2183.26,2199.39,4741.32006
2026-04-12 23:00:00+00:00,2199.39,2199.39,2186.01,2191.59,1797.42446
2026-04-13 00:00:00+00:00,2191.59,2208.24,2187.07,2205.08,2779.96686
2026-04-13 01:00:00+00:00,2205.08,2208.84,2200.26,2203.43,1929.07767
2026-04-13 02:00:00+00:00,2203.43,2205.66,2192.34,2194.12,2344.26918
2026-04-13 03:00:00+00:00,2194.12,2196.21,2190.08,2194.26,1571.80968
2026-04-13 04:00:00+00:00,2194.26,2199.38,2187.53,2190.28,1753.22471
2026-04-13 05:00:00+00:00,2190.28,2191.49,2182.01,2191.32,2247.22997
2026-04-13 06:00:00+00:00,2191.32,2201.76,2190.71,2198.48,3657.02136
2026-04-13 07:00:00+00:00,2198.48,2200.18,2183.01,2186.56,3763.6502
2026-04-13 08:00:00+00:00,2186.56,2189.78,2179.52,2185.31,4650.95107
2026-04-13 09:00:00+00:00,2185.31,2195.56,2185.31,2188.02,1639.83165
2026-04-13 10:00:00+00:00,2188.02,2188.92,2179.0,2183.54,1570.17108
2026-04-13 11:00:00+00:00,2183.54,2191.18,2182.31,2187.35,1740.35056
2026-04-13 12:00:00+00:00,2187.35,2198.92,2175.05,2192.53,5283.02082
2026-04-13 13:00:00+00:00,2192.53,2215.43,2181.2,2215.19,8772.28769
2026-04-13 14:00:00+00:00,2215.19,2235.19,2203.11,2233.93,10605.74359
2026-04-13 15:00:00+00:00,2233.93,2236.54,2198.75,2209.17,5729.00874
2026-04-13 16:00:00+00:00,2209.17,2234.77,2199.8,2225.78,6655.92674
2026-04-13 17:00:00+00:00,2225.78,2242.83,2222.4,2225.06,4275.99308
2026-04-13 18:00:00+00:00,2225.06,2233.95,2218.45,2232.37,2843.22185
2026-04-13 19:00:00+00:00,2232.37,2269.36,2227.99,2262.15,11513.37886
2026-04-13 20:00:00+00:00,2262.15,2263.5,2247.42,2252.58,5333.92986
2026-04-13 21:00:00+00:00,2252.58,2267.22,2249.7,2259.95,2741.28655
2026-04-13 22:00:00+00:00,2259.95,2363.11,2259.64,2352.8,25326.0318
2026-04-13 23:00:00+00:00,2352.8,2394.23,2341.37,2369.1,18388.38573
2026-04-14 00:00:00+00:00,2369.1,2375.19,2359.69,2361.01,8998.60767
2026-04-14 01:00:00+00:00,2361.01,2373.31,2354.0,2368.62,4964.90808
2026-04-14 02:00:00+00:00,2368.62,2378.74,2366.11,2367.69,6174.3095
2026-04-14 03:00:00+00:00,2367.69,2370.38,2361.83,2365.67,3702.34797
2026-04-14 04:00:00+00:00,2365.67,2368.32,2361.9,2364.45,3442.96712
2026-04-14 05:00:00+00:00,2364.45,2369.34,2354.75,2355.58,5269.09792
2026-04-14 06:00:00+00:00,2355.58,2376.78,2355.58,2373.02,5932.83944
2026-04-14 07:00:00+00:00,2373.02,2390.0,2370.66,2377.75,7266.36959
2026-04-14 08:00:00+00:00,2377.75,2395.88,2372.88,2387.71,8040.34766
2026-04-14 09:00:00+00:00,2387.71,2394.34,2382.66,2387.04,4879.98863
2026-04-14 10:00:00+00:00,2387.04,2387.88,2372.37,2374.85,3350.16976
2026-04-14 11:00:00+00:00,2374.85,2378.34,2367.5,2374.19,3232.87138
2026-04-14 12:00:00+00:00,2374.19,2378.33,2368.72,2373.92,3365.46438
2026-04-14 13:00:00+00:00,2373.92,2396.01,2372.38,2391.58,10411.22644
2026-04-14 14:00:00+00:00,2391.58,2415.55,2352.0,2352.93,18311.46643
2026-04-14 15:00:00+00:00,2352.93,2372.05,2331.61,2364.43,14050.89072
2026-04-14 16:00:00+00:00,2364.43,2371.35,2329.39,2333.82,8961.42588
2026-04-14 17:00:00+00:00,2333.82,2345.25,2323.5,2338.41,7462.65108
2026-04-14 18:00:00+00:00,2338.41,2344.4,2308.85,2313.71,8486.29675
2026-04-14 19:00:00+00:00,2313.71,2322.48,2302.63,2313.18,7727.10518
2026-04-14 20:00:00+00:00,2313.18,2323.03,2308.49,2315.0,3735.48819
2026-04-14 21:00:00+00:00,2315.0,2326.61,2314.65,2323.51,3489.71151
2026-04-14 22:00:00+00:00,2323.51,2332.14,2311.66,2315.02,3875.12847
2026-04-14 23:00:00+00:00,2315.02,2326.77,2314.21,2322.4,3345.9875
2026-04-15 00:00:00+00:00,2322.4,2342.93,2321.57,2333.6,4074.59824
2026-04-15 01:00:00+00:00,2333.6,2342.75,2331.17,2335.64,3381.4675
2026-04-15 02:00:00+00:00,2335.64,2338.14,2317.61,2324.91,2905.89316
2026-04-15 03:00:00+00:00,2324.91,2329.68,2320.42,2328.64,1655.97653
2026-04-15 04:00:00+00:00,2328.64,2334.49,2327.93,2333.1,2273.06425
2026-04-15 05:00:00+00:00,2333.1,2338.36,2313.91,2319.22,4539.14351
2026-04-15 06:00:00+00:00,2319.22,2321.12,2315.03,2317.08,2112.83296
2026-04-15 07:00:00+00:00,2317.08,2323.71,2307.83,2316.4,5378.32052
2026-04-15 08:00:00+00:00,2316.4,2333.14,2313.74,2327.52,5048.82859
2026-04-15 09:00:00+00:00,2327.52,2329.67,2318.56,2319.99,1831.28702
2026-04-15 10:00:00+00:00,2319.99,2328.63,2312.01,2316.71,3226.61654
2026-04-15 11:00:00+00:00,2316.71,2340.16,2316.44,2337.21,3524.27444
2026-04-15 12:00:00+00:00,2337.21,2340.0,2329.65,2332.85,3554.16646
2026-04-15 13:00:00+00:00,2332.85,2334.66,2317.08,2327.09,6295.43474
2026-04-15 14:00:00+00:00,2327.09,2345.75,2321.89,2338.49,5416.14464
2026-04-15 15:00:00+00:00,2338.49,2349.62,2320.73,2331.98,6600.85009
2026-04-15 16:00:00+00:00,2331.98,2349.97,2329.17,2341.63,4773.53602
2026-04-15 17:00:00+00:00,2341.63,2358.8,2339.67,2348.78,4839.36172
2026-04-15 18:00:00+00:00,2348.78,2359.99,2345.94,2358.6,3581.80237
2026-04-15 19:00:00+00:00,2358.6,2386.15,2357.29,2375.28,7514.20183
2026-04-15 20:00:00+00:00,2375.28,2376.7,2354.17,2362.94,3674.35683
2026-04-15 21:00:00+00:00,2362.94,2363.83,2348.88,2361.47,2535.0892
2026-04-15 22:00:00+00:00,2361.47,2380.85,2360.28,2363.73,3881.43703
2026-04-15 23:00:00+00:00,2363.73,2363.81,2349.18,2360.14,3820.8553
2026-04-16 00:00:00+00:00,2360.14,2363.9,2349.8,2360.73,2238.04709
2026-04-16 01:00:00+00:00,2360.73,2360.73,2344.9,2352.2,2106.17738
2026-04-16 02:00:00+00:00,2352.2,2369.55,2349.71,2356.87,3017.40729
2026-04-16 03:00:00+00:00,2356.87,2366.29,2355.83,2357.88,2186.87004
2026-04-16 04:00:00+00:00,2357.88,2364.11,2348.34,2354.16,2609.92093
2026-04-16 05:00:00+00:00,2354.16,2362.12,2350.0,2357.11,2792.83657
2026-04-16 06:00:00+00:00,2357.11,2360.9,2349.75,2356.1,2310.89367
2026-04-16 07:00:00+00:00,2356.1,2357.46,2335.76,2341.63,3762.80121
2026-04-16 08:00:00+00:00,2341.63,2346.07,2334.8,2339.16,4392.24632
2026-04-16 09:00:00+00:00,2339.16,2348.56,2337.64,2338.19,3269.95057
2026-04-16 10:00:00+00:00,2338.19,2340.34,2328.65,2332.43,5160.60123
2026-04-16 11:00:00+00:00,2332.43,2336.3,2329.64,2335.81,2796.25328
2026-04-16 12:00:00+00:00,2335.81,2348.47,2334.91,2340.35,5053.40001
2026-04-16 13:00:00+00:00,2340.35,2352.06,2290.87,2308.39,13592.25229
2026-04-16 14:00:00+00:00,2308.39,2316.1,2284.4,2309.86,20441.98434
2026-04-16 15:00:00+00:00,2309.86,2349.67,2308.19,2338.73,15585.73559
2026-04-16 16:00:00+00:00,2338.73,2348.76,2309.49,2316.49,11303.72027
2026-04-16 17:00:00+00:00,2316.49,2329.23,2309.62,2325.51,8020.50173
2026-04-16 18:00:00+00:00,2325.51,2346.84,2319.83,2343.22,6689.8883
2026-04-16 19:00:00+00:00,2343.22,2362.4,2334.38,2359.54,7843.20267
2026-04-16 20:00:00+00:00,2359.54,2364.99,2341.32,2350.01,5278.56192
2026-04-16 21:00:00+00:00,2350.01,2356.66,2336.27,2341.33,3100.762
2026-04-16 22:00:00+00:00,2341.33,2350.79,2339.19,2342.5,2447.57068
2026-04-16 23:00:00+00:00,2342.5,2354.99,2341.56,2348.07,2057.89494
2026-04-17 00:00:00+00:00,2348.07,2350.86,2340.89,2344.42,2230.10825
2026-04-17 01:00:00+00:00,2344.42,2349.19,2327.04,2335.14,5297.49412
2026-04-17 02:00:00+00:00,2335.14,2338.64,2324.62,2331.67,2380.23174
2026-04-17 03:00:00+00:00,2331.67,2331.83,2323.76,2325.49,2108.40446
2026-04-17 04:00:00+00:00,2325.49,2333.91,2324.12,2328.9,1368.23147
2026-04-17 05:00:00+00:00,2328.9,2329.22,2317.04,2319.27,2925.35439
2026-04-17 06:00:00+00:00,2319.27,2332.48,2317.51,2331.17,3159.2399
2026-04-17 07:00:00+00:00,2331.17,2342.58,2329.95,2334.26,2907.94924
2026-04-17 08:00:00+00:00,2334.26,2359.25,2332.92,2354.73,5427.67177
2026-04-17 09:00:00+00:00,2354.73,2377.83,2348.0,2359.11,7425.41986
2026-04-17 10:00:00+00:00,2359.11,2361.12,2336.37,2343.98,7125.93937
2026-04-17 11:00:00+00:00,2343.98,2356.98,2343.17,2354.87,4056.22587
2026-04-17 12:00:00+00:00,2354.87,2383.01,2349.06,2371.8,8974.93191
2026-04-17 13:00:00+00:00,2371.8,2440.94,2366.75,2437.01,28016.11015
2026-04-17 14:00:00+00:00,2437.01,2457.66,2425.8,2447.17,15885.34512
2026-04-17 15:00:00+00:00,2447.17,2449.54,2432.71,2441.97,10143.15861
2026-04-17 16:00:00+00:00,2441.97,2465.0,2441.18,2451.2,9274.15829
2026-04-17 17:00:00+00:00,2451.2,2452.33,2419.2,2440.54,9253.22379
2026-04-17 18:00:00+00:00,2440.54,2442.71,2415.0,2419.71,9552.07601
2026-04-17 19:00:00+00:00,2419.71,2432.95,2417.05,2427.76,6744.49158
2026-04-17 20:00:00+00:00,2427.76,2435.53,2416.47,2426.36,3795.9689
2026-04-17 21:00:00+00:00,2426.36,2433.4,2418.5,2429.21,2135.32128
2026-04-17 22:00:00+00:00,2429.21,2442.92,2422.54,2433.08,10219.63083
2026-04-17 23:00:00+00:00,2433.08,2433.47,2415.44,2418.96,5086.09379
2026-04-18 00:00:00+00:00,2418.96,2423.44,2409.07,2420.85,4430.3147
2026-04-18 01:00:00+00:00,2420.85,2427.43,2416.75,2420.9,1937.63318
2026-04-18 02:00:00+00:00,2420.9,2424.59,2416.53,2419.25,1769.68552
2026-04-18 03:00:00+00:00,2419.25,2420.0,2399.15,2404.9,4775.92666
2026-04-18 04:00:00+00:00,2404.9,2410.17,2399.14,2407.12,2853.0256
2026-04-18 05:00:00+00:00,2407.12,2413.4,2405.39,2408.56,1624.37133
2026-04-18 06:00:00+00:00,2408.56,2411.68,2405.01,2409.29,1445.58208
2026-04-18 07:00:00+00:00,2409.29,2410.68,2401.3,2403.21,2542.29723
2026-04-18 08:00:00+00:00,2403.21,2404.71,2367.67,2380.68,12013.52866
2026-04-18 09:00:00+00:00,2380.68,2380.68,2369.14,2375.82,4058.86022
2026-04-18 10:00:00+00:00,2375.82,2375.93,2354.24,2358.97,6469.8088
2026-04-18 11:00:00+00:00,2358.97,2360.33,2343.46,2352.83,6278.9154
2026-04-18 12:00:00+00:00,2352.83,2362.72,2349.44,2357.84,4186.27436
2026-04-18 13:00:00+00:00,2357.84,2360.12,2345.0,2355.24,4036.48225
2026-04-18 14:00:00+00:00,2355.24,2365.63,2349.0,2364.73,6194.26544
2026-04-18 15:00:00+00:00,2364.73,2369.37,2358.04,2363.17,4759.8861
2026-04-18 16:00:00+00:00,2363.17,2375.0,2354.31,2360.28,6761.8887
2026-04-18 17:00:00+00:00,2360.28,2364.59,2352.83,2361.16,3169.89926
2026-04-18 18:00:00+00:00,2361.16,2363.42,2338.58,2346.91,8415.54613
2026-04-18 19:00:00+00:00,2346.91,2355.45,2345.97,2348.05,3992.96216
2026-04-18 20:00:00+00:00,2348.05,2354.58,2344.33,2352.24,2493.33992
2026-04-18 21:00:00+00:00,2352.24,2355.12,2347.12,2355.12,1779.08422
2026-04-18 22:00:00+00:00,2355.12,2359.3,2348.48,2356.31,2747.24576
2026-04-18 23:00:00+00:00,2356.31,2361.68,2349.39,2350.37,2143.47476
2026-04-19 00:00:00+00:00,2350.37,2355.19,2344.2,2349.0,2030.97135
2026-04-19 01:00:00+00:00,2349.0,2352.98,2341.29,2347.41,3294.69124
2026-04-19 02:00:00+00:00,2347.41,2349.09,2332.96,2338.01,4642.14663
2026-04-19 03:00:00+00:00,2338.01,2346.2,2331.64,2339.72,2528.98436
2026-04-19 04:00:00+00:00,2339.72,2345.96,2321.1,2333.11,5837.82513
2026-04-19 05:00:00+00:00,2333.11,2338.55,2328.79,2332.43,2704.5473
2026-04-19 06:00:00+00:00,2332.43,2332.99,2321.28,2327.13,5828.91765
2026-04-19 07:00:00+00:00,2327.13,2327.16,2297.0,2315.65,16707.34969
2026-04-19 08:00:00+00:00,2315.65,2320.8,2310.92,2318.43,3277.56089
2026-04-19 09:00:00+00:00,2318.43,2319.32,2306.01,2309.97,4565.83743
2026-04-19 10:00:00+00:00,2309.97,2320.04,2306.26,2317.97,2686.07762
2026-04-19 11:00:00+00:00,2317.97,2331.32,2317.27,2329.07,4187.13091
2026-04-19 12:00:00+00:00,2329.07,2336.91,2324.24,2331.14,7273.07547
2026-04-19 13:00:00+00:00,2331.14,2349.85,2330.29,2338.51,8401.18575
2026-04-19 14:00:00+00:00,2338.51,2343.28,2326.95,2337.74,7482.81033
2026-04-19 15:00:00+00:00,2337.74,2341.41,2315.14,2330.6,10070.00765
2026-04-19 16:00:00+00:00,2330.6,2331.31,2303.62,2311.58,13729.13585
2026-04-19 17:00:00+00:00,2311.58,2317.38,2293.67,2296.26,12628.48202
2026-04-19 18:00:00+00:00,2296.26,2301.75,2287.45,2295.94,10340.89906
2026-04-19 19:00:00+00:00,2295.94,2305.09,2294.07,2299.64,6888.36487
2026-04-19 20:00:00+00:00,2299.64,2300.17,2272.84,2280.26,12092.86045
2026-04-19 21:00:00+00:00,2280.26,2290.37,2274.41,2275.72,8598.78329
2026-04-19 22:00:00+00:00,2275.72,2275.96,2251.46,2269.88,15230.21974
2026-04-19 23:00:00+00:00,2269.88,2270.66,2256.3,2263.35,8595.59532
2026-04-20 00:00:00+00:00,2263.35,2283.33,2259.43,2279.91,10606.38849
2026-04-20 01:00:00+00:00,2279.91,2294.24,2278.24,2286.32,7537.14928
2026-04-20 02:00:00+00:00,2286.32,2287.68,2272.01,2277.71,5447.00771
2026-04-20 03:00:00+00:00,2277.71,2289.24,2276.01,2286.52,4890.07971
2026-04-20 04:00:00+00:00,2286.52,2286.52,2278.52,2283.41,4047.30738
2026-04-20 05:00:00+00:00,2283.41,2283.41,2263.13,2270.28,3859.25284
2026-04-20 06:00:00+00:00,2270.28,2289.39,2268.64,2286.28,4799.00505
2026-04-20 07:00:00+00:00,2286.28,2332.59,2282.95,2298.09,16905.27842
2026-04-20 08:00:00+00:00,2298.09,2308.0,2289.5,2294.02,9479.02156
2026-04-20 09:00:00+00:00,2294.02,2313.61,2292.98,2308.91,5739.68856
2026-04-20 10:00:00+00:00,2308.91,2320.0,2302.71,2303.25,6555.42361
2026-04-20 11:00:00+00:00,2303.25,2312.4,2299.49,2308.01,4707.47226
2026-04-20 12:00:00+00:00,2308.01,2323.47,2304.13,2318.73,7089.32122
2026-04-20 13:00:00+00:00,2318.73,2326.61,2301.23,2310.8,13645.93561
2026-04-20 14:00:00+00:00,2310.8,2322.45,2282.49,2290.84,15742.16468
2026-04-20 15:00:00+00:00,2290.84,2319.31,2278.29,2314.02,13124.21864
2026-04-20 16:00:00+00:00,2314.02,2314.91,2298.42,2300.0,5741.70259
2026-04-20 17:00:00+00:00,2300.0,2322.57,2297.47,2317.35,9989.6533
2026-04-20 18:00:00+00:00,2317.35,2344.16,2317.35,2334.21,16886.38096
2026-04-20 19:00:00+00:00,2334.21,2336.02,2326.52,2332.02,7316.81128
2026-04-20 20:00:00+00:00,2332.02,2340.08,2325.32,2337.3,9905.76074
2026-04-20 21:00:00+00:00,2337.3,2346.74,2314.94,2321.55,11973.07274
2026-04-20 22:00:00+00:00,2321.55,2328.49,2316.52,2319.34,4793.90601
2026-04-20 23:00:00+00:00,2319.34,2319.45,2306.73,2313.68,9648.5749
2026-04-21 00:00:00+00:00,2313.68,2324.77,2311.5,2321.92,5810.15024
2026-04-21 01:00:00+00:00,2321.92,2326.65,2311.99,2314.7,5126.11549
2026-04-21 02:00:00+00:00,2314.7,2315.76,2306.21,2308.1,4734.93985
2026-04-21 03:00:00+00:00,2308.1,2312.87,2299.88,2311.2,5632.93258
2026-04-21 04:00:00+00:00,2311.2,2315.76,2304.05,2314.34,4488.01118
2026-04-21 05:00:00+00:00,2314.34,2320.8,2312.46,2314.04,3251.35889
2026-04-21 06:00:00+00:00,2314.04,2327.44,2307.74,2317.24,3910.49411
2026-04-21 07:00:00+00:00,2317.24,2324.86,2311.31,2318.15,4212.7316
2026-04-21 08:00:00+00:00,2318.15,2338.99,2313.62,2323.16,6719.42988
2026-04-21 09:00:00+00:00,2323.16,2327.4,2317.77,2325.32,3424.42027
2026-04-21 10:00:00+00:00,2325.32,2337.18,2324.86,2330.93,3945.81683
2026-04-21 11:00:00+00:00,2330.93,2331.25,2315.44,2319.98,6098.37102
2026-04-21 12:00:00+00:00,2319.98,2324.68,2294.06,2308.3,9199.4902
2026-04-21 13:00:00+00:00,2308.3,2317.1,2300.39,2312.55,8207.49959
2026-04-21 14:00:00+00:00,2312.55,2328.0,2295.15,2299.03,9701.81837
2026-04-21 15:00:00+00:00,2299.03,2310.95,2289.73,2310.38,6887.97388
2026-04-21 16:00:00+00:00,2310.38,2324.6,2306.33,2307.36,6444.41078
2026-04-21 17:00:00+00:00,2307.36,2320.46,2283.38,2306.17,11732.1769
2026-04-21 18:00:00+00:00,2306.17,2313.33,2299.74,2312.7,4905.31556
2026-04-21 19:00:00+00:00,2312.7,2332.58,2287.05,2298.68,13187.79276
2026-04-21 20:00:00+00:00,2298.68,2326.13,2295.89,2314.51,11979.97718
2026-04-21 21:00:00+00:00,2314.51,2318.19,2309.76,2312.5,1452.52341
2026-04-21 22:00:00+00:00,2312.5,2316.94,2301.67,2311.35,3395.53209
2026-04-21 23:00:00+00:00,2311.35,2330.0,2310.98,2327.34,3332.45966
2026-04-22 00:00:00+00:00,2327.34,2330.81,2322.35,2325.46,3610.56917
2026-04-22 01:00:00+00:00,2325.46,2328.77,2312.85,2322.52,2523.06334
2026-04-22 02:00:00+00:00,2322.52,2375.26,2319.85,2370.49,16848.99739
2026-04-22 03:00:00+00:00,2370.49,2379.64,2358.11,2363.53,10265.04
2026-04-22 04:00:00+00:00,2363.53,2369.39,2358.1,2363.76,4421.62413
2026-04-22 05:00:00+00:00,2363.76,2412.81,2361.63,2396.23,20854.69525
2026-04-22 06:00:00+00:00,2396.23,2396.6,2389.08,2392.97,5321.65826
2026-04-22 07:00:00+00:00,2392.97,2397.32,2383.36,2389.86,6639.42602
2026-04-22 08:00:00+00:00,2389.86,2393.6,2382.88,2388.1,4976.04456
2026-04-22 09:00:00+00:00,2388.1,2394.16,2384.6,2387.34,3974.49155
2026-04-22 10:00:00+00:00,2387.34,2393.67,2384.89,2389.98,2654.697
2026-04-22 11:00:00+00:00,2389.98,2400.5,2386.35,2398.57,4849.59551
2026-04-22 12:00:00+00:00,2398.57,2407.16,2396.01,2404.88,8350.4911
2026-04-22 13:00:00+00:00,2404.88,2423.22,2401.14,2417.29,13579.76052
2026-04-22 14:00:00+00:00,2417.29,2423.74,2391.8,2402.85,12532.91457
2026-04-22 15:00:00+00:00,2402.85,2413.89,2390.15,2403.76,10163.44047
2026-04-22 16:00:00+00:00,2403.76,2413.69,2384.01,2386.01,9033.86337
2026-04-22 17:00:00+00:00,2386.01,2402.71,2386.01,2398.94,6328.16411
2026-04-22 18:00:00+00:00,2398.94,2404.68,2394.73,2396.9,4864.60961
2026-04-22 19:00:00+00:00,2396.9,2407.07,2388.63,2397.34,6632.19679
2026-04-22 20:00:00+00:00,2397.34,2402.29,2390.28,2391.66,3875.74615
2026-04-22 21:00:00+00:00,2391.66,2405.87,2391.07,2402.47,2637.14638
2026-04-22 22:00:00+00:00,2402.47,2405.15,2393.9,2399.9,2401.53252
2026-04-22 23:00:00+00:00,2399.9,2400.46,2373.84,2374.12,5162.66474
2026-04-23 00:00:00+00:00,2374.12,2382.49,2343.01,2372.68,12518.79957
2026-04-23 01:00:00+00:00,2372.68,2372.95,2360.41,2366.72,4346.96809
2026-04-23 02:00:00+00:00,2366.72,2366.79,2343.6,2351.84,8901.70789
2026-04-23 03:00:00+00:00,2351.84,2353.54,2331.29,2340.76,8369.00851
2026-04-23 04:00:00+00:00,2340.76,2348.7,2336.96,2347.56,4262.52181
2026-04-23 05:00:00+00:00,2347.56,2353.06,2340.31,2349.04,4691.16349
2026-04-23 06:00:00+00:00,2349.04,2360.0,2349.04,2354.94,4863.43597
2026-04-23 07:00:00+00:00,2354.94,2357.21,2340.78,2344.52,4503.32125
2026-04-23 08:00:00+00:00,2344.52,2345.32,2335.0,2340.03,4650.41885
2026-04-23 09:00:00+00:00,2340.03,2340.03,2314.58,2316.48,8356.51124
2026-04-23 10:00:00+00:00,2316.48,2319.47,2305.96,2314.47,5767.10694
2026-04-23 11:00:00+00:00,2314.47,2332.27,2314.47,2329.17,3939.89105
2026-04-23 12:00:00+00:00,2329.17,2335.76,2320.0,2329.12,5867.64779
2026-04-23 13:00:00+00:00,2329.12,2332.64,2315.16,2319.55,6407.56578
2026-04-23 14:00:00+00:00,2319.55,2335.14,2316.06,2334.25,6142.88167
2026-04-23 15:00:00+00:00,2334.25,2343.87,2323.81,2333.48,7355.82779
2026-04-23 16:00:00+00:00,2333.48,2335.79,2323.09,2326.18,3815.72842
2026-04-23 17:00:00+00:00,2326.18,2329.31,2284.86,2310.3,19576.76264
2026-04-23 18:00:00+00:00,2310.3,2319.36,2303.69,2305.13,6676.5258
2026-04-23 19:00:00+00:00,2305.13,2319.36,2300.46,2313.22,5246.20111
2026-04-23 20:00:00+00:00,2313.22,2329.58,2312.8,2325.32,6053.18413
2026-04-23 21:00:00+00:00,2325.32,2328.88,2320.57,2321.23,2491.03474
2026-04-23 22:00:00+00:00,2321.23,2338.99,2321.23,2331.88,3458.67257
2026-04-23 23:00:00+00:00,2331.88,2333.32,2323.85,2330.34,2224.91267
2026-04-24 00:00:00+00:00,2330.34,2337.69,2326.97,2332.58,3586.65498
2026-04-24 01:00:00+00:00,2332.58,2334.38,2318.4,2332.9,3341.89804
2026-04-24 02:00:00+00:00,2332.9,2335.62,2315.13,2319.73,3402.80721
2026-04-24 03:00:00+00:00,2319.73,2323.03,2301.0,2308.59,5520.75711
2026-04-24 04:00:00+00:00,2308.59,2311.92,2300.0,2306.21,3605.79739
2026-04-24 05:00:00+00:00,2306.21,2317.62,2300.1,2315.06,4381.04799
2026-04-24 06:00:00+00:00,2315.06,2317.1,2308.25,2309.13,3354.39803
2026-04-24 07:00:00+00:00,2309.13,2316.47,2308.16,2311.61,5461.35779
2026-04-24 08:00:00+00:00,2311.61,2322.87,2307.25,2315.01,4415.12358
2026-04-24 09:00:00+00:00,2315.01,2315.8,2303.4,2310.06,4330.82819
2026-04-24 10:00:00+00:00,2310.06,2319.29,2305.69,2315.85,2639.94681
2026-04-24 11:00:00+00:00,2315.85,2332.45,2315.85,2328.2,6788.09675
2026-04-24 12:00:00+00:00,2328.2,2331.97,2318.21,2325.36,4264.99738
2026-04-24 13:00:00+00:00,2325.36,2332.71,2310.81,2317.28,6688.18678
2026-04-24 14:00:00+00:00,2317.28,2318.49,2303.84,2313.52,8408.09583
2026-04-24 15:00:00+00:00,2313.52,2330.05,2301.5,2323.9,6350.96658
2026-04-24 16:00:00+00:00,2323.9,2324.45,2310.01,2316.55,3527.16671
2026-04-24 17:00:00+00:00,2316.55,2322.25,2308.46,2319.72,4489.81033
2026-04-24 18:00:00+00:00,2319.72,2321.43,2309.6,2320.0,3269.79175
2026-04-24 19:00:00+00:00,2320.0,2325.15,2319.06,2321.54,3058.48737
2026-04-24 20:00:00+00:00,2321.54,2328.36,2312.63,2326.51,4473.83784
2026-04-24 21:00:00+00:00,2326.51,2327.62,2312.14,2315.2,3630.73508
2026-04-24 22:00:00+00:00,2315.2,2316.32,2307.5,2312.16,2491.16777
2026-04-24 23:00:00+00:00,2312.16,2316.39,2312.16,2315.18,1038.08918
2026-04-25 00:00:00+00:00,2315.18,2316.32,2311.33,2316.06,965.75554
2026-04-25 01:00:00+00:00,2316.06,2321.33,2315.53,2318.08,1202.68661
2026-04-25 02:00:00+00:00,2318.08,2319.49,2314.61,2317.58,1093.66705
2026-04-25 03:00:00+00:00,2317.58,2320.81,2315.53,2318.81,1001.84957
2026-04-25 04:00:00+00:00,2318.81,2319.46,2316.33,2316.95,966.07997
2026-04-25 05:00:00+00:00,2316.95,2316.95,2313.49,2316.25,738.96966
2026-04-25 06:00:00+00:00,2316.25,2317.94,2314.82,2316.13,1182.38032
2026-04-25 07:00:00+00:00,2316.13,2319.1,2314.41,2316.47,1003.27447
2026-04-25 08:00:00+00:00,2316.47,2321.1,2316.14,2319.62,683.82001
2026-04-25 09:00:00+00:00,2319.62,2323.24,2317.05,2319.19,2729.89062
2026-04-25 10:00:00+00:00,2319.19,2323.0,2318.73,2320.48,1397.38816
2026-04-25 11:00:00+00:00,2320.48,2320.49,2311.36,2314.01,1679.47569
2026-04-25 12:00:00+00:00,2314.01,2317.27,2311.74,2313.58,1493.63183
2026-04-25 13:00:00+00:00,2313.58,2318.08,2313.58,2316.36,1099.4811
2026-04-25 14:00:00+00:00,2316.36,2318.99,2314.98,2316.05,2529.06262
2026-04-25 15:00:00+00:00,2316.05,2318.55,2302.94,2308.17,3517.58389
2026-04-25 16:00:00+00:00,2308.17,2311.1,2300.52,2309.67,5487.47469
2026-04-25 17:00:00+00:00,2309.67,2313.35,2307.2,2309.27,2336.86528
2026-04-25 18:00:00+00:00,2309.27,2313.99,2308.29,2311.57,1971.70582
2026-04-25 19:00:00+00:00,2311.57,2312.47,2307.0,2309.92,1675.41117
2026-04-25 20:00:00+00:00,2309.92,2313.15,2308.87,2312.96,1058.17722
2026-04-25 21:00:00+00:00,2312.96,2317.4,2312.71,2315.84,1795.60837
2026-04-25 22:00:00+00:00,2315.84,2320.58,2314.85,2317.89,1471.00225
2026-04-25 23:00:00+00:00,2317.89,2319.81,2316.85,2319.61,1474.05664
2026-04-26 00:00:00+00:00,2319.61,2319.99,2311.75,2315.33,2048.23295
2026-04-26 01:00:00+00:00,2315.33,2318.18,2313.43,2314.03,1521.2553
2026-04-26 02:00:00+00:00,2314.03,2318.63,2313.68,2315.37,988.55527
2026-04-26 03:00:00+00:00,2315.37,2316.72,2306.65,2310.05,1606.26945
2026-04-26 04:00:00+00:00,2310.05,2320.12,2309.13,2317.84,1640.93093
2026-04-26 05:00:00+00:00,2317.84,2336.32,2317.5,2327.87,6921.92746
2026-04-26 06:00:00+00:00,2327.87,2333.61,2327.48,2330.14,2013.74685
2026-04-26 07:00:00+00:00,2330.14,2332.65,2328.3,2331.37,1186.26759
2026-04-26 08:00:00+00:00,2331.37,2337.84,2330.43,2332.49,2457.9822
2026-04-26 09:00:00+00:00,2332.49,2335.96,2329.24,2334.61,2303.87014
2026-04-26 10:00:00+00:00,2334.61,2336.56,2331.74,2332.81,1216.53262
2026-04-26 11:00:00+00:00,2332.81,2337.5,2332.67,2336.13,2500.16234
2026-04-26 12:00:00+00:00,2336.13,2336.35,2325.05,2328.99,3353.88079
2026-04-26 13:00:00+00:00,2328.99,2335.93,2328.13,2335.2,2211.59873
2026-04-26 14:00:00+00:00,2335.2,2352.67,2333.48,2346.35,6596.10418
2026-04-26 15:00:00+00:00,2346.35,2349.05,2344.3,2348.56,2573.0059
2026-04-26 16:00:00+00:00,2348.56,2349.84,2342.59,2342.93,3147.82924
2026-04-26 17:00:00+00:00,2342.93,2350.39,2340.55,2349.7,1976.98942
2026-04-26 18:00:00+00:00,2349.7,2369.27,2347.61,2362.14,6357.78942
2026-04-26 19:00:00+00:00,2362.14,2376.4,2359.78,2367.7,5188.63425
2026-04-26 20:00:00+00:00,2367.7,2372.83,2360.59,2362.54,3086.96572
2026-04-26 21:00:00+00:00,2362.54,2370.8,2348.49,2364.49,5742.89442
2026-04-26 22:00:00+00:00,2364.49,2380.33,2353.42,2361.76,5936.81804
2026-04-26 23:00:00+00:00,2361.76,2378.99,2356.84,2369.7,5467.21282
2026-04-27 00:00:00+00:00,2369.7,2392.17,2358.2,2390.56,8386.10542
2026-04-27 01:00:00+00:00,2390.56,2404.6,2377.59,2394.71,11174.44638
2026-04-27 02:00:00+00:00,2394.71,2397.25,2387.47,2392.47,3213.51353
2026-04-27 03:00:00+00:00,2392.47,2400.76,2390.55,2394.81,3688.57987
2026-04-27 04:00:00+00:00,2394.81,2396.17,2380.8,2383.18,3739.12186
2026-04-27 05:00:00+00:00,2383.18,2383.77,2319.18,2323.19,20839.06492
2026-04-27 06:00:00+00:00,2323.19,2328.96,2312.73,2320.99,6603.74411
2026-04-27 07:00:00+00:00,2320.99,2324.08,2315.0,2316.12,5045.8391
2026-04-27 08:00:00+00:00,2316.12,2320.15,2309.44,2319.78,6323.99927
2026-04-27 09:00:00+00:00,2319.78,2325.56,2315.68,2322.07,3876.83592
2026-04-27 10:00:00+00:00,2322.07,2324.21,2318.68,2319.96,1759.5119
2026-04-27 11:00:00+00:00,2319.96,2324.57,2316.96,2320.29,2089.51285
2026-04-27 12:00:00+00:00,2320.29,2321.05,2312.33,2314.11,4079.91161
2026-04-27 13:00:00+00:00,2314.11,2320.43,2305.0,2312.47,19601.02985
2026-04-27 14:00:00+00:00,2312.47,2329.53,2309.14,2314.97,14298.7893
2026-04-27 15:00:00+00:00,2314.97,2315.27,2265.81,2274.73,19649.46881
2026-04-27 16:00:00+00:00,2274.73,2280.55,2270.1,2277.97,5825.31654
2026-04-27 17:00:00+00:00,2277.97,2292.5,2277.97,2287.03,4836.34738
2026-04-27 18:00:00+00:00,2287.03,2292.15,2284.59,2288.92,4469.91792
2026-04-27 19:00:00+00:00,2288.92,2291.42,2275.06,2289.07,5228.36913
2026-04-27 20:00:00+00:00,2289.07,2296.43,2288.89,2291.43,4420.56022
2026-04-27 21:00:00+00:00,2291.43,2292.46,2286.87,2287.43,3172.22854
2026-04-27 22:00:00+00:00,2287.43,2295.82,2284.52,2294.59,2351.19533
2026-04-27 23:00:00+00:00,2294.59,2308.41,2291.2,2303.77,3842.74652
2026-04-28 00:00:00+00:00,2303.77,2311.13,2299.25,2306.81,2379.619
2026-04-28 01:00:00+00:00,2306.81,2308.71,2297.38,2298.62,2249.7615
2026-04-28 02:00:00+00:00,2298.62,2301.06,2279.96,2288.89,4225.41565
2026-04-28 03:00:00+00:00,2288.89,2290.78,2282.05,2290.58,3049.47993
2026-04-28 04:00:00+00:00,2290.58,2294.52,2282.96,2288.58,2678.10964
2026-04-28 05:00:00+00:00,2288.58,2297.0,2286.55,2287.99,2667.66261
2026-04-28 06:00:00+00:00,2287.99,2291.01,2270.12,2277.68,3900.63056
2026-04-28 07:00:00+00:00,2277.68,2288.7,2270.44,2287.85,4094.62081
2026-04-28 08:00:00+00:00,2287.85,2291.69,2283.3,2286.97,3606.27026
2026-04-28 09:00:00+00:00,2286.97,2288.37,2276.42,2282.04,2954.83916
2026-04-28 10:00:00+00:00,2282.04,2287.22,2280.3,2284.25,2412.63593
2026-04-28 11:00:00+00:00,2284.25,2285.21,2270.17,2275.32,3644.25925
2026-04-28 12:00:00+00:00,2275.32,2281.08,2271.36,2278.07,3180.95044
2026-04-28 13:00:00+00:00,2278.07,2286.45,2258.0,2276.48,8595.35289
2026-04-28 14:00:00+00:00,2276.48,2276.94,2260.89,2273.52,8216.19341
2026-04-28 15:00:00+00:00,2273.52,2280.8,2268.93,2279.78,6202.10111
2026-04-28 16:00:00+00:00,2279.78,2288.79,2274.34,2286.28,5139.24043
2026-04-28 17:00:00+00:00,2286.28,2293.59,2278.89,2290.59,4127.28594
2026-04-28 18:00:00+00:00,2290.59,2298.62,2287.92,2297.18,3531.46427
2026-04-28 19:00:00+00:00,2297.18,2305.73,2290.31,2301.75,3618.56727
2026-04-28 20:00:00+00:00,2301.75,2305.94,2295.16,2295.26,2024.0962
2026-04-28 21:00:00+00:00,2295.26,2297.37,2285.55,2290.32,2269.33509
2026-04-28 22:00:00+00:00,2290.32,2294.84,2285.35,2286.19,1178.28089
2026-04-28 23:00:00+00:00,2286.19,2290.24,2283.71,2289.33,1335.4949
2026-04-29 00:00:00+00:00,2289.33,2294.38,2285.37,2292.65,2594.64646
2026-04-29 01:00:00+00:00,2292.65,2297.4,2279.09,2292.52,4976.66825
2026-04-29 02:00:00+00:00,2292.52,2295.79,2284.63,2288.72,3148.62482
2026-04-29 03:00:00+00:00,2288.72,2316.59,2287.67,2311.64,7630.35457
2026-04-29 04:00:00+00:00,2311.64,2342.64,2309.3,2327.27,9626.69429
2026-04-29 05:00:00+00:00,2327.27,2332.49,2322.81,2329.15,3727.83835
2026-04-29 06:00:00+00:00,2329.15,2337.16,2320.36,2324.84,5776.50716
2026-04-29 07:00:00+00:00,2324.84,2330.39,2321.79,2323.68,3026.68539
2026-04-29 08:00:00+00:00,2323.68,2329.02,2320.72,2325.19,3850.08374
2026-04-29 09:00:00+00:00,2325.19,2346.69,2322.69,2339.6,6525.76342
2026-04-29 10:00:00+00:00,2339.6,2346.76,2329.71,2333.49,5315.92264
2026-04-29 11:00:00+00:00,2333.49,2335.75,2328.65,2331.62,2539.42045
2026-04-29 12:00:00+00:00,2331.62,2332.11,2307.34,2316.2,10178.44718
2026-04-29 13:00:00+00:00,2316.2,2318.44,2289.62,2302.87,8302.55914
2026-04-29 14:00:00+00:00,2302.87,2308.23,2293.86,2299.34,4074.13001
2026-04-29 15:00:00+00:00,2299.34,2301.18,2262.91,2272.53,11220.84893
2026-04-29 16:00:00+00:00,2272.53,2279.51,2263.26,2267.22,8093.37965
2026-04-29 17:00:00+00:00,2267.22,2283.6,2266.17,2283.0,4456.57254
2026-04-29 18:00:00+00:00,2283.0,2285.98,2220.41,2239.49,21323.56057
2026-04-29 19:00:00+00:00,2239.49,2242.5,2225.1,2233.82,6112.83105
2026-04-29 20:00:00+00:00,2233.82,2248.93,2230.33,2240.64,6436.14068
2026-04-29 21:00:00+00:00,2240.64,2265.11,2238.5,2252.95,4920.33376
2026-04-29 22:00:00+00:00,2252.95,2259.14,2250.0,2257.76,1871.53856
2026-04-29 23:00:00+00:00,2257.76,2260.79,2250.26,2253.0,2307.39616
2026-04-30 00:00:00+00:00,2253.0,2275.42,2249.6,2272.28,4386.73874
2026-04-30 01:00:00+00:00,2272.28,2279.38,2266.93,2269.46,3771.94448
2026-04-30 02:00:00+00:00,2269.46,2273.55,2235.96,2245.25,5231.98771
2026-04-30 03:00:00+00:00,2245.25,2256.89,2243.76,2253.32,1675.81151
2026-04-30 04:00:00+00:00,2253.32,2254.33,2236.63,2239.04,3493.3746
2026-04-30 05:00:00+00:00,2239.04,2248.86,2231.41,2242.86,4684.43249
2026-04-30 06:00:00+00:00,2242.86,2252.8,2241.9,2248.03,2963.97697
2026-04-30 07:00:00+00:00,2248.03,2262.68,2243.55,2260.42,5079.01614
2026-04-30 08:00:00+00:00,2260.42,2262.71,2255.4,2256.8,3232.63675
2026-04-30 09:00:00+00:00,2256.8,2271.44,2256.11,2261.91,4258.33861
2026-04-30 10:00:00+00:00,2261.91,2266.07,2256.76,2261.83,1678.31233
2026-04-30 11:00:00+00:00,2261.83,2274.41,2252.01,2258.29,4489.37692
2026-04-30 12:00:00+00:00,2258.29,2271.12,2257.84,2265.5,2979.4392
2026-04-30 13:00:00+00:00,2265.5,2272.85,2254.58,2263.99,3909.29999
2026-04-30 14:00:00+00:00,2263.99,2271.25,2246.42,2262.29,6063.37025
2026-04-30 15:00:00+00:00,2262.29,2275.69,2257.75,2265.89,3288.4438
2026-04-30 16:00:00+00:00,2265.89,2267.33,2255.52,2257.01,1785.21621
2026-04-30 17:00:00+00:00,2257.01,2260.7,2251.41,2258.11,2685.84471
2026-04-30 18:00:00+00:00,2258.11,2265.5,2254.31,2259.73,1914.04976
2026-04-30 19:00:00+00:00,2259.73,2267.11,2258.13,2261.94,2608.60166
2026-04-30 20:00:00+00:00,2261.94,2267.59,2260.49,2264.31,1586.64108
2026-04-30 21:00:00+00:00,2264.31,2264.89,2254.11,2256.41,1437.08297
2026-04-30 22:00:00+00:00,2256.41,2261.44,2252.35,2254.43,1171.52151
2026-04-30 23:00:00+00:00,2254.43,2259.19,2253.8,2257.79,1064.17455
2026-05-01 00:00:00+00:00,2257.79,2266.21,2257.17,2260.1,1573.18391
2026-05-01 01:00:00+00:00,2260.1,2270.67,2259.93,2267.73,1575.56711
2026-05-01 02:00:00+00:00,2267.73,2270.32,2264.25,2267.27,2007.79091
2026-05-01 03:00:00+00:00,2267.27,2295.6,2266.31,2283.05,6783.08497
2026-05-01 04:00:00+00:00,2283.05,2286.03,2277.76,2280.23,1712.3438
2026-05-01 05:00:00+00:00,2280.23,2286.98,2276.9,2283.76,1998.5141
2026-05-01 06:00:00+00:00,2283.76,2287.07,2272.27,2277.29,3004.02561
2026-05-01 07:00:00+00:00,2277.29,2281.4,2273.33,2279.82,1711.97159
2026-05-01 08:00:00+00:00,2279.82,2288.73,2276.26,2286.92,2436.24625
2026-05-01 09:00:00+00:00,2286.92,2287.19,2279.85,2281.95,1557.20071
2026-05-01 10:00:00+00:00,2281.95,2286.08,2277.19,2282.54,1380.765
2026-05-01 11:00:00+00:00,2282.54,2293.43,2281.91,2286.9,2386.41841
2026-05-01 12:00:00+00:00,2286.9,2312.71,2284.34,2301.39,9582.55925
2026-05-01 13:00:00+00:00,2301.39,2324.17,2301.39,2318.32,9760.52025
2026-05-01 14:00:00+00:00,2318.32,2326.48,2301.26,2308.01,6954.01903
2026-05-01 15:00:00+00:00,2308.01,2317.27,2298.43,2308.05,5382.14469
2026-05-01 16:00:00+00:00,2308.05,2314.72,2298.25,2301.93,4070.11321
2026-05-01 17:00:00+00:00,2301.93,2313.82,2298.5,2311.91,2340.08802
2026-05-01 18:00:00+00:00,2311.91,2312.59,2303.55,2304.59,2099.43986
2026-05-01 19:00:00+00:00,2304.59,2307.92,2302.24,2304.57,1954.64813
2026-05-01 20:00:00+00:00,2304.57,2305.97,2279.13,2284.97,3989.74948
2026-05-01 21:00:00+00:00,2284.97,2294.19,2283.58,2292.7,1646.36309
2026-05-01 22:00:00+00:00,2292.7,2299.33,2290.75,2293.37,840.8159
2026-05-01 23:00:00+00:00,2293.37,2296.53,2289.1,2295.7,777.21287
2026-05-02 00:00:00+00:00,2295.7,2299.51,2292.88,2297.85,734.92045
2026-05-02 01:00:00+00:00,2297.85,2300.56,2295.89,2298.83,729.38229
2026-05-02 02:00:00+00:00,2298.83,2308.24,2295.58,2303.4,1275.48275
2026-05-02 03:00:00+00:00,2303.4,2308.61,2300.97,2304.37,716.20001
2026-05-02 04:00:00+00:00,2304.37,2305.03,2299.45,2301.26,966.22765
2026-05-02 05:00:00+00:00,2301.26,2301.52,2296.57,2299.54,756.24811
2026-05-02 06:00:00+00:00,2299.54,2306.52,2297.19,2305.56,1171.1675
2026-05-02 07:00:00+00:00,2305.56,2306.6,2300.91,2301.22,2101.50752
2026-05-02 08:00:00+00:00,2301.22,2305.09,2299.11,2303.78,1444.37039
2026-05-02 09:00:00+00:00,2303.78,2308.14,2303.59,2305.67,1363.66289
2026-05-02 10:00:00+00:00,2305.67,2306.31,2302.54,2303.66,922.61631
2026-05-02 11:00:00+00:00,2303.66,2305.26,2300.37,2302.16,966.02828
2026-05-02 12:00:00+00:00,2302.16,2305.61,2301.31,2303.5,912.48619
2026-05-02 13:00:00+00:00,2303.5,2312.08,2303.5,2308.18,1525.74553
2026-05-02 14:00:00+00:00,2308.18,2308.72,2305.08,2306.37,832.7299
2026-05-02 15:00:00+00:00,2306.37,2309.91,2305.14,2308.96,815.20668
2026-05-02 16:00:00+00:00,2308.96,2313.51,2307.74,2309.35,1327.17697
2026-05-02 17:00:00+00:00,2309.35,2310.27,2305.39,2305.88,834.79918
2026-05-02 18:00:00+00:00,2305.88,2311.56,2303.49,2309.87,3069.2883
2026-05-02 19:00:00+00:00,2309.87,2312.84,2308.5,2311.28,964.71157
2026-05-02 20:00:00+00:00,2311.28,2312.02,2309.5,2311.48,738.81134
2026-05-02 21:00:00+00:00,2311.48,2342.76,2310.78,2325.6,5480.55729
2026-05-02 22:00:00+00:00,2325.6,2328.18,2317.32,2326.65,11319.1308
2026-05-02 23:00:00+00:00,2326.65,2326.65,2314.35,2316.92,1696.57226
2026-05-03 00:00:00+00:00,2316.92,2317.75,2309.06,2313.86,1513.23412
2026-05-03 01:00:00+00:00,2313.86,2314.21,2303.07,2303.76,1195.72817
2026-05-03 02:00:00+00:00,2303.76,2306.76,2297.99,2303.45,1848.34515
2026-05-03 03:00:00+00:00,2303.45,2304.09,2299.79,2302.1,875.23994
2026-05-03 04:00:00+00:00,2302.1,2304.51,2297.66,2301.59,1046.89787
2026-05-03 05:00:00+00:00,2301.59,2305.19,2301.35,2304.21,466.65044
2026-05-03 06:00:00+00:00,2304.21,2306.83,2299.67,2304.58,915.19611
2026-05-03 07:00:00+00:00,2304.58,2314.15,2304.54,2309.55,1261.33983
2026-05-03 08:00:00+00:00,2309.55,2312.9,2307.63,2308.28,1107.36693
2026-05-03 09:00:00+00:00,2308.28,2322.54,2307.53,2316.52,1848.75531
2026-05-03 10:00:00+00:00,2316.52,2316.7,2311.22,2311.37,480.06246
2026-05-03 11:00:00+00:00,2311.37,2327.68,2310.37,2319.94,2589.36145
2026-05-03 12:00:00+00:00,2319.94,2332.75,2319.94,2325.65,1937.99184
2026-05-03 13:00:00+00:00,2325.65,2328.63,2320.65,2322.07,1419.998
2026-05-03 14:00:00+00:00,2322.07,2329.57,2321.06,2328.29,1212.31391
2026-05-03 15:00:00+00:00,2328.29,2333.7,2324.78,2328.39,1595.71634
2026-05-03 16:00:00+00:00,2328.39,2335.25,2322.36,2328.41,1489.59562
2026-05-03 17:00:00+00:00,2328.41,2335.53,2324.01,2332.0,2772.99807
2026-05-03 18:00:00+00:00,2332.0,2333.65,2328.12,2331.07,610.84057
2026-05-03 19:00:00+00:00,2331.07,2337.84,2328.37,2335.43,1260.11057
2026-05-03 20:00:00+00:00,2335.43,2344.57,2328.34,2329.56,3406.95221
2026-05-03 21:00:00+00:00,2329.56,2334.26,2315.01,2324.08,2340.0927
2026-05-03 22:00:00+00:00,2324.08,2356.49,2324.06,2344.14,8605.53915
2026-05-03 23:00:00+00:00,2344.14,2347.81,2319.66,2323.11,4456.4786
2026-05-04 00:00:00+00:00,2323.11,2323.11,2309.43,2319.26,4455.2741
2026-05-04 01:00:00+00:00,2319.26,2354.7,2312.56,2351.55,6220.05508
2026-05-04 02:00:00+00:00,2351.55,2387.49,2345.33,2375.0,16387.78343
2026-05-04 03:00:00+00:00,2375.0,2391.68,2371.86,2385.1,8351.35763
2026-05-04 04:00:00+00:00,2385.1,2399.59,2384.23,2390.21,6126.49023
2026-05-04 05:00:00+00:00,2390.21,2391.54,2375.18,2376.28,4556.26684
2026-05-04 06:00:00+00:00,2376.28,2378.71,2354.12,2368.44,4075.33866
2026-05-04 07:00:00+00:00,2368.44,2373.75,2362.1,2362.66,3123.29554
2026-05-04 08:00:00+00:00,2362.66,2365.29,2357.34,2359.92,3394.55014
2026-05-04 09:00:00+00:00,2359.92,2370.74,2357.71,2368.21,4155.80229
2026-05-04 10:00:00+00:00,2368.21,2369.7,2313.86,2338.13,18798.64236
2026-05-04 11:00:00+00:00,2338.13,2343.57,2332.51,2337.21,3835.84092
2026-05-04 12:00:00+00:00,2337.21,2343.81,2333.04,2335.27,3224.96656
2026-05-04 13:00:00+00:00,2335.27,2344.91,2325.63,2336.55,8684.70782
2026-05-04 14:00:00+00:00,2336.55,2382.39,2327.27,2371.6,11790.63328
2026-05-04 15:00:00+00:00,2371.6,2374.56,2335.77,2350.11,12026.55823
2026-05-04 16:00:00+00:00,2350.11,2365.12,2336.38,2355.26,7288.00968
2026-05-04 17:00:00+00:00,2355.26,2379.96,2353.65,2370.4,6220.44844
2026-05-04 18:00:00+00:00,2370.4,2374.99,2356.96,2361.51,4633.17869
2026-05-04 19:00:00+00:00,2361.51,2364.48,2353.85,2356.36,3126.56238
2026-05-04 20:00:00+00:00,2356.36,2359.27,2347.43,2349.92,1755.88061
2026-05-04 21:00:00+00:00,2349.92,2364.76,2349.53,2360.81,1493.35988
2026-05-04 22:00:00+00:00,2360.81,2366.25,2353.76,2354.59,2249.42231
2026-05-04 23:00:00+00:00,2354.59,2354.59,2344.65,2347.24,1768.72575
2026-05-05 00:00:00+00:00,2347.24,2359.2,2345.0,2358.72,1507.85529
2026-05-05 01:00:00+00:00,2358.72,2364.55,2355.03,2361.9,1315.19341
2026-05-05 02:00:00+00:00,2361.9,2377.75,2359.05,2367.65,4152.02226
2026-05-05 03:00:00+00:00,2367.65,2389.52,2364.4,2382.48,5442.73986
2026-05-05 04:00:00+00:00,2382.48,2385.99,2375.85,2381.09,3488.93822
2026-05-05 05:00:00+00:00,2381.09,2390.73,2377.56,2380.29,6000.53526
2026-05-05 06:00:00+00:00,2380.29,2381.95,2367.37,2379.18,3302.12926
2026-05-05 07:00:00+00:00,2379.18,2389.15,2376.17,2380.82,6364.69616
2026-05-05 08:00:00+00:00,2380.82,2384.79,2373.25,2377.09,2690.8827
2026-05-05 09:00:00+00:00,2377.09,2377.23,2367.0,2369.94,3112.94302
2026-05-05 10:00:00+00:00,2369.94,2379.59,2367.46,2378.54,2407.53808
2026-05-05 11:00:00+00:00,2378.54,2384.16,2372.91,2379.88,2185.02
2026-05-05 12:00:00+00:00,2379.88,2390.86,2376.17,2388.63,3104.92389
2026-05-05 13:00:00+00:00,2388.63,2401.54,2383.68,2388.87,12373.10162
2026-05-05 14:00:00+00:00,2388.87,2392.87,2369.3,2378.97,6792.82285
2026-05-05 15:00:00+00:00,2378.97,2388.29,2375.49,2381.4,2194.37183
2026-05-05 16:00:00+00:00,2381.4,2383.57,2361.24,2365.9,5975.29726
2026-05-05 17:00:00+00:00,2365.9,2370.18,2359.74,2362.94,3697.12355
2026-05-05 18:00:00+00:00,2362.94,2374.72,2362.94,2372.01,1822.20542
2026-05-05 19:00:00+00:00,2372.01,2376.43,2369.06,2371.74,1858.81693
2026-05-05 20:00:00+00:00,2371.74,2387.35,2371.27,2382.27,4861.82531
2026-05-05 21:00:00+00:00,2382.27,2388.42,2368.5,2375.51,2363.71569
2026-05-05 22:00:00+00:00,2375.51,2381.63,2354.51,2367.53,6037.35156
2026-05-05 23:00:00+00:00,2367.53,2370.09,2354.6,2360.88,3142.17275
2026-05-06 00:00:00+00:00,2360.88,2368.0,2353.93,2364.59,2913.08758
2026-05-06 01:00:00+00:00,2364.59,2377.41,2362.56,2373.34,3798.36544
2026-05-06 02:00:00+00:00,2373.34,2373.97,2359.96,2369.74,2500.43484
2026-05-06 03:00:00+00:00,2369.74,2381.11,2367.99,2376.84,2232.7356
2026-05-06 04:00:00+00:00,2376.84,2379.46,2361.05,2366.13,2788.376
2026-05-06 05:00:00+00:00,2366.13,2367.31,2355.0,2365.34,2891.21678
2026-05-06 06:00:00+00:00,2365.34,2371.67,2361.17,2370.81,3515.15448
2026-05-06 07:00:00+00:00,2370.81,2375.51,2368.75,2371.76,3167.81584
2026-05-06 08:00:00+00:00,2371.76,2396.6,2369.37,2394.54,7793.58022
2026-05-06 09:00:00+00:00,2394.54,2418.83,2384.63,2413.07,14917.83353
2026-05-06 10:00:00+00:00,2413.07,2414.78,2405.87,2410.18,7784.0112
2026-05-06 11:00:00+00:00,2410.18,2424.01,2408.15,2410.79,9389.57333
2026-05-06 12:00:00+00:00,2410.79,2414.03,2400.02,2405.25,6770.87823
2026-05-06 13:00:00+00:00,2405.25,2405.25,2364.71,2368.57,12836.87298
2026-05-06 14:00:00+00:00,2368.57,2372.82,2342.06,2359.18,14771.34058
2026-05-06 15:00:00+00:00,2359.18,2366.23,2354.46,2358.99,5830.6086
2026-05-06 16:00:00+00:00,2358.99,2368.7,2350.44,2358.3,6129.47409
2026-05-06 17:00:00+00:00,2358.3,2361.07,2348.0,2350.1,3625.58908
2026-05-06 18:00:00+00:00,2350.1,2352.68,2337.62,2345.13,6417.86644
2026-05-06 19:00:00+00:00,2345.13,2350.16,2342.05,2348.69,1977.53131
2026-05-06 20:00:00+00:00,2348.69,2357.42,2345.01,2351.16,4375.79465
2026-05-06 21:00:00+00:00,2351.16,2357.54,2345.78,2354.66,1688.71691
2026-05-06 22:00:00+00:00,2354.66,2355.45,2345.01,2347.33,1649.93268
2026-05-06 23:00:00+00:00,2347.33,2351.72,2338.32,2351.11,1964.88145
2026-05-07 00:00:00+00:00,2351.11,2352.75,2329.14,2329.44,3234.08699
2026-05-07 01:00:00+00:00,2329.44,2335.29,2313.23,2327.44,4477.29426
2026-05-07 02:00:00+00:00,2327.44,2328.16,2314.03,2322.25,3990.01002
2026-05-07 03:00:00+00:00,2322.25,2326.14,2315.81,2322.5,2695.52101
2026-05-07 04:00:00+00:00,2322.5,2328.06,2317.77,2327.69,1519.20131
2026-05-07 05:00:00+00:00,2327.69,2334.28,2327.15,2331.7,2490.67337
2026-05-07 06:00:00+00:00,2331.7,2339.04,2320.17,2337.75,4249.9605
2026-05-07 07:00:00+00:00,2337.75,2347.4,2337.02,2344.86,3239.9696
2026-05-07 08:00:00+00:00,2344.86,2347.38,2332.39,2334.3,3051.61778
2026-05-07 09:00:00+00:00,2334.3,2337.49,2327.21,2329.1,2641.95036
2026-05-07 10:00:00+00:00,2329.1,2331.94,2317.61,2326.93,2525.45738
2026-05-07 11:00:00+00:00,2326.93,2332.19,2325.72,2330.38,2134.09912
2026-05-07 12:00:00+00:00,2330.38,2337.38,2329.31,2333.26,4044.40303
2026-05-07 13:00:00+00:00,2333.26,2333.26,2304.8,2314.29,11826.91794
2026-05-07 14:00:00+00:00,2314.29,2318.87,2289.41,2299.29,12092.10421
2026-05-07 15:00:00+00:00,2299.29,2304.74,2285.53,2294.92,5330.42663
2026-05-07 16:00:00+00:00,2294.92,2298.6,2285.77,2292.09,3495.11292
2026-05-07 17:00:00+00:00,2292.09,2301.79,2280.06,2300.1,5317.73337
2026-05-07 18:00:00+00:00,2300.1,2304.6,2291.44,2296.42,4537.59001
2026-05-07 19:00:00+00:00,2296.42,2297.22,2288.21,2296.37,4756.8377
2026-05-07 20:00:00+00:00,2296.37,2303.47,2290.0,2290.07,11784.05626
2026-05-07 21:00:00+00:00,2290.07,2294.53,2281.77,2287.99,5789.93752
2026-05-07 22:00:00+00:00,2287.99,2290.6,2281.04,2287.2,4411.96982
2026-05-07 23:00:00+00:00,2287.2,2293.61,2286.49,2291.22,1430.77879
2026-05-08 00:00:00+00:00,2291.22,2294.62,2283.6,2287.23,3077.47084
2026-05-08 01:00:00+00:00,2287.23,2289.49,2280.14,2285.16,2531.9588
2026-05-08 02:00:00+00:00,2285.16,2285.96,2268.09,2279.31,5130.13517
2026-05-08 03:00:00+00:00,2279.31,2282.09,2265.17,2279.2,5260.34365
2026-05-08 04:00:00+00:00,2279.2,2285.15,2276.79,2282.02,3207.59807
2026-05-08 05:00:00+00:00,2282.02,2284.47,2276.39,2276.45,2653.96363
2026-05-08 06:00:00+00:00,2276.45,2279.23,2268.89,2275.54,3237.44631
2026-05-08 07:00:00+00:00,2275.54,2283.0,2267.51,2281.7,4850.7123
2026-05-08 08:00:00+00:00,2281.7,2290.0,2280.0,2284.1,5337.26464
2026-05-08 09:00:00+00:00,2284.1,2292.55,2280.74,2284.39,2367.17071
2026-05-08 10:00:00+00:00,2284.39,2291.07,2281.21,2287.89,2414.73218
2026-05-08 11:00:00+00:00,2287.89,2298.45,2287.89,2295.55,2936.12872
2026-05-08 12:00:00+00:00,2295.55,2302.75,2282.21,2284.75,3537.12625
2026-05-08 13:00:00+00:00,2284.75,2287.14,2270.0,2276.47,4744.45146
2026-05-08 14:00:00+00:00,2276.47,2292.94,2273.4,2285.91,5122.26834
2026-05-08 15:00:00+00:00,2285.91,2294.68,2274.79,2293.51,3876.82962
2026-05-08 16:00:00+00:00,2293.51,2294.7,2286.52,2290.16,3603.81759
2026-05-08 17:00:00+00:00,2290.16,2316.0,2289.5,2305.23,10312.59858
2026-05-08 18:00:00+00:00,2305.23,2321.7,2305.23,2313.89,10158.72744
2026-05-08 19:00:00+00:00,2313.89,2320.9,2312.67,2316.48,5696.58161
2026-05-08 20:00:00+00:00,2316.48,2317.33,2305.55,2307.13,2253.42555
2026-05-08 21:00:00+00:00,2307.13,2315.6,2304.62,2314.98,2347.2677
2026-05-08 22:00:00+00:00,2314.98,2319.35,2310.92,2311.29,2230.77481
2026-05-08 23:00:00+00:00,2311.29,2311.51,2303.45,2307.44,1938.33426
2026-05-09 00:00:00+00:00,2307.44,2312.5,2304.39,2308.78,1876.55619
2026-05-09 01:00:00+00:00,2308.78,2319.01,2308.52,2314.67,4281.87293
2026-05-09 02:00:00+00:00,2314.67,2320.98,2314.25,2317.23,2377.65838
2026-05-09 03:00:00+00:00,2317.23,2321.38,2313.04,2315.55,2314.79907
2026-05-09 04:00:00+00:00,2315.55,2325.91,2311.67,2312.79,4857.40429
2026-05-09 05:00:00+00:00,2312.79,2318.66,2311.22,2315.01,1179.515
2026-05-09 06:00:00+00:00,2315.01,2319.48,2312.83,2314.67,1779.66424
2026-05-09 07:00:00+00:00,2314.67,2318.75,2311.16,2314.55,2372.576
2026-05-09 08:00:00+00:00,2314.55,2320.38,2314.17,2317.29,2478.96486
2026-05-09 09:00:00+00:00,2317.29,2317.66,2311.28,2313.46,1423.90468
2026-05-09 10:00:00+00:00,2313.46,2315.44,2310.17,2312.83,1007.96114
2026-05-09 11:00:00+00:00,2312.83,2316.22,2312.63,2314.82,817.36855
2026-05-09 12:00:00+00:00,2314.82,2318.56,2313.38,2316.68,954.75943
2026-05-09 13:00:00+00:00,2316.68,2316.75,2311.82,2314.63,1064.47007
2026-05-09 14:00:00+00:00,2314.63,2315.54,2305.27,2308.47,2845.64333
2026-05-09 15:00:00+00:00,2308.47,2317.81,2300.0,2317.64,3937.5872
2026-05-09 16:00:00+00:00,2317.64,2325.35,2315.19,2320.02,3974.57176
2026-05-09 17:00:00+00:00,2320.02,2333.9,2320.02,2329.91,6971.19531
2026-05-09 18:00:00+00:00,2329.91,2338.66,2329.06,2330.55,3626.80165
2026-05-09 19:00:00+00:00,2330.55,2333.38,2326.77,2332.39,1712.43905
2026-05-09 20:00:00+00:00,2332.39,2333.01,2327.32,2329.35,625.86545
2026-05-09 21:00:00+00:00,2329.35,2331.83,2328.72,2331.31,1031.35458
2026-05-09 22:00:00+00:00,2331.31,2333.72,2327.35,2330.13,1040.96922
2026-05-09 23:00:00+00:00,2330.13,2332.07,2324.74,2326.58,714.77001
2026-05-10 00:00:00+00:00,2326.58,2330.15,2320.84,2323.93,1470.71115
2026-05-10 01:00:00+00:00,2323.93,2324.9,2318.31,2323.71,2515.18863
2026-05-10 02:00:00+00:00,2323.71,2328.2,2320.14,2328.05,1046.75831
2026-05-10 03:00:00+00:00,2328.05,2333.33,2323.88,2327.69,1661.92817
2026-05-10 04:00:00+00:00,2327.69,2331.1,2326.07,2328.31,983.77966
2026-05-10 05:00:00+00:00,2328.31,2330.34,2326.66,2327.4,1022.21426
2026-05-10 06:00:00+00:00,2327.4,2331.8,2326.89,2329.68,7563.22167
2026-05-10 07:00:00+00:00,2329.68,2332.22,2327.6,2327.65,1235.45215
2026-05-10 08:00:00+00:00,2327.65,2332.11,2326.21,2330.26,2490.10743
2026-05-10 09:00:00+00:00,2330.26,2333.91,2327.0,2328.47,1790.35678
2026-05-10 10:00:00+00:00,2328.47,2329.2,2323.6,2325.7,2235.16945
2026-05-10 11:00:00+00:00,2325.7,2328.09,2319.32,2322.92,2192.37381
2026-05-10 12:00:00+00:00,2322.92,2325.83,2321.15,2324.47,1472.94536
2026-05-10 13:00:00+00:00,2324.47,2332.43,2323.6,2330.36,2478.96043
2026-05-10 14:00:00+00:00,2330.36,2335.61,2327.37,2331.38,2459.84298
2026-05-10 15:00:00+00:00,2331.38,2351.65,2331.19,2348.02,7218.22481
2026-05-10 16:00:00+00:00,2348.02,2351.7,2340.41,2350.31,5091.45113
2026-05-10 17:00:00+00:00,2350.31,2368.0,2345.23,2364.25,19341.11932
2026-05-10 18:00:00+00:00,2364.25,2366.99,2356.69,2358.42,3474.14747
2026-05-10 19:00:00+00:00,2358.42,2367.07,2351.08,2365.8,3874.40936
2026-05-10 20:00:00+00:00,2365.8,2369.91,2311.33,2328.95,9699.68758
2026-05-10 21:00:00+00:00,2328.95,2337.51,2324.18,2331.06,4832.61265
2026-05-10 22:00:00+00:00,2331.06,2377.9,2328.08,2373.88,11513.76471
2026-05-10 23:00:00+00:00,2373.88,2382.88,2367.96,2371.37,8154.09548
2026-05-11 00:00:00+00:00,2371.37,2375.22,2344.75,2352.56,6102.6582
2026-05-11 01:00:00+00:00,2352.56,2365.95,2345.48,2358.77,3393.74151
2026-05-11 02:00:00+00:00,2358.77,2361.05,2341.6,2345.72,3556.03726
2026-05-11 03:00:00+00:00,2345.72,2345.83,2320.32,2330.59,6125.44187
2026-05-11 04:00:00+00:00,2330.59,2336.05,2326.54,2333.01,2407.38057
2026-05-11 05:00:00+00:00,2333.01,2340.75,2332.11,2335.19,2665.6153
2026-05-11 06:00:00+00:00,2335.19,2343.21,2330.33,2333.68,2329.00772
2026-05-11 07:00:00+00:00,2333.68,2333.76,2328.2,2330.65,1600.6489
2026-05-11 08:00:00+00:00,2330.65,2335.1,2326.63,2330.86,3312.01507
2026-05-11 09:00:00+00:00,2330.86,2338.98,2330.42,2336.17,1593.36817
2026-05-11 10:00:00+00:00,2336.17,2340.15,2329.95,2330.04,1846.82788
2026-05-11 11:00:00+00:00,2330.04,2336.14,2327.74,2335.98,1651.88214
2026-05-11 12:00:00+00:00,2335.98,2339.36,2329.0,2329.78,3976.28748
2026-05-11 13:00:00+00:00,2329.78,2333.23,2314.65,2322.1,6604.96349
2026-05-11 14:00:00+00:00,2322.1,2328.99,2303.44,2316.29,9345.36461
2026-05-11 15:00:00+00:00,2316.29,2335.89,2313.28,2333.65,5063.01819
2026-05-11 16:00:00+00:00,2333.65,2346.08,2327.45,2330.04,12790.1985
2026-05-11 17:00:00+00:00,2330.04,2344.23,2323.89,2336.77,3208.66135
2026-05-11 18:00:00+00:00,2336.77,2344.47,2334.46,2335.6,3454.78442
2026-05-11 19:00:00+00:00,2335.6,2344.38,2332.01,2340.57,2935.31675
2026-05-11 20:00:00+00:00,2340.57,2345.8,2336.34,2338.3,2737.71525
2026-05-11 21:00:00+00:00,2338.3,2342.7,2336.63,2341.03,1741.59326
2026-05-11 22:00:00+00:00,2341.03,2345.97,2336.69,2341.43,1536.23568
2026-05-11 23:00:00+00:00,2341.43,2342.39,2335.22,2339.94,987.02604
2026-05-12 00:00:00+00:00,2339.94,2340.86,2332.12,2333.55,1407.27219
2026-05-12 01:00:00+00:00,2333.55,2335.67,2295.47,2311.3,6702.29221
2026-05-12 02:00:00+00:00,2311.3,2317.05,2307.27,2315.68,2408.0613
2026-05-12 03:00:00+00:00,2315.68,2317.12,2307.03,2309.3,1436.64523
2026-05-12 04:00:00+00:00,2309.3,2314.43,2305.38,2310.85,2073.58634
2026-05-12 05:00:00+00:00,2310.85,2314.01,2309.65,2310.22,952.42702
2026-05-12 06:00:00+00:00,2310.22,2314.07,2302.53,2303.79,2097.78334
2026-05-12 07:00:00+00:00,2303.79,2304.98,2291.82,2295.07,14623.61861
2026-05-12 08:00:00+00:00,2295.07,2296.71,2280.82,2288.35,7403.19822
2026-05-12 09:00:00+00:00,2288.35,2295.23,2281.21,2292.74,4443.92755
2026-05-12 10:00:00+00:00,2292.74,2293.99,2280.98,2286.58,2188.20851
2026-05-12 11:00:00+00:00,2286.58,2287.53,2278.18,2287.07,2711.39166
2026-05-12 12:00:00+00:00,2287.07,2294.9,2281.04,2289.02,5100.84094
2026-05-12 13:00:00+00:00,2289.02,2292.55,2268.5,2271.91,6938.69613
2026-05-12 14:00:00+00:00,2271.91,2281.79,2261.54,2269.03,6655.79955
2026-05-12 15:00:00+00:00,2269.03,2274.42,2256.89,2261.84,5125.99872
2026-05-12 16:00:00+00:00,2261.84,2271.23,2256.34,2264.02,4060.75479
2026-05-12 17:00:00+00:00,2264.02,2278.43,2264.02,2276.78,2269.5066
2026-05-12 18:00:00+00:00,2276.78,2284.56,2274.58,2279.42,2259.68133
2026-05-12 19:00:00+00:00,2279.42,2287.79,2279.24,2285.24,2165.09843
2026-05-12 20:00:00+00:00,2285.24,2287.56,2281.04,2284.92,1373.44291
2026-05-12 21:00:00+00:00,2284.92,2287.77,2282.8,2285.38,1333.34108
2026-05-12 22:00:00+00:00,2285.38,2291.95,2282.3,2282.54,1272.02852
2026-05-12 23:00:00+00:00,2282.54,2284.35,2273.84,2274.96,1339.8505
2026-05-13 00:00:00+00:00,2274.96,2286.95,2273.3,2281.6,2101.1654
2026-05-13 01:00:00+00:00,2281.6,2295.69,2281.02,2290.0,2299.81306
2026-05-13 02:00:00+00:00,2290.0,2300.39,2287.42,2294.06,1593.39452
2026-05-13 03:00:00+00:00,2294.06,2303.95,2292.34,2301.85,1435.70087
2026-05-13 04:00:00+00:00,2301.85,2309.5,2298.61,2307.1,1925.50765
2026-05-13 05:00:00+00:00,2307.1,2307.89,2295.83,2297.92,1563.40233
2026-05-13 06:00:00+00:00,2297.92,2305.31,2297.47,2302.03,1867.43189
2026-05-13 07:00:00+00:00,2302.03,2303.28,2297.18,2301.28,1476.14121
2026-05-13 08:00:00+00:00,2301.28,2316.84,2300.58,2316.6,7903.09863
2026-05-13 09:00:00+00:00,2316.6,2323.43,2314.23,2321.15,3374.6081
2026-05-13 10:00:00+00:00,2321.15,2321.64,2305.31,2308.41,2693.0791
2026-05-13 11:00:00+00:00,2308.41,2309.0,2298.89,2301.75,2687.59285
2026-05-13 12:00:00+00:00,2301.75,2307.75,2270.23,2284.26,7755.63342
2026-05-13 13:00:00+00:00,2284.26,2288.51,2258.88,2262.4,7746.36674
2026-05-13 14:00:00+00:00,2262.4,2271.11,2251.0,2267.57,6130.91563
2026-05-13 15:00:00+00:00,2267.57,2270.45,2233.68,2236.3,14392.17947
2026-05-13 16:00:00+00:00,2236.3,2253.46,2235.07,2250.94,5818.02738
2026-05-13 17:00:00+00:00,2250.94,2262.0,2250.94,2258.38,2803.73605
2026-05-13 18:00:00+00:00,2258.38,2268.56,2258.38,2259.52,1973.57156
2026-05-13 19:00:00+00:00,2259.52,2260.81,2250.57,2256.6,1777.523
2026-05-13 20:00:00+00:00,2256.6,2264.5,2256.4,2263.69,1129.71788
2026-05-13 21:00:00+00:00,2263.69,2264.1,2253.57,2255.99,1421.78176
2026-05-13 22:00:00+00:00,2255.99,2260.73,2250.84,2259.45,1499.49493
2026-05-13 23:00:00+00:00,2259.45,2261.82,2254.65,2258.73,1427.33973
2026-05-14 00:00:00+00:00,2258.73,2269.62,2258.19,2266.64,2191.10401
2026-05-14 01:00:00+00:00,2266.64,2269.39,2259.75,2264.98,1595.89615
2026-05-14 02:00:00+00:00,2264.98,2266.95,2247.6,2251.53,2515.24012
2026-05-14 03:00:00+00:00,2251.53,2255.25,2238.64,2242.13,3987.38943
2026-05-14 04:00:00+00:00,2242.13,2258.43,2239.48,2256.76,1190.14098
2026-05-14 05:00:00+00:00,2256.76,2273.75,2255.48,2268.38,2284.44329
2026-05-14 06:00:00+00:00,2268.38,2275.43,2266.89,2267.78,2140.41969
2026-05-14 07:00:00+00:00,2267.78,2270.84,2263.92,2265.66,1626.70806
2026-05-14 08:00:00+00:00,2265.66,2271.09,2262.21,2266.65,2535.19765
2026-05-14 09:00:00+00:00,2266.65,2268.01,2252.83,2257.96,1934.2336
2026-05-14 10:00:00+00:00,2257.96,2265.69,2255.69,2262.27,2115.08511
2026-05-14 11:00:00+00:00,2262.27,2264.18,2252.55,2253.82,2382.66073
2026-05-14 12:00:00+00:00,2253.82,2263.34,2248.22,2261.54,2430.00251
2026-05-14 13:00:00+00:00,2261.54,2265.55,2248.51,2249.32,4207.54071
2026-05-14 14:00:00+00:00,2249.32,2289.79,2246.07,2287.53,13080.20695
2026-05-14 15:00:00+00:00,2287.53,2299.94,2280.75,2298.62,9075.5352
2026-05-14 16:00:00+00:00,2298.62,2318.6,2293.57,2316.23,10374.13112
2026-05-14 17:00:00+00:00,2316.23,2319.5,2296.41,2308.33,8098.84028
2026-05-14 18:00:00+00:00,2308.33,2316.35,2302.96,2309.64,15901.98515
2026-05-14 19:00:00+00:00,2309.64,2312.55,2297.51,2298.16,5932.71479
2026-05-14 20:00:00+00:00,2298.16,2301.45,2288.53,2298.18,3181.7149
2026-05-14 21:00:00+00:00,2298.18,2300.37,2290.01,2297.12,1497.07385
2026-05-14 22:00:00+00:00,2297.12,2301.49,2295.26,2297.98,2742.8196
2026-05-14 23:00:00+00:00,2297.98,2297.98,2280.71,2283.62,2930.19011
2026-05-15 00:00:00+00:00,2283.62,2300.5,2281.62,2290.99,4479.05319
2026-05-15 01:00:00+00:00,2290.99,2294.0,2274.81,2275.72,5307.31877
2026-05-15 02:00:00+00:00,2275.72,2279.47,2260.59,2276.86,5734.91187
2026-05-15 03:00:00+00:00,2276.86,2279.96,2268.14,2273.5,2445.48942
2026-05-15 04:00:00+00:00,2273.5,2274.17,2262.57,2263.15,2420.70795
2026-05-15 05:00:00+00:00,2263.15,2267.14,2237.58,2245.17,9355.34267
2026-05-15 06:00:00+00:00,2245.17,2257.09,2243.76,2255.48,8622.57339
2026-05-15 07:00:00+00:00,2255.48,2271.75,2253.62,2265.29,3937.16219
2026-05-15 08:00:00+00:00,2265.29,2265.61,2250.0,2257.6,2832.83597
2026-05-15 09:00:00+00:00,2257.6,2260.19,2250.77,2254.54,2754.8575
2026-05-15 10:00:00+00:00,2254.54,2264.43,2252.28,2262.34,2896.81417
2026-05-15 11:00:00+00:00,2262.34,2263.7,2257.07,2257.33,2224.75205
2026-05-15 12:00:00+00:00,2257.33,2260.58,2250.96,2254.05,2590.65222
2026-05-15 13:00:00+00:00,2254.05,2254.05,2210.03,2213.44,23555.34064
2026-05-15 14:00:00+00:00,2213.44,2224.22,2205.04,2213.45,8160.00324
2026-05-15 15:00:00+00:00,2213.45,2223.99,2209.67,2222.72,4146.03768
2026-05-15 16:00:00+00:00,2222.72,2231.43,2218.79,2224.61,3994.38615
2026-05-15 17:00:00+00:00,2224.61,2232.9,2223.97,2229.6,2611.74426
2026-05-15 18:00:00+00:00,2229.6,2234.06,2224.6,2228.08,3364.6929
2026-05-15 19:00:00+00:00,2228.08,2228.49,2222.15,2223.14,1979.87878
2026-05-15 20:00:00+00:00,2223.14,2226.23,2216.84,2220.11,3857.28041
2026-05-15 21:00:00+00:00,2220.11,2225.47,2214.86,2217.06,2573.12568
2026-05-15 22:00:00+00:00,2217.06,2224.74,2217.04,2224.04,1302.37296
2026-05-15 23:00:00+00:00,2224.04,2227.35,2222.6,2224.69,1543.65894
2026-05-16 00:00:00+00:00,2224.69,2231.49,2223.54,2226.9,1314.65908
2026-05-16 01:00:00+00:00,2226.9,2230.7,2223.26,2229.48,1275.22066
2026-05-16 02:00:00+00:00,2229.48,2231.39,2226.81,2229.72,996.68229
2026-05-16 03:00:00+00:00,2229.72,2230.49,2226.9,2227.94,957.29192
2026-05-16 04:00:00+00:00,2227.94,2228.82,2217.85,2225.86,1259.93792
2026-05-16 05:00:00+00:00,2225.86,2227.15,2222.74,2225.57,1037.64523
2026-05-16 06:00:00+00:00,2225.57,2226.97,2209.69,2215.48,2800.7146
2026-05-16 07:00:00+00:00,2215.48,2215.87,2181.79,2194.88,10201.80705
2026-05-16 08:00:00+00:00,2194.88,2197.44,2192.2,2193.3,2039.51421
2026-05-16 09:00:00+00:00,2193.3,2193.99,2163.28,2173.81,8095.85899
2026-05-16 10:00:00+00:00,2173.81,2175.47,2162.67,2174.24,4567.2182
2026-05-16 11:00:00+00:00,2174.24,2181.39,2174.24,2176.51,1424.19443
2026-05-16 12:00:00+00:00,2176.51,2179.62,2173.56,2176.59,1428.87127
2026-05-16 13:00:00+00:00,2176.59,2180.83,2172.55,2177.28,1889.00324
2026-05-16 14:00:00+00:00,2177.28,2188.88,2173.91,2180.12,2109.07293
2026-05-16 15:00:00+00:00,2180.12,2183.94,2177.21,2180.12,1532.7816
2026-05-16 16:00:00+00:00,2180.12,2183.75,2170.39,2174.35,3213.04324
2026-05-16 17:00:00+00:00,2174.35,2181.17,2174.29,2179.06,1354.92695
2026-05-16 18:00:00+00:00,2179.06,2185.05,2176.42,2181.71,1484.87582
2026-05-16 19:00:00+00:00,2181.71,2182.93,2179.19,2179.77,1027.22442
2026-05-16 20:00:00+00:00,2179.77,2183.07,2179.77,2181.51,884.81243
2026-05-16 21:00:00+00:00,2181.51,2183.73,2180.93,2182.65,711.02439
2026-05-16 22:00:00+00:00,2182.65,2183.49,2179.72,2180.36,742.85313
2026-05-16 23:00:00+00:00,2180.36,2183.16,2179.39,2180.96,554.03222
2026-05-17 00:00:00+00:00,2180.96,2185.79,2173.58,2177.85,1676.82352
2026-05-17 01:00:00+00:00,2177.85,2183.71,2168.03,2169.45,3484.37274
2026-05-17 02:00:00+00:00,2169.45,2176.25,2169.44,2174.45,1264.15655
2026-05-17 03:00:00+00:00,2174.45,2184.75,2174.33,2181.69,1173.37042
2026-05-17 04:00:00+00:00,2181.69,2190.38,2181.07,2187.58,2476.55982
2026-05-17 05:00:00+00:00,2187.58,2195.43,2185.75,2186.18,1566.85986
2026-05-17 06:00:00+00:00,2186.18,2188.16,2181.72,2185.17,985.51765
2026-05-17 07:00:00+00:00,2185.17,2188.5,2182.36,2186.55,977.42638
2026-05-17 08:00:00+00:00,2186.55,2187.3,2183.13,2186.28,869.20718
2026-05-17 09:00:00+00:00,2186.28,2191.86,2185.97,2190.3,1062.65052
2026-05-17 10:00:00+00:00,2190.3,2198.57,2190.29,2194.48,2325.58726
2026-05-17 11:00:00+00:00,2194.48,2195.08,2187.9,2192.13,1506.24478
2026-05-17 12:00:00+00:00,2192.13,2198.54,2191.41,2194.64,1495.97275
2026-05-17 13:00:00+00:00,2194.64,2195.34,2187.61,2192.24,1589.69015
2026-05-17 14:00:00+00:00,2192.24,2192.61,2177.94,2186.72,13314.84359
2026-05-17 15:00:00+00:00,2186.72,2188.93,2181.26,2185.8,13342.72664
2026-05-17 16:00:00+00:00,2185.8,2188.87,2182.09,2182.48,10891.50588
2026-05-17 17:00:00+00:00,2182.48,2185.21,2176.41,2183.82,2127.85661
2026-05-17 18:00:00+00:00,2183.82,2188.66,2179.19,2188.63,1467.25639
2026-05-17 19:00:00+00:00,2188.63,2193.95,2187.62,2192.6,2719.59275
2026-05-17 20:00:00+00:00,2192.6,2194.18,2186.84,2189.58,1670.07633
2026-05-17 21:00:00+00:00,2189.58,2195.2,2187.51,2191.95,1388.95202
2026-05-17 22:00:00+00:00,2191.95,2191.95,2173.57,2179.6,3519.3442
2026-05-17 23:00:00+00:00,2179.6,2179.89,2090.0,2130.78,19478.801
2026-05-18 00:00:00+00:00,2130.78,2131.86,2104.13,2115.31,21443.10761
2026-05-18 01:00:00+00:00,2115.31,2121.22,2106.1,2117.44,4088.70584
2026-05-18 02:00:00+00:00,2117.44,2124.0,2112.78,2116.62,3258.27763
2026-05-18 03:00:00+00:00,2116.62,2123.89,2115.78,2118.6,1990.58596
2026-05-18 04:00:00+00:00,2118.6,2125.59,2114.14,2124.75,1685.93506
2026-05-18 05:00:00+00:00,2124.75,2125.98,2116.82,2118.31,2474.08293
2026-05-18 06:00:00+00:00,2118.31,2121.36,2110.0,2119.08,3301.05251
2026-05-18 07:00:00+00:00,2119.08,2123.85,2111.93,2120.84,5117.33343
2026-05-18 08:00:00+00:00,2120.84,2124.55,2117.6,2121.59,4191.50771
2026-05-18 09:00:00+00:00,2121.59,2122.03,2115.9,2116.95,1517.62988
2026-05-18 10:00:00+00:00,2116.95,2117.77,2112.35,2114.36,2454.59917
2026-05-18 11:00:00+00:00,2114.36,2139.99,2110.23,2134.0,8024.96905
2026-05-18 12:00:00+00:00,2134.0,2157.5,2134.0,2151.42,10474.14258
2026-05-18 13:00:00+00:00,2151.42,2152.02,2120.28,2130.99,9726.5827
2026-05-18 14:00:00+00:00,2130.99,2131.01,2098.55,2109.94,17187.31535
2026-05-18 15:00:00+00:00,2109.94,2110.99,2093.28,2107.42,11272.20325
2026-05-18 16:00:00+00:00,2107.42,2111.37,2090.37,2097.56,5770.01349
2026-05-18 17:00:00+00:00,2097.56,2110.27,2095.31,2107.94,3657.31537
2026-05-18 18:00:00+00:00,2107.94,2109.1,2077.71,2081.2,6923.50022
2026-05-18 19:00:00+00:00,2081.2,2128.73,2079.29,2125.15,12776.30931
2026-05-18 20:00:00+00:00,2125.15,2131.06,2115.04,2117.69,4621.15107
2026-05-18 21:00:00+00:00,2117.69,2142.43,2114.51,2137.09,4721.97197
2026-05-18 22:00:00+00:00,2137.09,2142.4,2129.99,2135.7,4034.27949
2026-05-18 23:00:00+00:00,2135.7,2139.01,2127.64,2130.07,1533.84491
2026-05-19 00:00:00+00:00,2130.07,2147.76,2128.2,2135.89,2521.15506
2026-05-19 01:00:00+00:00,2135.89,2138.29,2123.56,2124.87,2649.61099
2026-05-19 02:00:00+00:00,2124.87,2135.63,2119.23,2123.17,2490.65284
2026-05-19 03:00:00+00:00,2123.17,2134.53,2121.86,2131.29,1763.18605
2026-05-19 04:00:00+00:00,2131.29,2136.78,2127.94,2133.74,1651.35047
2026-05-19 05:00:00+00:00,2133.74,2137.52,2123.3,2135.12,2381.35821
2026-05-19 06:00:00+00:00,2135.12,2140.39,2132.42,2137.25,2558.69685
2026-05-19 07:00:00+00:00,2137.25,2144.98,2135.06,2140.9,2665.06764
2026-05-19 08:00:00+00:00,2140.9,2141.49,2130.81,2133.46,3076.09436
2026-05-19 09:00:00+00:00,2133.46,2134.54,2111.01,2114.35,4596.43901
2026-05-19 10:00:00+00:00,2114.35,2122.15,2106.81,2118.59,3687.46196
2026-05-19 11:00:00+00:00,2118.59,2120.44,2109.21,2110.69,2167.05594
2026-05-19 12:00:00+00:00,2110.69,2119.51,2108.72,2118.26,1949.3581
2026-05-19 13:00:00+00:00,2118.26,2127.44,2107.59,2119.08,5966.91144
2026-05-19 14:00:00+00:00,2119.08,2123.68,2094.39,2106.66,9704.43195
2026-05-19 15:00:00+00:00,2106.66,2113.99,2103.77,2110.52,3553.00489
2026-05-19 16:00:00+00:00,2110.52,2122.55,2107.14,2121.17,3150.61486
2026-05-19 17:00:00+00:00,2121.17,2125.47,2112.86,2115.78,2784.34409
2026-05-19 18:00:00+00:00,2115.78,2119.71,2110.66,2115.28,2429.20251
2026-05-19 19:00:00+00:00,2115.28,2123.47,2110.4,2113.29,3855.49091
2026-05-19 20:00:00+00:00,2113.29,2118.98,2112.41,2118.54,1182.95448
2026-05-19 21:00:00+00:00,2118.54,2120.79,2116.7,2117.26,1721.78223
2026-05-19 22:00:00+00:00,2117.26,2117.26,2102.57,2106.33,2922.96479
2026-05-19 23:00:00+00:00,2106.33,2118.83,2104.65,2112.08,2017.18026
2026-05-20 00:00:00+00:00,2112.08,2115.87,2103.29,2111.38,3130.62444
2026-05-20 01:00:00+00:00,2111.38,2119.31,2103.1,2115.28,3402.13702
2026-05-20 02:00:00+00:00,2115.28,2117.18,2106.24,2109.38,1607.78892
2026-05-20 03:00:00+00:00,2109.38,2116.23,2106.01,2111.66,1174.15213
2026-05-20 04:00:00+00:00,2111.66,2114.8,2107.15,2113.39,1205.73856
2026-05-20 05:00:00+00:00,2113.39,2130.51,2113.39,2125.56,3121.88052
2026-05-20 06:00:00+00:00,2125.56,2134.61,2125.35,2134.06,2458.44913
2026-05-20 07:00:00+00:00,2134.06,2136.47,2128.42,2129.82,1711.96623
2026-05-20 08:00:00+00:00,2129.82,2138.26,2128.74,2131.88,3152.53415
2026-05-20 09:00:00+00:00,2131.88,2132.92,2127.52,2129.44,1447.44847
2026-05-20 10:00:00+00:00,2129.44,2137.08,2129.43,2130.77,1526.90947
2026-05-20 11:00:00+00:00,2130.77,2132.25,2124.31,2128.16,1212.855
2026-05-20 12:00:00+00:00,2128.16,2140.29,2126.85,2134.09,2360.71264
2026-05-20 13:00:00+00:00,2134.09,2135.63,2115.61,2120.73,4733.20439
2026-05-20 14:00:00+00:00,2120.73,2139.77,2113.89,2135.23,7670.4928
2026-05-20 15:00:00+00:00,2135.23,2149.57,2129.05,2136.83,6948.8646
2026-05-20 16:00:00+00:00,2136.83,2140.69,2124.07,2135.43,3787.14378
2026-05-20 17:00:00+00:00,2135.43,2148.98,2132.08,2140.48,4399.82356
2026-05-20 18:00:00+00:00,2140.48,2141.18,2131.27,2132.21,2768.38059
2026-05-20 19:00:00+00:00,2132.21,2142.21,2129.05,2139.3,2838.21886
2026-05-20 20:00:00+00:00,2139.3,2140.91,2129.41,2135.85,3575.03863
2026-05-20 21:00:00+00:00,2135.85,2138.69,2130.34,2130.5,1127.11963
2026-05-20 22:00:00+00:00,2130.5,2130.5,2118.32,2128.22,2542.85437
2026-05-20 23:00:00+00:00,2128.22,2130.34,2122.51,2129.47,1232.80788
2026-05-21 00:00:00+00:00,2129.47,2145.28,2128.47,2143.12,2842.09187
2026-05-21 01:00:00+00:00,2143.12,2158.2,2139.2,2141.23,9056.92449
2026-05-21 02:00:00+00:00,2141.23,2148.4,2139.56,2141.92,2460.84814
2026-05-21 03:00:00+00:00,2141.92,2147.31,2140.85,2145.98,1359.22276
2026-05-21 04:00:00+00:00,2145.98,2148.95,2142.72,2145.08,1947.04637
2026-05-21 05:00:00+00:00,2145.08,2148.6,2133.28,2136.52,2451.77527
2026-05-21 06:00:00+00:00,2136.52,2138.89,2127.72,2128.64,2462.47764
2026-05-21 07:00:00+00:00,2128.64,2136.98,2124.4,2135.0,2582.4406
2026-05-21 08:00:00+00:00,2135.0,2148.42,2134.91,2137.89,3735.29907
2026-05-21 09:00:00+00:00,2137.89,2140.99,2127.77,2128.08,2293.97639
2026-05-21 10:00:00+00:00,2128.08,2130.14,2108.12,2114.33,7061.18814
2026-05-21 11:00:00+00:00,2114.33,2119.74,2111.9,2115.0,2911.16474
2026-05-21 12:00:00+00:00,2115.0,2120.0,2112.07,2117.28,5892.67075
2026-05-21 13:00:00+00:00,2117.28,2124.41,2104.94,2120.49,6487.70062
2026-05-21 14:00:00+00:00,2120.49,2125.77,2110.7,2122.04,4817.73658
2026-05-21 15:00:00+00:00,2122.04,2138.48,2119.28,2132.44,6301.6413
2026-05-21 16:00:00+00:00,2132.44,2136.66,2123.0,2127.92,5069.29074
2026-05-21 17:00:00+00:00,2127.92,2154.14,2126.07,2146.83,13074.08525
2026-05-21 18:00:00+00:00,2146.83,2148.52,2121.5,2127.04,6362.93642
2026-05-21 19:00:00+00:00,2127.04,2146.38,2126.33,2143.08,3531.28714
2026-05-21 20:00:00+00:00,2143.08,2143.58,2137.16,2138.73,1918.34071
2026-05-21 21:00:00+00:00,2138.73,2141.18,2133.95,2135.49,1301.48434
2026-05-21 22:00:00+00:00,2135.49,2137.04,2131.03,2132.0,1654.34189
2026-05-21 23:00:00+00:00,2132.0,2136.97,2127.31,2133.98,1980.94721
2026-05-22 00:00:00+00:00,2133.98,2135.17,2129.26,2129.3,2539.21502
2026-05-22 01:00:00+00:00,2129.3,2137.17,2125.5,2135.97,3077.93279
2026-05-22 02:00:00+00:00,2135.97,2140.42,2134.39,2137.9,2717.72552
2026-05-22 03:00:00+00:00,2137.9,2141.5,2135.26,2138.02,926.71303
2026-05-22 04:00:00+00:00,2138.02,2141.49,2132.8,2134.02,1013.717
2026-05-22 05:00:00+00:00,2134.02,2136.21,2127.45,2129.42,1784.5501
2026-05-22 06:00:00+00:00,2129.42,2131.13,2123.93,2125.78,2188.02598
2026-05-22 07:00:00+00:00,2125.78,2132.85,2121.8,2128.78,2426.15099
2026-05-22 08:00:00+00:00,2128.78,2133.74,2119.68,2122.35,4793.55983
2026-05-22 09:00:00+00:00,2122.35,2125.1,2118.65,2123.72,3498.21572
2026-05-22 10:00:00+00:00,2123.72,2125.25,2120.77,2123.18,3170.11826
2026-05-22 11:00:00+00:00,2123.18,2131.22,2120.01,2130.84,3616.48579
2026-05-22 12:00:00+00:00,2130.84,2138.38,2129.26,2135.36,5764.50335
2026-05-22 13:00:00+00:00,2135.36,2136.0,2124.03,2130.28,8467.14869
2026-05-22 14:00:00+00:00,2130.28,2130.34,2112.51,2117.09,6364.04087
2026-05-22 15:00:00+00:00,2117.09,2125.62,2112.56,2119.42,3431.20804
2026-05-22 16:00:00+00:00,2119.42,2124.04,2117.53,2122.85,1936.10696
2026-05-22 17:00:00+00:00,2122.85,2130.0,2119.14,2119.64,4074.90697
2026-05-22 18:00:00+00:00,2119.64,2121.71,2084.46,2099.97,9503.32992
2026-05-22 19:00:00+00:00,2099.97,2103.22,2057.61,2065.66,16242.70605
2026-05-22 20:00:00+00:00,2065.66,2078.97,2064.45,2073.25,5639.98319
2026-05-22 21:00:00+00:00,2073.25,2079.9,2071.48,2078.37,2474.34321
2026-05-22 22:00:00+00:00,2078.37,2079.79,2066.6,2072.78,3313.72124
2026-05-22 23:00:00+00:00,2072.78,2077.17,2057.61,2066.0,4225.65081
2026-05-23 00:00:00+00:00,2066.0,2070.58,2052.71,2064.55,4698.69138
2026-05-23 01:00:00+00:00,2064.55,2069.96,2062.71,2069.0,2016.2897
2026-05-23 02:00:00+00:00,2069.0,2070.54,2065.0,2068.3,2840.52771
2026-05-23 03:00:00+00:00,2068.3,2072.04,2067.9,2070.77,784.8459
2026-05-23 04:00:00+00:00,2070.77,2071.12,2065.42,2067.24,742.89247
2026-05-23 05:00:00+00:00,2067.24,2067.82,2062.06,2064.97,1451.70209
2026-05-23 06:00:00+00:00,2064.97,2065.83,2060.58,2061.84,1019.55383
2026-05-23 07:00:00+00:00,2061.84,2063.12,2008.75,2028.58,29350.19054
2026-05-23 08:00:00+00:00,2028.58,2032.52,2021.29,2030.36,8564.02392
2026-05-23 09:00:00+00:00,2030.36,2031.17,2027.06,2027.38,2421.89983
2026-05-23 10:00:00+00:00,2027.38,2033.51,2026.93,2031.44,1440.39129
2026-05-23 11:00:00+00:00,2031.44,2036.01,2030.7,2031.52,2042.40145
2026-05-23 12:00:00+00:00,2031.52,2032.17,2027.23,2031.2,1791.18465
2026-05-23 13:00:00+00:00,2031.2,2046.23,2031.18,2044.88,6126.28689
2026-05-23 14:00:00+00:00,2044.88,2065.37,2041.12,2061.55,6805.18159
2026-05-23 15:00:00+00:00,2061.55,2068.65,2055.64,2060.37,7715.55094
2026-05-23 16:00:00+00:00,2060.37,2065.37,2057.33,2061.67,6486.10559
2026-05-23 17:00:00+00:00,2061.67,2065.94,2059.39,2064.24,4266.12914
2026-05-23 18:00:00+00:00,2064.24,2083.99,2063.87,2074.51,15982.38147
2026-05-23 19:00:00+00:00,2074.51,2081.26,2069.83,2077.49,5367.88913
2026-05-23 20:00:00+00:00,2077.49,2146.96,2074.75,2146.18,30628.97447
2026-05-23 21:00:00+00:00,2146.18,2149.63,2105.79,2116.85,10095.13115
2026-05-23 22:00:00+00:00,2116.85,2120.32,2103.33,2116.74,3388.92197
2026-05-23 23:00:00+00:00,2116.74,2122.02,2114.41,2117.68,1921.46869
2026-05-24 00:00:00+00:00,2117.68,2121.54,2112.82,2119.38,2406.27509
2026-05-24 01:00:00+00:00,2119.38,2125.98,2118.11,2122.46,2736.19623
2026-05-24 02:00:00+00:00,2122.46,2125.59,2118.2,2122.54,2002.06095
2026-05-24 03:00:00+00:00,2122.54,2127.4,2116.71,2119.03,1946.00367
2026-05-24 04:00:00+00:00,2119.03,2123.92,2119.03,2120.27,1170.6204
2026-05-24 05:00:00+00:00,2120.27,2121.44,2113.85,2120.05,1386.7374
2026-05-24 06:00:00+00:00,2120.05,2130.35,2117.59,2128.13,2425.28935
2026-05-24 07:00:00+00:00,2128.13,2129.82,2119.23,2120.85,2187.32269
2026-05-24 08:00:00+00:00,2120.85,2123.36,2119.1,2120.41,2454.23397
2026-05-24 09:00:00+00:00,2120.41,2124.79,2119.12,2123.55,1739.45417
2026-05-24 10:00:00+00:00,2123.55,2133.22,2119.4,2122.4,3110.61521
2026-05-24 11:00:00+00:00,2122.4,2127.62,2122.2,2126.23,1624.0957
2026-05-24 12:00:00+00:00,2126.23,2126.78,2117.36,2120.08,1951.47369
2026-05-24 13:00:00+00:00,2120.08,2121.11,2106.11,2110.42,4397.11538
2026-05-24 14:00:00+00:00,2110.42,2113.44,2078.84,2098.14,13957.87142
2026-05-24 15:00:00+00:00,2098.14,2099.99,2094.01,2095.82,1859.58739
2026-05-24 16:00:00+00:00,2095.82,2109.07,2095.04,2103.66,2617.27854
2026-05-24 17:00:00+00:00,2103.66,2106.73,2101.43,2102.99,1614.37735
2026-05-24 18:00:00+00:00,2102.99,2104.89,2097.78,2099.87,1401.71001
2026-05-24 19:00:00+00:00,2099.87,2102.79,2096.27,2100.9,1260.32493
2026-05-24 20:00:00+00:00,2100.9,2102.16,2091.72,2093.15,2066.25757
2026-05-24 21:00:00+00:00,2093.15,2098.99,2062.62,2070.75,5903.35311
2026-05-24 22:00:00+00:00,2070.75,2099.71,2070.22,2092.35,4890.55321
2026-05-24 23:00:00+00:00,2092.35,2106.85,2091.49,2099.8,2930.42549
2026-05-25 00:00:00+00:00,2099.8,2109.53,2099.8,2105.15,2659.26133
2026-05-25 01:00:00+00:00,2105.15,2108.15,2093.31,2094.22,2013.59184
2026-05-25 02:00:00+00:00,2094.22,2113.23,2094.22,2098.2,2782.64622
2026-05-25 03:00:00+00:00,2098.2,2100.4,2092.41,2095.55,1922.25537
2026-05-25 04:00:00+00:00,2095.55,2108.63,2092.1,2106.03,2611.09479
2026-05-25 05:00:00+00:00,2106.03,2111.67,2104.29,2108.57,3888.85895
2026-05-25 06:00:00+00:00,2108.57,2111.81,2099.67,2109.33,6796.21525
2026-05-25 07:00:00+00:00,2109.33,2117.64,2106.25,2116.3,5275.73896
2026-05-25 08:00:00+00:00,2116.3,2117.87,2111.78,2116.72,2591.51443
2026-05-25 09:00:00+00:00,2116.72,2124.61,2116.06,2117.04,4194.59082
2026-05-25 10:00:00+00:00,2117.04,2121.48,2114.85,2117.16,1343.09228
2026-05-25 11:00:00+00:00,2117.16,2120.54,2114.39,2115.45,3258.67183
2026-05-25 12:00:00+00:00,2115.45,2119.81,2112.49,2117.37,4779.95926
2026-05-25 13:00:00+00:00,2117.37,2120.11,2114.48,2116.45,1659.08136
2026-05-25 14:00:00+00:00,2116.45,2130.65,2115.76,2128.61,5266.04494
2026-05-25 15:00:00+00:00,2128.61,2138.64,2122.93,2127.35,6045.60914
2026-05-25 16:00:00+00:00,2127.35,2142.44,2125.32,2136.56,5833.37038
2026-05-25 17:00:00+00:00,2136.56,2140.95,2128.44,2129.02,3669.07209
2026-05-25 18:00:00+00:00,2129.02,2134.08,2126.76,2127.12,1926.9923
2026-05-25 19:00:00+00:00,2127.12,2127.24,2116.8,2121.49,2660.44018
2026-05-25 20:00:00+00:00,2121.49,2123.53,2107.58,2108.92,3001.701
2026-05-25 21:00:00+00:00,2108.92,2113.23,2107.99,2111.1,1664.57343
2026-05-25 22:00:00+00:00,2111.1,2115.86,2102.43,2103.79,3300.92158
2026-05-25 23:00:00+00:00,2103.79,2113.87,2102.41,2112.78,1422.25688
2026-05-26 00:00:00+00:00,2112.78,2113.96,2084.85,2097.6,7747.74989
2026-05-26 01:00:00+00:00,2097.6,2100.42,2087.7,2094.47,4367.49388
2026-05-26 02:00:00+00:00,2094.47,2095.9,2084.7,2088.9,4513.11426
2026-05-26 03:00:00+00:00,2088.9,2094.35,2084.55,2093.29,2802.88262
2026-05-26 04:00:00+00:00,2093.29,2096.52,2088.81,2093.7,2089.80336
2026-05-26 05:00:00+00:00,2093.7,2103.78,2092.0,2101.07,2409.71874
2026-05-26 06:00:00+00:00,2101.07,2104.86,2094.8,2101.94,2448.94877
2026-05-26 07:00:00+00:00,2101.94,2102.84,2090.71,2095.51,4511.60896
2026-05-26 08:00:00+00:00,2095.51,2100.43,2095.14,2097.65,1388.46152
2026-05-26 09:00:00+00:00,2097.65,2100.21,2094.21,2096.9,2383.62616
2026-05-26 10:00:00+00:00,2096.9,2137.56,2094.36,2127.81,11772.54953
2026-05-26 11:00:00+00:00,2127.81,2130.81,2118.37,2120.9,3866.51591
2026-05-26 12:00:00+00:00,2120.9,2127.0,2111.21,2126.62,4524.63805
2026-05-26 13:00:00+00:00,2126.62,2131.67,2109.52,2125.5,7024.8571
2026-05-26 14:00:00+00:00,2125.5,2140.79,2106.16,2109.33,13351.22213
2026-05-26 15:00:00+00:00,2109.33,2112.25,2078.51,2087.3,12852.01593
2026-05-26 16:00:00+00:00,2087.3,2090.21,2069.44,2079.71,12939.7912
2026-05-26 17:00:00+00:00,2079.71,2084.12,2054.58,2070.74,12586.07655
2026-05-26 18:00:00+00:00,2070.74,2081.04,2066.19,2068.61,3987.63197
2026-05-26 19:00:00+00:00,2068.61,2077.1,2065.41,2074.34,2405.04473
2026-05-26 20:00:00+00:00,2074.34,2078.62,2073.75,2078.28,2174.77582
2026-05-26 21:00:00+00:00,2078.28,2078.68,2069.12,2072.89,1675.50654
2026-05-26 22:00:00+00:00,2072.89,2076.51,2065.62,2068.72,3335.14939
2026-05-26 23:00:00+00:00,2068.72,2076.64,2068.72,2073.62,4557.81579
2026-05-27 00:00:00+00:00,2073.62,2084.2,2073.25,2083.28,2992.74257
2026-05-27 01:00:00+00:00,2083.28,2084.12,2071.4,2074.46,2451.23899
2026-05-27 02:00:00+00:00,2074.46,2076.25,2068.89,2076.25,2128.57175
2026-05-27 03:00:00+00:00,2076.25,2080.12,2068.44,2069.84,2239.64225
2026-05-27 04:00:00+00:00,2069.84,2073.26,2056.08,2072.15,4443.25264
2026-05-27 05:00:00+00:00,2072.15,2079.13,2071.59,2077.14,2381.14769
2026-05-27 06:00:00+00:00,2077.14,2081.43,2074.88,2079.6,1918.93343
2026-05-27 07:00:00+00:00,2079.6,2084.21,2075.83,2083.46,1937.85999
2026-05-27 08:00:00+00:00,2083.46,2096.84,2083.29,2085.06,7582.27971
2026-05-27 09:00:00+00:00,2085.06,2087.91,2078.34,2083.39,2719.64712
2026-05-27 10:00:00+00:00,2083.39,2087.99,2079.45,2079.59,2048.50805
2026-05-27 11:00:00+00:00,2079.59,2085.38,2078.54,2080.62,2738.13658
2026-05-27 12:00:00+00:00,2080.62,2097.25,2074.0,2078.72,5291.41148
2026-05-27 13:00:00+00:00,2078.72,2080.76,2051.58,2064.47,11155.63007
2026-05-27 14:00:00+00:00,2064.47,2072.07,2054.63,2062.69,6033.24101
2026-05-27 15:00:00+00:00,2062.69,2079.81,2061.24,2071.59,4731.71393
2026-05-27 16:00:00+00:00,2071.59,2074.54,2060.06,2070.13,3320.48313
2026-05-27 17:00:00+00:00,2070.13,2070.45,2044.56,2052.05,7198.06179
2026-05-27 18:00:00+00:00,2052.05,2057.05,2043.44,2056.68,3078.48786
2026-05-27 19:00:00+00:00,2056.68,2061.25,2054.34,2057.66,2484.41458
2026-05-27 20:00:00+00:00,2057.66,2066.35,2057.03,2063.19,2313.25411
2026-05-27 21:00:00+00:00,2063.19,2063.19,2015.3,2021.21,9154.93305
2026-05-27 22:00:00+00:00,2021.21,2035.14,2016.08,2025.32,6662.91632
2026-05-27 23:00:00+00:00,2025.32,2030.3,2017.77,2024.81,4522.45924
2026-05-28 00:00:00+00:00,2024.81,2029.11,2020.63,2028.12,2904.73889
2026-05-28 01:00:00+00:00,2028.12,2029.11,2012.59,2020.39,4920.78416
2026-05-28 02:00:00+00:00,2020.39,2021.9,2014.51,2017.54,2312.50695
2026-05-28 03:00:00+00:00,2017.54,2020.84,1969.0,1981.18,22123.5691
2026-05-28 04:00:00+00:00,1981.18,1986.13,1967.09,1981.98,11276.93233
2026-05-28 05:00:00+00:00,1981.98,1983.44,1975.15,1978.28,4999.0755
2026-05-28 06:00:00+00:00,1978.28,1984.36,1972.01,1983.73,4699.75088
2026-05-28 07:00:00+00:00,1983.73,1996.46,1982.07,1995.23,5837.82124
2026-05-28 08:00:00+00:00,1995.23,1996.13,1984.82,1988.1,3510.67855
2026-05-28 09:00:00+00:00,1988.1,1995.41,1984.6,1993.89,2986.53537
2026-05-28 10:00:00+00:00,1993.89,1998.66,1988.39,1990.21,3313.63599
2026-05-28 11:00:00+00:00,1990.21,1992.84,1986.36,1989.56,2985.41418
2026-05-28 12:00:00+00:00,1989.56,1994.6,1981.06,1991.96,5715.89399
2026-05-28 13:00:00+00:00,1991.96,1995.15,1975.13,1981.44,7951.1269
2026-05-28 14:00:00+00:00,1981.44,2002.67,1967.02,1993.48,14366.89274
2026-05-28 15:00:00+00:00,1993.48,1999.37,1983.76,1990.59,4673.3008
2026-05-28 16:00:00+00:00,1990.59,2015.4,1985.0,2013.34,6824.07385
2026-05-28 17:00:00+00:00,2013.34,2027.21,2009.09,2019.58,11172.93623
2026-05-28 18:00:00+00:00,2019.58,2030.37,2018.26,2025.08,6168.76603
2026-05-28 19:00:00+00:00,2025.08,2025.22,2013.92,2014.5,3806.92621
2026-05-28 20:00:00+00:00,2014.5,2020.19,2006.45,2014.06,4741.71963
2026-05-28 21:00:00+00:00,2014.06,2024.57,2013.35,2019.97,2982.36474
2026-05-28 22:00:00+00:00,2019.97,2022.98,2005.2,2005.6,2528.93232
2026-05-28 23:00:00+00:00,2005.6,2012.34,2005.6,2009.82,1564.15131
2026-05-29 00:00:00+00:00,2009.82,2017.35,2009.81,2012.34,2626.33445
2026-05-29 01:00:00+00:00,2012.34,2016.72,2005.89,2008.02,3118.23483
2026-05-29 02:00:00+00:00,2008.02,2010.73,1997.01,1999.02,5398.931
2026-05-29 03:00:00+00:00,1999.02,2007.69,1999.02,2002.66,2621.31907
2026-05-29 04:00:00+00:00,2002.66,2008.5,1998.14,2008.4,1909.89051
2026-05-29 05:00:00+00:00,2008.4,2015.45,2007.91,2014.47,2045.67181
2026-05-29 06:00:00+00:00,2014.47,2021.53,2012.18,2018.14,1920.20448
2026-05-29 07:00:00+00:00,2018.14,2019.95,2003.63,2007.7,6896.26103
2026-05-29 08:00:00+00:00,2007.7,2013.91,2005.5,2006.39,3056.73006
2026-05-29 09:00:00+00:00,2006.39,2016.36,2006.03,2014.78,2912.92456
2026-05-29 10:00:00+00:00,2014.78,2014.99,2009.7,2010.94,2985.68245
2026-05-29 11:00:00+00:00,2010.94,2014.44,2002.23,2007.51,3233.57502
2026-05-29 12:00:00+00:00,2007.51,2007.52,1994.91,1999.59,3662.04793
2026-05-29 13:00:00+00:00,1999.59,2006.27,1988.12,1999.62,5532.92832
2026-05-29 14:00:00+00:00,1999.62,2004.82,1976.51,2001.69,12062.38876
2026-05-29 15:00:00+00:00,2001.69,2046.51,1999.33,2031.58,20404.86643
2026-05-29 16:00:00+00:00,2031.58,2043.69,2021.79,2040.64,11119.61206
2026-05-29 17:00:00+00:00,2040.64,2044.4,2026.11,2028.42,5200.64941
2026-05-29 18:00:00+00:00,2028.42,2031.76,2005.08,2011.46,7545.50228
2026-05-29 19:00:00+00:00,2011.46,2022.64,2004.83,2017.04,3712.55643
2026-05-29 20:00:00+00:00,2017.04,2023.91,2015.13,2018.43,3141.44958
2026-05-29 21:00:00+00:00,2018.43,2024.17,2007.71,2009.63,4047.57323
2026-05-29 22:00:00+00:00,2009.63,2017.45,2007.74,2013.76,2350.49665
2026-05-29 23:00:00+00:00,2013.76,2015.65,2006.88,2014.37,2581.67442
2026-05-30 00:00:00+00:00,2014.37,2016.8,2010.48,2014.81,1689.41036
2026-05-30 01:00:00+00:00,2014.81,2021.61,2013.46,2019.57,1927.69913
2026-05-30 02:00:00+00:00,2019.57,2021.38,2016.93,2021.29,1155.14251
2026-05-30 03:00:00+00:00,2021.29,2023.51,2014.83,2016.84,2760.85498
2026-05-30 04:00:00+00:00,2016.84,2018.54,2001.85,2010.92,3516.81333
2026-05-30 05:00:00+00:00,2010.92,2019.08,2007.97,2015.69,2528.7221
2026-05-30 06:00:00+00:00,2015.69,2020.51,2012.67,2016.89,1357.89723
2026-05-30 07:00:00+00:00,2016.89,2017.74,2013.39,2016.21,1542.22805
2026-05-30 08:00:00+00:00,2016.21,2016.23,2013.7,2014.24,657.42052
2026-05-30 09:00:00+00:00,2014.24,2017.26,2013.74,2016.64,656.32264
2026-05-30 10:00:00+00:00,2016.64,2022.21,2016.28,2017.86,1859.33062
2026-05-30 11:00:00+00:00,2017.86,2019.14,2015.23,2017.45,1319.03016
2026-05-30 12:00:00+00:00,2017.45,2020.32,2017.05,2019.87,1192.61624
2026-05-30 13:00:00+00:00,2019.87,2022.63,2017.29,2020.74,1352.25916
2026-05-30 14:00:00+00:00,2020.74,2030.79,2020.44,2026.63,3402.60158
2026-05-30 15:00:00+00:00,2026.63,2032.18,2024.15,2026.65,2832.36695
2026-05-30 16:00:00+00:00,2026.65,2028.43,2024.5,2026.97,1168.0167
2026-05-30 17:00:00+00:00,2026.97,2028.98,2019.44,2027.09,1942.46267
2026-05-30 18:00:00+00:00,2027.09,2030.27,2024.53,2027.51,1819.73916
2026-05-30 19:00:00+00:00,2027.51,2029.2,2024.47,2028.8,1877.31206
2026-05-30 20:00:00+00:00,2028.8,2029.72,2025.76,2027.2,1516.96871
2026-05-30 21:00:00+00:00,2027.2,2031.61,2027.2,2028.5,1569.35354
2026-05-30 22:00:00+00:00,2028.5,2028.58,2020.81,2023.35,1703.82886
2026-05-30 23:00:00+00:00,2023.35,2026.35,2020.01,2022.65,1235.73086
2026-05-31 00:00:00+00:00,2022.65,2027.84,2020.58,2026.96,1241.84411
2026-05-31 01:00:00+00:00,2026.96,2034.2,2026.62,2029.19,3177.0846
2026-05-31 02:00:00+00:00,2029.19,2037.94,2027.81,2034.3,5788.26429
2026-05-31 03:00:00+00:00,2034.3,2036.78,2031.9,2033.48,1686.55572
2026-05-31 04:00:00+00:00,2033.48,2035.03,2031.27,2033.73,906.76225
2026-05-31 05:00:00+00:00,2033.73,2033.92,2029.38,2030.19,1352.19448
2026-05-31 06:00:00+00:00,2030.19,2031.06,2028.52,2029.61,1532.214
2026-05-31 07:00:00+00:00,2029.61,2029.62,2022.31,2024.02,1503.40143
2026-05-31 08:00:00+00:00,2024.02,2029.07,2022.89,2027.54,2390.01016
2026-05-31 09:00:00+00:00,2027.54,2028.47,2018.4,2020.99,2756.53812
2026-05-31 10:00:00+00:00,2020.99,2021.64,2015.15,2020.94,3196.78479
2026-05-31 11:00:00+00:00,2020.94,2024.27,2020.92,2023.12,1170.3794
2026-05-31 12:00:00+00:00,2023.12,2025.19,2019.34,2022.35,1522.10594
2026-05-31 13:00:00+00:00,2022.35,2026.51,2019.59,2020.38,1361.84417
2026-05-31 14:00:00+00:00,2020.38,2021.66,2005.69,2007.87,8605.32141
2026-05-31 15:00:00+00:00,2007.87,2015.35,2007.19,2010.4,3532.47881
2026-05-31 16:00:00+00:00,2010.4,2012.49,1998.24,2002.17,4269.97048
2026-05-31 17:00:00+00:00,2002.17,2008.07,1997.02,2006.07,2633.66542
2026-05-31 18:00:00+00:00,2006.07,2006.38,1999.04,2000.7,1725.85292
2026-05-31 19:00:00+00:00,2000.7,2002.66,1993.83,1999.6,2164.80608
2026-05-31 20:00:00+00:00,1999.6,2008.71,1999.6,2007.26,1567.12516
2026-05-31 21:00:00+00:00,2007.26,2014.68,2005.17,2012.39,3224.64875
2026-05-31 22:00:00+00:00,2012.39,2014.6,2004.73,2012.67,3107.2769
2026-05-31 23:00:00+00:00,2012.67,2023.25,1999.8,2007.17,3901.59837
2026-06-01 00:00:00+00:00,2007.17,2021.36,2006.19,2015.58,6532.52475
2026-06-01 01:00:00+00:00,2015.58,2016.95,1994.15,1994.84,3955.21278
2026-06-01 02:00:00+00:00,1994.84,2017.82,1990.96,2011.58,5029.36938
2026-06-01 03:00:00+00:00,2011.58,2018.17,2008.82,2009.4,3714.16531
2026-06-01 04:00:00+00:00,2009.4,2012.29,1993.81,1999.89,4753.79689
2026-06-01 05:00:00+00:00,1999.89,2002.01,1991.71,1994.66,3976.71938
2026-06-01 06:00:00+00:00,1994.66,1995.49,1980.16,1987.86,8668.05855
2026-06-01 07:00:00+00:00,1987.86,1990.0,1971.7,1976.32,9484.05176
2026-06-01 08:00:00+00:00,1976.32,1985.0,1971.67,1984.0,9962.55812
2026-06-01 09:00:00+00:00,1984.0,1990.0,1983.76,1987.72,4745.88308
2026-06-01 10:00:00+00:00,1987.72,1989.06,1980.82,1984.42,3765.5097
2026-06-01 11:00:00+00:00,1984.42,1987.04,1976.22,1981.53,4334.63589
2026-06-01 12:00:00+00:00,1981.53,1994.46,1967.96,1989.55,17495.39938
2026-06-01 13:00:00+00:00,1989.55,1990.54,1956.73,1971.36,25463.97861
2026-06-01 14:00:00+00:00,1971.36,1977.47,1964.15,1968.44,11670.78536
2026-06-01 15:00:00+00:00,1968.44,1980.24,1960.17,1968.38,10215.68264
2026-06-01 16:00:00+00:00,1968.38,1978.74,1958.65,1977.9,11349.47267
2026-06-01 17:00:00+00:00,1977.9,1996.77,1977.5,1990.56,11981.86169
2026-06-01 18:00:00+00:00,1990.56,1995.84,1983.31,1992.56,4788.24128
2026-06-01 19:00:00+00:00,1992.56,2008.91,1991.73,2004.51,6407.88648
2026-06-01 20:00:00+00:00,2004.51,2008.8,2000.75,2005.66,2906.14679
2026-06-01 21:00:00+00:00,2005.66,2009.62,1992.36,1994.32,6345.95239
2026-06-01 22:00:00+00:00,1994.32,2006.04,1983.66,2004.33,6181.37419
2026-06-01 23:00:00+00:00,2004.33,2008.71,1997.93,2006.59,4671.17738
2026-06-02 00:00:00+00:00,2006.59,2006.97,1995.34,1996.54,2626.32829
2026-06-02 01:00:00+00:00,1996.54,1999.13,1978.93,1980.13,5966.9302
2026-06-02 02:00:00+00:00,1980.13,1996.95,1962.36,1996.95,9071.4693
2026-06-02 03:00:00+00:00,1996.95,2005.71,1994.96,2003.92,3424.97998
2026-06-02 04:00:00+00:00,2003.92,2006.46,1995.77,1996.86,3115.21248
2026-06-02 05:00:00+00:00,1996.86,2001.14,1984.1,1984.71,10094.45601
2026-06-02 06:00:00+00:00,1984.71,1988.91,1977.85,1982.32,7981.62532
2026-06-02 07:00:00+00:00,1982.32,1990.2,1973.44,1981.72,6716.43245
2026-06-02 08:00:00+00:00,1981.72,1989.17,1976.67,1979.42,8407.6211
2026-06-02 09:00:00+00:00,1979.42,1979.96,1966.46,1975.13,8786.16733
2026-06-02 10:00:00+00:00,1975.13,1983.9,1971.53,1983.4,4619.45191
2026-06-02 11:00:00+00:00,1983.4,1983.86,1975.43,1978.24,2961.58644
2026-06-02 12:00:00+00:00,1978.24,1982.79,1972.17,1976.26,5904.40492
2026-06-02 13:00:00+00:00,1976.26,1981.96,1970.74,1974.32,12578.66413
2026-06-02 14:00:00+00:00,1974.32,1975.4,1925.0,1941.63,33886.00112
2026-06-02 15:00:00+00:00,1941.63,1941.87,1888.93,1915.27,47658.3139
2026-06-02 16:00:00+00:00,1915.27,1944.43,1909.69,1920.74,20698.7205
2026-06-02 17:00:00+00:00,1920.74,1931.65,1919.54,1924.14,7447.02062
2026-06-02 18:00:00+00:00,1924.14,1928.1,1903.55,1913.05,8318.52267
2026-06-02 19:00:00+00:00,1913.05,1917.98,1881.43,1912.31,21129.09331
2026-06-02 20:00:00+00:00,1912.31,1919.2,1895.2,1906.48,19408.72633
2026-06-02 21:00:00+00:00,1906.48,1911.5,1897.12,1900.49,7624.58791
2026-06-02 22:00:00+00:00,1900.49,1909.79,1861.38,1868.74,25874.14832
2026-06-02 23:00:00+00:00,1868.74,1873.72,1838.1,1860.18,31438.53741
2026-06-03 00:00:00+00:00,1860.18,1874.59,1854.85,1867.19,12962.15385
2026-06-03 01:00:00+00:00,1867.19,1870.14,1849.49,1864.62,7364.97804
2026-06-03 02:00:00+00:00,1864.62,1865.16,1851.16,1854.34,6321.67362
2026-06-03 03:00:00+00:00,1854.34,1856.86,1816.77,1827.82,25508.23439
2026-06-03 04:00:00+00:00,1827.82,1851.87,1827.47,1850.78,13213.91504
2026-06-03 05:00:00+00:00,1850.78,1876.66,1849.55,1873.48,15680.12189
2026-06-03 06:00:00+00:00,1873.48,1884.5,1870.48,1872.02,11404.25504
2026-06-03 07:00:00+00:00,1872.02,1880.62,1868.08,1878.57,5804.56524
2026-06-03 08:00:00+00:00,1878.57,1883.72,1873.39,1880.15,10605.20717
2026-06-03 09:00:00+00:00,1880.15,1886.98,1870.0,1876.42,11373.5499
2026-06-03 10:00:00+00:00,1876.42,1892.95,1874.95,1884.93,9475.68649
2026-06-03 11:00:00+00:00,1884.93,1888.75,1876.31,1878.23,5968.63855
2026-06-03 12:00:00+00:00,1878.23,1880.17,1868.0,1876.64,9911.1267
2026-06-03 13:00:00+00:00,1876.64,1880.27,1861.34,1867.64,12928.54785
2026-06-03 14:00:00+00:00,1867.64,1868.86,1852.58,1858.84,15019.22426
2026-06-03 15:00:00+00:00,1858.84,1860.08,1836.2,1837.13,12472.65698
2026-06-03 16:00:00+00:00,1837.13,1844.04,1811.0,1832.62,22540.02275
2026-06-03 17:00:00+00:00,1832.62,1839.32,1818.16,1828.1,14745.10502
2026-06-03 18:00:00+00:00,1828.1,1834.46,1821.0,1832.3,6211.12979
2026-06-03 19:00:00+00:00,1832.3,1833.69,1795.66,1803.39,17677.03447
2026-06-03 20:00:00+00:00,1803.39,1813.33,1768.94,1781.37,23750.99701
2026-06-03 21:00:00+00:00,1781.37,1850.43,1777.41,1850.31,19946.88218
2026-06-03 22:00:00+00:00,1850.31,1852.74,1822.89,1829.03,15729.87996
2026-06-03 23:00:00+00:00,1829.03,1831.23,1812.73,1813.36,11355.07798
2026-06-04 00:00:00+00:00,1813.36,1820.85,1782.36,1793.88,23936.1433
2026-06-04 01:00:00+00:00,1793.88,1801.09,1755.03,1759.98,24185.0761
2026-06-04 02:00:00+00:00,1759.98,1778.96,1716.44,1766.97,41110.9058
2026-06-04 03:00:00+00:00,1766.97,1812.98,1766.33,1809.32,21838.07401
2026-06-04 04:00:00+00:00,1809.32,1818.09,1802.59,1805.48,9877.19692
2026-06-04 05:00:00+00:00,1805.48,1805.48,1780.0,1784.01,22919.40568
2026-06-04 06:00:00+00:00,1784.01,1801.75,1781.9,1789.91,12453.69258
2026-06-04 07:00:00+00:00,1789.91,1790.83,1773.27,1777.28,15987.67739
2026-06-04 08:00:00+00:00,1777.28,1783.3,1763.65,1773.59,21585.52998
2026-06-04 09:00:00+00:00,1773.59,1774.13,1744.35,1766.27,25216.26041
2026-06-04 10:00:00+00:00,1766.27,1767.45,1730.07,1737.04,32102.63249
2026-06-04 11:00:00+00:00,1737.04,1754.91,1732.67,1751.33,18416.40393
2026-06-04 12:00:00+00:00,1751.33,1782.68,1743.77,1778.1,25922.19946
2026-06-04 13:00:00+00:00,1778.1,1790.5,1755.27,1785.53,27744.63078
2026-06-04 14:00:00+00:00,1785.53,1794.8,1766.22,1774.46,20024.16677
2026-06-04 15:00:00+00:00,1774.46,1791.78,1770.3,1776.81,18738.22758
2026-06-04 16:00:00+00:00,1776.81,1781.17,1765.96,1772.22,14245.02869
2026-06-04 17:00:00+00:00,1772.22,1776.28,1754.01,1767.84,17128.70273
2026-06-04 18:00:00+00:00,1767.84,1784.44,1759.79,1775.96,15196.17546
2026-06-04 19:00:00+00:00,1775.96,1787.22,1770.75,1776.87,12286.27828
2026-06-04 20:00:00+00:00,1776.87,1777.58,1764.5,1774.85,11663.38406
2026-06-04 21:00:00+00:00,1774.85,1783.21,1756.32,1760.95,11491.79822
2026-06-04 22:00:00+00:00,1760.95,1770.42,1752.22,1768.5,18677.25847
2026-06-04 23:00:00+00:00,1768.5,1777.36,1757.08,1770.63,10220.803
2026-06-05 00:00:00+00:00,1770.63,1774.84,1758.24,1759.26,12209.02587
2026-06-05 01:00:00+00:00,1759.26,1764.31,1746.38,1753.33,25719.03395
2026-06-05 02:00:00+00:00,1753.33,1755.19,1727.08,1730.2,25312.75684
2026-06-05 03:00:00+00:00,1730.2,1739.9,1722.17,1729.68,24692.01404
2026-06-05 04:00:00+00:00,1729.68,1746.12,1716.0,1744.5,24311.51032
2026-06-05 05:00:00+00:00,1744.5,1747.88,1680.61,1684.28,43957.1677
2026-06-05 06:00:00+00:00,1684.28,1689.33,1624.0,1656.49,85291.45267
2026-06-05 07:00:00+00:00,1656.49,1680.19,1633.1,1679.4,53747.93112
2026-06-05 08:00:00+00:00,1679.4,1679.97,1659.39,1663.98,17315.41123
2026-06-05 09:00:00+00:00,1663.98,1690.21,1662.57,1682.86,17834.34238
2026-06-05 10:00:00+00:00,1682.86,1685.38,1671.61,1676.9,13220.94158
2026-06-05 11:00:00+00:00,1676.9,1682.03,1662.9,1663.38,16548.63488
2026-06-05 12:00:00+00:00,1663.38,1672.0,1645.89,1657.05,33641.94745
2026-06-05 13:00:00+00:00,1657.05,1678.4,1612.84,1614.78,47219.05132
2026-06-05 14:00:00+00:00,1614.78,1624.72,1591.56,1600.64,71398.34644
2026-06-05 15:00:00+00:00,1600.64,1607.51,1572.3,1583.24,54348.77011
2026-06-05 16:00:00+00:00,1583.24,1612.4,1547.67,1608.48,71751.90446
2026-06-05 17:00:00+00:00,1608.48,1613.18,1587.79,1594.4,26175.43639
2026-06-05 18:00:00+00:00,1594.4,1598.97,1546.14,1553.18,42316.46042
2026-06-05 19:00:00+00:00,1553.18,1580.31,1540.0,1574.22,41472.91987
2026-06-05 20:00:00+00:00,1574.22,1610.63,1557.26,1603.44,29886.43268
2026-06-05 21:00:00+00:00,1603.44,1619.61,1602.17,1610.04,17378.07382
2026-06-05 22:00:00+00:00,1610.04,1610.55,1589.32,1597.37,17999.94312
2026-06-05 23:00:00+00:00,1597.37,1604.31,1560.14,1583.48,19436.29947
2026-06-06 00:00:00+00:00,1583.48,1601.39,1582.71,1593.0,7814.11546
2026-06-06 01:00:00+00:00,1593.0,1596.92,1578.12,1583.12,6263.38108
2026-06-06 02:00:00+00:00,1583.12,1585.79,1566.6,1576.11,9215.57241
2026-06-06 03:00:00+00:00,1576.11,1576.42,1555.0,1563.57,10511.87304
2026-06-06 04:00:00+00:00,1563.57,1569.74,1510.0,1522.4,44597.32739
2026-06-06 05:00:00+00:00,1522.4,1569.76,1505.35,1566.77,28683.94496
2026-06-06 06:00:00+00:00,1566.77,1582.0,1555.84,1560.26,21973.13429
2026-06-06 07:00:00+00:00,1560.26,1580.58,1556.03,1575.35,11689.32183
2026-06-06 08:00:00+00:00,1575.35,1593.93,1570.15,1582.7,15953.33122
2026-06-06 09:00:00+00:00,1582.7,1588.77,1565.62,1570.87,12308.90896
2026-06-06 10:00:00+00:00,1570.87,1570.87,1535.43,1548.1,29202.17057
2026-06-06 11:00:00+00:00,1548.1,1567.48,1547.05,1558.85,10126.74398
2026-06-06 12:00:00+00:00,1558.85,1575.46,1551.43,1571.15,13291.26289
2026-06-06 13:00:00+00:00,1571.15,1573.45,1553.96,1557.2,8459.60493
2026-06-06 14:00:00+00:00,1557.2,1566.84,1556.01,1557.79,8151.95693
2026-06-06 15:00:00+00:00,1557.79,1566.13,1545.0,1560.59,13264.58792
2026-06-06 16:00:00+00:00,1560.59,1565.93,1552.67,1563.4,10183.65044
2026-06-06 17:00:00+00:00,1563.4,1566.79,1546.88,1553.45,14576.50118
2026-06-06 18:00:00+00:00,1553.45,1566.32,1549.88,1556.64,10512.64399
2026-06-06 19:00:00+00:00,1556.64,1563.93,1553.33,1554.47,5814.76906
2026-06-06 20:00:00+00:00,1554.47,1560.27,1550.84,1557.59,6823.33421
2026-06-06 21:00:00+00:00,1557.59,1565.21,1557.59,1558.14,4170.73436
2026-06-06 22:00:00+00:00,1558.14,1562.18,1551.37,1558.12,5598.44278
2026-06-06 23:00:00+00:00,1558.12,1570.19,1556.7,1569.63,5631.94122
2026-06-07 00:00:00+00:00,1569.63,1572.59,1563.84,1565.12,4510.46145
2026-06-07 01:00:00+00:00,1565.12,1596.59,1563.94,1590.08,16673.11827
2026-06-07 02:00:00+00:00,1590.08,1595.37,1582.29,1592.84,6992.72642
2026-06-07 03:00:00+00:00,1592.84,1601.23,1590.0,1595.06,7135.79478
2026-06-07 04:00:00+00:00,1595.06,1599.41,1584.71,1596.98,4862.18393
2026-06-07 05:00:00+00:00,1596.98,1609.83,1593.18,1604.06,11183.09206
2026-06-07 06:00:00+00:00,1604.06,1623.25,1598.41,1612.04,17535.60221
2026-06-07 07:00:00+00:00,1612.04,1616.94,1607.25,1615.24,7897.81282
2026-06-07 08:00:00+00:00,1615.24,1642.73,1608.16,1641.34,23245.20913
2026-06-07 09:00:00+00:00,1641.34,1648.8,1629.06,1633.53,13553.64563
2026-06-07 10:00:00+00:00,1633.53,1635.95,1624.56,1625.47,13407.4988
2026-06-07 11:00:00+00:00,1625.47,1633.93,1621.71,1629.97,11596.02838
2026-06-07 12:00:00+00:00,1629.97,1631.19,1606.55,1620.04,15192.82948
2026-06-07 13:00:00+00:00,1620.04,1623.17,1613.09,1617.43,6361.69215
2026-06-07 14:00:00+00:00,1617.43,1640.25,1616.84,1628.12,7225.82174
2026-06-07 15:00:00+00:00,1628.12,1636.31,1620.96,1630.07,4967.02296
2026-06-07 16:00:00+00:00,1630.07,1633.62,1623.31,1628.71,4532.0195
2026-06-07 17:00:00+00:00,1628.71,1638.21,1627.74,1631.3,4708.03823
2026-06-07 18:00:00+00:00,1631.3,1636.7,1628.88,1630.27,2501.22622
2026-06-07 19:00:00+00:00,1630.27,1630.46,1603.62,1613.13,16647.91355
2026-06-07 20:00:00+00:00,1613.13,1631.92,1609.31,1628.13,4178.73082
2026-06-07 21:00:00+00:00,1628.13,1634.79,1623.77,1634.66,2990.30775
2026-06-07 22:00:00+00:00,1634.66,1721.2,1628.96,1672.54,28001.0161
2026-06-07 23:00:00+00:00,1672.54,1691.67,1670.67,1690.48,7686.10311
2026-06-08 00:00:00+00:00,1690.48,1711.68,1682.93,1697.54,17489.97854
2026-06-08 01:00:00+00:00,1697.54,1700.3,1670.85,1687.33,20141.18731
2026-06-08 02:00:00+00:00,1687.33,1689.62,1678.0,1683.92,14803.7323
2026-06-08 03:00:00+00:00,1683.92,1693.09,1677.04,1679.98,9289.2118
2026-06-08 04:00:00+00:00,1679.98,1681.13,1655.96,1657.0,14610.36136
2026-06-08 05:00:00+00:00,1657.0,1659.91,1644.74,1653.69,14494.59952
2026-06-08 06:00:00+00:00,1653.69,1670.1,1652.44,1666.66,9147.56342
2026-06-08 07:00:00+00:00,1666.66,1679.79,1661.57,1673.5,10582.02671
2026-06-08 08:00:00+00:00,1673.5,1673.5,1658.84,1661.33,9435.03731
2026-06-08 09:00:00+00:00,1661.33,1672.16,1657.21,1671.0,12838.04998
2026-06-08 10:00:00+00:00,1671.0,1677.23,1663.26,1672.6,9366.54408
2026-06-08 11:00:00+00:00,1672.6,1696.95,1667.74,1683.74,19604.48186
2026-06-08 12:00:00+00:00,1683.74,1698.85,1667.07,1695.34,25124.43716
2026-06-08 13:00:00+00:00,1695.34,1697.27,1678.38,1681.62,21061.55368
2026-06-08 14:00:00+00:00,1681.62,1694.41,1676.32,1691.48,16486.41822
2026-06-08 15:00:00+00:00,1691.48,1706.21,1688.5,1691.58,16066.41914
2026-06-08 16:00:00+00:00,1691.58,1703.91,1682.37,1682.56,11328.91716
2026-06-08 17:00:00+00:00,1682.56,1687.96,1675.66,1686.79,10217.71773
2026-06-08 18:00:00+00:00,1686.79,1692.7,1678.67,1684.65,5178.34316
2026-06-08 19:00:00+00:00,1684.65,1691.04,1681.18,1684.8,8893.39313
2026-06-08 20:00:00+00:00,1684.8,1689.73,1678.97,1689.73,6369.3175
2026-06-08 21:00:00+00:00,1689.73,1714.19,1689.73,1703.65,8504.22648
2026-06-08 22:00:00+00:00,1703.65,1704.04,1688.3,1703.33,6439.48186
2026-06-08 23:00:00+00:00,1703.33,1714.44,1686.73,1690.19,6427.90583
2026-06-09 00:00:00+00:00,1690.19,1696.86,1659.69,1663.21,21803.56282
2026-06-09 01:00:00+00:00,1663.21,1674.39,1658.56,1668.96,14516.28298
2026-06-09 02:00:00+00:00,1668.96,1672.3,1654.29,1668.21,10402.93686
2026-06-09 03:00:00+00:00,1668.21,1671.85,1663.98,1669.8,6228.36276
2026-06-09 04:00:00+00:00,1669.8,1696.78,1664.64,1686.51,14012.82869
2026-06-09 05:00:00+00:00,1686.51,1695.53,1681.52,1688.29,6828.40754
2026-06-09 06:00:00+00:00,1688.29,1695.44,1684.06,1686.09,7648.53919
2026-06-09 07:00:00+00:00,1686.09,1691.75,1674.99,1680.09,10193.98529
2026-06-09 08:00:00+00:00,1680.09,1681.12,1668.47,1675.08,13896.54658
2026-06-09 09:00:00+00:00,1675.08,1680.44,1664.77,1670.44,8004.19264
2026-06-09 10:00:00+00:00,1670.44,1676.4,1666.15,1674.58,6210.96083
2026-06-09 11:00:00+00:00,1674.58,1675.49,1666.11,1671.82,6050.09185
2026-06-09 12:00:00+00:00,1671.82,1685.8,1670.96,1676.76,11280.93569
2026-06-09 13:00:00+00:00,1676.76,1681.0,1664.12,1666.84,13842.48013
2026-06-09 14:00:00+00:00,1666.84,1671.03,1633.32,1645.74,32849.28405
2026-06-09 15:00:00+00:00,1645.74,1653.91,1634.35,1636.22,11637.14339
2026-06-09 16:00:00+00:00,1636.22,1639.47,1613.71,1632.21,18530.15403
2026-06-09 17:00:00+00:00,1632.21,1649.81,1632.19,1643.03,10284.28529
2026-06-09 18:00:00+00:00,1643.03,1655.57,1639.77,1652.42,6375.79383
2026-06-09 19:00:00+00:00,1652.42,1658.64,1647.74,1657.23,6235.71244
2026-06-09 20:00:00+00:00,1657.23,1663.82,1655.39,1660.78,4342.39603
2026-06-09 21:00:00+00:00,1660.78,1661.77,1647.17,1650.2,3739.58233
2026-06-09 22:00:00+00:00,1650.2,1655.08,1639.48,1639.98,2973.23514
2026-06-09 23:00:00+00:00,1639.98,1642.76,1630.56,1639.49,3234.57942
2026-06-10 00:00:00+00:00,1639.49,1646.97,1629.26,1645.65,7803.3145
2026-06-10 01:00:00+00:00,1645.65,1647.14,1633.26,1638.89,7800.73677
2026-06-10 02:00:00+00:00,1638.89,1642.63,1621.77,1624.44,10010.12462
2026-06-10 03:00:00+00:00,1624.44,1637.15,1623.63,1630.86,4806.67201
2026-06-10 04:00:00+00:00,1630.86,1633.09,1622.35,1625.98,4536.44568
2026-06-10 05:00:00+00:00,1625.98,1630.03,1616.07,1628.08,5784.60351
2026-06-10 06:00:00+00:00,1628.08,1634.43,1622.57,1632.14,4178.43303
2026-06-10 07:00:00+00:00,1632.14,1643.66,1630.78,1640.13,5296.6601
2026-06-10 08:00:00+00:00,1640.13,1640.88,1617.89,1621.31,11842.39301
2026-06-10 09:00:00+00:00,1621.31,1626.81,1605.47,1623.77,11377.84352
2026-06-10 10:00:00+00:00,1623.77,1630.38,1617.95,1628.34,6513.03437
2026-06-10 11:00:00+00:00,1628.34,1630.4,1611.44,1620.09,13502.30251
2026-06-10 12:00:00+00:00,1620.09,1645.47,1615.54,1635.42,17193.56559
2026-06-10 13:00:00+00:00,1635.42,1668.4,1631.67,1651.78,16737.55473
2026-06-10 14:00:00+00:00,1651.78,1655.78,1637.0,1646.78,14786.32457
2026-06-10 15:00:00+00:00,1646.78,1665.22,1635.54,1657.97,17059.7123
2026-06-10 16:00:00+00:00,1657.97,1659.05,1632.05,1642.28,12533.96667
2026-06-10 17:00:00+00:00,1642.28,1647.64,1622.51,1632.4,15045.61549
2026-06-10 18:00:00+00:00,1632.4,1636.99,1622.19,1631.13,9175.14197
2026-06-10 19:00:00+00:00,1631.13,1633.78,1622.91,1630.2,9178.90658
2026-06-10 20:00:00+00:00,1630.2,1636.43,1622.87,1630.65,7114.19402
2026-06-10 21:00:00+00:00,1630.65,1630.65,1603.61,1611.39,13191.28815
2026-06-10 22:00:00+00:00,1611.39,1622.55,1604.16,1616.67,11841.17126
2026-06-10 23:00:00+00:00,1616.67,1625.35,1609.07,1621.56,7665.73368
2026-06-11 00:00:00+00:00,1621.56,1634.77,1621.51,1628.57,7336.11757
2026-06-11 01:00:00+00:00,1628.57,1648.0,1628.57,1643.13,8599.11372
2026-06-11 02:00:00+00:00,1643.13,1646.56,1630.77,1641.13,11175.9029
2026-06-11 03:00:00+00:00,1641.13,1662.43,1636.2,1654.11,14331.29429
2026-06-11 04:00:00+00:00,1654.11,1659.9,1650.0,1657.02,5694.92943
2026-06-11 05:00:00+00:00,1657.02,1657.1,1647.66,1648.13,4402.66487
2026-06-11 06:00:00+00:00,1648.13,1663.25,1646.29,1654.86,8239.96703
2026-06-11 07:00:00+00:00,1654.86,1658.43,1651.67,1654.64,3970.04491
2026-06-11 08:00:00+00:00,1654.64,1664.51,1654.51,1660.13,4493.31851
2026-06-11 09:00:00+00:00,1660.13,1662.32,1656.11,1659.16,4340.15944
2026-06-11 10:00:00+00:00,1659.16,1661.99,1654.33,1659.04,4119.97155
2026-06-11 11:00:00+00:00,1659.04,1673.53,1656.29,1666.79,7960.59125
2026-06-11 12:00:00+00:00,1666.79,1666.99,1642.52,1651.61,14177.63299
2026-06-11 13:00:00+00:00,1651.61,1659.69,1644.51,1653.36,7869.56764
2026-06-11 14:00:00+00:00,1653.36,1655.56,1639.16,1642.97,8401.7293
2026-06-11 15:00:00+00:00,1642.97,1651.18,1635.66,1645.6,8864.29188
2026-06-11 16:00:00+00:00,1645.6,1649.86,1637.99,1639.62,5969.24451
2026-06-11 17:00:00+00:00,1639.62,1693.7,1632.7,1688.73,24518.88597
2026-06-11 18:00:00+00:00,1688.73,1692.0,1677.0,1684.06,10998.56127
2026-06-11 19:00:00+00:00,1684.06,1693.77,1676.09,1681.52,9276.3968
2026-06-11 20:00:00+00:00,1681.52,1683.23,1667.31,1672.63,5026.58279
2026-06-11 21:00:00+00:00,1672.63,1683.77,1672.44,1677.15,3600.85211
2026-06-11 22:00:00+00:00,1677.15,1683.65,1675.41,1676.23,4969.47816
2026-06-11 23:00:00+00:00,1676.23,1679.4,1670.18,1673.64,5794.99479
2026-06-12 00:00:00+00:00,1673.64,1678.22,1669.7,1672.79,6621.24374
2026-06-12 01:00:00+00:00,1672.79,1672.89,1660.0,1667.23,7031.10354
2026-06-12 02:00:00+00:00,1667.23,1678.82,1666.82,1675.91,5257.50907
2026-06-12 03:00:00+00:00,1675.91,1677.83,1668.87,1673.26,5089.34329
2026-06-12 04:00:00+00:00,1673.26,1683.33,1669.27,1677.55,7196.99187
2026-06-12 05:00:00+00:00,1677.55,1677.93,1661.98,1664.22,7747.11472
2026-06-12 06:00:00+00:00,1664.22,1666.8,1651.91,1657.44,9212.79938
2026-06-12 07:00:00+00:00,1657.44,1665.67,1656.03,1662.03,7105.70626
2026-06-12 08:00:00+00:00,1662.03,1678.14,1661.92,1673.38,8882.06978
2026-06-12 09:00:00+00:00,1673.38,1685.75,1671.1,1680.26,8012.97719
2026-06-12 10:00:00+00:00,1680.26,1683.55,1671.67,1674.91,6612.81799
2026-06-12 11:00:00+00:00,1674.91,1678.76,1671.92,1673.93,4776.91046
2026-06-12 12:00:00+00:00,1673.93,1673.93,1662.8,1666.78,6886.45661
2026-06-12 13:00:00+00:00,1666.78,1669.18,1653.29,1657.62,12290.72106
2026-06-12 14:00:00+00:00,1657.62,1686.19,1655.75,1685.82,18719.05261
2026-06-12 15:00:00+00:00,1685.82,1691.32,1658.65,1660.0,26921.298
2026-06-12 16:00:00+00:00,1660.0,1675.95,1657.37,1672.95,19557.90428
2026-06-12 17:00:00+00:00,1672.95,1678.18,1667.18,1668.88,7186.08669
2026-06-12 18:00:00+00:00,1668.88,1673.57,1663.32,1666.74,7751.31128
2026-06-12 19:00:00+00:00,1666.74,1672.76,1664.63,1665.77,5075.2216
2026-06-12 20:00:00+00:00,1665.77,1667.97,1662.01,1664.92,3924.13637
2026-06-12 21:00:00+00:00,1664.92,1668.08,1662.88,1664.2,2205.43688
2026-06-12 22:00:00+00:00,1664.2,1667.42,1661.37,1662.48,2935.37193
2026-06-12 23:00:00+00:00,1662.48,1666.46,1659.0,1666.46,3046.4526
2026-06-13 00:00:00+00:00,1666.46,1669.2,1664.93,1667.47,3230.48074
2026-06-13 01:00:00+00:00,1667.47,1675.82,1666.48,1674.18,5116.95015
2026-06-13 02:00:00+00:00,1674.18,1674.7,1665.5,1668.09,3354.12702
2026-06-13 03:00:00+00:00,1668.09,1669.57,1662.69,1665.35,4198.85925
2026-06-13 04:00:00+00:00,1665.35,1668.35,1663.6,1664.47,1453.52576
2026-06-13 05:00:00+00:00,1664.47,1665.85,1662.03,1665.19,2364.23332
2026-06-13 06:00:00+00:00,1665.19,1670.24,1663.8,1669.73,2285.57145
2026-06-13 07:00:00+00:00,1669.73,1678.24,1668.28,1676.32,7257.00178
2026-06-13 08:00:00+00:00,1676.32,1679.81,1673.55,1674.6,6011.72487
2026-06-13 09:00:00+00:00,1674.6,1676.51,1672.87,1673.73,2282.93396
2026-06-13 10:00:00+00:00,1673.73,1676.36,1672.75,1674.16,2366.13122
2026-06-13 11:00:00+00:00,1674.16,1679.15,1673.36,1678.34,2657.41541
2026-06-13 12:00:00+00:00,1678.34,1683.74,1676.55,1680.57,2567.78915
2026-06-13 13:00:00+00:00,1680.57,1681.66,1676.6,1677.99,2564.10782
2026-06-13 14:00:00+00:00,1677.99,1681.66,1677.63,1680.04,2960.29469
2026-06-13 15:00:00+00:00,1680.04,1687.01,1678.48,1682.16,4614.75289
2026-06-13 16:00:00+00:00,1682.16,1682.71,1671.08,1676.76,8876.41516
2026-06-13 17:00:00+00:00,1676.76,1678.5,1673.21,1674.29,2596.70505
2026-06-13 18:00:00+00:00,1674.29,1682.72,1674.12,1678.43,2202.63584
2026-06-13 19:00:00+00:00,1678.43,1680.13,1676.0,1678.3,1799.73307
2026-06-13 20:00:00+00:00,1678.3,1678.51,1675.16,1676.59,1026.70196
2026-06-13 21:00:00+00:00,1676.59,1697.78,1675.0,1686.45,4290.61748
2026-06-13 22:00:00+00:00,1686.45,1686.53,1681.49,1681.49,2155.63845
2026-06-13 23:00:00+00:00,1681.49,1684.2,1678.19,1681.23,1415.68144
2026-06-14 00:00:00+00:00,1681.23,1683.5,1678.83,1682.04,1094.41242
2026-06-14 01:00:00+00:00,1682.04,1690.51,1680.23,1683.82,1999.42692
2026-06-14 02:00:00+00:00,1683.82,1685.77,1681.38,1682.27,1635.37324
2026-06-14 03:00:00+00:00,1682.27,1683.26,1679.9,1681.73,1600.5471
2026-06-14 04:00:00+00:00,1681.73,1682.73,1676.16,1677.91,2423.54511
2026-06-14 05:00:00+00:00,1677.91,1679.26,1673.91,1678.32,3449.64103
2026-06-14 06:00:00+00:00,1678.32,1682.43,1675.33,1676.15,6252.58895
2026-06-14 07:00:00+00:00,1676.15,1677.33,1673.65,1675.72,2358.17813
2026-06-14 08:00:00+00:00,1675.72,1678.66,1674.54,1675.49,2861.01667
2026-06-14 09:00:00+00:00,1675.49,1679.04,1669.03,1678.37,4146.17375
2026-06-14 10:00:00+00:00,1678.37,1678.52,1673.09,1673.09,1802.2789
2026-06-14 11:00:00+00:00,1673.09,1677.08,1672.25,1673.68,1810.84452
2026-06-14 12:00:00+00:00,1673.68,1674.61,1664.6,1666.92,2804.92906
2026-06-14 13:00:00+00:00,1666.92,1670.04,1664.4,1666.48,2921.80566
2026-06-14 14:00:00+00:00,1666.48,1670.28,1654.71,1659.69,5517.74702
2026-06-14 15:00:00+00:00,1659.69,1664.72,1659.54,1662.91,2777.68607
2026-06-14 16:00:00+00:00,1662.91,1668.49,1659.79,1661.38,3273.41361
2026-06-14 17:00:00+00:00,1661.38,1666.62,1660.82,1662.2,3586.9048
2026-06-14 18:00:00+00:00,1662.2,1663.29,1658.84,1662.07,2237.78798
2026-06-14 19:00:00+00:00,1662.07,1668.06,1661.03,1665.36,1940.16247
2026-06-14 20:00:00+00:00,1665.36,1673.92,1662.65,1670.54,3493.82169
2026-06-14 21:00:00+00:00,1670.54,1732.44,1669.96,1718.6,18725.19027
2026-06-14 22:00:00+00:00,1718.6,1729.36,1712.24,1722.67,9053.73408
2026-06-14 23:00:00+00:00,1722.67,1726.64,1716.71,1725.86,6258.92034
2026-06-15 00:00:00+00:00,1725.86,1733.04,1720.01,1721.04,6085.47173
2026-06-15 01:00:00+00:00,1721.04,1721.91,1709.83,1715.94,4668.67575
2026-06-15 02:00:00+00:00,1715.94,1727.07,1714.23,1716.99,4804.80174
2026-06-15 03:00:00+00:00,1716.99,1724.39,1715.55,1721.04,4321.65416
2026-06-15 04:00:00+00:00,1721.04,1721.65,1716.06,1717.21,3682.48463
2026-06-15 05:00:00+00:00,1717.21,1722.83,1716.05,1720.78,2836.46961
2026-06-15 06:00:00+00:00,1720.78,1723.64,1718.54,1720.12,2665.73655
2026-06-15 07:00:00+00:00,1720.12,1724.2,1716.31,1716.56,3877.75829
2026-06-15 08:00:00+00:00,1716.56,1721.96,1715.53,1720.47,3220.70397
2026-06-15 09:00:00+00:00,1720.47,1727.18,1712.51,1718.76,6184.38437
2026-06-15 10:00:00+00:00,1718.76,1749.98,1718.2,1737.98,9954.737
2026-06-15 11:00:00+00:00,1737.98,1771.79,1734.29,1764.73,18246.28041
2026-06-15 12:00:00+00:00,1764.73,1777.92,1760.32,1777.45,9719.89788
2026-06-15 13:00:00+00:00,1777.45,1827.26,1774.54,1814.32,29027.66406
2026-06-15 14:00:00+00:00,1814.32,1818.4,1804.56,1814.28,8657.92272
2026-06-15 15:00:00+00:00,1814.28,1850.0,1813.3,1845.72,17109.57074
2026-06-15 16:00:00+00:00,1845.72,1847.61,1837.73,1842.84,9030.89429
2026-06-15 17:00:00+00:00,1842.84,1842.84,1823.9,1829.29,7497.97498
2026-06-15 18:00:00+00:00,1829.29,1835.72,1825.89,1828.14,3174.82843
2026-06-15 19:00:00+00:00,1828.14,1834.54,1811.37,1822.04,6818.35421
2026-06-15 20:00:00+00:00,1822.04,1826.91,1815.26,1817.01,4972.19172
2026-06-15 21:00:00+00:00,1817.01,1822.29,1809.38,1811.31,2799.4331
2026-06-15 22:00:00+00:00,1811.31,1813.52,1786.96,1789.62,7321.93707
2026-06-15 23:00:00+00:00,1789.62,1797.62,1782.71,1796.0,4213.44332
2026-06-16 00:00:00+00:00,1796.0,1802.16,1788.8,1789.59,4988.96533
2026-06-16 01:00:00+00:00,1789.59,1797.43,1789.07,1792.16,2955.13907
2026-06-16 02:00:00+00:00,1792.16,1794.08,1767.62,1770.39,8094.19851
2026-06-16 03:00:00+00:00,1770.39,1780.84,1764.91,1779.32,7648.90076
2026-06-16 04:00:00+00:00,1779.32,1783.45,1758.46,1760.66,7981.52334
2026-06-16 05:00:00+00:00,1760.66,1765.98,1760.6,1762.22,3923.85846
2026-06-16 06:00:00+00:00,1762.22,1774.16,1762.22,1771.48,3154.48246
2026-06-16 07:00:00+00:00,1771.48,1776.6,1769.04,1774.03,4764.84526
2026-06-16 08:00:00+00:00,1774.03,1808.04,1773.04,1803.45,10548.6329
2026-06-16 09:00:00+00:00,1803.45,1805.78,1787.01,1789.7,6708.30127
2026-06-16 10:00:00+00:00,1789.7,1800.48,1788.59,1794.2,4891.90797
2026-06-16 11:00:00+00:00,1794.2,1800.38,1791.15,1799.62,4591.64351
2026-06-16 12:00:00+00:00,1799.62,1839.81,1796.86,1814.89,16336.40103
2026-06-16 13:00:00+00:00,1814.89,1817.32,1791.45,1797.8,11024.07662
2026-06-16 14:00:00+00:00,1797.8,1805.58,1763.43,1780.52,12101.52003
2026-06-16 15:00:00+00:00,1780.52,1788.42,1774.56,1782.53,8088.32268
2026-06-16 16:00:00+00:00,1782.53,1785.71,1773.03,1778.04,3621.75901
2026-06-16 17:00:00+00:00,1778.04,1799.82,1777.38,1795.19,4693.96817
2026-06-16 18:00:00+00:00,1795.19,1808.8,1792.46,1799.35,7819.86216
2026-06-16 19:00:00+00:00,1799.35,1801.22,1790.05,1795.48,6824.96461
2026-06-16 20:00:00+00:00,1795.48,1798.57,1789.47,1797.95,3604.39197
2026-06-16 21:00:00+00:00,1797.95,1800.56,1790.44,1796.38,2383.6321
2026-06-16 22:00:00+00:00,1796.38,1799.63,1791.15,1796.36,1336.77002
2026-06-16 23:00:00+00:00,1796.36,1798.94,1791.26,1793.12,1433.25758
2026-06-17 00:00:00+00:00,1793.12,1799.2,1791.97,1794.18,1487.90236
2026-06-17 01:00:00+00:00,1794.18,1799.26,1779.61,1797.82,3923.07848
2026-06-17 02:00:00+00:00,1797.82,1810.41,1788.75,1795.73,5251.42287
2026-06-17 03:00:00+00:00,1795.73,1797.6,1787.77,1793.91,3539.88084
2026-06-17 04:00:00+00:00,1793.91,1802.22,1792.21,1794.42,1782.17986
2026-06-17 05:00:00+00:00,1794.42,1799.49,1789.21,1794.25,2210.55264
2026-06-17 06:00:00+00:00,1794.25,1797.37,1786.42,1790.48,2322.57557
2026-06-17 07:00:00+00:00,1790.48,1792.68,1778.95,1785.32,4140.68483
2026-06-17 08:00:00+00:00,1785.32,1786.55,1760.28,1765.3,8634.64526
2026-06-17 09:00:00+00:00,1765.3,1777.66,1764.95,1773.08,3846.38688
2026-06-17 10:00:00+00:00,1773.08,1776.04,1767.01,1768.45,2565.2131
2026-06-17 11:00:00+00:00,1768.45,1770.82,1759.37,1764.09,4088.38199
2026-06-17 12:00:00+00:00,1764.09,1766.04,1743.08,1759.48,7874.31384
2026-06-17 13:00:00+00:00,1759.48,1771.84,1754.81,1761.27,5230.83662
2026-06-17 14:00:00+00:00,1761.27,1765.63,1741.35,1754.98,7657.18251
2026-06-17 15:00:00+00:00,1754.98,1777.06,1751.12,1773.39,4246.90249
2026-06-17 16:00:00+00:00,1773.39,1792.07,1769.55,1771.99,5454.47415
2026-06-17 17:00:00+00:00,1771.99,1796.64,1767.76,1789.3,7688.28913
2026-06-17 18:00:00+00:00,1789.3,1789.68,1746.26,1770.2,16739.3727
2026-06-17 19:00:00+00:00,1770.2,1776.04,1729.17,1734.74,14268.61893
2026-06-17 20:00:00+00:00,1734.74,1748.0,1733.11,1747.42,3922.04156
2026-06-17 21:00:00+00:00,1747.42,1748.15,1736.44,1738.96,2221.47978
2026-06-17 22:00:00+00:00,1738.96,1746.66,1725.1,1740.33,2767.19517
2026-06-17 23:00:00+00:00,1740.33,1751.91,1739.93,1750.43,1498.23532
2026-06-18 00:00:00+00:00,1750.43,1759.44,1749.92,1753.18,2642.34359
2026-06-18 01:00:00+00:00,1753.18,1762.99,1752.86,1755.06,2730.77533
2026-06-18 02:00:00+00:00,1755.06,1759.14,1750.34,1755.97,2487.04036
2026-06-18 03:00:00+00:00,1755.97,1756.24,1741.52,1744.27,2320.32943
2026-06-18 04:00:00+00:00,1744.27,1746.0,1729.75,1730.5,4701.09333
2026-06-18 05:00:00+00:00,1730.5,1733.06,1721.93,1730.95,5785.91542
2026-06-18 06:00:00+00:00,1730.95,1736.85,1725.42,1735.35,3820.60563
2026-06-18 07:00:00+00:00,1735.35,1753.37,1732.81,1749.99,6157.9478
2026-06-18 08:00:00+00:00,1749.99,1753.54,1746.38,1748.0,5042.92912
2026-06-18 09:00:00+00:00,1748.0,1752.14,1742.67,1746.35,5150.75214
2026-06-18 10:00:00+00:00,1746.35,1753.27,1739.68,1746.99,3289.58085
2026-06-18 11:00:00+00:00,1746.99,1749.59,1739.33,1743.35,2583.66125
2026-06-18 12:00:00+00:00,1743.35,1753.36,1741.81,1750.31,2332.69202
2026-06-18 13:00:00+00:00,1750.31,1752.69,1728.12,1736.71,5895.25806
2026-06-18 14:00:00+00:00,1736.71,1745.48,1729.62,1739.76,4943.48938
2026-06-18 15:00:00+00:00,1739.76,1740.18,1679.57,1682.12,20849.98195
2026-06-18 16:00:00+00:00,1682.12,1692.93,1680.26,1686.9,8799.11639
2026-06-18 17:00:00+00:00,1686.9,1687.66,1671.72,1679.34,6106.87158
2026-06-18 18:00:00+00:00,1679.34,1689.22,1676.26,1685.17,4014.76568
2026-06-18 19:00:00+00:00,1685.17,1707.79,1682.78,1705.28,4137.91045
2026-06-18 20:00:00+00:00,1705.28,1717.54,1705.28,1710.59,3292.833
2026-06-18 21:00:00+00:00,1710.59,1712.04,1701.88,1708.42,2350.16086
2026-06-18 22:00:00+00:00,1708.42,1708.66,1699.95,1706.91,1760.76571
2026-06-18 23:00:00+00:00,1706.91,1712.48,1702.85,1711.06,2024.73203
2026-06-19 00:00:00+00:00,1711.06,1716.29,1708.72,1713.86,1727.83237
2026-06-19 01:00:00+00:00,1713.86,1719.56,1706.15,1713.52,1805.30457
2026-06-19 02:00:00+00:00,1713.52,1715.32,1701.04,1707.12,2469.30783
2026-06-19 03:00:00+00:00,1707.12,1708.39,1682.07,1697.67,5872.95381
2026-06-19 04:00:00+00:00,1697.67,1703.02,1685.44,1689.54,3218.46338
2026-06-19 05:00:00+00:00,1689.54,1697.74,1689.39,1697.55,2289.68173
2026-06-19 06:00:00+00:00,1697.55,1703.46,1696.07,1700.33,2136.26076
2026-06-19 07:00:00+00:00,1700.33,1701.02,1690.02,1695.84,3395.17497
2026-06-19 08:00:00+00:00,1695.84,1699.16,1693.4,1697.81,1990.87199
2026-06-19 09:00:00+00:00,1697.81,1699.85,1688.48,1689.21,3184.64679
2026-06-19 10:00:00+00:00,1689.21,1694.71,1687.12,1692.65,1815.20651
2026-06-19 11:00:00+00:00,1692.65,1694.42,1688.69,1691.8,1243.86304
2026-06-19 12:00:00+00:00,1691.8,1696.0,1679.09,1695.37,3788.1131
2026-06-19 13:00:00+00:00,1695.37,1711.39,1687.61,1703.23,4900.50297
2026-06-19 14:00:00+00:00,1703.23,1710.05,1696.32,1706.94,2966.67565
2026-06-19 15:00:00+00:00,1706.94,1712.38,1698.26,1707.89,3108.96971
2026-06-19 16:00:00+00:00,1707.89,1711.9,1694.8,1696.82,3318.81271
2026-06-19 17:00:00+00:00,1696.82,1706.4,1693.45,1704.77,2151.42389
2026-06-19 18:00:00+00:00,1704.77,1705.48,1698.28,1702.81,1200.72238
2026-06-19 19:00:00+00:00,1702.81,1704.74,1698.21,1701.15,1145.45812
2026-06-19 20:00:00+00:00,1701.15,1709.4,1698.71,1708.83,1336.03326
2026-06-19 21:00:00+00:00,1708.83,1708.83,1701.36,1702.01,791.72666
2026-06-19 22:00:00+00:00,1702.01,1710.47,1700.53,1707.63,1468.49419
2026-06-19 23:00:00+00:00,1707.63,1715.25,1704.83,1711.18,1334.14362
2026-06-20 00:00:00+00:00,1711.18,1718.24,1708.23,1708.84,2221.93918
2026-06-20 01:00:00+00:00,1708.84,1713.43,1706.56,1709.94,976.04566
2026-06-20 02:00:00+00:00,1709.94,1710.62,1703.88,1705.07,932.78633
2026-06-20 03:00:00+00:00,1705.07,1709.35,1704.57,1708.29,382.00641
2026-06-20 04:00:00+00:00,1708.29,1715.53,1706.56,1713.58,1378.31466
2026-06-20 05:00:00+00:00,1713.58,1733.85,1712.34,1726.13,4904.22099
2026-06-20 06:00:00+00:00,1726.13,1729.9,1724.01,1727.91,1561.41543
2026-06-20 07:00:00+00:00,1727.91,1729.65,1723.01,1725.74,1390.6984
2026-06-20 08:00:00+00:00,1725.74,1726.99,1721.46,1722.99,2316.5214
2026-06-20 09:00:00+00:00,1722.99,1730.32,1722.99,1728.59,1564.33247
2026-06-20 10:00:00+00:00,1728.59,1729.77,1725.52,1727.78,1444.42745
2026-06-20 11:00:00+00:00,1727.78,1732.56,1725.94,1727.22,1419.3103
2026-06-20 12:00:00+00:00,1727.22,1730.51,1723.77,1727.06,1388.0162
2026-06-20 13:00:00+00:00,1727.06,1727.32,1712.97,1717.72,2655.326
2026-06-20 14:00:00+00:00,1717.72,1746.7,1708.2,1733.35,5905.11027
2026-06-20 15:00:00+00:00,1733.35,1749.63,1729.37,1740.75,5330.30502
2026-06-20 16:00:00+00:00,1740.75,1741.11,1730.78,1733.99,1458.94215
2026-06-20 17:00:00+00:00,1733.99,1733.99,1720.97,1726.81,3316.03818
2026-06-20 18:00:00+00:00,1726.81,1731.95,1725.97,1726.75,1573.51224
2026-06-20 19:00:00+00:00,1726.75,1730.25,1724.86,1729.23,2845.51625
2026-06-20 20:00:00+00:00,1729.23,1731.34,1726.44,1731.0,542.82872
2026-06-20 21:00:00+00:00,1731.0,1738.13,1730.38,1735.42,1908.61719
2026-06-20 22:00:00+00:00,1735.42,1746.33,1733.13,1743.56,4685.72522
2026-06-20 23:00:00+00:00,1743.56,1743.95,1740.62,1740.83,2298.81369
2026-06-21 00:00:00+00:00,1740.83,1741.06,1736.31,1737.87,1686.00148
2026-06-21 01:00:00+00:00,1737.87,1740.21,1734.43,1737.12,1052.79767
2026-06-21 02:00:00+00:00,1737.12,1738.25,1735.66,1736.29,444.93725
2026-06-21 03:00:00+00:00,1736.29,1741.7,1733.72,1738.05,1509.99805
2026-06-21 04:00:00+00:00,1738.05,1741.57,1731.73,1733.02,1029.0361
2026-06-21 05:00:00+00:00,1733.02,1736.77,1729.8,1733.51,1828.9156
2026-06-21 06:00:00+00:00,1733.51,1738.75,1732.52,1736.16,980.21596
2026-06-21 07:00:00+00:00,1736.16,1736.38,1731.45,1732.2,856.7663
2026-06-21 08:00:00+00:00,1732.2,1733.17,1723.73,1729.06,2337.06637
2026-06-21 09:00:00+00:00,1729.06,1734.32,1725.81,1732.85,1645.54397
2026-06-21 10:00:00+00:00,1732.85,1737.05,1730.93,1731.45,1312.74645
2026-06-21 11:00:00+00:00,1731.45,1734.99,1718.52,1725.34,3206.89909
2026-06-21 12:00:00+00:00,1725.34,1726.98,1716.7,1725.82,3623.71096
2026-06-21 13:00:00+00:00,1725.82,1728.09,1722.0,1725.03,1922.42905
2026-06-21 14:00:00+00:00,1725.03,1728.68,1721.8,1728.39,1043.05069
2026-06-21 15:00:00+00:00,1728.39,1732.64,1726.83,1730.84,2589.10341
2026-06-21 16:00:00+00:00,1730.84,1730.84,1722.09,1728.35,1746.38435
2026-06-21 17:00:00+00:00,1728.35,1731.66,1726.1,1727.33,1897.48543
2026-06-21 18:00:00+00:00,1727.33,1737.92,1721.77,1735.43,3083.85048
2026-06-21 19:00:00+00:00,1735.43,1739.41,1733.69,1734.2,1246.21575
2026-06-21 20:00:00+00:00,1734.2,1735.53,1717.23,1721.3,2805.54923
2026-06-21 21:00:00+00:00,1721.3,1724.07,1701.54,1718.38,6528.26801
2026-06-21 22:00:00+00:00,1718.38,1721.19,1708.54,1717.71,5507.85853
2026-06-21 23:00:00+00:00,1717.71,1717.71,1704.07,1706.77,4025.53131
2026-06-22 00:00:00+00:00,1706.77,1732.22,1706.73,1726.91,4974.60995
2026-06-22 01:00:00+00:00,1726.91,1759.92,1724.68,1743.89,11321.1527
2026-06-22 02:00:00+00:00,1743.89,1745.45,1737.36,1737.36,3460.67267
2026-06-22 03:00:00+00:00,1737.36,1741.13,1726.59,1730.21,4504.23843
2026-06-22 04:00:00+00:00,1730.21,1735.99,1727.58,1735.26,2051.7787
2026-06-22 05:00:00+00:00,1735.26,1739.68,1734.12,1736.98,2539.50291
2026-06-22 06:00:00+00:00,1736.98,1740.43,1733.26,1735.03,1609.96763
2026-06-22 07:00:00+00:00,1735.03,1751.74,1734.71,1746.57,4402.58395
2026-06-22 08:00:00+00:00,1746.57,1752.37,1743.55,1748.03,2539.69491
2026-06-22 09:00:00+00:00,1748.03,1750.77,1743.69,1746.24,2419.37016
2026-06-22 10:00:00+00:00,1746.24,1751.76,1745.16,1748.98,3274.75029
2026-06-22 11:00:00+00:00,1748.98,1774.97,1747.54,1767.92,15891.68063
2026-06-22 12:00:00+00:00,1767.92,1772.69,1761.06,1764.18,8935.8464
2026-06-22 13:00:00+00:00,1764.18,1779.91,1761.98,1777.85,10799.60975
2026-06-22 14:00:00+00:00,1777.85,1778.15,1750.07,1754.54,8301.93604
2026-06-22 15:00:00+00:00,1754.54,1757.99,1742.28,1744.76,5822.19868
2026-06-22 16:00:00+00:00,1744.76,1746.25,1733.69,1740.37,8955.94172
2026-06-22 17:00:00+00:00,1740.37,1743.29,1731.28,1740.98,4772.68743
2026-06-22 18:00:00+00:00,1740.98,1747.99,1729.56,1733.65,6733.43672
2026-06-22 19:00:00+00:00,1733.65,1736.86,1728.84,1734.56,5281.5356
2026-06-22 20:00:00+00:00,1734.56,1739.88,1731.0,1734.52,4937.66932
2026-06-22 21:00:00+00:00,1734.52,1737.49,1726.37,1732.9,2018.17109
2026-06-22 22:00:00+00:00,1732.9,1735.93,1716.8,1724.26,6440.80458
2026-06-22 23:00:00+00:00,1724.26,1730.33,1721.14,1728.12,2912.59411
2026-06-23 00:00:00+00:00,1728.12,1732.02,1719.5,1731.34,2859.02949
2026-06-23 01:00:00+00:00,1731.34,1736.34,1721.09,1730.51,2620.82373
2026-06-23 02:00:00+00:00,1730.51,1734.93,1726.25,1732.6,1203.11624
2026-06-23 03:00:00+00:00,1732.6,1733.11,1725.95,1729.9,1072.4407
2026-06-23 04:00:00+00:00,1729.9,1731.28,1718.03,1719.09,2216.39286
2026-06-23 05:00:00+00:00,1719.09,1721.44,1710.21,1713.34,6267.27806
2026-06-23 06:00:00+00:00,1713.34,1713.65,1680.19,1691.99,17611.60828
2026-06-23 07:00:00+00:00,1691.99,1696.34,1682.01,1682.73,5327.3083
2026-06-23 08:00:00+00:00,1682.73,1685.14,1634.48,1648.3,24693.65649
2026-06-23 09:00:00+00:00,1648.3,1654.31,1648.01,1650.97,4389.10109
2026-06-23 10:00:00+00:00,1650.97,1658.66,1649.2,1652.65,4832.75121
2026-06-23 11:00:00+00:00,1652.65,1663.74,1652.58,1660.72,5923.53498
2026-06-23 12:00:00+00:00,1660.72,1662.39,1653.42,1654.6,4779.15173
2026-06-23 13:00:00+00:00,1654.6,1664.04,1645.0,1662.61,11887.38417
2026-06-23 14:00:00+00:00,1662.61,1671.99,1657.92,1661.94,9913.44667
2026-06-23 15:00:00+00:00,1661.94,1663.56,1651.12,1659.73,6675.37299
2026-06-23 16:00:00+00:00,1659.73,1674.03,1657.72,1659.33,6309.62324
2026-06-23 17:00:00+00:00,1659.33,1664.96,1654.45,1656.74,3575.37691
2026-06-23 18:00:00+00:00,1656.74,1660.64,1649.63,1655.47,4426.23155
2026-06-23 19:00:00+00:00,1655.47,1663.99,1655.16,1662.48,3664.95228
2026-06-23 20:00:00+00:00,1662.48,1667.7,1661.04,1663.84,2579.48747
2026-06-23 21:00:00+00:00,1663.84,1668.42,1663.39,1666.7,1579.59164
2026-06-23 22:00:00+00:00,1666.7,1673.0,1662.88,1664.57,1620.89998
2026-06-23 23:00:00+00:00,1664.57,1669.33,1660.13,1667.03,2382.54262
2026-06-24 00:00:00+00:00,1667.03,1674.7,1666.51,1671.27,1897.34012
2026-06-24 01:00:00+00:00,1671.27,1680.55,1665.85,1672.78,2544.76891
2026-06-24 02:00:00+00:00,1672.78,1673.83,1663.43,1663.91,3241.73407
2026-06-24 03:00:00+00:00,1663.91,1670.43,1657.98,1666.75,2324.15513
2026-06-24 04:00:00+00:00,1666.75,1670.97,1658.07,1669.08,2264.44065
2026-06-24 05:00:00+00:00,1669.08,1679.46,1667.68,1674.42,2265.90081
2026-06-24 06:00:00+00:00,1674.42,1676.9,1670.44,1674.71,1464.92898
2026-06-24 07:00:00+00:00,1674.71,1678.58,1670.76,1672.89,3410.8027
2026-06-24 08:00:00+00:00,1672.89,1675.11,1669.16,1673.33,2830.59439
2026-06-24 09:00:00+00:00,1673.33,1673.35,1665.25,1667.0,1669.98761
2026-06-24 10:00:00+00:00,1667.0,1668.04,1662.42,1663.8,2669.16982
2026-06-24 11:00:00+00:00,1663.8,1693.0,1655.7,1679.57,8038.25383
2026-06-24 12:00:00+00:00,1679.57,1681.27,1670.64,1671.65,3074.94919
2026-06-24 13:00:00+00:00,1671.65,1672.48,1641.28,1645.21,15437.80332
2026-06-24 14:00:00+00:00,1645.21,1657.59,1638.09,1647.4,11155.04617
2026-06-24 15:00:00+00:00,1647.4,1651.25,1616.87,1618.23,14888.10627
2026-06-24 16:00:00+00:00,1618.23,1636.14,1585.05,1589.83,20720.10517
2026-06-24 17:00:00+00:00,1589.83,1597.57,1552.44,1560.14,29726.19424
2026-06-24 18:00:00+00:00,1560.14,1584.9,1556.35,1572.37,12043.51221
2026-06-24 19:00:00+00:00,1572.37,1585.42,1566.85,1584.61,7473.08012
2026-06-24 20:00:00+00:00,1584.61,1622.0,1579.82,1613.75,11769.86773
2026-06-24 21:00:00+00:00,1613.75,1621.66,1605.77,1621.11,2482.61809
2026-06-24 22:00:00+00:00,1621.11,1629.48,1613.5,1615.37,2682.1023
2026-06-24 23:00:00+00:00,1615.37,1623.58,1613.45,1622.38,1587.30074
2026-06-25 00:00:00+00:00,1622.38,1626.54,1616.26,1618.88,2993.09293
2026-06-25 01:00:00+00:00,1618.88,1624.18,1614.34,1620.61,2296.56842
2026-06-25 02:00:00+00:00,1620.61,1621.6,1615.0,1620.94,1277.97867
2026-06-25 03:00:00+00:00,1620.94,1624.12,1616.17,1619.56,1987.06801
2026-06-25 04:00:00+00:00,1619.56,1636.67,1617.05,1634.87,4217.47426
2026-06-25 05:00:00+00:00,1634.87,1652.56,1633.42,1645.96,8517.12702
2026-06-25 06:00:00+00:00,1645.96,1660.65,1644.3,1653.93,5023.82529
2026-06-25 07:00:00+00:00,1653.93,1659.87,1651.21,1657.27,4934.44128
2026-06-25 08:00:00+00:00,1657.27,1659.15,1651.04,1652.79,2758.70746
2026-06-25 09:00:00+00:00,1652.79,1655.31,1646.72,1648.7,3131.25518
2026-06-25 10:00:00+00:00,1648.7,1649.86,1633.67,1636.63,3705.46367
2026-06-25 11:00:00+00:00,1636.63,1639.03,1627.88,1633.19,6913.22062
2026-06-25 12:00:00+00:00,1633.19,1650.19,1624.69,1635.59,8457.93263
2026-06-25 13:00:00+00:00,1635.59,1640.58,1532.4,1538.3,30877.27083
2026-06-25 14:00:00+00:00,1538.3,1593.71,1538.01,1568.46,29580.4363
2026-06-25 15:00:00+00:00,1568.46,1573.42,1544.21,1570.21,14769.73847
2026-06-25 16:00:00+00:00,1570.21,1587.73,1558.16,1561.94,10626.78037
2026-06-25 17:00:00+00:00,1561.94,1575.5,1557.18,1574.93,6647.04473
2026-06-25 18:00:00+00:00,1574.93,1577.57,1559.68,1567.75,5930.22948
2026-06-25 19:00:00+00:00,1567.75,1567.85,1554.56,1559.4,4752.1764
2026-06-25 20:00:00+00:00,1559.4,1570.77,1556.66,1560.34,4223.74858
2026-06-25 21:00:00+00:00,1560.34,1583.18,1560.13,1580.75,3466.76273
2026-06-25 22:00:00+00:00,1580.75,1583.59,1566.44,1570.31,3404.51916
2026-06-25 23:00:00+00:00,1570.31,1579.95,1564.41,1567.75,4635.14123
2026-06-26 00:00:00+00:00,1567.75,1571.88,1563.76,1564.76,2480.77188
2026-06-26 01:00:00+00:00,1564.76,1568.64,1555.32,1560.25,3210.87891
2026-06-26 02:00:00+00:00,1560.25,1560.99,1519.41,1524.66,15356.91582
2026-06-26 03:00:00+00:00,1524.66,1563.79,1512.11,1558.26,12902.99302
2026-06-26 04:00:00+00:00,1558.26,1560.82,1547.6,1549.85,2950.48574
2026-06-26 05:00:00+00:00,1549.85,1559.36,1548.18,1555.73,2550.50159
2026-06-26 06:00:00+00:00,1555.73,1574.15,1543.57,1571.07,7163.8549
2026-06-26 07:00:00+00:00,1571.07,1586.42,1570.72,1580.91,7570.48748
2026-06-26 08:00:00+00:00,1580.91,1582.39,1563.58,1566.57,4607.8489
2026-06-26 09:00:00+00:00,1566.57,1567.3,1549.32,1553.07,3851.91818
2026-06-26 10:00:00+00:00,1553.07,1556.35,1544.88,1548.43,3771.24711
2026-06-26 11:00:00+00:00,1548.43,1555.41,1540.93,1545.3,3552.32106
2026-06-26 12:00:00+00:00,1545.3,1560.63,1527.72,1536.32,8378.8643
2026-06-26 13:00:00+00:00,1536.32,1571.46,1521.04,1569.35,11155.39361
2026-06-26 14:00:00+00:00,1569.35,1575.5,1553.5,1560.05,9312.9563
2026-06-26 15:00:00+00:00,1560.05,1588.56,1559.5,1580.21,8003.83981
2026-06-26 16:00:00+00:00,1580.21,1594.96,1572.56,1577.84,8284.47786
2026-06-26 17:00:00+00:00,1577.84,1589.12,1576.55,1581.88,5168.1897
2026-06-26 18:00:00+00:00,1581.88,1585.75,1570.35,1573.29,2580.0469
2026-06-26 19:00:00+00:00,1573.29,1584.32,1570.52,1574.6,4750.28993
2026-06-26 20:00:00+00:00,1574.6,1583.67,1567.91,1570.93,4152.92263
2026-06-26 21:00:00+00:00,1570.93,1579.39,1568.39,1575.19,963.64984
2026-06-26 22:00:00+00:00,1575.19,1579.49,1569.36,1578.0,1116.32742
2026-06-26 23:00:00+00:00,1578.0,1580.85,1574.34,1578.69,1054.61194
2026-06-27 00:00:00+00:00,1578.69,1582.29,1571.45,1576.77,1601.95329
2026-06-27 01:00:00+00:00,1576.77,1577.82,1574.01,1576.01,457.7867
2026-06-27 02:00:00+00:00,1576.01,1587.16,1574.53,1583.22,1756.23093
2026-06-27 03:00:00+00:00,1583.22,1585.33,1578.49,1580.64,1149.62228
2026-06-27 04:00:00+00:00,1580.64,1585.39,1578.94,1579.6,987.70627
2026-06-27 05:00:00+00:00,1579.6,1581.39,1576.95,1578.7,923.08673
2026-06-27 06:00:00+00:00,1578.7,1584.68,1575.34,1582.86,1731.1
2026-06-27 07:00:00+00:00,1582.86,1586.62,1580.19,1585.73,2773.88053
2026-06-27 08:00:00+00:00,1585.73,1586.13,1581.85,1584.27,1552.40316
2026-06-27 09:00:00+00:00,1584.27,1585.12,1579.5,1582.71,1175.03359
2026-06-27 10:00:00+00:00,1582.71,1584.92,1581.97,1584.25,542.28623
2026-06-27 11:00:00+00:00,1584.25,1585.29,1578.85,1583.88,1284.93637
2026-06-27 12:00:00+00:00,1583.88,1586.35,1581.34,1585.87,920.03445
2026-06-27 13:00:00+00:00,1585.87,1593.27,1584.85,1592.18,2096.23062
2026-06-27 14:00:00+00:00,1592.18,1598.92,1589.36,1594.55,2282.24978
2026-06-27 15:00:00+00:00,1594.55,1610.93,1593.83,1605.52,5663.93189
2026-06-27 16:00:00+00:00,1605.52,1607.75,1601.36,1606.88,1542.01703
2026-06-27 17:00:00+00:00,1606.88,1606.92,1588.56,1591.46,5286.15711
2026-06-27 18:00:00+00:00,1591.46,1594.77,1589.18,1594.11,1622.64756
2026-06-27 19:00:00+00:00,1594.11,1595.28,1573.25,1578.27,4541.69156
2026-06-27 20:00:00+00:00,1578.27,1583.21,1578.21,1581.49,1219.8391
2026-06-27 21:00:00+00:00,1581.49,1585.12,1574.26,1575.16,1811.76719
2026-06-27 22:00:00+00:00,1575.16,1579.61,1562.4,1579.04,3437.27669
2026-06-27 23:00:00+00:00,1579.04,1581.56,1570.6,1573.97,1997.9829
2026-06-28 00:00:00+00:00,1573.97,1578.17,1572.62,1574.83,1388.99653
2026-06-28 01:00:00+00:00,1574.83,1576.96,1570.12,1575.25,657.36979
2026-06-28 02:00:00+00:00,1575.25,1580.05,1569.09,1572.02,1449.29629
2026-06-28 03:00:00+00:00,1572.02,1576.27,1571.97,1574.99,530.3004
2026-06-28 04:00:00+00:00,1574.99,1577.5,1570.52,1574.22,714.88736
2026-06-28 05:00:00+00:00,1574.22,1574.43,1564.14,1569.21,2509.11172
2026-06-28 06:00:00+00:00,1569.21,1570.57,1562.62,1567.68,1307.44859
2026-06-28 07:00:00+00:00,1567.68,1577.11,1567.68,1575.81,860.18431
2026-06-28 08:00:00+00:00,1575.81,1585.52,1573.59,1581.42,3097.08634
2026-06-28 09:00:00+00:00,1581.42,1586.25,1578.5,1579.03,1400.27948
2026-06-28 10:00:00+00:00,1579.03,1581.48,1572.31,1577.3,1560.67574
2026-06-28 11:00:00+00:00,1577.3,1584.04,1575.9,1582.97,1655.91581
2026-06-28 12:00:00+00:00,1582.97,1588.96,1578.23,1583.6,1846.60856
2026-06-28 13:00:00+00:00,1583.6,1583.73,1575.01,1579.69,1826.0899
2026-06-28 14:00:00+00:00,1579.69,1586.41,1578.16,1581.42,1810.11264
2026-06-28 15:00:00+00:00,1581.42,1585.54,1577.31,1580.91,2110.02858
2026-06-28 16:00:00+00:00,1580.91,1581.85,1566.44,1572.63,3901.65621
2026-06-28 17:00:00+00:00,1572.63,1577.5,1563.34,1572.23,3068.05371
2026-06-28 18:00:00+00:00,1572.23,1575.19,1569.02,1571.75,1152.45977
2026-06-28 19:00:00+00:00,1571.75,1574.51,1556.53,1564.48,3078.82529
2026-06-28 20:00:00+00:00,1564.48,1576.39,1564.09,1573.09,1813.05275
2026-06-28 21:00:00+00:00,1573.09,1573.86,1559.02,1563.65,1491.86436
2026-06-28 22:00:00+00:00,1563.65,1582.47,1548.06,1557.24,6005.86843
2026-06-28 23:00:00+00:00,1557.24,1580.26,1555.17,1572.01,3047.99688
2026-06-29 00:00:00+00:00,1572.01,1574.82,1552.13,1573.77,4835.70465
2026-06-29 01:00:00+00:00,1573.77,1574.5,1560.0,1568.48,2384.90451
2026-06-29 02:00:00+00:00,1568.48,1579.03,1550.34,1576.53,5396.7082
2026-06-29 03:00:00+00:00,1576.53,1589.73,1576.53,1584.75,2783.17904
2026-06-29 04:00:00+00:00,1584.75,1585.11,1574.88,1575.68,1454.42075
2026-06-29 05:00:00+00:00,1575.68,1583.45,1562.23,1583.27,4479.61832
2026-06-29 06:00:00+00:00,1583.27,1589.23,1579.97,1583.2,2204.76852
2026-06-29 07:00:00+00:00,1583.2,1584.91,1578.03,1580.16,1311.7105
2026-06-29 08:00:00+00:00,1580.16,1582.33,1570.13,1572.98,2771.11829
2026-06-29 09:00:00+00:00,1572.98,1580.67,1570.49,1576.19,2636.59429
2026-06-29 10:00:00+00:00,1576.19,1587.11,1576.19,1578.59,3075.81435
2026-06-29 11:00:00+00:00,1578.59,1582.76,1570.32,1574.86,3371.22525
2026-06-29 12:00:00+00:00,1574.86,1597.11,1566.56,1576.13,11613.05365
2026-06-29 13:00:00+00:00,1576.13,1588.79,1564.8,1572.88,6907.85974
2026-06-29 14:00:00+00:00,1572.88,1579.29,1557.32,1572.77,6942.78229
2026-06-29 15:00:00+00:00,1572.77,1585.64,1561.54,1580.25,7001.22918
2026-06-29 16:00:00+00:00,1580.25,1587.79,1573.86,1585.35,4013.80333
2026-06-29 17:00:00+00:00,1585.35,1637.58,1585.23,1628.14,16149.44571
2026-06-29 18:00:00+00:00,1628.14,1628.92,1618.5,1621.12,3715.58079
2026-06-29 19:00:00+00:00,1621.12,1627.59,1616.24,1625.69,2450.11742
2026-06-29 20:00:00+00:00,1625.69,1626.73,1617.6,1617.76,2279.59889
2026-06-29 21:00:00+00:00,1617.76,1623.16,1612.17,1620.12,2164.70506
2026-06-29 22:00:00+00:00,1620.12,1622.13,1612.79,1613.03,1574.92467
2026-06-29 23:00:00+00:00,1613.03,1614.07,1607.75,1613.03,909.51754
2026-06-30 00:00:00+00:00,1613.03,1614.36,1592.59,1594.5,3665.52873
2026-06-30 01:00:00+00:00,1594.5,1599.99,1588.94,1593.87,2097.67458
2026-06-30 02:00:00+00:00,1593.87,1594.06,1586.54,1590.67,1821.32528
2026-06-30 03:00:00+00:00,1590.67,1596.31,1586.56,1587.2,1171.0076
2026-06-30 04:00:00+00:00,1587.2,1590.99,1579.75,1587.86,2862.64967
2026-06-30 05:00:00+00:00,1587.86,1591.99,1585.03,1591.49,1964.74486
2026-06-30 06:00:00+00:00,1591.49,1594.72,1588.83,1593.8,1451.80875
2026-06-30 07:00:00+00:00,1593.8,1596.0,1590.12,1592.23,1747.8674
2026-06-30 08:00:00+00:00,1592.23,1594.2,1579.29,1583.88,4059.3
2026-06-30 09:00:00+00:00,1583.88,1587.06,1581.4,1585.45,1566.04855
2026-06-30 10:00:00+00:00,1585.45,1586.9,1582.26,1584.55,852.59083
2026-06-30 11:00:00+00:00,1584.55,1586.24,1575.59,1578.48,2712.35914
2026-06-30 12:00:00+00:00,1578.48,1578.59,1551.52,1552.77,6950.80168
2026-06-30 13:00:00+00:00,1552.77,1567.59,1550.01,1567.25,10086.49439
2026-06-30 14:00:00+00:00,1567.25,1578.11,1560.98,1563.31,6858.82528
2026-06-30 15:00:00+00:00,1563.31,1576.65,1557.31,1565.23,5133.93174
2026-06-30 16:00:00+00:00,1565.23,1575.08,1561.8,1572.45,2790.62206
2026-06-30 17:00:00+00:00,1572.45,1577.11,1568.56,1570.91,2788.64914
2026-06-30 18:00:00+00:00,1570.91,1581.99,1569.63,1579.21,2816.95038
2026-06-30 19:00:00+00:00,1579.21,1582.11,1575.72,1580.74,2338.65077
2026-06-30 20:00:00+00:00,1580.74,1583.21,1573.29,1576.04,2188.17861
2026-06-30 21:00:00+00:00,1576.04,1577.42,1570.05,1571.9,1497.23872
2026-06-30 22:00:00+00:00,1571.9,1575.44,1566.92,1567.8,1825.12351
2026-06-30 23:00:00+00:00,1567.8,1572.9,1565.96,1572.17,1615.43347
2026-07-01 00:00:00+00:00,1572.17,1576.65,1566.1,1575.04,1957.96493
2026-07-01 01:00:00+00:00,1575.04,1586.58,1552.5,1577.99,8256.54355
2026-07-01 02:00:00+00:00,1577.99,1589.63,1574.43,1586.39,3904.77391
2026-07-01 03:00:00+00:00,1586.39,1599.32,1582.48,1594.96,6974.05008
2026-07-01 04:00:00+00:00,1594.96,1604.14,1590.98,1599.43,3720.04022
2026-07-01 05:00:00+00:00,1599.43,1600.93,1591.51,1592.88,3467.70759
2026-07-01 06:00:00+00:00,1592.88,1593.36,1571.54,1576.12,5064.2506
2026-07-01 07:00:00+00:00,1576.12,1581.04,1572.45,1578.53,2622.03748
2026-07-01 08:00:00+00:00,1578.53,1582.4,1568.47,1582.4,2919.0726
2026-07-01 09:00:00+00:00,1582.4,1585.11,1578.85,1581.19,2549.42674
2026-07-01 10:00:00+00:00,1581.19,1581.76,1572.02,1573.45,1982.88231
2026-07-01 11:00:00+00:00,1573.45,1576.05,1567.36,1569.79,1483.20357
2026-07-01 12:00:00+00:00,1569.79,1572.76,1565.18,1570.25,3124.42315
2026-07-01 13:00:00+00:00,1570.25,1598.42,1569.89,1597.54,9742.42286
2026-07-01 14:00:00+00:00,1597.54,1617.57,1591.3,1601.39,12055.00216
2026-07-01 15:00:00+00:00,1601.39,1631.5,1601.03,1620.11,9604.1178
2026-07-01 16:00:00+00:00,1620.11,1629.67,1612.74,1614.73,3579.12823
2026-07-01 17:00:00+00:00,1614.73,1625.17,1607.21,1623.04,5710.26623
2026-07-01 18:00:00+00:00,1623.04,1624.82,1612.16,1616.86,3332.39232
2026-07-01 19:00:00+00:00,1616.86,1624.22,1614.4,1618.32,2626.06221
2026-07-01 20:00:00+00:00,1618.32,1620.71,1610.33,1617.9,3085.65878
2026-07-01 21:00:00+00:00,1617.9,1638.68,1617.62,1632.39,4555.95447
2026-07-01 22:00:00+00:00,1632.39,1646.87,1620.49,1621.85,6875.58332
2026-07-01 23:00:00+00:00,1621.85,1621.85,1608.38,1609.49,3123.57447
2026-07-02 00:00:00+00:00,1609.49,1609.75,1597.17,1603.43,2538.99173
2026-07-02 01:00:00+00:00,1603.43,1625.06,1602.53,1620.61,2729.21282
2026-07-02 02:00:00+00:00,1620.61,1624.73,1614.54,1621.04,2192.45336
2026-07-02 03:00:00+00:00,1621.04,1642.41,1618.27,1639.63,4917.18265
2026-07-02 04:00:00+00:00,1639.63,1640.07,1630.57,1632.77,2509.41807
2026-07-02 05:00:00+00:00,1632.77,1634.9,1625.04,1626.68,1698.19838
2026-07-02 06:00:00+00:00,1626.68,1629.73,1617.39,1619.08,1622.30052
2026-07-02 07:00:00+00:00,1619.08,1620.01,1614.4,1616.26,2736.17844
2026-07-02 08:00:00+00:00,1616.26,1627.36,1614.64,1624.99,3508.53545
2026-07-02 09:00:00+00:00,1624.99,1651.56,1620.45,1643.23,10545.57295
2026-07-02 10:00:00+00:00,1643.23,1649.9,1641.33,1646.43,3257.47759
2026-07-02 11:00:00+00:00,1646.43,1655.11,1644.68,1650.48,3753.16137
2026-07-02 12:00:00+00:00,1650.48,1669.8,1647.5,1662.73,8420.21635
2026-07-02 13:00:00+00:00,1662.73,1714.15,1660.62,1710.76,21811.91894
2026-07-02 14:00:00+00:00,1710.76,1728.6,1693.05,1701.51,10663.36724
2026-07-02 15:00:00+00:00,1701.51,1703.71,1688.45,1696.9,4885.29846
2026-07-02 16:00:00+00:00,1696.9,1704.16,1686.25,1699.58,5154.37646
2026-07-02 17:00:00+00:00,1699.58,1705.58,1694.22,1695.72,2879.70515
2026-07-02 18:00:00+00:00,1695.72,1707.09,1695.28,1702.12,2421.42329
2026-07-02 19:00:00+00:00,1702.12,1705.65,1694.75,1700.25,2634.16178
2026-07-02 20:00:00+00:00,1700.25,1706.81,1696.05,1705.76,2890.93064
2026-07-02 21:00:00+00:00,1705.76,1706.09,1696.94,1700.24,2217.57167
2026-07-02 22:00:00+00:00,1700.24,1700.9,1694.17,1696.69,1189.05354
2026-07-02 23:00:00+00:00,1696.69,1701.63,1692.1,1700.66,1286.69477
2026-07-03 00:00:00+00:00,1700.66,1703.0,1694.68,1696.81,1377.36836
2026-07-03 01:00:00+00:00,1696.81,1719.2,1695.35,1712.45,4205.00993
2026-07-03 02:00:00+00:00,1712.45,1715.39,1696.36,1704.7,2149.95117
2026-07-03 03:00:00+00:00,1704.7,1712.15,1699.54,1706.46,2788.22717
2026-07-03 04:00:00+00:00,1706.46,1708.57,1702.53,1703.27,1157.86416
2026-07-03 05:00:00+00:00,1703.27,1722.0,1702.39,1714.98,2035.16664
2026-07-03 06:00:00+00:00,1714.98,1721.63,1712.91,1716.08,1469.00984
2026-07-03 07:00:00+00:00,1716.08,1722.24,1713.89,1717.78,4375.46502
2026-07-03 08:00:00+00:00,1717.78,1735.36,1715.82,1719.95,5929.40282
2026-07-03 09:00:00+00:00,1719.95,1731.64,1717.16,1726.43,3094.03948
2026-07-03 10:00:00+00:00,1726.43,1749.14,1726.42,1742.27,5747.58669
2026-07-03 11:00:00+00:00,1742.27,1748.09,1737.51,1742.65,3900.42431
2026-07-03 12:00:00+00:00,1742.65,1745.33,1732.0,1736.63,2947.3302
2026-07-03 13:00:00+00:00,1736.63,1753.56,1736.26,1748.14,4172.98387
2026-07-03 14:00:00+00:00,1748.14,1748.26,1729.1,1737.35,3950.27226
2026-07-03 15:00:00+00:00,1737.35,1746.08,1729.84,1731.25,3824.5381
2026-07-03 16:00:00+00:00,1731.25,1735.59,1727.6,1733.8,1819.28486
2026-07-03 17:00:00+00:00,1733.8,1741.97,1732.45,1738.32,2076.00774
2026-07-03 18:00:00+00:00,1738.32,1741.14,1736.26,1738.75,1189.95327
2026-07-03 19:00:00+00:00,1738.75,1753.17,1737.25,1745.39,4769.95864
2026-07-03 20:00:00+00:00,1745.39,1773.84,1743.65,1766.14,7581.85105
2026-07-03 21:00:00+00:00,1766.14,1776.01,1756.92,1763.45,3486.43164
2026-07-03 22:00:00+00:00,1763.45,1764.17,1756.0,1757.51,1259.90987
2026-07-03 23:00:00+00:00,1757.51,1762.15,1755.4,1758.21,1037.17885
2026-07-04 00:00:00+00:00,1758.21,1764.01,1756.36,1758.69,1147.62412
2026-07-04 01:00:00+00:00,1758.69,1758.69,1746.0,1747.9,1917.74479
2026-07-04 02:00:00+00:00,1747.9,1751.02,1744.26,1749.58,1137.62386
2026-07-04 03:00:00+00:00,1749.58,1756.64,1747.41,1753.88,1907.29133
2026-07-04 04:00:00+00:00,1753.88,1764.5,1752.09,1761.82,1701.81425
2026-07-04 05:00:00+00:00,1761.82,1761.82,1753.22,1756.14,1195.48157
2026-07-04 06:00:00+00:00,1756.14,1761.58,1751.58,1754.88,1197.76479
2026-07-04 07:00:00+00:00,1754.88,1759.74,1752.98,1758.31,1055.12081
2026-07-04 08:00:00+00:00,1758.31,1765.62,1757.48,1762.32,2030.07547
2026-07-04 09:00:00+00:00,1762.32,1763.28,1754.81,1758.08,2112.91381
2026-07-04 10:00:00+00:00,1758.08,1760.99,1756.98,1759.13,834.88286
2026-07-04 11:00:00+00:00,1759.13,1760.46,1756.21,1758.15,1798.23691
2026-07-04 12:00:00+00:00,1758.15,1766.77,1758.1,1764.48,1361.67113
2026-07-04 13:00:00+00:00,1764.48,1778.73,1761.73,1764.04,2936.7287
2026-07-04 14:00:00+00:00,1764.04,1775.0,1763.78,1772.42,2020.85038
2026-07-04 15:00:00+00:00,1772.42,1798.97,1772.35,1791.29,8972.93074
2026-07-04 16:00:00+00:00,1791.29,1792.0,1783.33,1786.96,1941.91901
2026-07-04 17:00:00+00:00,1786.96,1808.37,1779.08,1799.35,4502.05986
2026-07-04 18:00:00+00:00,1799.35,1805.92,1791.61,1793.72,1608.06888
2026-07-04 19:00:00+00:00,1793.72,1797.65,1788.43,1792.59,1012.77335
2026-07-04 20:00:00+00:00,1792.59,1795.97,1783.71,1787.0,1571.53845
2026-07-04 21:00:00+00:00,1787.0,1794.37,1786.13,1789.3,877.95591
2026-07-04 22:00:00+00:00,1789.3,1789.48,1782.24,1784.62,924.69401
2026-07-04 23:00:00+00:00,1784.62,1785.63,1771.76,1780.68,2070.86264
2026-07-05 00:00:00+00:00,1780.68,1781.02,1769.4,1772.71,2676.5473
2026-07-05 01:00:00+00:00,1772.71,1774.71,1761.21,1766.59,2442.82144
2026-07-05 02:00:00+00:00,1766.59,1767.82,1756.79,1760.87,2125.31082
2026-07-05 03:00:00+00:00,1760.87,1763.82,1757.76,1761.41,1316.68547
2026-07-05 04:00:00+00:00,1761.41,1772.7,1759.96,1767.58,1384.53558
2026-07-05 05:00:00+00:00,1767.58,1767.88,1760.2,1765.72,934.33174
2026-07-05 06:00:00+00:00,1765.72,1768.02,1762.01,1764.6,581.12415
2026-07-05 07:00:00+00:00,1764.6,1772.21,1761.83,1769.96,1059.02275
2026-07-05 08:00:00+00:00,1769.96,1773.18,1766.63,1767.52,1021.61109
2026-07-05 09:00:00+00:00,1767.52,1767.86,1748.66,1758.06,2473.62327
2026-07-05 10:00:00+00:00,1758.06,1761.99,1754.99,1761.45,1503.36638
2026-07-05 11:00:00+00:00,1761.45,1764.99,1758.53,1760.08,1177.10465
2026-07-05 12:00:00+00:00,1760.08,1769.38,1755.94,1764.95,1656.38229
2026-07-05 13:00:00+00:00,1764.95,1767.76,1761.34,1766.34,1277.67808
2026-07-05 14:00:00+00:00,1766.34,1772.7,1764.82,1772.47,887.24937
2026-07-05 15:00:00+00:00,1772.47,1781.55,1770.4,1774.67,2686.86647
2026-07-05 16:00:00+00:00,1774.67,1777.54,1770.23,1772.92,1535.65471
2026-07-05 17:00:00+00:00,1772.92,1785.8,1772.9,1779.4,2318.88869
2026-07-05 18:00:00+00:00,1779.4,1786.36,1777.83,1781.27,1189.19406
2026-07-05 19:00:00+00:00,1781.27,1784.72,1777.75,1781.51,963.07422
2026-07-05 20:00:00+00:00,1781.51,1783.66,1776.0,1777.26,868.32767
2026-07-05 21:00:00+00:00,1777.26,1793.6,1769.46,1786.87,2499.0017
2026-07-05 22:00:00+00:00,1786.87,1808.15,1784.01,1790.09,5341.69663
2026-07-05 23:00:00+00:00,1790.09,1802.89,1782.83,1785.89,2604.76533
2026-07-06 00:00:00+00:00,1785.89,1794.18,1774.64,1793.39,2893.005
2026-07-06 01:00:00+00:00,1793.39,1799.17,1785.23,1786.32,2016.48705
2026-07-06 02:00:00+00:00,1786.32,1790.27,1779.4,1783.61,1811.06615
2026-07-06 03:00:00+00:00,1783.61,1785.22,1771.81,1779.82,1801.64524
2026-07-06 04:00:00+00:00,1779.82,1785.48,1776.34,1778.11,1121.37636
2026-07-06 05:00:00+00:00,1778.11,1778.35,1764.87,1773.99,2363.25922
2026-07-06 06:00:00+00:00,1773.99,1775.42,1769.28,1769.53,1670.88785
2026-07-06 07:00:00+00:00,1769.53,1775.49,1766.92,1772.34,2154.53978
2026-07-06 08:00:00+00:00,1772.34,1778.69,1763.01,1765.76,2552.63466
2026-07-06 09:00:00+00:00,1765.76,1766.19,1755.88,1758.71,3240.26703
2026-07-06 10:00:00+00:00,1758.71,1774.2,1758.13,1771.07,2291.09073
2026-07-06 11:00:00+00:00,1771.07,1775.68,1759.41,1759.58,3877.49091
2026-07-06 12:00:00+00:00,1759.58,1760.91,1735.61,1740.77,9544.4318
2026-07-06 13:00:00+00:00,1740.77,1753.44,1728.74,1744.8,5713.87413
2026-07-06 14:00:00+00:00,1744.8,1762.86,1741.94,1751.82,3792.58665
2026-07-06 15:00:00+00:00,1751.82,1788.98,1751.38,1788.29,8007.32169
2026-07-06 16:00:00+00:00,1788.29,1805.19,1782.33,1792.75,11214.77337
2026-07-06 17:00:00+00:00,1792.75,1800.58,1787.32,1788.28,3190.22714
2026-07-06 18:00:00+00:00,1788.28,1796.55,1786.63,1792.73,2316.41639
2026-07-06 19:00:00+00:00,1792.73,1798.97,1791.27,1792.79,1733.63367
2026-07-06 20:00:00+00:00,1792.79,1796.62,1787.38,1793.2,1336.36689
2026-07-06 21:00:00+00:00,1793.2,1834.11,1792.72,1815.01,9052.18547
2026-07-06 22:00:00+00:00,1815.01,1817.08,1804.58,1806.16,1443.07695
2026-07-06 23:00:00+00:00,1806.16,1810.21,1797.52,1799.49,2285.17776
2026-07-07 00:00:00+00:00,1799.49,1810.35,1794.77,1803.87,3062.67864
2026-07-07 01:00:00+00:00,1803.87,1803.87,1787.93,1792.81,2273.09561
2026-07-07 02:00:00+00:00,1792.81,1794.51,1776.92,1778.39,2574.18418
2026-07-07 03:00:00+00:00,1778.39,1781.51,1768.86,1771.41,1850.83526
2026-07-07 04:00:00+00:00,1771.41,1773.75,1762.81,1766.44,1969.01893
2026-07-07 05:00:00+00:00,1766.44,1773.57,1757.61,1770.5,2414.45634
2026-07-07 06:00:00+00:00,1770.5,1782.37,1764.76,1779.11,3047.73535
2026-07-07 07:00:00+00:00,1779.11,1782.49,1770.86,1771.2,1959.1865
2026-07-07 08:00:00+00:00,1771.2,1775.43,1768.19,1770.68,1832.11035
2026-07-07 09:00:00+00:00,1770.68,1782.84,1768.61,1778.06,2606.79965
2026-07-07 10:00:00+00:00,1778.06,1784.56,1774.09,1775.91,2131.42716
2026-07-07 11:00:00+00:00,1775.91,1784.91,1771.76,1780.72,1928.86319
2026-07-07 12:00:00+00:00,1780.72,1794.39,1780.18,1782.06,2779.07619
2026-07-07 13:00:00+00:00,1782.06,1783.34,1766.05,1768.97,4597.60329
2026-07-07 14:00:00+00:00,1768.97,1792.96,1761.0,1789.14,6129.4731
2026-07-07 15:00:00+00:00,1789.14,1803.2,1783.01,1797.66,5192.48699
2026-07-07 16:00:00+00:00,1797.66,1812.91,1792.53,1802.35,4681.21824
2026-07-07 17:00:00+00:00,1802.35,1810.8,1798.69,1810.8,3192.94152
2026-07-07 18:00:00+00:00,1810.8,1810.8,1786.07,1786.6,3138.66763
2026-07-07 19:00:00+00:00,1786.6,1793.16,1773.62,1790.7,4439.28654
2026-07-07 20:00:00+00:00,1790.7,1793.25,1781.59,1784.22,1336.14781
2026-07-07 21:00:00+00:00,1784.22,1789.53,1771.57,1773.74,3219.93314
2026-07-07 22:00:00+00:00,1773.74,1778.61,1765.54,1775.3,1623.03222
2026-07-07 23:00:00+00:00,1775.3,1780.99,1768.34,1771.42,834.42391
2026-07-08 00:00:00+00:00,1771.42,1785.09,1770.01,1780.43,1644.23621
2026-07-08 01:00:00+00:00,1780.43,1781.01,1749.77,1756.0,3840.38524
2026-07-08 02:00:00+00:00,1756.0,1759.46,1741.32,1757.7,4492.55079
2026-07-08 03:00:00+00:00,1757.7,1763.77,1749.16,1751.68,2675.62075
2026-07-08 04:00:00+00:00,1751.68,1758.0,1749.32,1756.35,3763.96627
2026-07-08 05:00:00+00:00,1756.35,1759.66,1750.19,1753.92,3124.92823
2026-07-08 06:00:00+00:00,1753.92,1755.25,1746.21,1751.73,2806.70981
2026-07-08 07:00:00+00:00,1751.73,1757.45,1744.8,1756.79,3100.25777
2026-07-08 08:00:00+00:00,1756.79,1758.92,1725.0,1735.46,9516.20648
2026-07-08 09:00:00+00:00,1735.46,1740.79,1730.01,1736.0,3510.31038
2026-07-08 10:00:00+00:00,1736.0,1742.3,1732.63,1739.48,2213.40194
2026-07-08 11:00:00+00:00,1739.48,1750.98,1735.69,1747.91,2795.18332
2026-07-08 12:00:00+00:00,1747.91,1751.33,1738.12,1738.49,3024.03515
2026-07-08 13:00:00+00:00,1738.49,1744.23,1731.1,1737.74,5954.23943
2026-07-08 14:00:00+00:00,1737.74,1740.93,1722.59,1729.75,5635.83838
2026-07-08 15:00:00+00:00,1729.75,1730.61,1713.41,1722.88,4878.02397
2026-07-08 16:00:00+00:00,1722.88,1738.31,1722.77,1736.46,3261.14061
2026-07-08 17:00:00+00:00,1736.46,1746.49,1730.91,1732.98,4237.94664
2026-07-08 18:00:00+00:00,1732.98,1741.18,1730.01,1737.49,2519.24819
2026-07-08 19:00:00+00:00,1737.49,1741.75,1733.52,1741.13,2387.24767
2026-07-08 20:00:00+00:00,1741.13,1741.49,1734.59,1736.45,2709.35769
2026-07-08 21:00:00+00:00,1736.45,1740.04,1731.32,1738.2,1758.04698
2026-07-08 22:00:00+00:00,1738.2,1743.44,1736.76,1741.25,999.899
2026-07-08 23:00:00+00:00,1741.25,1745.18,1738.72,1743.5,980.2259
2026-07-09 00:00:00+00:00,1743.5,1744.58,1736.92,1738.29,1092.83596
2026-07-09 01:00:00+00:00,1738.29,1756.03,1730.13,1731.55,3342.56106
2026-07-09 02:00:00+00:00,1731.55,1739.35,1723.36,1727.07,2735.51903
2026-07-09 03:00:00+00:00,1727.07,1734.48,1721.63,1730.71,1973.29346
2026-07-09 04:00:00+00:00,1730.71,1743.73,1729.98,1742.49,2139.4767
2026-07-09 05:00:00+00:00,1742.49,1749.67,1736.94,1749.6,2594.76827
2026-07-09 06:00:00+00:00,1749.6,1755.96,1746.04,1755.45,3299.08289
2026-07-09 07:00:00+00:00,1755.45,1762.68,1750.48,1753.38,2958.80156
2026-07-09 08:00:00+00:00,1753.38,1758.89,1750.09,1754.59,2386.65279
2026-07-09 09:00:00+00:00,1754.59,1756.5,1749.49,1755.69,1163.27502
2026-07-09 10:00:00+00:00,1755.69,1757.64,1744.02,1746.36,1246.75089
2026-07-09 11:00:00+00:00,1746.36,1748.71,1741.24,1744.06,2812.37176
2026-07-09 12:00:00+00:00,1744.06,1747.41,1734.84,1741.91,6095.65647
2026-07-09 13:00:00+00:00,1741.91,1752.4,1735.94,1747.02,4479.11288
2026-07-09 14:00:00+00:00,1747.02,1750.05,1733.68,1743.05,3924.99517
2026-07-09 15:00:00+00:00,1743.05,1749.6,1737.45,1739.55,2498.30111
2026-07-09 16:00:00+00:00,1739.55,1743.89,1731.89,1739.08,2923.03824
2026-07-09 17:00:00+00:00,1739.08,1752.54,1738.42,1748.6,2622.7103
2026-07-09 18:00:00+00:00,1748.6,1759.87,1747.42,1751.48,3410.40405
2026-07-09 19:00:00+00:00,1751.48,1753.23,1747.05,1748.55,1326.99261
2026-07-09 20:00:00+00:00,1748.55,1750.55,1745.18,1748.71,1664.71929
2026-07-09 21:00:00+00:00,1748.71,1751.05,1745.05,1748.31,1002.39724
2026-07-09 22:00:00+00:00,1748.31,1751.21,1746.31,1747.48,897.97106
2026-07-09 23:00:00+00:00,1747.48,1749.3,1741.77,1745.11,1254.09794
2026-07-10 00:00:00+00:00,1745.11,1746.53,1737.35,1743.08,1907.04151
2026-07-10 01:00:00+00:00,1743.08,1777.76,1738.02,1767.77,5990.69101
2026-07-10 02:00:00+00:00,1767.77,1775.26,1764.6,1773.08,2949.97636
2026-07-10 03:00:00+00:00,1773.08,1780.19,1769.24,1776.15,2902.04591
2026-07-10 04:00:00+00:00,1776.15,1780.48,1771.95,1774.81,1565.58251
2026-07-10 05:00:00+00:00,1774.81,1780.2,1772.61,1779.24,2229.05029
2026-07-10 06:00:00+00:00,1779.24,1780.15,1769.39,1771.25,1846.18426
2026-07-10 07:00:00+00:00,1771.25,1777.68,1768.61,1773.41,1594.05512
2026-07-10 08:00:00+00:00,1773.41,1789.56,1772.06,1784.1,4115.24346
2026-07-10 09:00:00+00:00,1784.1,1795.12,1781.25,1792.92,3453.11645
2026-07-10 10:00:00+00:00,1792.92,1803.2,1789.63,1797.15,3324.86843
2026-07-10 11:00:00+00:00,1797.15,1802.47,1794.35,1801.42,2420.40563
2026-07-10 12:00:00+00:00,1801.42,1808.04,1792.64,1793.98,3662.48647
2026-07-10 13:00:00+00:00,1793.98,1812.89,1793.7,1804.16,3673.37842
2026-07-10 14:00:00+00:00,1804.16,1804.84,1775.72,1784.76,4624.76077
2026-07-10 15:00:00+00:00,1784.76,1797.01,1783.87,1791.19,2333.21133
2026-07-10 16:00:00+00:00,1791.19,1799.53,1785.88,1797.58,1924.61946
2026-07-10 17:00:00+00:00,1797.58,1799.24,1788.17,1788.24,1817.33625
2026-07-10 18:00:00+00:00,1788.24,1794.06,1781.0,1784.92,2423.03407
2026-07-10 19:00:00+00:00,1784.92,1797.79,1784.09,1792.76,2720.12963
2026-07-10 20:00:00+00:00,1792.76,1794.53,1789.32,1790.04,1495.62615
2026-07-10 21:00:00+00:00,1790.04,1796.89,1789.58,1794.63,1044.14241
2026-07-10 22:00:00+00:00,1794.63,1796.97,1793.02,1795.32,702.84174
2026-07-10 23:00:00+00:00,1795.32,1797.99,1792.43,1796.91,1118.95648
2026-07-11 00:00:00+00:00,1796.91,1797.25,1789.98,1793.38,1199.31902
2026-07-11 01:00:00+00:00,1793.38,1799.23,1788.48,1789.08,1161.43556
2026-07-11 02:00:00+00:00,1789.08,1796.12,1786.46,1795.63,1010.4261
2026-07-11 03:00:00+00:00,1795.63,1798.29,1792.48,1796.37,899.1158
2026-07-11 04:00:00+00:00,1796.37,1800.67,1795.72,1796.5,661.57771
2026-07-11 05:00:00+00:00,1796.5,1802.5,1795.05,1799.39,772.43024
2026-07-11 06:00:00+00:00,1799.39,1803.42,1794.59,1799.45,1278.75597
2026-07-11 07:00:00+00:00,1799.45,1801.98,1798.29,1799.93,891.57036
2026-07-11 08:00:00+00:00,1799.93,1803.62,1799.4,1801.63,609.45136
2026-07-11 09:00:00+00:00,1801.63,1802.86,1795.28,1795.69,1076.30366
2026-07-11 10:00:00+00:00,1795.69,1799.39,1795.24,1798.49,597.0238
2026-07-11 11:00:00+00:00,1798.49,1801.19,1797.23,1800.62,771.67953
2026-07-11 12:00:00+00:00,1800.62,1801.86,1798.59,1800.24,657.34906
2026-07-11 13:00:00+00:00,1800.24,1808.65,1798.56,1802.9,1122.96705
2026-07-11 14:00:00+00:00,1802.9,1817.96,1802.56,1810.76,2958.19735
2026-07-11 15:00:00+00:00,1810.76,1828.51,1808.84,1814.88,7389.56705
2026-07-11 16:00:00+00:00,1814.88,1824.62,1810.71,1823.31,2850.91832
2026-07-11 17:00:00+00:00,1823.31,1829.96,1818.23,1824.75,1740.83878
2026-07-11 18:00:00+00:00,1824.75,1830.0,1823.8,1826.44,2026.04493
2026-07-11 19:00:00+00:00,1826.44,1827.43,1819.35,1824.76,1479.18352
2026-07-11 20:00:00+00:00,1824.76,1828.73,1824.08,1826.07,487.30097
2026-07-11 21:00:00+00:00,1826.07,1829.46,1822.87,1824.06,589.58551
2026-07-11 22:00:00+00:00,1824.06,1824.47,1809.52,1813.77,2093.69718
2026-07-11 23:00:00+00:00,1813.77,1815.86,1786.95,1787.78,5025.7817
2026-07-12 00:00:00+00:00,1787.78,1791.17,1779.6,1789.22,5348.71791
2026-07-12 01:00:00+00:00,1789.22,1808.38,1788.25,1806.69,3133.60888
2026-07-12 02:00:00+00:00,1806.69,1807.72,1802.93,1805.15,999.46465
2026-07-12 03:00:00+00:00,1805.15,1813.95,1802.6,1811.67,1115.849
2026-07-12 04:00:00+00:00,1811.67,1812.71,1804.16,1806.02,885.45965
2026-07-12 05:00:00+00:00,1806.02,1807.28,1801.29,1803.4,816.3924
2026-07-12 06:00:00+00:00,1803.4,1803.4,1789.17,1795.18,1898.78284
2026-07-12 07:00:00+00:00,1795.18,1799.16,1794.27,1798.83,922.18958
2026-07-12 08:00:00+00:00,1798.83,1809.18,1798.59,1805.31,1398.00615
2026-07-12 09:00:00+00:00,1805.31,1806.0,1796.71,1802.49,832.871
2026-07-12 10:00:00+00:00,1802.49,1802.67,1798.9,1799.37,1075.95764
2026-07-12 11:00:00+00:00,1799.37,1806.9,1796.54,1803.88,905.01779
2026-07-12 12:00:00+00:00,1803.88,1809.43,1802.97,1807.09,785.55692
2026-07-12 13:00:00+00:00,1807.09,1809.84,1805.44,1805.93,633.74659
2026-07-12 14:00:00+00:00,1805.93,1822.98,1804.16,1819.62,2994.61823
2026-07-12 15:00:00+00:00,1819.62,1827.0,1816.53,1821.01,4746.22323
2026-07-12 16:00:00+00:00,1821.01,1824.47,1817.47,1821.8,3403.39124
2026-07-12 17:00:00+00:00,1821.8,1822.34,1815.08,1818.37,1260.04356
2026-07-12 18:00:00+00:00,1818.37,1822.32,1815.2,1821.47,1183.80238
2026-07-12 19:00:00+00:00,1821.47,1823.55,1818.62,1821.46,683.41629
2026-07-12 20:00:00+00:00,1821.46,1824.29,1818.57,1821.35,1190.3953
2026-07-12 21:00:00+00:00,1821.35,1823.63,1811.43,1812.54,1272.12828
2026-07-12 22:00:00+00:00,1812.54,1812.54,1797.47,1804.91,3196.13596
2026-07-12 23:00:00+00:00,1804.91,1808.99,1801.07,1806.75,1120.32978
2026-07-13 00:00:00+00:00,1806.75,1846.32,1804.32,1826.42,11546.63482
2026-07-13 01:00:00+00:00,1826.42,1830.11,1805.52,1806.94,3600.30111
2026-07-13 02:00:00+00:00,1806.94,1815.06,1799.19,1806.97,3181.56004
2026-07-13 03:00:00+00:00,1806.97,1806.97,1774.99,1780.59,8925.9388
2026-07-13 04:00:00+00:00,1780.59,1785.09,1776.26,1778.94,1573.98748
2026-07-13 05:00:00+00:00,1778.94,1786.76,1773.67,1781.64,4381.2088
2026-07-13 06:00:00+00:00,1781.64,1783.5,1775.79,1777.86,1682.71847
2026-07-13 07:00:00+00:00,1777.86,1791.25,1776.34,1787.45,2209.34504
2026-07-13 08:00:00+00:00,1787.45,1793.45,1783.65,1790.23,2095.64938
2026-07-13 09:00:00+00:00,1790.23,1790.52,1784.82,1785.72,1091.61649
2026-07-13 10:00:00+00:00,1785.72,1786.96,1777.1,1779.63,1942.28084
2026-07-13 11:00:00+00:00,1779.63,1784.97,1779.59,1780.9,1878.43181
2026-07-13 12:00:00+00:00,1780.9,1783.74,1767.58,1772.18,5985.43133
2026-07-13 13:00:00+00:00,1772.18,1776.6,1763.39,1771.64,4843.44166
2026-07-13 14:00:00+00:00,1771.64,1782.11,1762.15,1781.66,6515.55813
2026-07-13 15:00:00+00:00,1781.66,1786.57,1775.35,1776.96,3235.85578
2026-07-13 16:00:00+00:00,1776.96,1781.04,1767.37,1771.93,3851.32032
2026-07-13 17:00:00+00:00,1771.93,1776.44,1753.05,1753.57,6687.22239
2026-07-13 18:00:00+00:00,1753.57,1767.45,1750.02,1764.94,4577.84493
2026-07-13 19:00:00+00:00,1764.94,1775.38,1764.48,1774.88,3013.3092
2026-07-13 20:00:00+00:00,1774.88,1777.17,1761.65,1767.29,3468.20106
2026-07-13 21:00:00+00:00,1767.29,1767.29,1752.25,1761.68,2807.85125
2026-07-13 22:00:00+00:00,1761.68,1768.54,1756.31,1758.15,2813.86112
2026-07-13 23:00:00+00:00,1758.15,1778.1,1756.25,1776.73,3441.33275
2026-07-14 00:00:00+00:00,1776.73,1788.58,1773.41,1786.21,5468.81225
2026-07-14 01:00:00+00:00,1786.21,1794.63,1783.31,1784.99,3764.56029
2026-07-14 02:00:00+00:00,1784.99,1789.12,1775.0,1782.6,2818.97785
2026-07-14 03:00:00+00:00,1782.6,1784.18,1774.7,1783.6,1901.57333
2026-07-14 04:00:00+00:00,1783.6,1789.86,1782.32,1785.91,2325.36765
2026-07-14 05:00:00+00:00,1785.91,1793.31,1784.51,1787.02,3103.72436
2026-07-14 06:00:00+00:00,1787.02,1787.49,1781.81,1783.25,2387.38429
2026-07-14 07:00:00+00:00,1783.25,1786.51,1779.29,1780.96,2972.81866
2026-07-14 08:00:00+00:00,1780.96,1789.62,1778.69,1785.96,2468.29232
2026-07-14 09:00:00+00:00,1785.96,1789.66,1782.9,1786.1,2730.86477
2026-07-14 10:00:00+00:00,1786.1,1805.17,1785.91,1800.35,7524.81496
2026-07-14 11:00:00+00:00,1800.35,1803.13,1795.7,1798.15,3690.382
2026-07-14 12:00:00+00:00,1798.15,1867.21,1794.31,1861.02,27363.22705
2026-07-14 13:00:00+00:00,1861.02,1883.48,1854.97,1871.61,23605.8581
2026-07-14 14:00:00+00:00,1871.61,1884.6,1860.0,1881.35,10909.78678
2026-07-14 15:00:00+00:00,1881.35,1889.17,1873.0,1875.23,9307.05504
2026-07-14 16:00:00+00:00,1875.23,1877.58,1868.61,1873.7,4767.0707
2026-07-14 17:00:00+00:00,1873.7,1873.7,1860.87,1871.61,3768.60932
2026-07-14 18:00:00+00:00,1871.61,1876.99,1868.23,1874.84,2791.27893
2026-07-14 19:00:00+00:00,1874.84,1881.62,1874.27,1876.81,2960.28365
2026-07-14 20:00:00+00:00,1876.81,1878.85,1873.69,1875.48,3015.85215
2026-07-14 21:00:00+00:00,1875.48,1880.0,1874.51,1876.54,2118.03006
2026-07-14 22:00:00+00:00,1876.54,1897.31,1872.16,1882.09,4717.53639
2026-07-14 23:00:00+00:00,1882.09,1893.58,1878.69,1891.81,2321.15447
2026-07-15 00:00:00+00:00,1891.81,1893.46,1878.17,1881.81,2753.24722
2026-07-15 01:00:00+00:00,1881.81,1882.32,1867.36,1870.28,2917.87025
2026-07-15 02:00:00+00:00,1870.28,1873.12,1864.37,1864.52,1850.56567
2026-07-15 03:00:00+00:00,1864.52,1879.12,1864.37,1876.28,2713.39803
2026-07-15 04:00:00+00:00,1876.28,1880.77,1873.42,1876.46,2535.69524
2026-07-15 05:00:00+00:00,1876.46,1883.48,1871.73,1882.76,2365.93961
2026-07-15 06:00:00+00:00,1882.76,1892.07,1875.39,1875.88,4496.09439
2026-07-15 07:00:00+00:00,1875.88,1877.06,1864.63,1870.11,4358.35434
2026-07-15 08:00:00+00:00,1870.11,1879.81,1869.99,1879.25,3447.22933
2026-07-15 09:00:00+00:00,1879.25,1886.84,1879.08,1879.98,3110.0104
2026-07-15 10:00:00+00:00,1879.98,1886.52,1875.0,1878.17,3143.9259
2026-07-15 11:00:00+00:00,1878.17,1885.8,1877.48,1884.68,1966.92053
2026-07-15 12:00:00+00:00,1884.68,1929.8,1879.31,1927.32,11301.25179
2026-07-15 13:00:00+00:00,1927.32,1946.51,1917.14,1925.69,13242.9027
2026-07-15 14:00:00+00:00,1925.69,1935.47,1919.25,1933.3,9386.30309
2026-07-15 15:00:00+00:00,1933.3,1938.43,1925.84,1931.75,3597.35242
2026-07-15 16:00:00+00:00,1931.75,1932.92,1903.4,1919.7,6878.71806
2026-07-15 17:00:00+00:00,1919.7,1931.49,1919.48,1928.12,5115.97352
2026-07-15 18:00:00+00:00,1928.12,1936.99,1922.79,1924.49,4829.43173
2026-07-15 19:00:00+00:00,1924.49,1929.18,1919.14,1924.03,3127.46272
2026-07-15 20:00:00+00:00,1924.03,1930.93,1919.38,1923.66,1738.11283
2026-07-15 21:00:00+00:00,1923.66,1925.92,1919.76,1921.99,1002.48046
2026-07-15 22:00:00+00:00,1921.99,1928.63,1917.98,1923.27,2045.07855
2026-07-15 23:00:00+00:00,1923.27,1927.12,1914.6,1917.87,2164.83286
2026-07-16 00:00:00+00:00,1917.87,1924.99,1911.53,1914.73,4303.27581
2026-07-16 01:00:00+00:00,1914.73,1925.89,1908.01,1922.65,3638.52022
2026-07-16 02:00:00+00:00,1922.65,1926.36,1918.75,1925.23,3044.7297
2026-07-16 03:00:00+00:00,1925.23,1928.99,1917.0,1918.57,3561.19797
2026-07-16 04:00:00+00:00,1918.57,1920.84,1914.05,1918.23,1692.83257
2026-07-16 05:00:00+00:00,1918.23,1927.76,1917.17,1925.64,2312.77286
2026-07-16 06:00:00+00:00,1925.64,1929.81,1915.57,1922.73,2877.97745
2026-07-16 07:00:00+00:00,1922.73,1922.73,1905.16,1910.44,4224.22776
2026-07-16 08:00:00+00:00,1910.44,1912.86,1875.79,1886.2,14290.73896
2026-07-16 09:00:00+00:00,1886.2,1889.38,1880.51,1884.69,5019.70188
2026-07-16 10:00:00+00:00,1884.69,1891.78,1883.77,1888.47,2585.63253
2026-07-16 11:00:00+00:00,1888.47,1888.49,1879.37,1885.27,3223.71309
2026-07-16 12:00:00+00:00,1885.27,1885.27,1867.48,1872.65,4973.60085
2026-07-16 13:00:00+00:00,1872.65,1890.35,1870.98,1882.66,4693.83017
2026-07-16 14:00:00+00:00,1882.66,1893.07,1874.72,1883.56,5291.36445
2026-07-16 15:00:00+00:00,1883.56,1894.44,1871.08,1881.84,5134.78258
2026-07-16 16:00:00+00:00,1881.84,1883.19,1874.56,1879.01,2908.90361
2026-07-16 17:00:00+00:00,1879.01,1879.45,1862.38,1869.01,5037.67039
2026-07-16 18:00:00+00:00,1869.01,1879.96,1867.85,1876.04,2107.96327
2026-07-16 19:00:00+00:00,1876.04,1877.97,1871.01,1875.69,1746.57665
2026-07-16 20:00:00+00:00,1875.69,1875.85,1871.58,1871.8,2052.41721
2026-07-16 21:00:00+00:00,1871.8,1881.29,1871.79,1878.82,1513.5852
2026-07-16 22:00:00+00:00,1878.82,1881.69,1867.92,1869.11,3077.78755
2026-07-16 23:00:00+00:00,1869.11,1870.89,1857.64,1864.73,5353.75938
2026-07-17 00:00:00+00:00,1864.73,1866.78,1847.86,1865.86,5794.88265
2026-07-17 01:00:00+00:00,1865.86,1871.2,1848.07,1851.35,4237.17984
2026-07-17 02:00:00+00:00,1851.35,1855.8,1843.26,1848.19,4165.38768
2026-07-17 03:00:00+00:00,1848.19,1859.72,1847.26,1852.51,2427.53763
2026-07-17 04:00:00+00:00,1852.51,1853.11,1844.0,1850.29,3124.5966
2026-07-17 05:00:00+00:00,1850.29,1850.29,1821.61,1824.07,6932.67525
2026-07-17 06:00:00+00:00,1824.07,1836.66,1820.49,1832.39,4093.36704
2026-07-17 07:00:00+00:00,1832.39,1833.57,1825.97,1828.26,2656.42359
2026-07-17 08:00:00+00:00,1828.26,1832.56,1821.29,1830.06,4335.39029
2026-07-17 09:00:00+00:00,1830.06,1836.22,1829.15,1835.19,1967.21212
2026-07-17 10:00:00+00:00,1835.19,1840.16,1834.1,1836.91,2066.29259
2026-07-17 11:00:00+00:00,1836.91,1843.25,1833.17,1839.13,2268.08627
2026-07-17 12:00:00+00:00,1839.13,1840.17,1827.41,1828.49,2216.58494
2026-07-17 13:00:00+00:00,1828.49,1829.41,1803.39,1825.6,8159.58002
2026-07-17 14:00:00+00:00,1825.6,1834.14,1817.25,1822.27,4427.63309
2026-07-17 15:00:00+00:00,1822.27,1831.49,1810.82,1831.03,4253.02202
2026-07-17 16:00:00+00:00,1831.03,1840.76,1826.56,1836.02,6464.03145
2026-07-17 17:00:00+00:00,1836.02,1856.43,1836.02,1843.83,4360.44014
2026-07-17 18:00:00+00:00,1843.83,1849.83,1834.92,1847.23,2911.2762
2026-07-17 19:00:00+00:00,1847.23,1847.23,1835.94,1843.98,2051.08385
2026-07-17 20:00:00+00:00,1843.98,1846.24,1837.23,1842.95,1558.00993
2026-07-17 21:00:00+00:00,1842.95,1846.77,1840.52,1841.78,1189.7267
2026-07-17 22:00:00+00:00,1841.78,1843.91,1837.62,1839.91,639.66781
2026-07-17 23:00:00+00:00,1839.91,1844.4,1835.18,1841.85,700.45113
2026-07-18 00:00:00+00:00,1841.85,1845.18,1839.96,1840.84,661.75452
2026-07-18 01:00:00+00:00,1840.84,1843.41,1839.29,1842.6,492.02199
2026-07-18 02:00:00+00:00,1842.6,1846.93,1840.97,1841.93,1043.04581
2026-07-18 03:00:00+00:00,1841.93,1846.36,1841.43,1845.99,593.62868
2026-07-18 04:00:00+00:00,1845.99,1846.26,1842.33,1844.67,404.27658
2026-07-18 05:00:00+00:00,1844.67,1849.62,1843.11,1845.92,828.28052
2026-07-18 06:00:00+00:00,1845.92,1848.05,1843.0,1844.86,610.73323
2026-07-18 07:00:00+00:00,1844.86,1846.18,1843.09,1844.18,497.51361
2026-07-18 08:00:00+00:00,1844.18,1849.41,1842.12,1847.58,1248.42751
2026-07-18 09:00:00+00:00,1847.58,1848.06,1842.84,1844.8,607.93038
2026-07-18 10:00:00+00:00,1844.8,1846.79,1843.47,1845.55,465.42759
2026-07-18 11:00:00+00:00,1845.55,1846.94,1844.41,1845.43,377.81779
2026-07-18 12:00:00+00:00,1845.43,1850.62,1839.98,1844.77,1487.79959
2026-07-18 13:00:00+00:00,1844.77,1844.77,1837.43,1841.58,949.56056
2026-07-18 14:00:00+00:00,1841.58,1846.31,1840.6,1845.9,1168.70246
2026-07-18 15:00:00+00:00,1845.9,1846.26,1841.99,1843.96,585.2011
2026-07-18 16:00:00+00:00,1843.96,1847.38,1841.6,1846.05,1220.93976
2026-07-18 17:00:00+00:00,1846.05,1853.48,1843.48,1852.74,1894.68571
2026-07-18 18:00:00+00:00,1852.74,1867.64,1850.05,1857.53,4027.37165
2026-07-18 19:00:00+00:00,1857.53,1861.55,1855.73,1858.49,1520.06342
2026-07-18 20:00:00+00:00,1858.49,1863.46,1855.41,1857.17,1631.85063
2026-07-18 21:00:00+00:00,1857.17,1863.21,1855.82,1861.01,1526.35195
2026-07-18 22:00:00+00:00,1861.01,1865.92,1859.92,1863.57,932.54383
2026-07-18 23:00:00+00:00,1863.57,1864.45,1860.11,1862.7,748.00555
2026-07-19 00:00:00+00:00,1862.7,1863.86,1859.34,1861.55,971.10442
2026-07-19 01:00:00+00:00,1861.55,1861.83,1858.51,1859.18,1245.16215
2026-07-19 02:00:00+00:00,1859.18,1877.47,1858.33,1871.45,2815.3296
2026-07-19 03:00:00+00:00,1871.45,1872.97,1863.86,1867.18,975.46106
2026-07-19 04:00:00+00:00,1867.18,1870.25,1864.25,1867.2,719.68088
2026-07-19 05:00:00+00:00,1867.2,1870.36,1865.51,1868.62,855.45357
2026-07-19 06:00:00+00:00,1868.62,1871.75,1868.21,1869.11,788.22725
2026-07-19 07:00:00+00:00,1869.11,1871.99,1866.65,1870.11,942.17827
2026-07-19 08:00:00+00:00,1870.11,1875.37,1867.59,1873.81,1384.62044
2026-07-19 09:00:00+00:00,1873.81,1874.21,1865.33,1866.42,1760.81732
2026-07-19 10:00:00+00:00,1866.42,1879.74,1864.0,1872.45,2028.59216
2026-07-19 11:00:00+00:00,1872.45,1878.88,1870.01,1871.35,1688.33199
2026-07-19 12:00:00+00:00,1871.35,1874.49,1864.37,1870.52,2853.76452
2026-07-19 13:00:00+00:00,1870.52,1873.81,1865.71,1871.9,1445.47296
2026-07-19 14:00:00+00:00,1871.9,1879.58,1868.76,1874.8,2175.81671
2026-07-19 15:00:00+00:00,1874.8,1876.27,1868.92,1870.97,1450.924
2026-07-19 16:00:00+00:00,1870.97,1873.73,1866.01,1866.78,1533.15975
2026-07-19 17:00:00+00:00,1866.78,1874.04,1857.92,1867.24,2616.27697
2026-07-19 18:00:00+00:00,1867.24,1867.9,1851.97,1861.08,2772.53057
2026-07-19 19:00:00+00:00,1861.08,1863.22,1854.82,1862.54,989.60861
2026-07-19 20:00:00+00:00,1862.54,1867.43,1862.23,1867.39,1031.78707
2026-07-19 21:00:00+00:00,1867.39,1868.35,1857.54,1862.04,1525.76642
2026-07-19 22:00:00+00:00,1862.04,1877.41,1857.05,1870.71,4767.32196
2026-07-19 23:00:00+00:00,1870.71,1875.17,1865.01,1872.27,1907.84286
2026-07-20 00:00:00+00:00,1872.27,1892.06,1862.33,1872.23,7646.36365
2026-07-20 01:00:00+00:00,1872.23,1890.15,1865.62,1869.48,4656.53748
2026-07-20 02:00:00+00:00,1869.48,1883.58,1867.7,1879.19,3626.56045
2026-07-20 03:00:00+00:00,1879.19,1882.38,1870.81,1879.9,2205.23825
2026-07-20 04:00:00+00:00,1879.9,1880.27,1868.24,1868.99,2681.97593
2026-07-20 05:00:00+00:00,1868.99,1870.01,1851.2,1855.47,5309.47955
2026-07-20 06:00:00+00:00,1855.47,1859.95,1842.89,1849.86,5081.78448
2026-07-20 07:00:00+00:00,1849.86,1865.52,1848.87,1864.05,3589.64238
2026-07-20 08:00:00+00:00,1864.05,1868.46,1854.08,1860.87,5073.30517
2026-07-20 09:00:00+00:00,1860.87,1867.68,1857.98,1864.24,1853.55711
2026-07-20 10:00:00+00:00,1864.24,1872.5,1862.66,1868.81,2335.33198
2026-07-20 11:00:00+00:00,1868.81,1896.91,1867.79,1893.68,11518.79695
2026-07-20 12:00:00+00:00,1893.68,1894.11,1871.8,1873.44,4372.13418
2026-07-20 13:00:00+00:00,1873.44,1880.8,1857.55,1862.64,6465.73426
2026-07-20 14:00:00+00:00,1862.64,1872.07,1853.51,1867.98,5044.26699
2026-07-20 15:00:00+00:00,1867.98,1905.2,1867.47,1902.42,12867.57578
2026-07-20 16:00:00+00:00,1902.42,1906.95,1893.79,1899.54,7136.82388
2026-07-20 17:00:00+00:00,1899.54,1909.95,1895.6,1907.88,4766.99129
2026-07-20 18:00:00+00:00,1907.88,1918.39,1897.5,1899.45,8003.33994
2026-07-20 19:00:00+00:00,1899.45,1901.03,1889.9,1898.43,3976.2527
2026-07-20 20:00:00+00:00,1898.43,1906.68,1896.11,1904.96,2266.91899
2026-07-20 21:00:00+00:00,1904.96,1907.65,1901.91,1902.45,1786.11879
2026-07-20 22:00:00+00:00,1902.45,1902.82,1894.33,1895.8,2524.15224
2026-07-20 23:00:00+00:00,1895.8,1905.16,1895.04,1904.55,1099.08139
2026-07-21 00:00:00+00:00,1904.55,1917.91,1900.56,1915.15,2619.42342
2026-07-21 01:00:00+00:00,1915.15,1918.33,1907.12,1907.47,1999.53405
2026-07-21 02:00:00+00:00,1907.47,1924.22,1904.66,1917.47,2153.81426
2026-07-21 03:00:00+00:00,1917.47,1928.89,1916.9,1926.78,3866.72099
2026-07-21 04:00:00+00:00,1926.78,1931.25,1922.32,1924.56,2440.39363
2026-07-21 05:00:00+00:00,1924.56,1936.04,1922.01,1930.49,2766.01454
2026-07-21 06:00:00+00:00,1930.49,1940.43,1927.66,1934.9,2982.47484
2026-07-21 07:00:00+00:00,1934.9,1940.37,1933.33,1933.82,3098.12064
2026-07-21 08:00:00+00:00,1933.82,1953.0,1931.4,1939.77,8465.55425
2026-07-21 09:00:00+00:00,1939.77,1943.53,1936.26,1942.14,2859.82175
2026-07-21 10:00:00+00:00,1942.14,1947.0,1931.92,1933.92,3581.87371
2026-07-21 11:00:00+00:00,1933.92,1937.38,1927.0,1935.87,3196.57645
2026-07-21 12:00:00+00:00,1935.87,1945.37,1932.87,1942.69,4579.72588
2026-07-21 13:00:00+00:00,1942.69,1943.84,1927.33,1940.33,6890.78061
2026-07-21 14:00:00+00:00,1940.33,1944.05,1927.72,1931.72,9277.66133
2026-07-21 15:00:00+00:00,1931.72,1932.42,1923.2,1931.7,3868.80585
2026-07-21 16:00:00+00:00,1931.7,1935.34,1921.39,1926.29,2524.6623
2026-07-21 17:00:00+00:00,1926.29,1928.33,1914.5,1918.68,3376.83168
2026-07-21 18:00:00+00:00,1918.68,1922.89,1915.14,1920.03,1950.53527
2026-07-21 19:00:00+00:00,1920.03,1926.06,1918.11,1923.34,2075.67031
2026-07-21 20:00:00+00:00,1923.34,1926.33,1921.52,1923.15,1006.98746
2026-07-21 21:00:00+00:00,1923.15,1926.6,1919.69,1924.02,962.40389
2026-07-21 22:00:00+00:00,1924.02,1924.02,1918.0,1920.83,1180.16994
2026-07-21 23:00:00+00:00,1920.83,1931.97,1916.69,1930.3,1939.58146
2026-07-22 00:00:00+00:00,1930.3,1944.43,1929.01,1939.4,5564.22627
2026-07-22 01:00:00+00:00,1939.4,1940.75,1927.91,1933.66,2042.83177
2026-07-22 02:00:00+00:00,1933.66,1936.41,1926.81,1930.14,1207.23921
2026-07-22 03:00:00+00:00,1930.14,1935.99,1926.56,1928.6,1685.80047
2026-07-22 04:00:00+00:00,1928.6,1939.41,1927.9,1936.54,2212.41348
2026-07-22 05:00:00+00:00,1936.54,1936.9,1918.09,1919.35,3665.0477
2026-07-22 06:00:00+00:00,1919.35,1921.01,1912.99,1917.37,2085.24442
2026-07-22 07:00:00+00:00,1917.37,1918.95,1910.81,1914.28,3928.22447
2026-07-22 08:00:00+00:00,1914.28,1925.29,1913.91,1921.43,3001.67799
2026-07-22 09:00:00+00:00,1921.43,1926.78,1919.5,1924.69,2300.7611
2026-07-22 10:00:00+00:00,1924.69,1933.61,1923.46,1930.74,3118.84393
2026-07-22 11:00:00+00:00,1930.74,1931.68,1922.4,1927.39,2013.5627
2026-07-22 12:00:00+00:00,1927.39,1927.49,1913.44,1917.03,2683.83063
2026-07-22 13:00:00+00:00,1917.03,1942.68,1916.7,1939.96,5423.04061
2026-07-22 14:00:00+00:00,1939.96,1955.83,1922.92,1933.24,8485.45075
2026-07-22 15:00:00+00:00,1933.24,1952.47,1932.91,1942.89,6099.63738
2026-07-22 16:00:00+00:00,1942.89,1956.59,1935.61,1949.88,5993.80706
2026-07-22 17:00:00+00:00,1949.88,1950.49,1934.94,1938.75,3770.05806
2026-07-22 18:00:00+00:00,1938.75,1939.99,1923.13,1930.73,4188.62561
2026-07-22 19:00:00+00:00,1930.73,1931.99,1920.97,1924.95,2408.80625
2026-07-22 20:00:00+00:00,1924.95,1930.27,1922.76,1926.43,2317.81216
2026-07-22 21:00:00+00:00,1926.43,1939.73,1926.43,1938.9,1560.18203
2026-07-22 22:00:00+00:00,1938.9,1939.29,1930.81,1938.45,1847.91158
2026-07-22 23:00:00+00:00,1938.45,1938.53,1923.42,1934.21,3202.64322
2026-07-23 00:00:00+00:00,1934.21,1941.68,1932.23,1932.36,2284.09168
2026-07-23 01:00:00+00:00,1932.36,1936.78,1926.62,1928.29,2465.26298
2026-07-23 02:00:00+00:00,1928.29,1929.59,1921.76,1927.37,1932.31086
2026-07-23 03:00:00+00:00,1927.37,1928.01,1917.49,1920.4,3393.84606
2026-07-23 04:00:00+00:00,1920.4,1925.99,1918.55,1919.83,2601.07625
2026-07-23 05:00:00+00:00,1919.83,1928.7,1918.29,1922.85,1661.17263
2026-07-23 06:00:00+00:00,1922.85,1926.85,1920.98,1925.45,1139.69521
2026-07-23 07:00:00+00:00,1925.45,1925.45,1912.57,1915.7,3240.84088
2026-07-23 08:00:00+00:00,1915.7,1927.42,1914.36,1926.46,2202.84049
2026-07-23 09:00:00+00:00,1926.46,1931.68,1923.38,1924.06,2162.35546
2026-07-23 10:00:00+00:00,1924.06,1930.4,1921.95,1928.09,1451.56096
2026-07-23 11:00:00+00:00,1928.09,1929.25,1924.49,1925.73,2766.43169
2026-07-23 12:00:00+00:00,1925.73,1928.0,1894.22,1904.61,11701.8407
2026-07-23 13:00:00+00:00,1904.61,1909.02,1895.58,1898.7,5684.27963
2026-07-23 14:00:00+00:00,1898.7,1907.31,1892.51,1896.38,5387.18102
2026-07-23 15:00:00+00:00,1896.38,1897.89,1882.88,1895.15,7904.8207
2026-07-23 16:00:00+00:00,1895.15,1895.31,1884.66,1887.87,4893.27599
2026-07-23 17:00:00+00:00,1887.87,1892.25,1875.0,1878.35,3676.07072
2026-07-23 18:00:00+00:00,1878.35,1884.23,1875.94,1880.99,3624.83076
2026-07-23 19:00:00+00:00,1880.99,1883.38,1868.94,1875.49,3753.49756
2026-07-23 20:00:00+00:00,1875.49,1889.09,1874.25,1885.96,2254.4377
2026-07-23 21:00:00+00:00,1885.96,1889.06,1880.71,1882.7,1681.57422
2026-07-23 22:00:00+00:00,1882.7,1883.98,1874.4,1883.33,2409.78859
2026-07-23 23:00:00+00:00,1883.33,1884.6,1875.39,1878.19,1312.51024
2026-07-24 00:00:00+00:00,1878.19,1879.51,1860.0,1871.26,5531.24146
2026-07-24 01:00:00+00:00,1871.26,1877.6,1870.32,1872.8,1995.12678
2026-07-24 02:00:00+00:00,1872.8,1878.39,1864.49,1869.61,2165.04457
2026-07-24 03:00:00+00:00,1869.61,1881.63,1868.21,1880.68,2561.98012
2026-07-24 04:00:00+00:00,1880.68,1882.08,1874.78,1875.99,984.90324
2026-07-24 05:00:00+00:00,1875.99,1882.2,1873.29,1880.99,2090.3614
2026-07-24 06:00:00+00:00,1880.99,1888.49,1878.54,1888.12,2732.94579
2026-07-24 07:00:00+00:00,1888.12,1909.92,1888.12,1896.13,8404.6574
2026-07-24 08:00:00+00:00,1896.13,1896.52,1886.35,1888.1,2375.52608
2026-07-24 09:00:00+00:00,1888.1,1889.15,1878.23,1888.02,3286.4739
2026-07-24 10:00:00+00:00,1888.02,1888.62,1880.14,1883.69,1785.69966
2026-07-24 11:00:00+00:00,1883.69,1884.65,1876.41,1883.79,2981.84277
2026-07-24 12:00:00+00:00,1883.79,1886.01,1871.28,1872.61,3446.33284
2026-07-24 13:00:00+00:00,1872.61,1875.55,1847.83,1857.7,8993.03047
2026-07-24 14:00:00+00:00,1857.7,1863.09,1847.8,1862.74,6528.67691
2026-07-24 15:00:00+00:00,1862.74,1869.4,1853.92,1862.01,5558.08481
2026-07-24 16:00:00+00:00,1862.01,1866.18,1853.52,1857.51,4005.60543
2026-07-24 17:00:00+00:00,1857.51,1866.62,1854.86,1866.55,2263.03228
2026-07-24 18:00:00+00:00,1866.55,1866.73,1858.59,1862.92,2357.64932
2026-07-24 19:00:00+00:00,1862.92,1864.65,1858.0,1863.81,1406.3164
2026-07-24 20:00:00+00:00,1863.81,1865.6,1858.38,1860.85,1775.28307
2026-07-24 21:00:00+00:00,1860.85,1861.72,1856.93,1857.62,1037.10267
2026-07-24 22:00:00+00:00,1857.62,1861.56,1856.85,1859.52,744.9161
2026-07-24 23:00:00+00:00,1859.52,1862.05,1858.88,1861.45,697.88326
2026-07-25 00:00:00+00:00,1861.45,1864.7,1856.74,1860.27,2024.69915
2026-07-25 01:00:00+00:00,1860.27,1863.66,1858.06,1860.04,1332.12854
2026-07-25 02:00:00+00:00,1860.04,1861.61,1857.89,1859.32,639.86937
2026-07-25 03:00:00+00:00,1859.32,1860.38,1855.75,1858.56,789.45254
2026-07-25 04:00:00+00:00,1858.56,1862.73,1858.38,1861.2,500.54915
2026-07-25 05:00:00+00:00,1861.2,1863.0,1856.75,1858.56,786.93129
2026-07-25 06:00:00+00:00,1858.56,1860.3,1854.58,1858.41,626.34419
2026-07-25 07:00:00+00:00,1858.41,1858.72,1856.14,1856.14,670.69499
2026-07-25 08:00:00+00:00,1856.14,1856.92,1851.26,1853.89,1787.40903
2026-07-25 09:00:00+00:00,1853.89,1859.18,1851.73,1858.44,805.23191
2026-07-25 10:00:00+00:00,1858.44,1859.48,1856.81,1858.7,983.28069
2026-07-25 11:00:00+00:00,1858.7,1860.19,1857.48,1857.96,557.89841
2026-07-25 12:00:00+00:00,1857.96,1860.6,1857.09,1860.34,818.73227
2026-07-25 13:00:00+00:00,1860.34,1872.38,1859.99,1867.46,2555.38676
2026-07-25 14:00:00+00:00,1867.46,1869.53,1865.32,1868.88,1179.11038
2026-07-25 15:00:00+00:00,1868.88,1871.59,1867.3,1868.11,1614.43914
2026-07-25 16:00:00+00:00,1868.11,1871.03,1864.68,1868.02,1508.95281
2026-07-25 17:00:00+00:00,1868.02,1875.2,1868.01,1873.09,1829.24563
2026-07-25 18:00:00+00:00,1873.09,1876.92,1872.27,1875.48,1441.19663
2026-07-25 19:00:00+00:00,1875.48,1876.67,1874.23,1874.77,756.53574
2026-07-25 20:00:00+00:00,1874.77,1874.99,1870.53,1872.23,638.38993
2026-07-25 21:00:00+00:00,1872.23,1875.02,1867.77,1872.7,878.63337
2026-07-25 22:00:00+00:00,1872.7,1876.96,1872.41,1875.81,929.22632
2026-07-25 23:00:00+00:00,1875.81,1876.22,1873.36,1874.64,660.23114
2026-07-26 00:00:00+00:00,1874.64,1881.81,1873.61,1881.14,1050.66017
2026-07-26 01:00:00+00:00,1881.14,1881.89,1877.75,1878.69,613.72679
2026-07-26 02:00:00+00:00,1878.69,1881.63,1876.83,1880.81,565.44707
2026-07-26 03:00:00+00:00,1880.81,1884.08,1878.93,1882.16,764.22769
2026-07-26 04:00:00+00:00,1882.16,1889.25,1879.91,1886.19,2041.6979
2026-07-26 05:00:00+00:00,1886.19,1887.57,1882.7,1883.46,1019.07588
2026-07-26 06:00:00+00:00,1883.46,1885.48,1878.48,1884.97,1140.47316
2026-07-26 07:00:00+00:00,1884.97,1886.49,1880.5,1881.85,1236.39493
2026-07-26 08:00:00+00:00,1881.85,1882.75,1879.35,1881.48,1267.16167
2026-07-26 09:00:00+00:00,1881.48,1885.87,1881.41,1883.91,716.40255
2026-07-26 10:00:00+00:00,1883.91,1887.89,1882.08,1886.32,1167.80105
2026-07-26 11:00:00+00:00,1886.32,1888.0,1884.69,1886.02,1196.55208
2026-07-26 12:00:00+00:00,1886.02,1893.91,1885.61,1886.48,1910.23707
2026-07-26 13:00:00+00:00,1886.48,1888.96,1882.03,1886.72,1508.70886
2026-07-26 14:00:00+00:00,1886.72,1900.0,1886.72,1898.83,3680.73407
2026-07-26 15:00:00+00:00,1898.83,1917.43,1897.96,1914.78,8706.94949
2026-07-26 16:00:00+00:00,1914.78,1928.27,1908.8,1916.26,6078.39666
2026-07-26 17:00:00+00:00,1916.26,1917.88,1911.04,1911.32,1529.20834
2026-07-26 18:00:00+00:00,1911.32,1916.58,1911.06,1914.5,1197.52084
2026-07-26 19:00:00+00:00,1914.5,1916.06,1911.99,1914.25,737.57693
2026-07-26 20:00:00+00:00,1914.25,1914.82,1911.54,1913.73,531.67621
2026-07-26 21:00:00+00:00,1913.73,1930.54,1913.73,1926.12,2765.14129
2026-07-26 22:00:00+00:00,1926.12,1952.9,1926.12,1949.97,8115.34756
2026-07-26 23:00:00+00:00,1949.97,1967.45,1946.4,1954.76,5800.32038
2026-07-27 00:00:00+00:00,1954.76,1955.66,1939.6,1942.62,3433.94911
2026-07-27 01:00:00+00:00,1942.62,1948.47,1936.49,1948.25,2587.14563
2026-07-27 02:00:00+00:00,1948.25,1949.34,1941.65,1943.16,1812.45326
2026-07-27 03:00:00+00:00,1943.16,1950.81,1942.52,1949.76,1692.16404
2026-07-27 04:00:00+00:00,1949.76,1962.68,1948.51,1953.54,3346.43524
2026-07-27 05:00:00+00:00,1953.54,1970.0,1952.52,1965.52,3888.63274
2026-07-27 06:00:00+00:00,1965.52,1981.8,1963.49,1968.45,5905.65332
2026-07-27 07:00:00+00:00,1968.45,1971.75,1960.85,1964.63,4061.41655
2026-07-27 08:00:00+00:00,1964.63,1969.07,1961.98,1964.28,2949.24205
2026-07-27 09:00:00+00:00,1964.28,1968.35,1956.79,1965.19,3010.95892
2026-07-27 10:00:00+00:00,1965.19,1972.01,1963.63,1967.54,1607.85346
2026-07-27 11:00:00+00:00,1967.54,1967.6,1958.08,1959.56,2066.49836
2026-07-27 12:00:00+00:00,1959.56,1964.57,1943.02,1957.7,4573.5986
2026-07-27 13:00:00+00:00,1957.7,1977.79,1950.8,1960.93,7169.08014
2026-07-27 14:00:00+00:00,1960.93,1966.64,1919.07,1932.32,14352.37597
2026-07-27 15:00:00+00:00,1932.32,1937.77,1924.46,1927.64,3908.61757
2026-07-27 16:00:00+00:00,1927.64,1946.99,1922.72,1940.72,4308.00987
2026-07-27 17:00:00+00:00,1940.72,1946.25,1935.2,1943.6,2134.22042
2026-07-27 18:00:00+00:00,1943.6,1944.63,1929.2,1939.16,2967.59923
2026-07-27 19:00:00+00:00,1939.16,1955.5,1937.41,1948.76,3589.35191
2026-07-27 20:00:00+00:00,1948.76,1950.68,1943.56,1947.01,1515.58148
2026-07-27 21:00:00+00:00,1947.01,1950.13,1940.69,1941.97,1531.6671
2026-07-27 22:00:00+00:00,1941.97,1942.06,1891.81,1893.46,8523.41811
2026-07-27 23:00:00+00:00,1893.46,1896.05,1882.32,1892.49,6834.00491
2026-07-28 00:00:00+00:00,1892.49,1894.4,1876.75,1878.83,4033.40545
2026-07-28 01:00:00+00:00,1878.83,1882.66,1866.45,1875.95,4782.59234
2026-07-28 02:00:00+00:00,1875.95,1880.5,1872.48,1875.97,2053.02972
2026-07-28 03:00:00+00:00,1875.97,1883.29,1872.97,1881.34,2039.25119
2026-07-28 04:00:00+00:00,1881.34,1882.77,1876.36,1879.2,2292.63518
2026-07-28 05:00:00+00:00,1879.2,1889.5,1878.4,1883.05,2520.39316
2026-07-28 06:00:00+00:00,1883.05,1888.77,1878.55,1888.64,1890.88882
2026-07-28 07:00:00+00:00,1888.64,1889.0,1880.8,1883.91,3229.12916
2026-07-28 08:00:00+00:00,1883.91,1885.68,1880.38,1884.49,3633.60914
2026-07-28 09:00:00+00:00,1884.49,1885.19,1874.49,1876.2,3099.18859
2026-07-28 10:00:00+00:00,1876.2,1880.87,1873.58,1878.57,2637.45703
2026-07-28 11:00:00+00:00,1878.57,1882.13,1871.8,1876.75,3583.3495
2026-07-28 12:00:00+00:00,1876.75,1893.3,1874.54,1892.38,4288.64807
2026-07-28 13:00:00+00:00,1892.38,1896.26,1856.65,1874.18,8618.28518
2026-07-28 14:00:00+00:00,1874.18,1893.36,1867.6,1889.0,7397.15101
2026-07-28 15:00:00+00:00,1889.0,1924.45,1884.48,1920.09,10879.89684
2026-07-28 16:00:00+00:00,1920.09,1929.2,1914.53,1925.92,4787.93126
2026-07-28 17:00:00+00:00,1925.92,1925.92,1893.3,1901.83,6053.61444
2026-07-28 18:00:00+00:00,1901.83,1915.03,1901.37,1911.26,2359.14015
2026-07-28 19:00:00+00:00,1911.26,1922.22,1911.26,1922.22,2950.9313
2026-07-28 20:00:00+00:00,1922.22,1923.92,1916.17,1918.49,2311.35626
2026-07-28 21:00:00+00:00,1918.49,1929.87,1918.29,1923.78,1334.78495
2026-07-28 22:00:00+00:00,1923.78,1927.26,1910.04,1911.85,1570.68707
2026-07-28 23:00:00+00:00,1911.85,1923.25,1904.08,1922.2,2603.31757
2026-07-29 00:00:00+00:00,1922.2,1928.85,1916.83,1917.6,3362.28689
2026-07-29 01:00:00+00:00,1917.6,1918.3,1905.03,1905.69,1797.86687
2026-07-29 02:00:00+00:00,1905.69,1919.63,1901.09,1910.94,2523.89878
2026-07-29 03:00:00+00:00,1910.94,1913.11,1891.1,1892.71,2528.27843
2026-07-29 04:00:00+00:00,1892.71,1906.28,1884.57,1905.37,3481.75053
2026-07-29 05:00:00+00:00,1905.37,1914.99,1903.56,1912.41,2817.48475
2026-07-29 06:00:00+00:00,1912.41,1922.0,1908.75,1920.24,2554.54382
2026-07-29 07:00:00+00:00,1920.24,1925.62,1914.0,1924.56,2477.91857
2026-07-29 08:00:00+00:00,1924.56,1925.36,1911.55,1915.02,4053.96158
2026-07-29 09:00:00+00:00,1915.02,1924.7,1914.74,1922.09,1792.51943
2026-07-29 10:00:00+00:00,1922.09,1922.5,1909.75,1912.1,2232.76338
2026-07-29 11:00:00+00:00,1912.1,1917.0,1910.19,1915.22,1715.82638
2026-07-29 12:00:00+00:00,1915.22,1915.32,1902.89,1905.24,2324.80423
2026-07-29 13:00:00+00:00,1905.24,1911.47,1895.19,1908.8,4548.88329
2026-07-29 14:00:00+00:00,1908.8,1911.42,1891.2,1895.26,4946.45811
2026-07-29 15:00:00+00:00,1895.26,1898.93,1887.35,1892.18,4001.39365
2026-07-29 16:00:00+00:00,1892.18,1899.82,1887.59,1895.55,2904.10187
2026-07-29 17:00:00+00:00,1895.55,1917.32,1894.66,1916.49,3305.22452
2026-07-29 18:00:00+00:00,1916.49,1936.05,1894.34,1920.65,9386.71279
2026-07-29 19:00:00+00:00,1920.65,1922.91,1884.07,1888.53,7040.8162
2026-07-29 20:00:00+00:00,1888.53,1891.99,1878.17,1884.13,4065.69214
2026-07-29 21:00:00+00:00,1884.13,1898.63,1874.15,1898.63,3691.05262
2026-07-29 22:00:00+00:00,1898.63,1911.7,1898.39,1907.36,2661.99176
2026-07-29 23:00:00+00:00,1907.36,1913.42,1902.79,1910.96,1930.72676
2026-07-30 00:00:00+00:00,1910.96,1915.02,1893.99,1898.38,2433.86728
2026-07-30 01:00:00+00:00,1898.38,1921.68,1897.56,1916.87,3713.09234
2026-07-30 02:00:00+00:00,1916.87,1920.25,1910.4,1911.32,1959.79272
2026-07-30 03:00:00+00:00,1911.32,1915.44,1907.76,1910.19,1111.28706
2026-07-30 04:00:00+00:00,1910.19,1911.11,1901.77,1902.25,1033.97295
2026-07-30 05:00:00+00:00,1902.25,1909.55,1900.2,1906.38,1104.38325
2026-07-30 06:00:00+00:00,1906.38,1907.07,1899.61,1901.5,927.70859
2026-07-30 07:00:00+00:00,1901.5,1908.29,1900.44,1903.26,1559.27567
2026-07-30 08:00:00+00:00,1903.26,1918.12,1900.65,1915.17,2671.91015
2026-07-30 09:00:00+00:00,1915.17,1924.04,1914.01,1918.29,2602.25491
2026-07-30 10:00:00+00:00,1918.29,1921.88,1916.41,1918.3,2499.85071
2026-07-30 11:00:00+00:00,1918.3,1926.52,1916.55,1923.21,1417.98324
2026-07-30 12:00:00+00:00,1923.21,1927.92,1919.93,1925.19,1797.63891
2026-07-30 13:00:00+00:00,1925.19,1938.05,1917.1,1929.82,4013.04464
2026-07-30 14:00:00+00:00,1929.82,1930.42,1913.83,1917.6,4233.91928
2026-07-30 15:00:00+00:00,1917.6,1924.52,1914.69,1919.12,1949.13011
2026-07-30 16:00:00+00:00,1919.12,1926.23,1915.91,1919.5,1558.22137
2026-07-30 17:00:00+00:00,1919.5,1925.31,1916.18,1920.89,976.13138
2026-07-30 18:00:00+00:00,1920.89,1922.82,1914.71,1916.43,1115.13054
2026-07-30 19:00:00+00:00,1916.43,1929.4,1916.01,1923.81,1942.31676
2026-07-30 20:00:00+00:00,1923.81,1927.64,1920.01,1921.82,1534.82531
2026-07-30 21:00:00+00:00,1921.82,1924.64,1917.23,1918.7,1126.99907
2026-07-30 22:00:00+00:00,1918.7,1933.66,1916.19,1925.97,2763.68216
2026-07-30 23:00:00+00:00,1925.97,1936.74,1917.96,1918.61,3787.4667
2026-07-31 00:00:00+00:00,1918.61,1922.27,1915.12,1917.23,2199.84085
2026-07-31 01:00:00+00:00,1917.23,1936.38,1907.14,1910.42,4193.68578
2026-07-31 02:00:00+00:00,1910.42,1912.22,1901.6,1904.18,2413.35344
2026-07-31 03:00:00+00:00,1904.18,1912.1,1899.16,1908.78,2265.54121
2026-07-31 04:00:00+00:00,1908.78,1909.36,1903.11,1905.83,1087.85876
2026-07-31 05:00:00+00:00,1905.83,1909.16,1901.55,1906.23,1001.55526
2026-07-31 06:00:00+00:00,1906.23,1911.26,1900.24,1902.6,1853.37148
2026-07-31 07:00:00+00:00,1902.6,1902.66,1884.46,1890.0,4463.93641
2026-07-31 08:00:00+00:00,1890.0,1893.28,1888.18,1890.39,2674.34291
2026-07-31 09:00:00+00:00,1890.39,1891.34,1881.12,1883.81,2093.64472
2026-07-31 10:00:00+00:00,1883.81,1889.99,1877.77,1887.11,1970.35329
2026-07-31 11:00:00+00:00,1887.11,1889.68,1882.54,1884.32,1349.29806
2026-07-31 12:00:00+00:00,1884.32,1884.72,1873.42,1882.83,4046.84936
2026-07-31 13:00:00+00:00,1882.83,1890.55,1864.75,1867.08,6998.6158
2026-07-31 14:00:00+00:00,1867.08,1870.33,1848.35,1860.04,9977.13766
2026-07-31 15:00:00+00:00,1860.04,1866.32,1854.6,1862.92,3183.58955
2026-07-31 16:00:00+00:00,1862.92,1867.18,1860.8,1864.5,2084.85105
2026-07-31 17:00:00+00:00,1864.5,1878.08,1863.44,1875.0,1675.38979
2026-07-31 18:00:00+00:00,1875.0,1876.78,1865.01,1871.89,968.62636
2026-07-31 19:00:00+00:00,1871.89,1874.2,1865.63,1868.3,1003.83113
2026-07-31 20:00:00+00:00,1868.3,1870.74,1861.37,1862.15,2523.99219
2026-07-31 21:00:00+00:00,1862.15,1864.72,1859.45,1861.8,1587.58002
2026-07-31 22:00:00+00:00,1861.8,1865.42,1858.75,1861.35,1391.48441
2026-07-31 23:00:00+00:00,1861.35,1864.71,1860.91,1862.46,936.207
2026-08-01 00:00:00+00:00,1862.46,1867.58,1862.36,1864.77,956.50483
2026-08-01 01:00:00+00:00,1864.77,1867.4,1864.72,1866.69,577.48526
2026-08-01 02:00:00+00:00,1866.69,1869.89,1866.58,1868.03,465.6828
2026-08-01 03:00:00+00:00,1868.03,1869.94,1866.35,1869.93,546.76196
2026-08-01 04:00:00+00:00,1869.93,1870.74,1867.68,1869.66,459.95572
2026-08-01 05:00:00+00:00,1869.66,1871.01,1865.31,1867.56,735.7575
2026-08-01 06:00:00+00:00,1867.56,1870.89,1866.37,1870.25,622.80238
2026-08-01 07:00:00+00:00,1870.25,1871.93,1868.28,1869.67,672.34005
2026-08-01 08:00:00+00:00,1869.67,1870.16,1867.46,1869.08,715.2922
2026-08-01 09:00:00+00:00,1869.08,1870.74,1867.59,1867.85,614.78
2026-08-01 10:00:00+00:00,1867.85,1869.07,1863.0,1867.11,1635.96224
2026-08-01 11:00:00+00:00,1867.11,1867.86,1865.74,1866.81,807.10757
2026-08-01 12:00:00+00:00,1866.81,1869.81,1866.81,1868.79,852.08804
2026-08-01 13:00:00+00:00,1868.79,1869.43,1867.53,1869.04,520.33578
2026-08-01 14:00:00+00:00,1869.04,1875.25,1868.98,1875.13,1122.6043
2026-08-01 15:00:00+00:00,1875.13,1875.6,1870.23,1870.23,988.38111
2026-08-01 16:00:00+00:00,1870.23,1873.64,1866.37,1868.76,782.94695
2026-08-01 17:00:00+00:00,1868.76,1870.33,1857.36,1861.96,1792.88617
2026-08-01 18:00:00+00:00,1861.96,1862.82,1821.9,1836.76,7286.09581
2026-08-01 19:00:00+00:00,1836.76,1840.45,1834.33,1837.17,1563.40961
2026-08-01 20:00:00+00:00,1837.17,1840.46,1833.0,1838.39,1419.47263
2026-08-01 21:00:00+00:00,1838.39,1845.86,1836.55,1845.68,1541.96857
2026-08-01 22:00:00+00:00,1845.68,1849.23,1844.67,1847.32,668.49861
2026-08-01 23:00:00+00:00,1847.32,1848.95,1843.36,1844.93,794.47407
2026-08-02 00:00:00+00:00,1844.93,1849.92,1843.75,1846.58,1580.33199
2026-08-02 01:00:00+00:00,1846.58,1859.52,1846.58,1857.09,1930.83203
2026-08-02 02:00:00+00:00,1857.09,1884.78,1856.4,1877.06,5621.63955
2026-08-02 03:00:00+00:00,1877.06,1880.5,1874.77,1877.45,1708.06176
2026-08-02 04:00:00+00:00,1877.45,1882.57,1877.45,1881.07,1518.35932
2026-08-02 05:00:00+00:00,1881.07,1882.87,1875.29,1876.42,1113.54797
2026-08-02 06:00:00+00:00,1876.42,1879.92,1875.03,1877.77,1101.66953
2026-08-02 07:00:00+00:00,1877.77,1878.94,1875.64,1876.22,453.62086
2026-08-02 08:00:00+00:00,1876.22,1878.9,1867.01,1868.27,2616.02186
2026-08-02 09:00:00+00:00,1868.27,1872.85,1862.39,1870.92,931.51358
2026-08-02 10:00:00+00:00,1870.92,1870.97,1865.36,1868.48,548.22901
2026-08-02 11:00:00+00:00,1868.48,1869.64,1849.27,1852.54,3021.1902
2026-08-02 12:00:00+00:00,1852.54,1860.74,1852.28,1856.94,1177.70355
2026-08-02 13:00:00+00:00,1856.94,1858.22,1852.43,1854.98,840.50221
2026-08-02 14:00:00+00:00,1854.98,1859.66,1852.3,1854.99,947.02377
2026-08-02 15:00:00+00:00,1854.99,1863.0,1853.73,1858.76,1988.86842
2026-08-02 16:00:00+00:00,1858.76,1865.75,1855.88,1863.04,753.88265
2026-08-02 17:00:00+00:00,1863.04,1870.47,1862.28,1868.58,814.86328
2026-08-02 18:00:00+00:00,1868.58,1887.39,1868.35,1875.82,2752.09731
2026-08-02 19:00:00+00:00,1875.82,1883.84,1874.73,1882.3,1629.57541
2026-08-02 20:00:00+00:00,1882.3,1885.7,1879.68,1883.74,1243.04461
2026-08-02 21:00:00+00:00,1883.74,1898.66,1882.14,1890.55,2631.29544
2026-08-02 22:00:00+00:00,1890.55,1898.01,1880.42,1882.03,3303.63976
2026-08-02 23:00:00+00:00,1882.03,1885.64,1876.49,1885.3,1260.08524
2026-08-03 00:00:00+00:00,1885.3,1885.99,1871.51,1873.79,2673.49064
2026-08-03 01:00:00+00:00,1873.79,1875.38,1865.94,1867.11,1845.83501
2026-08-03 02:00:00+00:00,1867.11,1872.0,1862.69,1864.17,1604.99909
2026-08-03 03:00:00+00:00,1864.17,1866.26,1851.05,1857.03,2782.90994
2026-08-03 04:00:00+00:00,1857.03,1862.97,1854.53,1854.93,1597.9951
2026-08-03 05:00:00+00:00,1854.93,1860.64,1853.56,1859.67,1376.18953
2026-08-03 06:00:00+00:00,1859.67,1861.0,1846.4,1849.1,2287.94457
2026-08-03 07:00:00+00:00,1849.1,1849.98,1840.03,1844.21,4955.57916
2026-08-03 08:00:00+00:00,1844.21,1846.49,1828.75,1840.36,4624.77571
2026-08-03 09:00:00+00:00,1840.36,1853.76,1838.97,1852.69,2227.96191
2026-08-03 10:00:00+00:00,1852.69,1854.45,1841.08,1846.11,1956.53797
2026-08-03 11:00:00+00:00,1846.11,1847.81,1838.42,1839.86,2105.98164
2026-08-03 12:00:00+00:00,1839.86,1845.39,1836.62,1843.68,1719.45197
2026-08-03 13:00:00+00:00,1843.68,1860.49,1838.45,1859.18,3324.83828
2026-08-03 14:00:00+00:00,1859.18,1874.36,1851.36,1873.77,4938.54945
2026-08-03 15:00:00+00:00,1873.77,1874.15,1860.21,1863.49,3044.1344
2026-08-03 16:00:00+00:00,1863.49,1872.38,1861.61,1866.29,2383.34615
2026-08-03 17:00:00+00:00,1866.29,1874.92,1863.5,1868.67,2634.65984
2026-08-03 18:00:00+00:00,1868.67,1873.99,1866.55,1868.82,1849.21342
2026-08-03 19:00:00+00:00,1868.82,1876.83,1868.12,1870.02,1995.95843
2026-08-03 20:00:00+00:00,1870.02,1875.99,1866.52,1869.05,1921.29373
2026-08-03 21:00:00+00:00,1869.05,1869.46,1863.69,1863.79,1621.58993
2026-08-03 22:00:00+00:00,1863.79,1866.29,1852.3,1860.43,1922.192
2026-08-03 23:00:00+00:00,1860.43,1860.61,1856.23,1860.61,555.37571
2026-08-04 00:00:00+00:00,1860.61,1863.15,1848.37,1851.08,2069.9587
2026-08-04 01:00:00+00:00,1851.08,1869.73,1848.91,1867.64,2443.38476
2026-08-04 02:00:00+00:00,1867.64,1872.02,1861.88,1866.21,1052.57723
2026-08-04 03:00:00+00:00,1866.21,1866.96,1858.31,1864.33,1486.13038
2026-08-04 04:00:00+00:00,1864.33,1874.79,1862.01,1868.14,2058.90693
2026-08-04 05:00:00+00:00,1868.14,1870.69,1864.26,1864.45,956.20899
2026-08-04 06:00:00+00:00,1864.45,1869.99,1854.55,1857.15,3038.76833
2026-08-04 07:00:00+00:00,1857.15,1864.82,1853.52,1863.78,1657.10859
2026-08-04 08:00:00+00:00,1863.78,1865.82,1856.85,1857.84,1804.48383
2026-08-04 09:00:00+00:00,1857.84,1858.73,1853.56,1858.51,1175.16867
2026-08-04 10:00:00+00:00,1858.51,1873.12,1853.89,1866.93,2007.61401
2026-08-04 11:00:00+00:00,1866.93,1874.69,1866.05,1872.81,1525.75082
2026-08-04 12:00:00+00:00,1872.81,1881.92,1867.92,1875.27,2223.24474
2026-08-04 13:00:00+00:00,1875.27,1877.68,1860.06,1861.71,4418.28433
2026-08-04 14:00:00+00:00,1861.71,1875.69,1858.65,1873.02,3562.98404
2026-08-04 15:00:00+00:00,1873.02,1877.89,1862.0,1872.99,2798.39312
2026-08-04 16:00:00+00:00,1872.99,1874.03,1865.58,1869.84,1815.38991
2026-08-04 17:00:00+00:00,1869.84,1877.88,1867.01,1869.6,2392.12121
2026-08-04 18:00:00+00:00,1869.6,1881.06,1869.32,1875.31,2101.58369
2026-08-04 19:00:00+00:00,1875.31,1882.23,1873.97,1875.08,2380.94884
2026-08-04 20:00:00+00:00,1875.08,1879.94,1866.15,1876.69,2451.47061
2026-08-04 21:00:00+00:00,1876.69,1876.7,1871.81,1872.37,1044.52198
2026-08-04 22:00:00+00:00,1872.37,1876.79,1868.49,1875.6,891.64579
2026-08-04 23:00:00+00:00,1875.6,1881.25,1868.92,1869.73,1610.69447
2026-08-05 00:00:00+00:00,1869.73,1873.56,1863.08,1863.96,1911.48359
2026-08-05 01:00:00+00:00,1863.96,1874.32,1861.23,1873.16,1207.0441
2026-08-05 02:00:00+00:00,1873.16,1878.15,1872.47,1874.61,1335.52739
2026-08-05 03:00:00+00:00,1874.61,1876.25,1863.78,1867.79,2577.53444
2026-08-05 04:00:00+00:00,1867.79,1869.58,1864.96,1867.3,1082.89356
2026-08-05 05:00:00+00:00,1867.3,1877.7,1866.97,1873.5,1276.09348
2026-08-05 06:00:00+00:00,1873.5,1873.75,1868.21,1869.55,1280.40791
2026-08-05 07:00:00+00:00,1869.55,1872.49,1863.39,1872.45,1941.42134
2026-08-05 08:00:00+00:00,1872.45,1874.62,1867.88,1869.86,1453.20465
2026-08-05 09:00:00+00:00,1869.86,1874.8,1868.84,1871.96,1440.8266
2026-08-05 10:00:00+00:00,1871.96,1876.29,1866.05,1868.34,1437.42068
2026-08-05 11:00:00+00:00,1868.34,1871.26,1867.16,1868.96,1091.09824
2026-08-05 12:00:00+00:00,1868.96,1885.37,1867.48,1876.09,3075.58288
2026-08-05 13:00:00+00:00,1876.09,1879.6,1855.19,1878.66,5869.39841
2026-08-05 14:00:00+00:00,1878.66,1882.76,1869.12,1875.83,3456.65908
2026-08-05 15:00:00+00:00,1875.83,1882.74,1872.58,1873.85,2527.35971
2026-08-05 16:00:00+00:00,1873.85,1897.38,1873.29,1895.73,4498.95404
2026-08-05 17:00:00+00:00,1895.73,1917.77,1891.12,1916.86,5121.32541
2026-08-05 18:00:00+00:00,1916.86,1928.13,1913.9,1918.28,8527.32643
2026-08-05 19:00:00+00:00,1918.28,1921.25,1915.7,1916.89,2752.04718
2026-08-05 20:00:00+00:00,1916.89,1924.72,1916.26,1917.02,2580.60318
2026-08-05 21:00:00+00:00,1917.02,1917.44,1906.78,1908.75,2048.73199
2026-08-05 22:00:00+00:00,1908.75,1913.62,1906.63,1906.84,1337.89872
2026-08-05 23:00:00+00:00,1906.84,1912.42,1904.43,1908.98,1079.48253
2026-08-06 00:00:00+00:00,1908.98,1913.98,1907.31,1910.43,953.23603
2026-08-06 01:00:00+00:00,1910.43,1911.47,1903.37,1906.81,963.86354
2026-08-06 02:00:00+00:00,1906.81,1911.03,1895.08,1899.4,3431.34082
2026-08-06 03:00:00+00:00,1899.4,1899.96,1895.44,1899.06,784.20479
2026-08-06 04:00:00+00:00,1899.06,1908.29,1895.6,1907.77,809.2712
2026-08-06 05:00:00+00:00,1907.77,1918.81,1907.2,1914.57,1972.63283
2026-08-06 06:00:00+00:00,1914.57,1915.03,1909.72,1913.86,855.42292
2026-08-06 07:00:00+00:00,1913.86,1915.56,1907.51,1909.17,3658.90987
2026-08-06 08:00:00+00:00,1909.17,1921.08,1908.39,1916.39,3200.2653
2026-08-06 09:00:00+00:00,1916.39,1916.96,1904.72,1907.62,3331.78713
2026-08-06 10:00:00+00:00,1907.62,1907.62,1901.43,1902.41,1412.57777
2026-08-06 11:00:00+00:00,1902.41,1909.3,1896.69,1907.65,1704.5676
2026-08-06 12:00:00+00:00,1907.65,1908.14,1898.85,1898.98,2024.65607
2026-08-06 13:00:00+00:00,1898.98,1911.32,1892.34,1907.47,3992.22541
2026-08-06 14:00:00+00:00,1907.47,1918.67,1903.48,1915.0,3215.85425
2026-08-06 15:00:00+00:00,1915.0,1919.82,1910.47,1910.91,2509.86273
2026-08-06 16:00:00+00:00,1910.91,1916.95,1908.69,1915.68,1934.24902
2026-08-06 17:00:00+00:00,1915.68,1918.71,1910.36,1914.22,1426.94591
2026-08-06 18:00:00+00:00,1914.22,1914.37,1903.88,1906.07,1766.95382
2026-08-06 19:00:00+00:00,1906.07,1911.26,1906.03,1909.84,1282.21437
2026-08-06 20:00:00+00:00,1909.84,1910.8,1905.85,1907.04,1034.54814
2026-08-06 21:00:00+00:00,1907.04,1909.63,1905.92,1906.27,1116.07357
2026-08-06 22:00:00+00:00,1906.27,1907.55,1902.45,1905.14,1154.39029
2026-08-06 23:00:00+00:00,1905.14,1905.83,1898.81,1904.13,1072.23099
2026-08-07 00:00:00+00:00,1904.13,1905.45,1899.66,1903.82,1406.64553
2026-08-07 01:00:00+00:00,1903.82,1907.58,1898.76,1903.49,1350.36254
2026-08-07 02:00:00+00:00,1903.49,1908.69,1897.6,1902.64,1313.31492
2026-08-07 03:00:00+00:00,1902.64,1903.77,1896.05,1897.36,1275.74597
2026-08-07 04:00:00+00:00,1897.36,1900.78,1893.42,1897.32,1331.26355
2026-08-07 05:00:00+00:00,1897.32,1902.54,1895.43,1901.61,944.25477
2026-08-07 06:00:00+00:00,1901.61,1907.66,1899.71,1904.56,1586.18745
2026-08-07 07:00:00+00:00,1904.56,1907.37,1902.38,1902.38,1289.87022
2026-08-07 08:00:00+00:00,1902.38,1915.0,1901.94,1910.8,2689.82402
2026-08-07 09:00:00+00:00,1910.8,1917.79,1910.39,1913.3,2593.46072
2026-08-07 10:00:00+00:00,1913.3,1915.92,1912.34,1912.9,1253.99825
2026-08-07 11:00:00+00:00,1912.9,1920.99,1912.61,1916.54,2172.4869
2026-08-07 12:00:00+00:00,1916.54,1944.0,1916.54,1932.25,9681.65025
2026-08-07 13:00:00+00:00,1932.25,1935.24,1921.6,1923.44,2520.53266
2026-08-07 14:00:00+00:00,1923.44,1926.63,1910.56,1913.74,4078.777
2026-08-07 15:00:00+00:00,1913.74,1921.05,1913.05,1917.82,1996.32819
2026-08-07 16:00:00+00:00,1917.82,1925.28,1909.57,1909.63,2213.23985
2026-08-07 17:00:00+00:00,1909.63,1913.18,1905.66,1912.48,3178.32759
2026-08-07 18:00:00+00:00,1912.48,1915.42,1906.21,1909.68,1473.16432
2026-08-07 19:00:00+00:00,1909.68,1920.41,1909.67,1918.94,3205.45922
2026-08-07 20:00:00+00:00,1918.94,1920.49,1914.28,1914.81,691.83864
2026-08-07 21:00:00+00:00,1914.81,1922.43,1912.63,1916.64,2415.65364
2026-08-07 22:00:00+00:00,1916.64,1916.64,1913.86,1914.93,453.50362
2026-08-07 23:00:00+00:00,1914.93,1916.31,1913.86,1913.92,611.64648
2026-08-08 00:00:00+00:00,1913.92,1914.73,1912.22,1914.43,604.60566
2026-08-08 01:00:00+00:00,1914.43,1916.31,1913.97,1914.67,985.481
2026-08-08 02:00:00+00:00,1914.67,1914.67,1912.25,1913.21,390.83644
2026-08-08 03:00:00+00:00,1913.21,1919.16,1913.21,1917.99,734.33534
2026-08-08 04:00:00+00:00,1917.99,1919.57,1916.34,1917.05,523.54264
2026-08-08 05:00:00+00:00,1917.05,1918.81,1915.74,1917.49,1092.77009
2026-08-08 06:00:00+00:00,1917.49,1917.98,1916.1,1916.47,445.03007
2026-08-08 07:00:00+00:00,1916.47,1916.92,1913.87,1915.06,635.0105
2026-08-08 08:00:00+00:00,1915.06,1917.78,1913.9,1916.93,839.3606
2026-08-08 09:00:00+00:00,1916.93,1923.25,1915.1,1918.88,1779.12027
2026-08-08 10:00:00+00:00,1918.88,1922.73,1918.87,1921.17,574.00545
2026-08-08 11:00:00+00:00,1921.17,1923.85,1919.47,1920.8,478.14345
2026-08-08 12:00:00+00:00,1920.8,1922.71,1918.5,1919.24,798.76088
2026-08-08 13:00:00+00:00,1919.24,1920.71,1918.6,1920.09,286.84691
2026-08-08 14:00:00+00:00,1920.09,1926.58,1920.09,1923.96,1221.60595
2026-08-08 15:00:00+00:00,1923.96,1924.57,1921.29,1922.66,564.25383
2026-08-08 16:00:00+00:00,1922.66,1924.93,1921.63,1922.61,524.39099
2026-08-08 17:00:00+00:00,1922.61,1926.33,1922.16,1923.92,613.13618
2026-08-08 18:00:00+00:00,1923.92,1923.92,1919.61,1921.26,774.64226
2026-08-08 19:00:00+00:00,1921.26,1921.63,1919.48,1920.4,468.48626
2026-08-08 20:00:00+00:00,1920.4,1921.32,1919.68,1920.22,352.03373
2026-08-08 21:00:00+00:00,1920.22,1922.7,1920.05,1920.94,522.58329
2026-08-08 22:00:00+00:00,1920.94,1921.66,1916.44,1916.89,677.16501
2026-08-08 23:00:00+00:00,1916.89,1919.1,1914.68,1917.03,590.48356
2026-08-09 00:00:00+00:00,1917.03,1918.75,1916.38,1918.12,1129.45005
2026-08-09 01:00:00+00:00,1918.12,1920.39,1913.19,1916.26,873.60726
2026-08-09 02:00:00+00:00,1916.26,1916.86,1913.78,1914.87,525.64132
2026-08-09 03:00:00+00:00,1914.87,1914.87,1912.2,1914.15,635.44204
2026-08-09 04:00:00+00:00,1914.15,1915.83,1913.04,1913.28,475.83982
2026-08-09 05:00:00+00:00,1913.28,1915.11,1913.14,1914.7,307.01216
2026-08-09 06:00:00+00:00,1914.7,1919.71,1913.87,1919.25,706.93494
2026-08-09 07:00:00+00:00,1919.25,1919.46,1917.42,1919.28,712.65705
2026-08-09 08:00:00+00:00,1919.28,1925.27,1914.23,1915.91,1442.622
2026-08-09 09:00:00+00:00,1915.91,1921.86,1913.63,1921.73,1291.84407
2026-08-09 10:00:00+00:00,1921.73,1923.09,1919.74,1920.31,940.65856
2026-08-09 11:00:00+00:00,1920.31,1921.61,1918.69,1919.32,467.26023
2026-08-09 12:00:00+00:00,1919.32,1919.44,1916.61,1917.75,785.11902
2026-08-09 13:00:00+00:00,1917.75,1926.49,1917.75,1923.58,2648.11758
2026-08-09 14:00:00+00:00,1923.58,1926.6,1922.66,1925.05,1077.85052
2026-08-09 15:00:00+00:00,1925.05,1927.4,1924.23,1926.47,643.60128
2026-08-09 16:00:00+00:00,1926.47,1927.0,1921.43,1924.12,791.25076
2026-08-09 17:00:00+00:00,1924.12,1924.75,1922.85,1923.01,469.1434
2026-08-09 18:00:00+00:00,1923.01,1923.88,1919.77,1921.46,821.11081
2026-08-09 19:00:00+00:00,1921.46,1922.6,1921.27,1921.94,544.04153
2026-08-09 20:00:00+00:00,1921.94,1922.24,1918.01,1920.88,604.20564
2026-08-09 21:00:00+00:00,1920.88,1926.89,1919.66,1924.85,763.61145
2026-08-09 22:00:00+00:00,1924.85,1938.09,1915.16,1919.61,3819.32492
2026-08-09 23:00:00+00:00,1919.61,1920.67,1907.56,1910.52,2823.51699
2026-08-10 00:00:00+00:00,1910.52,1928.46,1906.16,1912.77,3111.60559
2026-08-10 01:00:00+00:00,1912.77,1931.64,1908.03,1925.31,2681.48942
2026-08-10 02:00:00+00:00,1925.31,1926.92,1912.83,1923.64,2467.30448
2026-08-10 03:00:00+00:00,1923.64,1924.74,1913.52,1917.49,2566.03104
2026-08-10 04:00:00+00:00,1917.49,1921.07,1912.54,1915.71,2197.68683
2026-08-10 05:00:00+00:00,1915.71,1925.16,1915.08,1923.46,1384.56017
2026-08-10 06:00:00+00:00,1923.46,1929.71,1923.12,1928.12,2178.74372
2026-08-10 07:00:00+00:00,1928.12,1931.15,1924.94,1925.37,1509.09894
2026-08-10 08:00:00+00:00,1925.37,1929.82,1923.25,1926.85,1285.62154
2026-08-10 09:00:00+00:00,1926.85,1927.27,1916.23,1916.45,1490.04068
2026-08-10 10:00:00+00:00,1916.45,1920.66,1916.01,1917.71,1382.74231
2026-08-10 11:00:00+00:00,1917.71,1921.03,1914.61,1920.33,1131.0569
2026-08-10 12:00:00+00:00,1920.33,1923.34,1905.05,1905.96,2996.60315
2026-08-10 13:00:00+00:00,1905.96,1910.46,1894.34,1897.47,6193.32217
2026-08-10 14:00:00+00:00,1897.47,1902.69,1891.51,1893.43,4172.48475
2026-08-10 15:00:00+00:00,1893.43,1893.43,1871.37,1876.94,9102.64019
2026-08-10 16:00:00+00:00,1876.94,1878.73,1868.67,1872.27,4606.02465
2026-08-10 17:00:00+00:00,1872.27,1877.38,1868.61,1873.79,1882.84318
2026-08-10 18:00:00+00:00,1873.79,1875.3,1868.01,1872.75,2231.47113
2026-08-10 19:00:00+00:00,1872.75,1880.54,1872.08,1878.29,1782.56986
2026-08-10 20:00:00+00:00,1878.29,1881.36,1877.65,1879.88,1074.49318
2026-08-10 21:00:00+00:00,1879.88,1879.88,1873.57,1874.44,951.89284
2026-08-10 22:00:00+00:00,1874.44,1878.09,1872.13,1876.44,864.73993
2026-08-10 23:00:00+00:00,1876.44,1876.44,1870.0,1873.1,1565.85461
2026-08-11 00:00:00+00:00,1873.1,1876.04,1870.86,1875.31,1341.74444
2026-08-11 01:00:00+00:00,1875.31,1878.71,1873.35,1878.06,1112.74939
2026-08-11 02:00:00+00:00,1878.06,1879.93,1877.27,1878.56,853.82135
2026-08-11 03:00:00+00:00,1878.56,1881.77,1878.56,1880.99,713.53713
2026-08-11 04:00:00+00:00,1880.99,1881.97,1876.04,1876.06,1480.15257
2026-08-11 05:00:00+00:00,1876.06,1876.89,1871.96,1874.1,1274.07681
2026-08-11 06:00:00+00:00,1874.1,1875.14,1871.19,1874.27,1513.7564
2026-08-11 07:00:00+00:00,1874.27,1879.74,1870.58,1878.11,7513.84339
2026-08-11 08:00:00+00:00,1878.11,1880.55,1875.84,1879.46,2493.06224
2026-08-11 09:00:00+00:00,1879.46,1885.41,1877.35,1885.41,1480.67095
2026-08-11 10:00:00+00:00,1885.41,1889.28,1882.83,1886.27,3092.50457
2026-08-11 11:00:00+00:00,1886.27,1895.74,1886.16,1893.1,3077.16278
2026-08-11 12:00:00+00:00,1893.1,1897.99,1887.39,1887.79,2996.25037
2026-08-11 13:00:00+00:00,1887.79,1892.83,1883.54,1890.15,2326.51446
2026-08-11 14:00:00+00:00,1890.15,1891.72,1870.16,1873.55,3334.80466
2026-08-11 15:00:00+00:00,1873.55,1877.85,1853.6,1863.01,5752.24989
2026-08-11 16:00:00+00:00,1863.01,1867.09,1859.79,1864.73,1922.49467
2026-08-11 17:00:00+00:00,1864.73,1867.99,1862.86,1864.73,1054.65774
2026-08-11 18:00:00+00:00,1864.73,1867.08,1859.39,1866.32,1787.85628
2026-08-11 19:00:00+00:00,1866.32,1885.27,1862.86,1882.01,3710.39152
2026-08-11 20:00:00+00:00,1882.01,1885.6,1879.15,1882.52,2323.67056
2026-08-11 21:00:00+00:00,1882.52,1885.47,1880.39,1884.7,2020.10364
2026-08-11 22:00:00+00:00,1884.7,1887.62,1879.61,1882.2,1042.18385
2026-08-11 23:00:00+00:00,1882.2,1884.64,1878.84,1882.48,811.28178
2026-08-12 00:00:00+00:00,1882.48,1883.69,1880.74,1882.57,905.19053
2026-08-12 01:00:00+00:00,1882.57,1886.78,1881.07,1884.84,825.10028
2026-08-12 02:00:00+00:00,1884.84,1888.08,1883.63,1884.68,811.58045
2026-08-12 03:00:00+00:00,1884.68,1887.52,1882.87,1886.81,703.48496
2026-08-12 04:00:00+00:00,1886.81,1893.49,1885.47,1889.7,4003.17467
2026-08-12 05:00:00+00:00,1889.7,1892.67,1886.82,1891.87,838.45967
2026-08-12 06:00:00+00:00,1891.87,1891.87,1885.44,1887.75,1261.62125
2026-08-12 07:00:00+00:00,1887.75,1891.92,1886.17,1891.86,1311.14504
2026-08-12 08:00:00+00:00,1891.86,1896.2,1889.85,1890.9,2916.33508
2026-08-12 09:00:00+00:00,1890.9,1909.57,1889.82,1905.81,3795.82836
2026-08-12 10:00:00+00:00,1905.81,1915.29,1905.61,1909.16,3724.27282
2026-08-12 11:00:00+00:00,1909.16,1916.17,1907.29,1915.73,1667.4877
2026-08-12 12:00:00+00:00,1915.73,1926.26,1905.54,1911.49,7590.45337
2026-08-12 13:00:00+00:00,1911.49,1912.6,1900.01,1901.24,3311.17709
2026-08-12 14:00:00+00:00,1901.24,1903.7,1884.96,1887.76,5504.35628
2026-08-12 15:00:00+00:00,1887.76,1896.27,1884.48,1892.67,6527.40557
2026-08-12 16:00:00+00:00,1892.67,1895.87,1889.12,1890.67,2976.53133
2026-08-12 17:00:00+00:00,1890.67,1891.92,1885.11,1888.18,1904.80737
2026-08-12 18:00:00+00:00,1888.18,1891.36,1885.47,1885.54,1184.11211
2026-08-12 19:00:00+00:00,1885.54,1887.01,1877.85,1879.37,2279.02498
2026-08-12 20:00:00+00:00,1879.37,1887.81,1877.82,1886.75,1284.97727
2026-08-12 21:00:00+00:00,1886.75,1889.57,1873.3,1878.19,1624.85622
2026-08-12 22:00:00+00:00,1878.19,1881.44,1875.71,1878.73,1117.39338
2026-08-12 23:00:00+00:00,1878.73,1880.44,1874.89,1879.94,1511.55108
2026-08-13 00:00:00+00:00,1879.94,1885.64,1877.44,1880.42,2201.40994
2026-08-13 01:00:00+00:00,1880.42,1882.97,1874.92,1878.07,1241.96151
2026-08-13 02:00:00+00:00,1878.07,1883.21,1873.06,1881.88,1627.6521
2026-08-13 03:00:00+00:00,1881.88,1889.0,1881.68,1887.49,3117.05914
2026-08-13 04:00:00+00:00,1887.49,1895.32,1885.66,1892.44,4652.99809
2026-08-13 05:00:00+00:00,1892.44,1900.28,1891.75,1896.06,2552.95326
2026-08-13 06:00:00+00:00,1896.06,1898.71,1892.2,1898.7,1256.7483
2026-08-13 07:00:00+00:00,1898.7,1898.99,1895.49,1895.8,1683.57124
2026-08-13 08:00:00+00:00,1895.8,1897.2,1888.5,1890.11,1733.79185
2026-08-13 09:00:00+00:00,1890.11,1890.96,1881.5,1889.88,1469.48096
2026-08-13 10:00:00+00:00,1889.88,1890.25,1882.13,1883.19,2882.13326
2026-08-13 11:00:00+00:00,1883.19,1883.69,1875.4,1880.44,2077.13194
2026-08-13 12:00:00+00:00,1880.44,1890.43,1879.08,1888.88,2008.96458
2026-08-13 13:00:00+00:00,1888.88,1895.49,1886.83,1890.37,2380.79815
2026-08-13 14:00:00+00:00,1890.37,1897.59,1888.64,1893.53,2227.21861
2026-08-13 15:00:00+00:00,1893.53,1896.14,1879.59,1880.01,3373.97802
2026-08-13 16:00:00+00:00,1880.01,1885.0,1863.36,1874.76,9050.04339
2026-08-13 17:00:00+00:00,1874.76,1881.07,1873.68,1876.85,1797.71245
2026-08-13 18:00:00+00:00,1876.85,1887.4,1876.56,1885.55,1299.24568
2026-08-13 19:00:00+00:00,1885.55,1892.84,1885.13,1887.51,2470.37049
2026-08-13 20:00:00+00:00,1887.51,1889.79,1885.37,1886.36,1861.97029
2026-08-13 21:00:00+00:00,1886.36,1889.49,1885.99,1888.84,855.17397
2026-08-13 22:00:00+00:00,1888.84,1893.21,1888.56,1889.41,1205.88252
2026-08-13 23:00:00+00:00,1889.41,1889.46,1884.73,1886.47,1444.3821
2026-08-14 00:00:00+00:00,1886.47,1889.61,1883.62,1889.6,857.96348
2026-08-14 01:00:00+00:00,1889.6,1890.36,1885.01,1889.62,2159.27909
2026-08-14 02:00:00+00:00,1889.62,1891.57,1886.12,1886.75,1001.55446
2026-08-14 03:00:00+00:00,1886.75,1889.4,1882.37,1883.11,1080.45696
2026-08-14 04:00:00+00:00,1883.11,1888.06,1882.24,1884.88,845.24601
2026-08-14 05:00:00+00:00,1884.88,1885.69,1880.67,1883.97,817.16843
2026-08-14 06:00:00+00:00,1883.97,1883.98,1872.73,1872.83,1958.06448
2026-08-14 07:00:00+00:00,1872.83,1878.31,1872.22,1873.3,2051.75544
2026-08-14 08:00:00+00:00,1873.3,1878.55,1869.4,1878.55,6673.90374
2026-08-14 09:00:00+00:00,1878.55,1878.85,1871.29,1873.17,1535.27301
2026-08-14 10:00:00+00:00,1873.17,1878.19,1872.34,1875.97,2520.86678
2026-08-14 11:00:00+00:00,1875.97,1881.32,1875.1,1878.12,1864.59551
2026-08-14 12:00:00+00:00,1878.12,1879.61,1873.06,1873.39,1809.07022
2026-08-14 13:00:00+00:00,1873.39,1873.97,1866.31,1870.01,3835.12967
2026-08-14 14:00:00+00:00,1870.01,1873.55,1864.15,1866.73,3144.63298
2026-08-14 15:00:00+00:00,1866.73,1884.49,1866.03,1881.61,3895.20891
2026-08-14 16:00:00+00:00,1881.61,1888.31,1879.35,1885.5,2164.51407
2026-08-14 17:00:00+00:00,1885.5,1887.77,1876.55,1878.6,1817.25498
2026-08-14 18:00:00+00:00,1878.6,1878.89,1873.52,1875.67,1878.4461
2026-08-14 19:00:00+00:00,1875.67,1881.99,1873.7,1880.79,1373.77321
2026-08-14 20:00:00+00:00,1880.79,1881.88,1878.87,1880.47,989.17174
2026-08-14 21:00:00+00:00,1880.47,1881.32,1877.23,1879.24,995.00894
2026-08-14 22:00:00+00:00,1879.24,1881.3,1876.0,1879.59,855.42717
2026-08-14 23:00:00+00:00,1879.59,1882.61,1878.51,1882.13,642.70462
2026-08-15 00:00:00+00:00,1882.13,1883.51,1881.59,1882.34,509.74329
2026-08-15 01:00:00+00:00,1882.34,1884.8,1881.08,1884.17,664.79644
2026-08-15 02:00:00+00:00,1884.17,1885.88,1884.15,1885.08,652.63735
2026-08-15 03:00:00+00:00,1885.08,1886.85,1882.88,1883.02,841.23262
2026-08-15 04:00:00+00:00,1883.02,1885.73,1883.02,1884.43,579.25834
2026-08-15 05:00:00+00:00,1884.43,1885.3,1880.01,1880.78,460.07309
2026-08-15 06:00:00+00:00,1880.78,1883.6,1880.09,1882.21,679.74819
2026-08-15 07:00:00+00:00,1882.21,1882.68,1880.13,1880.36,659.5977
2026-08-15 08:00:00+00:00,1880.36,1881.48,1876.44,1877.03,1598.80157
2026-08-15 09:00:00+00:00,1877.03,1881.28,1875.89,1880.44,682.24864
2026-08-15 10:00:00+00:00,1880.44,1881.48,1878.4,1881.02,1001.81591
2026-08-15 11:00:00+00:00,1881.02,1881.33,1879.1,1879.29,746.93586
2026-08-15 12:00:00+00:00,1879.29,1884.08,1878.08,1883.86,712.50683
2026-08-15 13:00:00+00:00,1883.86,1885.09,1882.45,1883.8,954.22397
2026-08-15 14:00:00+00:00,1883.8,1884.53,1881.48,1883.5,926.32916
2026-08-15 15:00:00+00:00,1883.5,1885.87,1883.14,1884.96,616.29126
2026-08-15 16:00:00+00:00,1884.96,1885.82,1883.8,1884.75,449.98018
2026-08-15 17:00:00+00:00,1884.75,1886.59,1883.0,1884.5,644.37835
2026-08-15 18:00:00+00:00,1884.5,1885.94,1882.06,1882.78,707.86815
2026-08-15 19:00:00+00:00,1882.78,1884.94,1882.78,1884.46,291.0881
2026-08-15 20:00:00+00:00,1884.46,1884.6,1882.78,1883.37,218.49627
2026-08-15 21:00:00+00:00,1883.37,1885.64,1883.36,1885.22,774.46981
2026-08-15 22:00:00+00:00,1885.22,1886.17,1884.42,1884.75,882.39604
2026-08-15 23:00:00+00:00,1884.75,1884.94,1882.15,1883.04,796.44667
2026-08-16 00:00:00+00:00,1883.04,1883.58,1881.8,1882.76,587.1064
2026-08-16 01:00:00+00:00,1882.76,1882.76,1877.22,1880.59,1179.15811
2026-08-16 02:00:00+00:00,1880.59,1885.36,1879.13,1883.81,1564.65468
2026-08-16 03:00:00+00:00,1883.81,1884.4,1883.1,1883.25,582.15281
2026-08-16 04:00:00+00:00,1883.25,1884.73,1880.69,1881.81,508.13727
2026-08-16 05:00:00+00:00,1881.81,1882.29,1879.52,1880.05,760.42874
2026-08-16 06:00:00+00:00,1880.05,1881.83,1879.1,1880.86,538.44547
2026-08-16 07:00:00+00:00,1880.86,1881.97,1880.1,1881.77,405.98903
2026-08-16 08:00:00+00:00,1881.77,1881.8,1880.59,1881.05,294.063
2026-08-16 09:00:00+00:00,1881.05,1882.6,1879.2,1880.46,605.19126
2026-08-16 10:00:00+00:00,1880.46,1881.27,1879.67,1880.95,398.21901
2026-08-16 11:00:00+00:00,1880.95,1881.39,1880.05,1880.99,260.31842
2026-08-16 12:00:00+00:00,1880.99,1880.99,1879.57,1880.01,480.11962
2026-08-16 13:00:00+00:00,1880.01,1882.0,1880.01,1881.88,391.91632
2026-08-16 14:00:00+00:00,1881.88,1884.4,1881.81,1883.46,1095.82388
2026-08-16 15:00:00+00:00,1883.46,1885.03,1882.3,1884.13,668.0653
2026-08-16 16:00:00+00:00,1884.13,1892.31,1884.05,1889.49,1670.6696
2026-08-16 17:00:00+00:00,1889.49,1891.2,1883.91,1885.1,1412.82096
2026-08-16 18:00:00+00:00,1885.1,1886.47,1882.64,1885.57,725.91802
2026-08-16 19:00:00+00:00,1885.57,1888.9,1884.45,1885.84,725.9045
2026-08-16 20:00:00+00:00,1885.84,1887.65,1881.59,1882.07,658.04757
2026-08-16 21:00:00+00:00,1882.07,1883.02,1870.0,1875.62,2164.48194
2026-08-16 22:00:00+00:00,1875.62,1878.34,1869.24,1876.38,1340.30759
2026-08-16 23:00:00+00:00,1876.38,1877.82,1873.71,1876.28,1077.89478
2026-08-17 00:00:00+00:00,1876.28,1880.44,1872.6,1878.96,1343.78631
2026-08-17 01:00:00+00:00,1878.96,1897.23,1878.21,1891.39,6247.19675
2026-08-17 02:00:00+00:00,1891.39,1908.5,1888.57,1902.52,3357.14722
2026-08-17 03:00:00+00:00,1902.52,1904.57,1898.0,1900.86,1705.67454
2026-08-17 04:00:00+00:00,1900.86,1904.98,1900.86,1903.48,1356.90911
2026-08-17 05:00:00+00:00,1903.48,1904.34,1898.2,1899.87,2501.81346
2026-08-17 06:00:00+00:00,1899.87,1912.74,1898.0,1907.25,2595.91227
2026-08-17 07:00:00+00:00,1907.25,1908.08,1900.69,1900.7,3288.55891
2026-08-17 08:00:00+00:00,1900.7,1901.66,1891.48,1894.35,7493.5065
2026-08-17 09:00:00+00:00,1894.35,1897.83,1893.29,1894.13,1561.93262
2026-08-17 10:00:00+00:00,1894.13,1909.71,1892.27,1907.11,2874.54832
2026-08-17 11:00:00+00:00,1907.11,1908.63,1904.04,1904.64,1587.39096
2026-08-17 12:00:00+00:00,1904.64,1906.7,1896.86,1899.06,2399.03748
2026-08-17 13:00:00+00:00,1899.06,1909.5,1896.11,1905.04,2192.91554
2026-08-17 14:00:00+00:00,1905.04,1910.91,1898.29,1909.49,2138.33069
2026-08-17 15:00:00+00:00,1909.49,1915.9,1904.55,1913.36,3415.22545
2026-08-17 16:00:00+00:00,1913.36,1914.05,1905.28,1907.11,1703.27193
2026-08-17 17:00:00+00:00,1907.11,1914.21,1904.5,1908.85,2622.70393
2026-08-17 18:00:00+00:00,1908.85,1912.9,1907.21,1909.98,3218.41843
2026-08-17 19:00:00+00:00,1909.98,1910.96,1906.62,1907.22,2212.96365
2026-08-17 20:00:00+00:00,1907.22,1910.77,1905.01,1906.85,1932.11301
2026-08-17 21:00:00+00:00,1906.85,1908.95,1906.05,1906.45,1163.55972
2026-08-17 22:00:00+00:00,1906.45,1908.19,1903.62,1904.47,815.451
2026-08-17 23:00:00+00:00,1904.47,1918.92,1903.94,1913.64,2076.31706
2026-08-18 00:00:00+00:00,1913.64,1914.45,1908.71,1910.01,1034.82035
2026-08-18 01:00:00+00:00,1910.01,1910.35,1899.8,1901.52,3459.41871
2026-08-18 02:00:00+00:00,1901.52,1903.79,1889.46,1893.25,4229.14707
2026-08-18 03:00:00+00:00,1893.25,1895.6,1885.7,1894.55,4585.31497
2026-08-18 04:00:00+00:00,1894.55,1897.47,1891.28,1896.52,2108.6006
2026-08-18 05:00:00+00:00,1896.52,1898.59,1892.53,1895.47,1343.2968
2026-08-18 06:00:00+00:00,1895.47,1906.84,1893.39,1902.76,2768.27148
2026-08-18 07:00:00+00:00,1902.76,1903.36,1897.06,1898.65,1753.33673
2026-08-18 08:00:00+00:00,1898.65,1901.99,1893.67,1900.29,1987.71445
2026-08-18 09:00:00+00:00,1900.29,1900.29,1895.51,1896.7,1608.73288
2026-08-18 10:00:00+00:00,1896.7,1899.36,1895.06,1898.14,1151.017
2026-08-18 11:00:00+00:00,1898.14,1905.77,1897.71,1903.29,2455.56493
2026-08-18 12:00:00+00:00,1903.29,1904.11,1899.03,1899.55,1104.96068
2026-08-18 13:00:00+00:00,1899.55,1900.11,1893.87,1897.85,2322.03858
2026-08-18 14:00:00+00:00,1897.85,1923.43,1897.25,1911.39,7764.48515
2026-08-18 15:00:00+00:00,1911.39,1919.83,1908.56,1917.73,4734.89442
2026-08-18 16:00:00+00:00,1917.73,1922.49,1912.73,1918.64,2603.23407
2026-08-18 17:00:00+00:00,1918.64,1918.72,1913.57,1915.01,1606.84455
