ts,open,high,low,close,volume
2026-02-19 18:00:00+00:00,80.48,82.04,80.4,81.97,31426.9119
2026-02-19 19:00:00+00:00,81.97,82.2,81.07,81.95,26962.1424
2026-02-19 20:00:00+00:00,81.95,82.37,81.69,82.1,29676.7014
2026-02-19 21:00:00+00:00,82.1,82.19,81.81,82.06,19213.4678
2026-02-19 22:00:00+00:00,82.06,82.55,81.93,82.35,22051.2665
2026-02-19 23:00:00+00:00,82.35,82.56,82.14,82.5,11319.0626
2026-02-20 00:00:00+00:00,82.5,83.54,82.33,82.9,28820.341
2026-02-20 01:00:00+00:00,82.9,83.16,82.71,83.01,13164.0206
2026-02-20 02:00:00+00:00,83.01,83.32,82.82,82.91,17723.3776
2026-02-20 03:00:00+00:00,82.91,83.35,82.82,83.02,13760.3597
2026-02-20 04:00:00+00:00,83.02,83.1,82.39,82.68,14243.2357
2026-02-20 05:00:00+00:00,82.68,83.75,82.5,83.28,33529.3717
2026-02-20 06:00:00+00:00,83.28,83.72,83.15,83.71,18171.1152
2026-02-20 07:00:00+00:00,83.71,83.91,83.39,83.43,21162.2815
2026-02-20 08:00:00+00:00,83.43,83.82,83.3,83.66,11475.0556
2026-02-20 09:00:00+00:00,83.66,84.5,83.64,84.21,35612.551
2026-02-20 10:00:00+00:00,84.21,84.86,84.03,84.09,31113.0928
2026-02-20 11:00:00+00:00,84.09,84.26,83.33,83.57,48236.7414
2026-02-20 12:00:00+00:00,83.57,84.04,83.37,83.72,33300.5764
2026-02-20 13:00:00+00:00,83.72,83.72,81.76,82.2,60096.1318
2026-02-20 14:00:00+00:00,82.2,83.38,82.11,83.06,51361.3703
2026-02-20 15:00:00+00:00,83.06,84.79,82.66,84.38,145976.4395
2026-02-20 16:00:00+00:00,84.38,84.94,83.73,84.49,51380.8772
2026-02-20 17:00:00+00:00,84.49,84.6,82.8,84.5,58591.644
2026-02-20 18:00:00+00:00,84.5,85.49,83.97,85.25,79640.0033
2026-02-20 19:00:00+00:00,85.25,85.38,84.38,84.78,35948.2239
2026-02-20 20:00:00+00:00,84.78,85.24,84.43,84.64,28763.8026
2026-02-20 21:00:00+00:00,84.64,84.78,84.32,84.55,29779.1464
2026-02-20 22:00:00+00:00,84.55,84.79,84.12,84.59,34995.5571
2026-02-20 23:00:00+00:00,84.59,84.72,84.3,84.68,11354.7986
2026-02-21 00:00:00+00:00,84.68,84.78,84.35,84.44,7095.5883
2026-02-21 01:00:00+00:00,84.44,84.85,84.44,84.68,22807.2874
2026-02-21 02:00:00+00:00,84.68,85.02,84.54,84.82,6145.1747
2026-02-21 03:00:00+00:00,84.82,84.84,84.24,84.35,11344.9435
2026-02-21 04:00:00+00:00,84.35,84.5,84.15,84.4,5847.353
2026-02-21 05:00:00+00:00,84.4,84.59,84.38,84.47,4026.6834
2026-02-21 06:00:00+00:00,84.47,84.78,84.06,84.13,11648.8393
2026-02-21 07:00:00+00:00,84.13,84.33,83.98,84.23,19000.7575
2026-02-21 08:00:00+00:00,84.23,84.74,84.19,84.73,8310.3046
2026-02-21 09:00:00+00:00,84.73,85.19,84.67,84.92,21422.0267
2026-02-21 10:00:00+00:00,84.92,85.28,84.89,85.15,22259.1194
2026-02-21 11:00:00+00:00,85.15,85.69,85.15,85.4,33119.0028
2026-02-21 12:00:00+00:00,85.4,85.55,85.02,85.33,26156.1802
2026-02-21 13:00:00+00:00,85.33,85.99,85.19,85.87,29222.8329
2026-02-21 14:00:00+00:00,85.87,86.67,85.64,86.32,52180.2515
2026-02-21 15:00:00+00:00,86.32,86.75,86.18,86.58,21972.699
2026-02-21 16:00:00+00:00,86.58,86.68,85.87,86.13,24827.4074
2026-02-21 17:00:00+00:00,86.13,86.45,85.82,86.24,17312.2133
2026-02-21 18:00:00+00:00,86.24,86.72,86.19,86.58,18055.1004
2026-02-21 19:00:00+00:00,86.58,86.7,86.18,86.22,20355.0203
2026-02-21 20:00:00+00:00,86.22,86.22,85.26,85.47,36360.9077
2026-02-21 21:00:00+00:00,85.47,85.84,85.41,85.83,13127.0301
2026-02-21 22:00:00+00:00,85.83,85.88,85.37,85.46,34527.4935
2026-02-21 23:00:00+00:00,85.46,85.56,85.14,85.18,7069.003
2026-02-22 00:00:00+00:00,85.18,85.21,84.76,85.07,23099.363
2026-02-22 01:00:00+00:00,85.07,85.42,85.04,85.3,11094.6735
2026-02-22 02:00:00+00:00,85.3,85.59,84.84,84.95,14250.2784
2026-02-22 03:00:00+00:00,84.95,85.15,84.69,85.06,22580.528
2026-02-22 04:00:00+00:00,85.06,85.35,84.96,85.15,5821.848
2026-02-22 05:00:00+00:00,85.15,85.21,84.79,84.98,10745.2686
2026-02-22 06:00:00+00:00,84.98,85.33,84.94,85.28,12862.1282
2026-02-22 07:00:00+00:00,85.28,85.61,85.13,85.25,15394.9332
2026-02-22 08:00:00+00:00,85.25,85.25,84.86,84.97,12981.9244
2026-02-22 09:00:00+00:00,84.97,85.19,84.94,85.01,14835.2642
2026-02-22 10:00:00+00:00,85.01,85.27,84.97,85.18,41044.1549
2026-02-22 11:00:00+00:00,85.18,85.42,85.12,85.23,50287.6545
2026-02-22 12:00:00+00:00,85.23,85.29,84.32,84.46,49115.8925
2026-02-22 13:00:00+00:00,84.46,84.61,83.71,83.97,44384.7441
2026-02-22 14:00:00+00:00,83.97,84.07,83.41,83.65,24042.9729
2026-02-22 15:00:00+00:00,83.65,83.71,83.01,83.49,43218.7124
2026-02-22 16:00:00+00:00,83.49,83.62,83.19,83.58,10927.1009
2026-02-22 17:00:00+00:00,83.58,83.6,82.82,83.05,51590.5378
2026-02-22 18:00:00+00:00,83.05,83.28,82.95,83.21,20997.5835
2026-02-22 19:00:00+00:00,83.21,83.42,83.01,83.29,11536.6489
2026-02-22 20:00:00+00:00,83.29,83.37,82.92,83.02,17759.1084
2026-02-22 21:00:00+00:00,83.02,83.57,83.02,83.49,13482.2201
2026-02-22 22:00:00+00:00,83.49,83.7,83.08,83.56,50101.2319
2026-02-22 23:00:00+00:00,83.56,83.65,82.48,82.79,58345.3058
2026-02-23 00:00:00+00:00,82.79,82.85,81.32,81.37,57845.2374
2026-02-23 01:00:00+00:00,81.37,81.38,77.49,77.96,250802.2487
2026-02-23 02:00:00+00:00,77.96,78.43,77.52,77.86,76679.8187
2026-02-23 03:00:00+00:00,77.86,78.3,77.28,77.65,65827.7688
2026-02-23 04:00:00+00:00,77.65,77.73,77.14,77.38,41065.1835
2026-02-23 05:00:00+00:00,77.38,78.04,77.32,77.82,91839.8519
2026-02-23 06:00:00+00:00,77.82,79.17,77.67,79.07,106809.9682
2026-02-23 07:00:00+00:00,79.07,79.7,78.92,79.4,46424.8631
2026-02-23 08:00:00+00:00,79.4,79.4,78.53,78.76,68655.7791
2026-02-23 09:00:00+00:00,78.76,80.54,78.76,80.46,79594.8089
2026-02-23 10:00:00+00:00,80.46,80.69,80.1,80.26,36177.862
2026-02-23 11:00:00+00:00,80.26,80.54,79.98,80.07,21655.7741
2026-02-23 12:00:00+00:00,80.07,80.96,79.87,80.72,40976.8871
2026-02-23 13:00:00+00:00,80.72,81.11,80.43,80.55,45511.3714
2026-02-23 14:00:00+00:00,80.55,80.8,79.42,80.13,57080.8645
2026-02-23 15:00:00+00:00,80.13,80.33,79.21,79.4,57545.947
2026-02-23 16:00:00+00:00,79.4,79.81,78.63,78.96,54756.0539
2026-02-23 17:00:00+00:00,78.96,79.15,77.27,78.3,83009.0168
2026-02-23 18:00:00+00:00,78.3,79.29,78.03,78.61,43464.9767
2026-02-23 19:00:00+00:00,78.61,78.91,77.98,78.28,32057.4134
2026-02-23 20:00:00+00:00,78.28,78.53,77.85,78.3,27142.5573
2026-02-23 21:00:00+00:00,78.3,78.72,78.17,78.36,29298.6258
2026-02-23 22:00:00+00:00,78.36,78.91,78.24,78.25,30526.232
2026-02-23 23:00:00+00:00,78.25,78.53,77.63,77.92,18061.1843
2026-02-24 00:00:00+00:00,77.92,78.51,77.9,78.45,14775.0232
2026-02-24 01:00:00+00:00,78.45,78.46,75.74,77.67,110306.0092
2026-02-24 02:00:00+00:00,77.67,78.41,77.51,77.64,21590.1415
2026-02-24 03:00:00+00:00,77.64,77.64,76.49,76.89,32716.4699
2026-02-24 04:00:00+00:00,76.89,77.08,76.11,76.86,26037.6509
2026-02-24 05:00:00+00:00,76.86,77.33,76.21,76.63,35134.2488
2026-02-24 06:00:00+00:00,76.63,76.93,76.39,76.59,16315.1239
2026-02-24 07:00:00+00:00,76.59,77.22,76.5,76.85,36570.5353
2026-02-24 08:00:00+00:00,76.85,77.2,76.49,77.03,31650.9823
2026-02-24 09:00:00+00:00,77.03,77.13,75.99,76.66,22295.3926
2026-02-24 10:00:00+00:00,76.66,76.84,76.42,76.75,12285.1093
2026-02-24 11:00:00+00:00,76.75,76.9,76.5,76.77,14245.8686
2026-02-24 12:00:00+00:00,76.77,77.05,76.51,76.6,15229.1472
2026-02-24 13:00:00+00:00,76.6,76.81,76.03,76.56,39220.5381
2026-02-24 14:00:00+00:00,76.56,77.43,75.62,76.88,70127.5244
2026-02-24 15:00:00+00:00,76.88,77.5,76.6,77.3,45708.6617
2026-02-24 16:00:00+00:00,77.3,78.24,77.23,78.14,46383.9932
2026-02-24 17:00:00+00:00,78.14,78.49,77.8,77.98,45238.6907
2026-02-24 18:00:00+00:00,77.98,78.33,77.56,78.19,24678.5731
2026-02-24 19:00:00+00:00,78.19,78.51,77.89,78.38,22154.0785
2026-02-24 20:00:00+00:00,78.38,78.89,78.33,78.67,20935.6076
2026-02-24 21:00:00+00:00,78.67,78.73,78.13,78.54,25949.4552
2026-02-24 22:00:00+00:00,78.54,79.37,78.44,79.06,18608.5676
2026-02-24 23:00:00+00:00,79.06,79.6,78.65,78.98,26779.6384
2026-02-25 00:00:00+00:00,78.98,79.43,78.73,79.2,10319.6009
2026-02-25 01:00:00+00:00,79.2,82.57,79.11,82.01,112876.4076
2026-02-25 02:00:00+00:00,82.01,82.98,81.99,82.46,76636.7618
2026-02-25 03:00:00+00:00,82.46,82.57,81.63,81.76,39067.2699
2026-02-25 04:00:00+00:00,81.76,82.43,81.3,81.97,41073.5769
2026-02-25 05:00:00+00:00,81.97,82.17,80.99,81.31,59838.7001
2026-02-25 06:00:00+00:00,81.31,81.9,81.16,81.58,28828.0787
2026-02-25 07:00:00+00:00,81.58,82.43,81.5,82.18,38240.7248
2026-02-25 08:00:00+00:00,82.18,82.57,81.93,82.49,27631.9344
2026-02-25 09:00:00+00:00,82.49,82.69,82.24,82.54,23605.4202
2026-02-25 10:00:00+00:00,82.54,82.95,82.46,82.55,28177.934
2026-02-25 11:00:00+00:00,82.55,83.42,82.33,83.38,46238.8856
2026-02-25 12:00:00+00:00,83.38,84.11,82.9,83.69,105522.409
2026-02-25 13:00:00+00:00,83.69,84.46,83.38,83.84,74328.4588
2026-02-25 14:00:00+00:00,83.84,85.8,83.81,85.64,109468.4549
2026-02-25 15:00:00+00:00,85.64,86.46,85.02,85.97,106755.403
2026-02-25 16:00:00+00:00,85.97,87.7,85.95,87.55,100509.2478
2026-02-25 17:00:00+00:00,87.55,88.94,87.41,88.56,130107.1414
2026-02-25 18:00:00+00:00,88.56,89.18,88.0,88.96,75490.1943
2026-02-25 19:00:00+00:00,88.96,89.63,88.35,89.44,56509.261
2026-02-25 20:00:00+00:00,89.44,90.12,88.98,89.39,74153.8675
2026-02-25 21:00:00+00:00,89.39,92.15,89.38,89.84,155844.6866
2026-02-25 22:00:00+00:00,89.84,90.53,88.39,89.11,91575.1777
2026-02-25 23:00:00+00:00,89.11,89.32,87.09,88.06,61694.7889
2026-02-26 00:00:00+00:00,88.06,89.26,87.83,88.6,68982.7435
2026-02-26 01:00:00+00:00,88.6,89.15,88.22,88.43,50729.5654
2026-02-26 02:00:00+00:00,88.43,88.49,87.56,88.2,76384.2409
2026-02-26 03:00:00+00:00,88.2,88.36,87.78,87.95,31371.5401
2026-02-26 04:00:00+00:00,87.95,89.06,87.85,88.75,12776.0379
2026-02-26 05:00:00+00:00,88.75,88.75,87.24,87.79,29608.5755
2026-02-26 06:00:00+00:00,87.79,88.02,87.38,87.64,21250.3825
2026-02-26 07:00:00+00:00,87.64,87.88,87.23,87.25,14897.4048
2026-02-26 08:00:00+00:00,87.25,87.88,87.25,87.31,18056.5134
2026-02-26 09:00:00+00:00,87.31,88.74,87.22,88.33,37642.1321
2026-02-26 10:00:00+00:00,88.33,88.58,87.29,87.47,26293.3369
2026-02-26 11:00:00+00:00,87.47,87.63,86.61,86.83,22361.1076
2026-02-26 12:00:00+00:00,86.83,87.8,86.74,87.7,21427.2086
2026-02-26 13:00:00+00:00,87.7,88.1,87.48,87.63,35468.1007
2026-02-26 14:00:00+00:00,87.63,88.27,86.31,87.01,63611.8347
2026-02-26 15:00:00+00:00,87.01,87.11,85.29,86.57,91368.241
2026-02-26 16:00:00+00:00,86.57,86.77,84.32,84.59,97135.6056
2026-02-26 17:00:00+00:00,84.59,85.35,84.49,84.9,37369.7555
2026-02-26 18:00:00+00:00,84.9,85.71,84.46,85.36,51137.6354
2026-02-26 19:00:00+00:00,85.36,86.67,85.33,86.47,54220.3772
2026-02-26 20:00:00+00:00,86.47,86.87,85.86,86.03,43767.9193
2026-02-26 21:00:00+00:00,86.03,86.29,85.73,85.93,29010.3789
2026-02-26 22:00:00+00:00,85.93,86.28,85.77,86.15,15877.0085
2026-02-26 23:00:00+00:00,86.15,86.15,85.75,85.89,16820.4584
2026-02-27 00:00:00+00:00,85.89,86.03,85.18,85.82,21594.5908
2026-02-27 01:00:00+00:00,85.82,86.15,85.29,86.14,34731.2398
2026-02-27 02:00:00+00:00,86.14,86.79,85.92,86.57,16549.4495
2026-02-27 03:00:00+00:00,86.57,87.82,86.35,87.64,26647.2266
2026-02-27 04:00:00+00:00,87.64,88.32,87.48,87.56,38219.4224
2026-02-27 05:00:00+00:00,87.56,87.86,87.4,87.53,20830.0137
2026-02-27 06:00:00+00:00,87.53,87.63,86.87,87.33,22086.2799
2026-02-27 07:00:00+00:00,87.33,87.45,86.8,87.31,22280.7721
2026-02-27 08:00:00+00:00,87.31,87.94,87.22,87.57,47312.5347
2026-02-27 09:00:00+00:00,87.57,87.83,86.23,86.33,25393.6534
2026-02-27 10:00:00+00:00,86.33,86.51,84.57,84.71,66214.0946
2026-02-27 11:00:00+00:00,84.71,84.96,83.35,83.6,89887.0216
2026-02-27 12:00:00+00:00,83.6,83.75,82.64,83.13,38553.4088
2026-02-27 13:00:00+00:00,83.13,83.55,82.0,83.07,80715.2936
2026-02-27 14:00:00+00:00,83.07,83.35,82.1,82.39,64202.9114
2026-02-27 15:00:00+00:00,82.39,83.06,82.3,82.68,49873.9137
2026-02-27 16:00:00+00:00,82.68,82.69,81.29,81.34,84991.3455
2026-02-27 17:00:00+00:00,81.34,81.9,81.1,81.82,64474.0223
2026-02-27 18:00:00+00:00,81.82,82.02,81.39,81.48,38286.24
2026-02-27 19:00:00+00:00,81.48,81.72,81.13,81.56,14986.4695
2026-02-27 20:00:00+00:00,81.56,81.87,81.22,81.43,30563.1652
2026-02-27 21:00:00+00:00,81.43,81.81,80.88,81.2,24679.3482
2026-02-27 22:00:00+00:00,81.2,81.6,80.31,81.43,42388.4519
2026-02-27 23:00:00+00:00,81.43,82.1,81.35,81.85,16891.8132
2026-02-28 00:00:00+00:00,81.85,82.16,81.6,82.11,8481.1846
2026-02-28 01:00:00+00:00,82.11,82.25,81.73,81.76,30939.1057
2026-02-28 02:00:00+00:00,81.76,82.18,81.67,82.11,28545.0724
2026-02-28 03:00:00+00:00,82.11,82.12,81.54,81.73,10004.1581
2026-02-28 04:00:00+00:00,81.73,81.88,81.2,81.64,11669.1438
2026-02-28 05:00:00+00:00,81.64,81.81,81.28,81.55,19169.7817
2026-02-28 06:00:00+00:00,81.55,81.55,77.09,77.54,169845.1818
2026-02-28 07:00:00+00:00,77.54,79.62,77.12,78.71,137078.9784
2026-02-28 08:00:00+00:00,78.71,78.72,77.86,78.0,64336.3393
2026-02-28 09:00:00+00:00,78.0,78.7,77.75,78.42,28395.0761
2026-02-28 10:00:00+00:00,78.42,79.17,77.97,79.1,46012.9441
2026-02-28 11:00:00+00:00,79.1,79.58,78.65,78.77,35691.0192
2026-02-28 12:00:00+00:00,78.77,79.21,78.63,78.93,18490.9273
2026-02-28 13:00:00+00:00,78.93,80.98,78.7,80.83,72516.1006
2026-02-28 14:00:00+00:00,80.83,81.5,80.0,80.24,67231.9827
2026-02-28 15:00:00+00:00,80.24,81.1,79.62,80.91,40156.2056
2026-02-28 16:00:00+00:00,80.91,81.32,80.5,81.09,17647.1234
2026-02-28 17:00:00+00:00,81.09,81.52,80.6,81.39,22047.3528
2026-02-28 18:00:00+00:00,81.39,82.9,81.08,82.36,46277.0823
2026-02-28 19:00:00+00:00,82.36,82.79,81.46,82.21,44049.9162
2026-02-28 20:00:00+00:00,82.21,85.02,81.95,84.87,65596.3114
2026-02-28 21:00:00+00:00,84.87,85.03,83.6,84.49,46440.6973
2026-02-28 22:00:00+00:00,84.49,85.64,84.26,84.28,40590.6299
2026-02-28 23:00:00+00:00,84.28,84.73,83.92,84.34,29955.9901
2026-03-01 00:00:00+00:00,84.34,85.0,84.31,84.88,19539.1802
2026-03-01 01:00:00+00:00,84.88,87.49,84.26,86.74,82680.2642
2026-03-01 02:00:00+00:00,86.74,88.94,86.74,87.99,120676.8715
2026-03-01 03:00:00+00:00,87.99,88.33,87.65,88.03,42699.6703
2026-03-01 04:00:00+00:00,88.03,88.26,86.9,87.54,80326.9663
2026-03-01 05:00:00+00:00,87.54,88.03,87.21,87.28,34010.0283
2026-03-01 06:00:00+00:00,87.28,87.38,86.17,86.67,71604.6405
2026-03-01 07:00:00+00:00,86.67,86.9,86.31,86.64,30634.2245
2026-03-01 08:00:00+00:00,86.64,86.82,85.07,85.22,41370.1026
2026-03-01 09:00:00+00:00,85.22,85.85,84.81,84.99,33968.1424
2026-03-01 10:00:00+00:00,84.99,85.65,84.72,85.23,23939.6421
2026-03-01 11:00:00+00:00,85.23,85.52,85.0,85.17,12996.5549
2026-03-01 12:00:00+00:00,85.17,85.39,84.78,84.88,16073.8972
2026-03-01 13:00:00+00:00,84.88,87.0,84.52,86.09,64683.3959
2026-03-01 14:00:00+00:00,86.09,86.89,85.44,85.81,40385.5493
2026-03-01 15:00:00+00:00,85.81,86.67,85.63,85.67,35556.6233
2026-03-01 16:00:00+00:00,85.67,86.09,83.74,84.03,67993.4186
2026-03-01 17:00:00+00:00,84.03,84.29,83.2,83.9,45258.404
2026-03-01 18:00:00+00:00,83.9,85.01,83.87,83.94,34713.3502
2026-03-01 19:00:00+00:00,83.94,84.03,83.05,83.23,25506.7056
2026-03-01 20:00:00+00:00,83.23,83.26,81.68,81.98,57520.1122
2026-03-01 21:00:00+00:00,81.98,83.01,81.94,82.93,24213.0896
2026-03-01 22:00:00+00:00,82.93,84.05,82.35,82.72,81998.2406
2026-03-01 23:00:00+00:00,82.72,84.07,82.51,83.59,43807.7182
2026-03-02 00:00:00+00:00,83.59,85.23,83.48,85.0,34392.6663
2026-03-02 01:00:00+00:00,85.0,86.17,84.42,84.61,38425.6713
2026-03-02 02:00:00+00:00,84.61,84.77,83.47,84.16,20797.717
2026-03-02 03:00:00+00:00,84.16,85.12,83.85,84.77,21817.1762
2026-03-02 04:00:00+00:00,84.77,84.84,84.11,84.31,18477.6348
2026-03-02 05:00:00+00:00,84.31,84.71,83.85,84.23,15051.6325
2026-03-02 06:00:00+00:00,84.23,84.25,82.91,83.24,49257.7292
2026-03-02 07:00:00+00:00,83.24,83.31,82.4,82.94,29023.7429
2026-03-02 08:00:00+00:00,82.94,83.62,82.38,83.44,49853.9356
2026-03-02 09:00:00+00:00,83.44,84.13,83.32,83.64,27260.8255
2026-03-02 10:00:00+00:00,83.64,84.11,83.36,83.91,23286.802
2026-03-02 11:00:00+00:00,83.91,84.29,83.45,83.89,22664.6542
2026-03-02 12:00:00+00:00,83.89,84.15,83.58,83.69,35696.5418
2026-03-02 13:00:00+00:00,83.69,83.84,82.9,83.07,27969.896
2026-03-02 14:00:00+00:00,83.07,85.97,82.78,85.68,83135.5965
2026-03-02 15:00:00+00:00,85.68,89.0,85.48,88.81,187779.2883
2026-03-02 16:00:00+00:00,88.81,90.32,88.48,88.87,158148.4067
2026-03-02 17:00:00+00:00,88.87,89.01,86.41,87.63,77394.9445
2026-03-02 18:00:00+00:00,87.63,87.84,86.72,87.31,59582.7957
2026-03-02 19:00:00+00:00,87.31,87.82,86.85,87.65,47577.4268
2026-03-02 20:00:00+00:00,87.65,88.08,86.86,87.57,39537.7353
2026-03-02 21:00:00+00:00,87.57,87.72,87.16,87.54,26284.6996
2026-03-02 22:00:00+00:00,87.54,88.23,87.29,88.02,19577.243
2026-03-02 23:00:00+00:00,88.02,88.1,86.32,86.64,37914.302
2026-03-03 00:00:00+00:00,86.64,87.3,86.09,86.91,38270.2888
2026-03-03 01:00:00+00:00,86.91,87.19,86.15,86.16,33836.0831
2026-03-03 02:00:00+00:00,86.16,86.35,85.23,86.19,53078.6497
2026-03-03 03:00:00+00:00,86.19,86.62,85.89,86.29,18042.0752
2026-03-03 04:00:00+00:00,86.29,86.44,85.65,85.85,13584.5162
2026-03-03 05:00:00+00:00,85.85,86.81,85.4,85.77,29615.6168
2026-03-03 06:00:00+00:00,85.77,85.96,85.39,85.83,34495.9944
2026-03-03 07:00:00+00:00,85.83,86.28,85.37,85.54,62155.5487
2026-03-03 08:00:00+00:00,85.54,85.73,83.93,84.24,62134.4341
2026-03-03 09:00:00+00:00,84.24,84.99,84.02,84.27,49530.9839
2026-03-03 10:00:00+00:00,84.27,84.54,83.67,83.89,93922.7405
2026-03-03 11:00:00+00:00,83.89,84.36,83.75,84.19,84672.7478
2026-03-03 12:00:00+00:00,84.19,85.34,84.13,84.43,83475.2594
2026-03-03 13:00:00+00:00,84.43,84.47,83.16,83.63,62320.5839
2026-03-03 14:00:00+00:00,83.63,84.43,82.5,83.25,64213.6983
2026-03-03 15:00:00+00:00,83.25,85.16,83.06,85.02,68178.8097
2026-03-03 16:00:00+00:00,85.02,87.32,84.34,85.41,100120.3103
2026-03-03 17:00:00+00:00,85.41,85.47,84.16,85.18,53781.6043
2026-03-03 18:00:00+00:00,85.18,86.02,84.53,85.39,49598.5695
2026-03-03 19:00:00+00:00,85.39,85.77,84.68,85.08,58155.4409
2026-03-03 20:00:00+00:00,85.08,85.45,84.68,84.84,37010.3986
2026-03-03 21:00:00+00:00,84.84,85.19,84.19,85.13,34801.2396
2026-03-03 22:00:00+00:00,85.13,86.65,85.12,86.3,37467.0855
2026-03-03 23:00:00+00:00,86.3,87.46,86.2,86.97,95606.9311
2026-03-04 00:00:00+00:00,86.97,87.4,86.28,86.62,44272.2518
2026-03-04 01:00:00+00:00,86.62,88.08,86.5,87.28,69401.394
2026-03-04 02:00:00+00:00,87.28,87.47,86.55,87.08,23959.8987
2026-03-04 03:00:00+00:00,87.08,87.08,85.18,85.77,50977.487
2026-03-04 04:00:00+00:00,85.77,85.92,84.83,85.4,35459.1973
2026-03-04 05:00:00+00:00,85.4,85.99,84.78,85.67,42800.0003
2026-03-04 06:00:00+00:00,85.67,86.03,84.97,85.59,53604.0226
2026-03-04 07:00:00+00:00,85.59,87.5,85.48,87.41,39627.0707
2026-03-04 08:00:00+00:00,87.41,89.9,86.98,89.71,94396.3811
2026-03-04 09:00:00+00:00,89.71,91.45,89.23,90.54,150319.0331
2026-03-04 10:00:00+00:00,90.54,91.04,89.89,90.15,118579.3788
2026-03-04 11:00:00+00:00,90.15,90.65,89.41,89.76,59806.0226
2026-03-04 12:00:00+00:00,89.76,89.89,88.69,89.43,50812.1168
2026-03-04 13:00:00+00:00,89.43,90.16,89.32,90.01,44136.1507
2026-03-04 14:00:00+00:00,90.01,91.77,89.5,90.19,95848.6668
2026-03-04 15:00:00+00:00,90.19,93.1,90.14,92.93,165103.542
2026-03-04 16:00:00+00:00,92.93,93.13,90.95,91.53,88270.8773
2026-03-04 17:00:00+00:00,91.53,92.23,90.62,91.54,52972.5352
2026-03-04 18:00:00+00:00,91.54,92.48,91.13,92.38,23629.6617
2026-03-04 19:00:00+00:00,92.38,94.05,92.29,93.18,108058.0469
2026-03-04 20:00:00+00:00,93.18,93.75,92.76,92.86,38468.7346
2026-03-04 21:00:00+00:00,92.86,92.97,92.16,92.34,22651.2868
2026-03-04 22:00:00+00:00,92.34,92.85,91.15,91.32,24861.8077
2026-03-04 23:00:00+00:00,91.32,91.44,90.29,90.85,20530.0317
2026-03-05 00:00:00+00:00,90.85,91.39,90.73,90.78,16950.8528
2026-03-05 01:00:00+00:00,90.78,91.41,89.74,90.0,36073.6394
2026-03-05 02:00:00+00:00,90.0,90.68,89.96,90.16,35556.0544
2026-03-05 03:00:00+00:00,90.16,90.5,89.58,90.02,44904.1143
2026-03-05 04:00:00+00:00,90.02,90.73,89.89,90.38,40100.7292
2026-03-05 05:00:00+00:00,90.38,90.62,90.0,90.14,39252.8229
2026-03-05 06:00:00+00:00,90.14,90.99,89.66,90.86,27217.9082
2026-03-05 07:00:00+00:00,90.86,91.31,89.71,90.15,24784.5808
2026-03-05 08:00:00+00:00,90.15,90.71,89.68,90.63,23551.2041
2026-03-05 09:00:00+00:00,90.63,91.93,90.61,91.19,31949.7914
2026-03-05 10:00:00+00:00,91.19,92.95,91.01,92.64,39908.7738
2026-03-05 11:00:00+00:00,92.64,92.78,91.65,91.82,32150.0965
2026-03-05 12:00:00+00:00,91.82,92.21,91.31,91.98,32583.3587
2026-03-05 13:00:00+00:00,91.98,92.07,90.4,90.82,56365.6519
2026-03-05 14:00:00+00:00,90.82,91.49,89.82,91.0,56696.0012
2026-03-05 15:00:00+00:00,91.0,91.15,88.81,89.61,94449.5327
2026-03-05 16:00:00+00:00,89.61,89.63,87.92,88.96,82846.5036
2026-03-05 17:00:00+00:00,88.96,89.42,87.92,88.12,59531.6815
2026-03-05 18:00:00+00:00,88.12,88.89,88.0,88.8,26149.9164
2026-03-05 19:00:00+00:00,88.8,89.39,88.68,88.74,33953.8695
2026-03-05 20:00:00+00:00,88.74,89.57,88.55,89.22,22775.1667
2026-03-05 21:00:00+00:00,89.22,89.86,88.89,89.13,18364.4713
2026-03-05 22:00:00+00:00,89.13,89.4,88.87,89.1,23302.9372
2026-03-05 23:00:00+00:00,89.1,89.2,88.61,88.78,9433.502
2026-03-06 00:00:00+00:00,88.78,89.03,88.57,88.86,9686.2844
2026-03-06 01:00:00+00:00,88.86,89.27,88.03,89.13,31006.5607
2026-03-06 02:00:00+00:00,89.13,89.32,88.21,88.38,34935.399
2026-03-06 03:00:00+00:00,88.38,88.7,88.13,88.41,11673.4624
2026-03-06 04:00:00+00:00,88.41,88.58,87.67,88.14,12814.0848
2026-03-06 05:00:00+00:00,88.14,88.26,87.5,87.9,28579.9396
2026-03-06 06:00:00+00:00,87.9,88.43,87.67,88.09,17153.56
2026-03-06 07:00:00+00:00,88.09,88.92,87.81,88.71,34089.4547
2026-03-06 08:00:00+00:00,88.71,88.71,88.2,88.35,14554.3633
2026-03-06 09:00:00+00:00,88.35,88.48,87.16,87.49,37963.4257
2026-03-06 10:00:00+00:00,87.49,87.94,87.4,87.67,46415.9117
2026-03-06 11:00:00+00:00,87.67,87.98,87.1,87.25,35498.8961
2026-03-06 12:00:00+00:00,87.25,87.26,85.9,86.47,67659.4021
2026-03-06 13:00:00+00:00,86.47,87.09,85.54,85.58,84194.8246
2026-03-06 14:00:00+00:00,85.58,85.74,83.95,84.35,175455.1533
2026-03-06 15:00:00+00:00,84.35,85.33,84.2,84.63,70383.4597
2026-03-06 16:00:00+00:00,84.63,85.01,84.08,84.36,67998.7219
2026-03-06 17:00:00+00:00,84.36,84.69,83.64,84.19,65084.6845
2026-03-06 18:00:00+00:00,84.19,85.58,84.18,85.27,56034.0035
2026-03-06 19:00:00+00:00,85.27,85.88,85.13,85.2,32797.2415
2026-03-06 20:00:00+00:00,85.2,85.46,84.58,85.02,18389.7577
2026-03-06 21:00:00+00:00,85.02,85.11,84.44,84.73,13962.9225
2026-03-06 22:00:00+00:00,84.73,85.05,84.54,84.96,12558.6983
2026-03-06 23:00:00+00:00,84.96,85.05,84.63,84.69,9298.7929
2026-03-07 00:00:00+00:00,84.69,85.07,84.51,84.75,14249.9701
2026-03-07 01:00:00+00:00,84.75,84.9,84.59,84.7,7143.3364
2026-03-07 02:00:00+00:00,84.7,84.75,84.32,84.66,16745.9812
2026-03-07 03:00:00+00:00,84.66,85.07,84.36,84.53,9594.9994
2026-03-07 04:00:00+00:00,84.53,84.56,84.0,84.26,14353.8953
2026-03-07 05:00:00+00:00,84.26,84.51,84.1,84.35,6543.849
2026-03-07 06:00:00+00:00,84.35,84.35,83.9,84.04,18746.1099
2026-03-07 07:00:00+00:00,84.04,84.49,83.9,84.32,20645.2232
2026-03-07 08:00:00+00:00,84.32,84.66,84.12,84.36,10349.6702
2026-03-07 09:00:00+00:00,84.36,84.69,84.21,84.56,5993.8861
2026-03-07 10:00:00+00:00,84.56,84.75,84.41,84.48,8906.6317
2026-03-07 11:00:00+00:00,84.48,84.91,84.26,84.66,11902.7793
2026-03-07 12:00:00+00:00,84.66,84.77,84.27,84.29,8961.1261
2026-03-07 13:00:00+00:00,84.29,84.54,84.11,84.3,19043.0048
2026-03-07 14:00:00+00:00,84.3,84.41,83.64,84.21,29717.528
2026-03-07 15:00:00+00:00,84.21,84.22,83.39,83.74,18947.2625
2026-03-07 16:00:00+00:00,83.74,83.79,83.49,83.57,18258.4363
2026-03-07 17:00:00+00:00,83.57,84.06,83.55,83.61,10161.9928
2026-03-07 18:00:00+00:00,83.61,83.63,83.01,83.38,31951.0456
2026-03-07 19:00:00+00:00,83.38,83.38,82.28,82.54,36264.9654
2026-03-07 20:00:00+00:00,82.54,83.12,82.51,83.03,21959.1932
2026-03-07 21:00:00+00:00,83.03,83.3,82.89,83.27,13702.1063
2026-03-07 22:00:00+00:00,83.27,83.32,82.67,82.97,12253.8248
2026-03-07 23:00:00+00:00,82.97,83.25,82.93,83.22,6505.9269
2026-03-08 00:00:00+00:00,83.22,83.47,82.92,83.06,12302.9769
2026-03-08 01:00:00+00:00,83.06,83.21,82.7,82.97,10967.9561
2026-03-08 02:00:00+00:00,82.97,83.09,82.12,82.38,19118.2629
2026-03-08 03:00:00+00:00,82.38,82.75,82.28,82.34,15716.4959
2026-03-08 04:00:00+00:00,82.34,82.56,81.75,81.96,16935.0237
2026-03-08 05:00:00+00:00,81.96,82.78,81.95,82.5,9022.3777
2026-03-08 06:00:00+00:00,82.5,82.62,82.28,82.46,10362.6904
2026-03-08 07:00:00+00:00,82.46,83.1,82.41,82.94,17963.5435
2026-03-08 08:00:00+00:00,82.94,83.11,82.52,83.09,18575.5548
2026-03-08 09:00:00+00:00,83.09,83.37,82.76,83.16,47996.7991
2026-03-08 10:00:00+00:00,83.16,84.09,83.15,83.65,31887.0374
2026-03-08 11:00:00+00:00,83.65,83.65,82.64,82.81,21996.8938
2026-03-08 12:00:00+00:00,82.81,82.99,81.61,82.32,35882.8735
2026-03-08 13:00:00+00:00,82.32,82.47,81.18,82.09,44112.0244
2026-03-08 14:00:00+00:00,82.09,82.37,81.96,82.32,12765.9696
2026-03-08 15:00:00+00:00,82.32,82.4,81.82,82.06,10053.7132
2026-03-08 16:00:00+00:00,82.06,82.17,81.35,81.51,20748.5808
2026-03-08 17:00:00+00:00,81.51,81.99,81.38,81.67,28558.5869
2026-03-08 18:00:00+00:00,81.67,81.78,81.29,81.58,20105.6077
2026-03-08 19:00:00+00:00,81.58,82.65,81.5,82.47,38599.083
2026-03-08 20:00:00+00:00,82.47,82.95,82.1,82.32,28527.927
2026-03-08 21:00:00+00:00,82.32,82.42,81.69,82.25,18704.9914
2026-03-08 22:00:00+00:00,82.25,82.52,80.21,81.99,104801.7597
2026-03-08 23:00:00+00:00,81.99,82.44,81.48,81.61,26998.6973
2026-03-09 00:00:00+00:00,81.61,83.27,81.54,82.34,39707.7771
2026-03-09 01:00:00+00:00,82.34,82.89,81.87,82.1,27753.4491
2026-03-09 02:00:00+00:00,82.1,82.93,81.65,82.67,40054.9439
2026-03-09 03:00:00+00:00,82.67,84.49,82.62,83.16,39962.0245
2026-03-09 04:00:00+00:00,83.16,83.88,83.09,83.19,16370.6788
2026-03-09 05:00:00+00:00,83.19,84.61,83.14,84.28,43797.6532
2026-03-09 06:00:00+00:00,84.28,84.3,83.09,83.12,22142.2311
2026-03-09 07:00:00+00:00,83.12,83.28,82.32,83.15,39516.5287
2026-03-09 08:00:00+00:00,83.15,83.85,82.93,83.72,31249.2838
2026-03-09 09:00:00+00:00,83.72,84.6,83.32,84.03,33479.1988
2026-03-09 10:00:00+00:00,84.03,84.23,83.51,83.74,35705.7659
2026-03-09 11:00:00+00:00,83.74,83.92,83.11,83.57,22787.1362
2026-03-09 12:00:00+00:00,83.57,84.21,83.4,84.0,25261.532
2026-03-09 13:00:00+00:00,84.0,85.74,83.99,85.15,70584.3655
2026-03-09 14:00:00+00:00,85.15,85.72,84.57,85.3,56015.5279
2026-03-09 15:00:00+00:00,85.3,85.46,84.63,85.05,30667.9219
2026-03-09 16:00:00+00:00,85.05,85.65,84.73,85.14,28549.7132
2026-03-09 17:00:00+00:00,85.14,85.41,84.32,85.09,33663.1848
2026-03-09 18:00:00+00:00,85.09,85.56,84.49,85.18,35322.8323
2026-03-09 19:00:00+00:00,85.18,87.08,85.08,85.97,80512.0887
2026-03-09 20:00:00+00:00,85.97,86.19,85.29,85.81,21346.9555
2026-03-09 21:00:00+00:00,85.81,86.36,85.69,86.01,18766.1407
2026-03-09 22:00:00+00:00,86.01,86.3,85.58,85.73,19493.0553
2026-03-09 23:00:00+00:00,85.73,86.01,84.83,84.96,20672.0328
2026-03-10 00:00:00+00:00,84.96,85.96,84.84,85.58,30696.6248
2026-03-10 01:00:00+00:00,85.58,85.98,85.12,85.74,14345.5862
2026-03-10 02:00:00+00:00,85.74,86.92,85.47,86.63,33059.6737
2026-03-10 03:00:00+00:00,86.63,86.75,85.51,85.57,21251.5254
2026-03-10 04:00:00+00:00,85.57,86.64,85.39,86.55,19356.5913
2026-03-10 05:00:00+00:00,86.55,86.98,86.34,86.42,30335.1566
2026-03-10 06:00:00+00:00,86.42,86.72,85.99,86.36,16480.4892
2026-03-10 07:00:00+00:00,86.36,86.91,86.2,86.7,46646.4785
2026-03-10 08:00:00+00:00,86.7,87.42,86.58,86.72,34297.0442
2026-03-10 09:00:00+00:00,86.72,87.49,86.66,87.24,53921.265
2026-03-10 10:00:00+00:00,87.24,87.69,86.81,87.11,39346.0609
2026-03-10 11:00:00+00:00,87.11,87.2,86.62,86.8,19987.5954
2026-03-10 12:00:00+00:00,86.8,86.85,86.29,86.69,20693.3571
2026-03-10 13:00:00+00:00,86.69,87.3,85.77,86.09,42248.6405
2026-03-10 14:00:00+00:00,86.09,88.25,84.93,88.11,99223.0759
2026-03-10 15:00:00+00:00,88.11,88.63,87.27,88.34,128221.1632
2026-03-10 16:00:00+00:00,88.34,88.7,87.66,88.4,55790.7046
2026-03-10 17:00:00+00:00,88.4,88.8,87.63,87.95,49797.6795
2026-03-10 18:00:00+00:00,87.95,88.01,86.09,86.24,46591.3746
2026-03-10 19:00:00+00:00,86.24,86.47,85.65,86.01,20620.6427
2026-03-10 20:00:00+00:00,86.01,86.39,85.95,86.22,28015.248
2026-03-10 21:00:00+00:00,86.22,86.43,85.25,85.7,35868.9713
2026-03-10 22:00:00+00:00,85.7,85.85,85.01,85.52,25887.917
2026-03-10 23:00:00+00:00,85.52,85.88,85.35,85.87,24696.8177
2026-03-11 00:00:00+00:00,85.87,86.23,85.6,86.02,15207.2819
2026-03-11 01:00:00+00:00,86.02,86.27,85.66,86.1,8926.4415
2026-03-11 02:00:00+00:00,86.1,86.2,85.48,85.92,20614.5046
2026-03-11 03:00:00+00:00,85.92,86.16,85.53,85.62,16351.8558
2026-03-11 04:00:00+00:00,85.62,86.84,85.49,86.72,21979.9599
2026-03-11 05:00:00+00:00,86.72,86.87,85.61,85.72,52441.477
2026-03-11 06:00:00+00:00,85.72,86.16,85.66,86.02,13347.1894
2026-03-11 07:00:00+00:00,86.02,86.13,85.14,85.44,24573.1766
2026-03-11 08:00:00+00:00,85.44,85.61,85.09,85.51,18648.1652
2026-03-11 09:00:00+00:00,85.51,85.59,84.72,84.89,16764.7533
2026-03-11 10:00:00+00:00,84.89,85.53,84.85,85.26,8855.3442
2026-03-11 11:00:00+00:00,85.26,85.32,84.39,84.56,38039.4978
2026-03-11 12:00:00+00:00,84.56,85.69,84.37,85.2,38787.7274
2026-03-11 13:00:00+00:00,85.2,87.41,85.12,85.97,77839.155
2026-03-11 14:00:00+00:00,85.97,87.19,85.75,86.54,63259.3554
2026-03-11 15:00:00+00:00,86.54,86.65,84.55,85.4,43610.1878
2026-03-11 16:00:00+00:00,85.4,86.6,85.3,86.45,36333.5407
2026-03-11 17:00:00+00:00,86.45,87.87,86.45,87.27,106635.5426
2026-03-11 18:00:00+00:00,87.27,88.09,87.17,87.8,68899.856
2026-03-11 19:00:00+00:00,87.8,87.86,87.02,87.3,34352.0343
2026-03-11 20:00:00+00:00,87.3,87.44,87.01,87.29,37954.5873
2026-03-11 21:00:00+00:00,87.29,87.62,87.14,87.54,22585.5592
2026-03-11 22:00:00+00:00,87.54,87.93,86.85,87.05,33973.5769
2026-03-11 23:00:00+00:00,87.05,87.22,86.46,86.58,15613.8919
2026-03-12 00:00:00+00:00,86.58,86.78,86.38,86.68,14148.0877
2026-03-12 01:00:00+00:00,86.68,86.71,85.96,86.05,14590.0755
2026-03-12 02:00:00+00:00,86.05,86.16,85.15,85.2,24095.5987
2026-03-12 03:00:00+00:00,85.2,85.41,84.68,84.99,46361.0023
2026-03-12 04:00:00+00:00,84.99,85.41,84.86,85.09,52269.8859
2026-03-12 05:00:00+00:00,85.09,85.3,84.85,85.1,49166.6458
2026-03-12 06:00:00+00:00,85.1,85.4,84.93,85.36,39099.5821
2026-03-12 07:00:00+00:00,85.36,85.88,84.97,85.8,61431.6763
2026-03-12 08:00:00+00:00,85.8,86.15,85.37,85.96,28487.6477
2026-03-12 09:00:00+00:00,85.96,86.7,85.45,86.18,26909.3775
2026-03-12 10:00:00+00:00,86.18,87.05,86.04,86.76,29761.4838
2026-03-12 11:00:00+00:00,86.76,87.13,86.64,86.81,31887.8966
2026-03-12 12:00:00+00:00,86.81,87.51,86.56,87.25,45700.1374
2026-03-12 13:00:00+00:00,87.25,87.69,86.36,86.75,88490.0456
2026-03-12 14:00:00+00:00,86.75,87.66,85.19,85.53,73964.3731
2026-03-12 15:00:00+00:00,85.53,87.02,85.11,86.57,59373.329
2026-03-12 16:00:00+00:00,86.57,87.09,85.79,86.8,44248.25
2026-03-12 17:00:00+00:00,86.8,86.99,86.33,86.59,24262.6185
2026-03-12 18:00:00+00:00,86.59,86.82,85.81,85.86,31844.7663
2026-03-12 19:00:00+00:00,85.86,86.95,85.68,86.81,31170.6222
2026-03-12 20:00:00+00:00,86.81,86.95,86.43,86.46,26124.7773
2026-03-12 21:00:00+00:00,86.46,86.68,86.17,86.53,13455.7047
2026-03-12 22:00:00+00:00,86.53,86.61,85.97,86.3,12730.5655
2026-03-12 23:00:00+00:00,86.3,87.22,86.3,86.83,17549.4226
2026-03-13 00:00:00+00:00,86.83,91.14,86.72,89.78,191269.1628
2026-03-13 01:00:00+00:00,89.78,90.74,89.78,90.47,79780.6624
2026-03-13 02:00:00+00:00,90.47,90.6,88.95,89.09,29862.8609
2026-03-13 03:00:00+00:00,89.09,89.98,88.9,89.7,25285.9413
2026-03-13 04:00:00+00:00,89.7,89.74,89.21,89.37,10478.4921
2026-03-13 05:00:00+00:00,89.37,89.47,88.9,89.08,25145.4209
2026-03-13 06:00:00+00:00,89.08,89.23,88.25,88.42,44891.9959
2026-03-13 07:00:00+00:00,88.42,88.96,88.15,88.68,35791.2442
2026-03-13 08:00:00+00:00,88.68,89.66,88.34,89.15,31770.5547
2026-03-13 09:00:00+00:00,89.15,89.65,88.8,89.51,15123.3458
2026-03-13 10:00:00+00:00,89.51,90.31,89.46,90.18,51786.6532
2026-03-13 11:00:00+00:00,90.18,90.46,89.97,90.34,28429.5838
2026-03-13 12:00:00+00:00,90.34,91.39,90.15,91.0,32705.0062
2026-03-13 13:00:00+00:00,91.0,92.32,90.93,91.88,97666.399
2026-03-13 14:00:00+00:00,91.88,92.98,90.46,90.67,160592.4751
2026-03-13 15:00:00+00:00,90.67,91.24,89.31,89.48,63977.9628
2026-03-13 16:00:00+00:00,89.48,89.98,88.85,89.6,42636.8435
2026-03-13 17:00:00+00:00,89.6,90.14,88.56,88.88,65656.3385
2026-03-13 18:00:00+00:00,88.88,89.12,88.36,88.82,39690.9025
2026-03-13 19:00:00+00:00,88.82,89.02,88.39,88.9,37634.3326
2026-03-13 20:00:00+00:00,88.9,89.11,88.51,88.89,33308.4291
2026-03-13 21:00:00+00:00,88.89,89.13,88.3,88.55,46039.8203
2026-03-13 22:00:00+00:00,88.55,88.64,87.73,88.0,32618.0797
2026-03-13 23:00:00+00:00,88.0,88.24,87.79,88.15,20925.7703
2026-03-14 00:00:00+00:00,88.15,88.38,87.84,87.94,26218.8418
2026-03-14 01:00:00+00:00,87.94,88.36,87.8,88.23,17250.9116
2026-03-14 02:00:00+00:00,88.23,88.31,87.97,88.21,24048.5849
2026-03-14 03:00:00+00:00,88.21,88.61,88.21,88.41,13480.2205
2026-03-14 04:00:00+00:00,88.41,88.69,88.2,88.24,15381.7018
2026-03-14 05:00:00+00:00,88.24,88.39,87.88,88.07,18550.7038
2026-03-14 06:00:00+00:00,88.07,88.07,86.92,87.25,40661.385
2026-03-14 07:00:00+00:00,87.25,87.42,87.17,87.31,19895.6261
2026-03-14 08:00:00+00:00,87.31,87.53,87.07,87.14,21923.0783
2026-03-14 09:00:00+00:00,87.14,87.29,86.61,86.82,23067.3001
2026-03-14 10:00:00+00:00,86.82,86.91,86.5,86.63,20288.162
2026-03-14 11:00:00+00:00,86.63,86.98,86.61,86.93,55650.2335
2026-03-14 12:00:00+00:00,86.93,87.1,86.77,87.09,38602.4851
2026-03-14 13:00:00+00:00,87.09,87.34,87.0,87.08,23147.5672
2026-03-14 14:00:00+00:00,87.08,87.22,86.61,86.7,30375.6416
2026-03-14 15:00:00+00:00,86.7,86.91,86.62,86.72,11583.6573
2026-03-14 16:00:00+00:00,86.72,87.13,86.62,87.08,8057.7058
2026-03-14 17:00:00+00:00,87.08,87.08,86.83,86.89,6258.6373
2026-03-14 18:00:00+00:00,86.89,87.11,86.79,87.03,4804.5457
2026-03-14 19:00:00+00:00,87.03,87.09,86.91,86.99,10501.2705
2026-03-14 20:00:00+00:00,86.99,87.17,86.86,87.08,11237.764
2026-03-14 21:00:00+00:00,87.08,87.34,86.85,87.28,16251.9951
2026-03-14 22:00:00+00:00,87.28,87.44,87.21,87.31,17988.6263
2026-03-14 23:00:00+00:00,87.31,88.16,87.31,88.04,23366.2124
2026-03-15 00:00:00+00:00,88.04,88.21,87.68,87.76,17392.7499
2026-03-15 01:00:00+00:00,87.76,87.91,87.59,87.69,12272.3989
2026-03-15 02:00:00+00:00,87.69,88.65,87.69,88.3,17437.7417
2026-03-15 03:00:00+00:00,88.3,88.43,87.71,87.87,11571.8941
2026-03-15 04:00:00+00:00,87.87,88.32,87.87,88.32,20594.4228
2026-03-15 05:00:00+00:00,88.32,88.64,88.1,88.31,16592.5928
2026-03-15 06:00:00+00:00,88.31,88.58,88.1,88.36,10569.554
2026-03-15 07:00:00+00:00,88.36,88.53,88.11,88.22,7924.3118
2026-03-15 08:00:00+00:00,88.22,88.52,88.14,88.49,9063.6509
2026-03-15 09:00:00+00:00,88.49,88.87,88.42,88.54,14036.9943
2026-03-15 10:00:00+00:00,88.54,88.7,88.38,88.46,12080.4104
2026-03-15 11:00:00+00:00,88.46,88.68,88.25,88.55,6455.4129
2026-03-15 12:00:00+00:00,88.55,88.55,88.2,88.27,5536.0789
2026-03-15 13:00:00+00:00,88.27,88.4,87.37,87.85,24150.9067
2026-03-15 14:00:00+00:00,87.85,88.01,87.57,87.99,12952.8009
2026-03-15 15:00:00+00:00,87.99,88.13,87.78,87.92,5430.0706
2026-03-15 16:00:00+00:00,87.92,88.06,87.47,87.54,10630.0899
2026-03-15 17:00:00+00:00,87.54,88.81,87.5,88.43,12194.7155
2026-03-15 18:00:00+00:00,88.43,88.69,87.85,87.9,24096.1188
2026-03-15 19:00:00+00:00,87.9,88.29,87.82,88.2,10932.0981
2026-03-15 20:00:00+00:00,88.2,89.01,87.99,88.76,18170.1139
2026-03-15 21:00:00+00:00,88.76,90.28,88.57,90.0,34203.5166
2026-03-15 22:00:00+00:00,90.0,92.94,89.85,92.66,131032.1226
2026-03-15 23:00:00+00:00,92.66,93.24,91.61,92.32,143808.7774
2026-03-16 00:00:00+00:00,92.32,93.05,91.88,92.01,70062.9737
2026-03-16 01:00:00+00:00,92.01,92.24,91.51,92.1,33845.1105
2026-03-16 02:00:00+00:00,92.1,92.28,91.18,91.49,17187.4289
2026-03-16 03:00:00+00:00,91.49,93.97,91.28,93.18,110347.5688
2026-03-16 04:00:00+00:00,93.18,94.26,92.95,93.63,81844.4281
2026-03-16 05:00:00+00:00,93.63,94.32,93.23,94.06,67698.5668
2026-03-16 06:00:00+00:00,94.06,94.06,93.16,93.42,45469.7046
2026-03-16 07:00:00+00:00,93.42,93.86,93.33,93.55,45359.9625
2026-03-16 08:00:00+00:00,93.55,94.02,92.58,92.86,51424.6808
2026-03-16 09:00:00+00:00,92.86,93.47,92.74,93.31,27109.6838
2026-03-16 10:00:00+00:00,93.31,94.0,93.26,93.91,40466.7105
2026-03-16 11:00:00+00:00,93.91,93.99,93.53,93.75,27656.9931
2026-03-16 12:00:00+00:00,93.75,94.18,93.42,93.77,51411.7788
2026-03-16 13:00:00+00:00,93.77,95.14,93.44,93.68,92586.189
2026-03-16 14:00:00+00:00,93.68,94.54,92.38,93.61,94951.3871
2026-03-16 15:00:00+00:00,93.61,94.35,93.1,93.2,51259.5083
2026-03-16 16:00:00+00:00,93.2,94.04,93.13,93.81,44702.7503
2026-03-16 17:00:00+00:00,93.81,94.41,93.7,94.09,34981.65
2026-03-16 18:00:00+00:00,94.09,95.11,94.05,94.39,52177.7432
2026-03-16 19:00:00+00:00,94.39,95.49,94.17,95.22,55245.6203
2026-03-16 20:00:00+00:00,95.22,95.99,95.07,95.79,39720.5273
2026-03-16 21:00:00+00:00,95.79,96.88,95.51,96.2,69284.3679
2026-03-16 22:00:00+00:00,96.2,97.68,96.18,96.38,55758.3587
2026-03-16 23:00:00+00:00,96.38,96.47,95.43,96.19,60060.395
2026-03-17 00:00:00+00:00,96.19,96.97,95.14,95.5,84347.9474
2026-03-17 01:00:00+00:00,95.5,96.08,94.95,95.7,69702.1588
2026-03-17 02:00:00+00:00,95.7,95.77,94.9,95.14,29923.6612
2026-03-17 03:00:00+00:00,95.14,95.29,93.72,94.07,40328.1171
2026-03-17 04:00:00+00:00,94.07,94.27,93.18,93.79,32163.3238
2026-03-17 05:00:00+00:00,93.79,94.09,93.35,93.8,38412.4872
2026-03-17 06:00:00+00:00,93.8,94.32,93.46,93.87,25300.8268
2026-03-17 07:00:00+00:00,93.87,94.66,93.85,94.42,31445.0071
2026-03-17 08:00:00+00:00,94.42,94.95,94.29,94.4,19131.5325
2026-03-17 09:00:00+00:00,94.4,95.12,93.71,93.91,45742.6258
2026-03-17 10:00:00+00:00,93.91,94.05,93.25,93.56,28634.0858
2026-03-17 11:00:00+00:00,93.56,93.95,93.39,93.66,40987.4256
2026-03-17 12:00:00+00:00,93.66,94.08,93.16,93.42,37027.5936
2026-03-17 13:00:00+00:00,93.42,94.57,93.35,93.77,41291.1579
2026-03-17 14:00:00+00:00,93.77,94.69,93.49,94.5,40637.4056
2026-03-17 15:00:00+00:00,94.5,95.13,93.23,93.83,55043.3936
2026-03-17 16:00:00+00:00,93.83,94.79,93.73,94.38,24300.7175
2026-03-17 17:00:00+00:00,94.38,94.72,94.16,94.58,18394.283
2026-03-17 18:00:00+00:00,94.58,95.61,94.44,95.33,23133.1456
2026-03-17 19:00:00+00:00,95.33,95.57,94.62,94.66,24532.2209
2026-03-17 20:00:00+00:00,94.66,95.03,94.41,94.89,34350.4814
2026-03-17 21:00:00+00:00,94.89,95.45,94.84,95.27,15150.0971
2026-03-17 22:00:00+00:00,95.27,95.62,94.56,95.32,29417.7849
2026-03-17 23:00:00+00:00,95.32,95.42,94.59,94.59,9806.7769
2026-03-18 00:00:00+00:00,94.59,94.92,94.09,94.54,27917.9845
2026-03-18 01:00:00+00:00,94.54,94.93,94.32,94.41,7838.6801
2026-03-18 02:00:00+00:00,94.41,95.21,94.39,94.93,6602.9054
2026-03-18 03:00:00+00:00,94.93,95.66,94.82,95.05,9056.7252
2026-03-18 04:00:00+00:00,95.05,95.11,94.0,94.14,42751.0816
2026-03-18 05:00:00+00:00,94.14,94.38,93.73,93.9,45838.3169
2026-03-18 06:00:00+00:00,93.9,94.64,93.9,94.22,15376.0451
2026-03-18 07:00:00+00:00,94.22,94.31,93.83,93.95,31943.951
2026-03-18 08:00:00+00:00,93.95,94.26,93.94,94.04,12802.5218
2026-03-18 09:00:00+00:00,94.04,94.43,93.94,94.27,16617.6933
2026-03-18 10:00:00+00:00,94.27,94.43,93.47,93.85,21169.3997
2026-03-18 11:00:00+00:00,93.85,94.06,91.8,92.01,105145.7361
2026-03-18 12:00:00+00:00,92.01,92.05,90.31,90.41,86421.7313
2026-03-18 13:00:00+00:00,90.41,90.76,89.87,90.31,75634.9931
2026-03-18 14:00:00+00:00,90.31,90.4,88.84,88.95,67566.8307
2026-03-18 15:00:00+00:00,88.95,89.45,88.53,89.35,56859.6491
2026-03-18 16:00:00+00:00,89.35,89.35,88.63,88.96,69074.7783
2026-03-18 17:00:00+00:00,88.96,90.35,88.8,89.9,54732.6653
2026-03-18 18:00:00+00:00,89.9,90.84,89.37,89.57,82949.192
2026-03-18 19:00:00+00:00,89.57,90.06,89.44,89.7,26797.7037
2026-03-18 20:00:00+00:00,89.7,90.13,88.97,89.99,33977.4181
2026-03-18 21:00:00+00:00,89.99,90.61,89.94,90.46,17633.0523
2026-03-18 22:00:00+00:00,90.46,90.51,89.94,90.04,23161.8736
2026-03-18 23:00:00+00:00,90.04,90.17,89.69,90.08,12978.5267
2026-03-19 00:00:00+00:00,90.08,90.3,89.83,90.12,11454.2859
2026-03-19 01:00:00+00:00,90.12,90.39,89.93,90.17,18218.2019
2026-03-19 02:00:00+00:00,90.17,90.39,89.79,89.99,20742.5846
2026-03-19 03:00:00+00:00,89.99,91.4,89.92,90.73,24299.2573
2026-03-19 04:00:00+00:00,90.73,90.73,89.76,89.89,30847.7282
2026-03-19 05:00:00+00:00,89.89,90.11,89.67,89.76,7572.9107
2026-03-19 06:00:00+00:00,89.76,90.13,89.52,89.85,27250.9592
2026-03-19 07:00:00+00:00,89.85,90.04,88.62,89.42,60362.499
2026-03-19 08:00:00+00:00,89.42,89.66,89.09,89.34,39769.6686
2026-03-19 09:00:00+00:00,89.34,90.39,89.16,90.2,26683.0803
2026-03-19 10:00:00+00:00,90.2,90.47,89.78,89.81,29856.893
2026-03-19 11:00:00+00:00,89.81,90.02,89.47,89.61,23506.3222
2026-03-19 12:00:00+00:00,89.61,89.61,88.04,88.09,52423.6078
2026-03-19 13:00:00+00:00,88.09,88.74,87.54,88.52,98810.1694
2026-03-19 14:00:00+00:00,88.52,88.91,87.43,88.23,38528.0973
2026-03-19 15:00:00+00:00,88.23,88.75,87.15,87.65,41952.5664
2026-03-19 16:00:00+00:00,87.65,87.81,86.99,87.69,44109.8438
2026-03-19 17:00:00+00:00,87.69,88.36,87.08,88.16,39211.6141
2026-03-19 18:00:00+00:00,88.16,88.33,87.67,88.14,15027.7005
2026-03-19 19:00:00+00:00,88.14,89.28,88.12,88.73,43522.608
2026-03-19 20:00:00+00:00,88.73,89.2,88.67,89.0,10272.5236
2026-03-19 21:00:00+00:00,89.0,89.34,88.88,89.14,14135.7719
2026-03-19 22:00:00+00:00,89.14,89.17,88.4,88.78,14529.1674
2026-03-19 23:00:00+00:00,88.78,89.2,88.59,88.9,20490.2794
2026-03-20 00:00:00+00:00,88.9,89.42,88.87,89.41,8712.0892
2026-03-20 01:00:00+00:00,89.41,89.8,89.32,89.47,22233.525
2026-03-20 02:00:00+00:00,89.47,89.59,88.89,89.32,18115.8932
2026-03-20 03:00:00+00:00,89.32,89.72,89.24,89.58,11325.8259
2026-03-20 04:00:00+00:00,89.58,89.76,88.73,89.27,14015.6826
2026-03-20 05:00:00+00:00,89.27,89.54,88.86,89.36,37596.8958
2026-03-20 06:00:00+00:00,89.36,89.37,88.93,89.09,23946.9777
2026-03-20 07:00:00+00:00,89.09,89.5,88.5,89.39,13193.1833
2026-03-20 08:00:00+00:00,89.39,90.45,89.32,89.78,43181.3167
2026-03-20 09:00:00+00:00,89.78,89.78,88.65,88.97,25117.4521
2026-03-20 10:00:00+00:00,88.97,89.48,88.62,89.33,14040.6962
2026-03-20 11:00:00+00:00,89.33,89.59,88.86,89.15,11481.113
2026-03-20 12:00:00+00:00,89.15,89.53,89.03,89.13,25022.9821
2026-03-20 13:00:00+00:00,89.13,89.63,88.61,88.81,45991.8244
2026-03-20 14:00:00+00:00,88.81,89.72,88.51,88.92,68386.0325
2026-03-20 15:00:00+00:00,88.92,89.31,88.6,88.95,46570.0944
2026-03-20 16:00:00+00:00,88.95,89.21,88.61,88.91,33231.6284
2026-03-20 17:00:00+00:00,88.91,89.04,88.12,88.89,34995.4512
2026-03-20 18:00:00+00:00,88.89,89.0,88.17,88.55,34702.5215
2026-03-20 19:00:00+00:00,88.55,89.06,88.22,89.0,12364.4677
2026-03-20 20:00:00+00:00,89.0,89.36,88.66,89.0,11867.1079
2026-03-20 21:00:00+00:00,89.0,90.03,88.92,89.59,26579.4517
2026-03-20 22:00:00+00:00,89.59,90.26,89.59,90.1,12273.5809
2026-03-20 23:00:00+00:00,90.1,90.14,89.73,89.86,10022.9595
2026-03-21 00:00:00+00:00,89.86,90.25,89.84,90.02,7090.8739
2026-03-21 01:00:00+00:00,90.02,90.33,89.73,89.87,16641.9384
2026-03-21 02:00:00+00:00,89.87,90.68,89.76,90.47,11527.7834
2026-03-21 03:00:00+00:00,90.47,90.6,90.33,90.46,14687.1517
2026-03-21 04:00:00+00:00,90.46,90.81,90.17,90.27,12695.8055
2026-03-21 05:00:00+00:00,90.27,90.52,89.96,89.98,22165.2129
2026-03-21 06:00:00+00:00,89.98,90.32,89.93,90.17,5747.0843
2026-03-21 07:00:00+00:00,90.17,90.42,89.93,90.14,20248.5931
2026-03-21 08:00:00+00:00,90.14,90.15,89.82,89.99,17377.6261
2026-03-21 09:00:00+00:00,89.99,90.42,89.98,90.22,16546.2107
2026-03-21 10:00:00+00:00,90.22,90.25,89.9,90.0,5715.5981
2026-03-21 11:00:00+00:00,90.0,90.02,89.8,89.95,14605.4926
2026-03-21 12:00:00+00:00,89.95,90.21,89.88,90.18,5083.6403
2026-03-21 13:00:00+00:00,90.18,90.28,89.98,90.04,5653.836
2026-03-21 14:00:00+00:00,90.04,90.42,89.65,89.67,11551.813
2026-03-21 15:00:00+00:00,89.67,89.94,89.4,89.82,16966.5093
2026-03-21 16:00:00+00:00,89.82,89.99,89.57,89.69,14114.3584
2026-03-21 17:00:00+00:00,89.69,89.7,89.4,89.55,6324.6599
2026-03-21 18:00:00+00:00,89.55,89.93,89.55,89.76,5080.415
2026-03-21 19:00:00+00:00,89.76,89.9,89.7,89.8,3672.6331
2026-03-21 20:00:00+00:00,89.8,90.28,89.77,90.16,12488.9047
2026-03-21 21:00:00+00:00,90.16,90.2,89.9,90.0,16181.0459
2026-03-21 22:00:00+00:00,90.0,90.07,89.81,89.89,5363.7305
2026-03-21 23:00:00+00:00,89.89,89.89,87.15,87.55,51116.3771
2026-03-22 00:00:00+00:00,87.55,87.77,86.26,87.31,49684.119
2026-03-22 01:00:00+00:00,87.31,87.7,86.97,87.44,28567.2582
2026-03-22 02:00:00+00:00,87.44,88.46,87.42,88.15,15850.6676
2026-03-22 03:00:00+00:00,88.15,89.15,87.75,88.66,23603.1608
2026-03-22 04:00:00+00:00,88.66,89.19,88.6,89.02,19120.685
2026-03-22 05:00:00+00:00,89.02,89.02,88.46,88.49,15279.5753
2026-03-22 06:00:00+00:00,88.49,88.49,88.15,88.2,13862.7165
2026-03-22 07:00:00+00:00,88.2,88.34,87.69,87.72,17254.0687
2026-03-22 08:00:00+00:00,87.72,87.76,86.87,87.39,46794.9741
2026-03-22 09:00:00+00:00,87.39,87.68,87.16,87.33,24183.3337
2026-03-22 10:00:00+00:00,87.33,87.51,87.21,87.34,15607.5653
2026-03-22 11:00:00+00:00,87.34,87.46,86.84,86.84,20397.5812
2026-03-22 12:00:00+00:00,86.84,87.46,86.82,87.28,16576.6463
2026-03-22 13:00:00+00:00,87.28,87.72,87.02,87.31,28554.3172
2026-03-22 14:00:00+00:00,87.31,87.59,87.04,87.21,9094.6674
2026-03-22 15:00:00+00:00,87.21,87.58,87.15,87.58,18293.3824
2026-03-22 16:00:00+00:00,87.58,87.7,87.26,87.49,15316.3641
2026-03-22 17:00:00+00:00,87.49,87.56,87.2,87.27,16310.9573
2026-03-22 18:00:00+00:00,87.27,87.32,86.5,87.03,15597.1603
2026-03-22 19:00:00+00:00,87.03,87.03,86.57,86.87,20011.1033
2026-03-22 20:00:00+00:00,86.87,87.18,86.51,86.59,17127.1722
2026-03-22 21:00:00+00:00,86.59,86.63,85.14,85.98,99274.263
2026-03-22 22:00:00+00:00,85.98,86.78,85.5,86.74,32483.5444
2026-03-22 23:00:00+00:00,86.74,87.03,86.02,86.21,13939.2046
2026-03-23 00:00:00+00:00,86.21,86.61,85.48,85.9,18389.9419
2026-03-23 01:00:00+00:00,85.9,86.62,85.76,86.09,14326.2108
2026-03-23 02:00:00+00:00,86.09,86.98,86.05,86.71,11973.0784
2026-03-23 03:00:00+00:00,86.71,87.24,86.38,86.39,8185.5846
2026-03-23 04:00:00+00:00,86.39,86.93,86.32,86.91,15247.1894
2026-03-23 05:00:00+00:00,86.91,87.32,86.85,87.19,18684.288
2026-03-23 06:00:00+00:00,87.19,87.19,85.45,85.72,30807.3472
2026-03-23 07:00:00+00:00,85.72,86.23,85.1,86.01,39416.976
2026-03-23 08:00:00+00:00,86.01,86.46,85.84,85.95,21648.4815
2026-03-23 09:00:00+00:00,85.95,86.03,85.19,85.75,17097.9671
2026-03-23 10:00:00+00:00,85.75,86.32,85.66,86.07,16674.8652
2026-03-23 11:00:00+00:00,86.07,91.95,86.05,88.78,406822.9723
2026-03-23 12:00:00+00:00,88.78,90.5,88.33,90.24,56636.1205
2026-03-23 13:00:00+00:00,90.24,91.5,89.9,91.35,51230.139
2026-03-23 14:00:00+00:00,91.35,91.74,91.06,91.52,50879.5769
2026-03-23 15:00:00+00:00,91.52,92.27,89.79,89.96,75282.4741
2026-03-23 16:00:00+00:00,89.96,90.45,89.41,90.35,29595.1819
2026-03-23 17:00:00+00:00,90.35,91.4,89.71,91.28,53229.9824
2026-03-23 18:00:00+00:00,91.28,91.81,90.94,91.62,25414.6923
2026-03-23 19:00:00+00:00,91.62,91.91,91.24,91.41,36121.6241
2026-03-23 20:00:00+00:00,91.41,92.03,91.24,91.79,18965.5221
2026-03-23 21:00:00+00:00,91.79,91.96,91.52,91.62,11455.0236
2026-03-23 22:00:00+00:00,91.62,91.91,91.18,91.52,24507.256
2026-03-23 23:00:00+00:00,91.52,91.56,90.98,91.43,17001.8753
2026-03-24 00:00:00+00:00,91.43,91.68,90.61,91.01,58859.1374
2026-03-24 01:00:00+00:00,91.01,91.05,90.15,90.42,17077.5382
2026-03-24 02:00:00+00:00,90.42,90.78,90.14,90.15,12780.0212
2026-03-24 03:00:00+00:00,90.15,90.37,89.98,90.35,14963.4696
2026-03-24 04:00:00+00:00,90.35,90.82,90.15,90.35,12880.9419
2026-03-24 05:00:00+00:00,90.35,90.41,90.0,90.13,16983.1278
2026-03-24 06:00:00+00:00,90.13,90.54,90.06,90.48,16508.8272
2026-03-24 07:00:00+00:00,90.48,91.9,90.4,91.73,63669.7151
2026-03-24 08:00:00+00:00,91.73,91.96,91.25,91.61,47782.7675
2026-03-24 09:00:00+00:00,91.61,92.16,91.14,92.13,32475.7103
2026-03-24 10:00:00+00:00,92.13,92.23,91.75,91.87,32830.8712
2026-03-24 11:00:00+00:00,91.87,92.19,91.36,91.78,21903.6144
2026-03-24 12:00:00+00:00,91.78,91.87,91.38,91.59,10451.5239
2026-03-24 13:00:00+00:00,91.59,91.77,89.56,89.88,68401.1916
2026-03-24 14:00:00+00:00,89.88,90.24,88.72,89.57,62906.8559
2026-03-24 15:00:00+00:00,89.57,90.31,89.52,89.76,23918.1124
2026-03-24 16:00:00+00:00,89.76,89.99,89.08,89.3,18086.8059
2026-03-24 17:00:00+00:00,89.3,89.41,88.73,89.18,41183.6064
2026-03-24 18:00:00+00:00,89.18,89.69,88.88,88.88,23466.3487
2026-03-24 19:00:00+00:00,88.88,89.3,88.4,88.52,41270.0475
2026-03-24 20:00:00+00:00,88.52,90.25,88.5,90.02,47326.3695
2026-03-24 21:00:00+00:00,90.02,90.6,89.69,90.38,25391.501
2026-03-24 22:00:00+00:00,90.38,90.76,90.09,90.33,16404.4608
2026-03-24 23:00:00+00:00,90.33,91.14,90.24,90.8,42508.957
2026-03-25 00:00:00+00:00,90.8,91.6,90.62,91.33,27007.3056
2026-03-25 01:00:00+00:00,91.33,91.47,90.95,90.95,13547.4908
2026-03-25 02:00:00+00:00,90.95,91.53,90.82,91.14,27884.1876
2026-03-25 03:00:00+00:00,91.14,92.0,90.8,91.71,41257.0716
2026-03-25 04:00:00+00:00,91.71,92.15,91.61,92.09,48982.0787
2026-03-25 05:00:00+00:00,92.09,92.98,91.98,92.44,87517.9315
2026-03-25 06:00:00+00:00,92.44,92.93,92.29,92.39,43108.9848
2026-03-25 07:00:00+00:00,92.39,92.52,91.78,91.83,26125.5189
2026-03-25 08:00:00+00:00,91.83,92.75,91.77,92.37,66874.9718
2026-03-25 09:00:00+00:00,92.37,92.67,92.14,92.57,42268.042
2026-03-25 10:00:00+00:00,92.57,92.75,92.4,92.66,55225.8858
2026-03-25 11:00:00+00:00,92.66,93.5,92.48,92.98,54266.7144
2026-03-25 12:00:00+00:00,92.98,93.46,92.35,93.06,48627.2087
2026-03-25 13:00:00+00:00,93.06,93.43,92.71,92.75,23948.6151
2026-03-25 14:00:00+00:00,92.75,92.91,91.92,91.96,29611.033
2026-03-25 15:00:00+00:00,91.96,92.08,91.01,91.76,43752.4325
2026-03-25 16:00:00+00:00,91.76,92.72,91.59,92.21,43769.1196
2026-03-25 17:00:00+00:00,92.21,92.35,91.61,91.72,11868.8258
2026-03-25 18:00:00+00:00,91.72,92.19,91.45,91.69,14411.2185
2026-03-25 19:00:00+00:00,91.69,91.99,91.41,91.75,18544.8893
2026-03-25 20:00:00+00:00,91.75,91.77,91.12,91.48,26301.5566
2026-03-25 21:00:00+00:00,91.48,91.62,91.14,91.26,26555.2902
2026-03-25 22:00:00+00:00,91.26,91.95,91.04,91.75,17997.7536
2026-03-25 23:00:00+00:00,91.75,91.85,91.48,91.71,6932.482
2026-03-26 00:00:00+00:00,91.71,91.98,91.49,91.7,39263.4163
2026-03-26 01:00:00+00:00,91.7,91.97,91.6,91.82,10314.234
2026-03-26 02:00:00+00:00,91.82,91.85,90.68,90.95,42220.0963
2026-03-26 03:00:00+00:00,90.95,91.14,90.6,91.06,25725.9556
2026-03-26 04:00:00+00:00,91.06,91.06,90.66,90.81,11465.6624
2026-03-26 05:00:00+00:00,90.81,90.84,89.13,89.25,64374.0303
2026-03-26 06:00:00+00:00,89.25,89.31,88.88,89.05,47711.8512
2026-03-26 07:00:00+00:00,89.05,89.37,88.8,89.11,39471.8185
2026-03-26 08:00:00+00:00,89.11,89.11,88.66,88.87,24987.8707
2026-03-26 09:00:00+00:00,88.87,89.01,87.75,88.12,46997.5908
2026-03-26 10:00:00+00:00,88.12,88.33,87.77,87.93,27708.1628
2026-03-26 11:00:00+00:00,87.93,88.12,87.43,87.55,65838.0022
2026-03-26 12:00:00+00:00,87.55,87.79,87.38,87.56,43713.4595
2026-03-26 13:00:00+00:00,87.56,88.23,87.31,87.91,66218.2508
2026-03-26 14:00:00+00:00,87.91,88.17,87.17,87.53,70857.7603
2026-03-26 15:00:00+00:00,87.53,87.8,86.71,87.53,54288.4234
2026-03-26 16:00:00+00:00,87.53,87.74,87.13,87.21,30702.5431
2026-03-26 17:00:00+00:00,87.21,87.5,86.52,86.63,34470.6379
2026-03-26 18:00:00+00:00,86.63,86.83,85.71,86.05,90902.5064
2026-03-26 19:00:00+00:00,86.05,86.09,85.45,85.48,57913.6693
2026-03-26 20:00:00+00:00,85.48,87.13,85.44,86.35,84483.3534
2026-03-26 21:00:00+00:00,86.35,87.14,86.21,86.83,51603.6554
2026-03-26 22:00:00+00:00,86.83,86.88,86.23,86.83,23318.8989
2026-03-26 23:00:00+00:00,86.83,86.96,86.22,86.53,22917.1183
2026-03-27 00:00:00+00:00,86.53,86.81,86.18,86.56,36159.7315
2026-03-27 01:00:00+00:00,86.56,86.9,86.45,86.87,13207.6184
2026-03-27 02:00:00+00:00,86.87,87.04,86.54,86.71,11576.052
2026-03-27 03:00:00+00:00,86.71,86.78,86.34,86.44,11888.1566
2026-03-27 04:00:00+00:00,86.44,86.44,85.74,86.16,29494.2676
2026-03-27 05:00:00+00:00,86.16,86.76,85.95,86.11,20302.4581
2026-03-27 06:00:00+00:00,86.11,86.39,85.91,86.06,17445.8407
2026-03-27 07:00:00+00:00,86.06,86.34,85.71,85.93,31878.7371
2026-03-27 08:00:00+00:00,85.93,86.14,84.36,85.09,99801.7677
2026-03-27 09:00:00+00:00,85.09,85.25,84.41,85.07,32673.2763
2026-03-27 10:00:00+00:00,85.07,85.15,82.61,83.02,135708.8084
2026-03-27 11:00:00+00:00,83.02,83.62,82.65,83.38,87420.3516
2026-03-27 12:00:00+00:00,83.38,83.42,83.05,83.1,57921.1664
2026-03-27 13:00:00+00:00,83.1,83.54,82.47,82.93,73598.2811
2026-03-27 14:00:00+00:00,82.93,83.35,82.61,83.18,47553.2355
2026-03-27 15:00:00+00:00,83.18,84.01,82.98,83.34,165699.4144
2026-03-27 16:00:00+00:00,83.34,83.37,82.64,83.02,69462.5881
2026-03-27 17:00:00+00:00,83.02,83.45,82.09,82.23,63861.6028
2026-03-27 18:00:00+00:00,82.23,82.49,81.85,82.39,53929.9938
2026-03-27 19:00:00+00:00,82.39,82.9,82.07,82.8,37892.2265
2026-03-27 20:00:00+00:00,82.8,82.96,82.37,82.77,28266.7954
2026-03-27 21:00:00+00:00,82.77,83.05,82.68,82.77,23999.7552
2026-03-27 22:00:00+00:00,82.77,82.84,82.53,82.73,14328.5383
2026-03-27 23:00:00+00:00,82.73,83.13,82.46,83.1,12863.1611
2026-03-28 00:00:00+00:00,83.1,83.1,82.71,82.85,29399.638
2026-03-28 01:00:00+00:00,82.85,82.87,82.26,82.67,19024.2471
2026-03-28 02:00:00+00:00,82.67,82.91,82.37,82.55,9704.4307
2026-03-28 03:00:00+00:00,82.55,82.72,82.52,82.6,7068.4983
2026-03-28 04:00:00+00:00,82.6,82.78,82.41,82.56,13959.8696
2026-03-28 05:00:00+00:00,82.56,82.79,82.37,82.74,12072.1202
2026-03-28 06:00:00+00:00,82.74,83.27,82.66,83.18,16825.7164
2026-03-28 07:00:00+00:00,83.18,83.67,83.17,83.62,12029.5647
2026-03-28 08:00:00+00:00,83.62,83.72,83.38,83.38,28859.2584
2026-03-28 09:00:00+00:00,83.38,83.38,82.94,83.06,22285.6865
2026-03-28 10:00:00+00:00,83.06,83.35,82.72,83.01,8502.2612
2026-03-28 11:00:00+00:00,83.01,83.07,82.9,82.95,6206.9891
2026-03-28 12:00:00+00:00,82.95,83.21,82.61,82.69,9854.6043
2026-03-28 13:00:00+00:00,82.69,84.1,82.68,83.36,59436.9091
2026-03-28 14:00:00+00:00,83.36,83.52,83.0,83.23,45536.9776
2026-03-28 15:00:00+00:00,83.23,84.29,83.18,83.81,45567.6693
2026-03-28 16:00:00+00:00,83.81,83.93,83.45,83.55,28610.2911
2026-03-28 17:00:00+00:00,83.55,83.72,83.13,83.3,30751.4025
2026-03-28 18:00:00+00:00,83.3,83.51,83.29,83.37,23689.774
2026-03-28 19:00:00+00:00,83.37,83.43,83.01,83.28,27638.2956
2026-03-28 20:00:00+00:00,83.28,83.51,83.27,83.39,21964.2115
2026-03-28 21:00:00+00:00,83.39,83.44,82.36,82.7,90423.8124
2026-03-28 22:00:00+00:00,82.7,82.9,82.46,82.79,26582.1789
2026-03-28 23:00:00+00:00,82.79,82.79,81.71,82.08,38965.9246
2026-03-29 00:00:00+00:00,82.08,82.27,81.86,82.21,13814.8394
2026-03-29 01:00:00+00:00,82.21,82.55,82.09,82.48,19386.4151
2026-03-29 02:00:00+00:00,82.48,82.84,82.42,82.77,8724.8862
2026-03-29 03:00:00+00:00,82.77,83.23,82.7,83.01,13388.0936
2026-03-29 04:00:00+00:00,83.01,83.03,82.72,82.79,4279.6622
2026-03-29 05:00:00+00:00,82.79,82.9,82.41,82.71,10619.4952
2026-03-29 06:00:00+00:00,82.71,82.82,82.27,82.5,9969.6007
2026-03-29 07:00:00+00:00,82.5,82.62,82.24,82.43,14463.8189
2026-03-29 08:00:00+00:00,82.43,82.62,82.35,82.47,4112.8299
2026-03-29 09:00:00+00:00,82.47,82.54,82.17,82.35,8161.9623
2026-03-29 10:00:00+00:00,82.35,82.35,82.0,82.13,21587.168
2026-03-29 11:00:00+00:00,82.13,82.85,82.12,82.59,10505.3796
2026-03-29 12:00:00+00:00,82.59,82.65,82.24,82.45,13742.7217
2026-03-29 13:00:00+00:00,82.45,82.48,81.69,81.94,26283.0754
2026-03-29 14:00:00+00:00,81.94,82.44,81.71,81.94,17590.1771
2026-03-29 15:00:00+00:00,81.94,82.13,81.36,81.82,18754.2372
2026-03-29 16:00:00+00:00,81.82,82.13,81.63,81.69,16544.5795
2026-03-29 17:00:00+00:00,81.69,81.84,81.16,81.55,21042.4926
2026-03-29 18:00:00+00:00,81.55,81.92,81.4,81.8,15460.9996
2026-03-29 19:00:00+00:00,81.8,81.88,81.56,81.62,8902.8268
2026-03-29 20:00:00+00:00,81.62,82.23,81.61,81.94,9043.0119
2026-03-29 21:00:00+00:00,81.94,82.21,81.83,82.15,14167.1858
2026-03-29 22:00:00+00:00,82.15,82.15,78.87,80.93,139389.0998
2026-03-29 23:00:00+00:00,80.93,81.7,80.89,81.43,47656.0783
2026-03-30 00:00:00+00:00,81.43,83.0,81.16,81.88,37809.1165
2026-03-30 01:00:00+00:00,81.88,82.88,81.88,82.71,14849.6015
2026-03-30 02:00:00+00:00,82.71,83.94,82.47,83.35,34327.1237
2026-03-30 03:00:00+00:00,83.35,83.54,82.94,83.28,12394.1928
2026-03-30 04:00:00+00:00,83.28,83.89,83.27,83.78,15832.7628
2026-03-30 05:00:00+00:00,83.78,84.16,83.48,83.63,32611.7943
2026-03-30 06:00:00+00:00,83.63,83.87,83.41,83.47,21597.2042
2026-03-30 07:00:00+00:00,83.47,84.26,83.35,84.02,22770.8443
2026-03-30 08:00:00+00:00,84.02,84.89,84.01,84.5,45885.4854
2026-03-30 09:00:00+00:00,84.5,84.52,84.12,84.15,20962.3351
2026-03-30 10:00:00+00:00,84.15,84.21,83.56,83.92,39443.8388
2026-03-30 11:00:00+00:00,83.92,84.68,83.89,84.26,35459.7202
2026-03-30 12:00:00+00:00,84.26,84.61,84.13,84.51,30113.0245
2026-03-30 13:00:00+00:00,84.51,84.99,83.94,84.02,43665.8808
2026-03-30 14:00:00+00:00,84.02,84.65,83.67,84.4,56676.5098
2026-03-30 15:00:00+00:00,84.4,84.77,83.91,84.51,38598.437
2026-03-30 16:00:00+00:00,84.51,84.55,83.93,84.22,19977.6308
2026-03-30 17:00:00+00:00,84.22,84.42,83.07,83.26,35573.1862
2026-03-30 18:00:00+00:00,83.26,83.44,82.47,82.69,23820.2004
2026-03-30 19:00:00+00:00,82.69,82.71,82.0,82.41,52758.216
2026-03-30 20:00:00+00:00,82.41,82.91,82.37,82.79,28166.3498
2026-03-30 21:00:00+00:00,82.79,83.68,82.7,83.16,26665.2058
2026-03-30 22:00:00+00:00,83.16,83.49,82.65,82.82,28883.6098
2026-03-30 23:00:00+00:00,82.82,82.82,82.14,82.56,11578.4229
2026-03-31 00:00:00+00:00,82.56,82.96,82.17,82.73,20657.2932
2026-03-31 01:00:00+00:00,82.73,84.61,82.61,83.86,63980.8985
2026-03-31 02:00:00+00:00,83.86,84.08,83.61,83.84,20273.4113
2026-03-31 03:00:00+00:00,83.84,83.93,83.27,83.62,36942.4473
2026-03-31 04:00:00+00:00,83.62,83.93,83.3,83.35,31578.6038
2026-03-31 05:00:00+00:00,83.35,83.78,82.92,83.77,19091.6184
2026-03-31 06:00:00+00:00,83.77,83.83,83.08,83.43,31636.1769
2026-03-31 07:00:00+00:00,83.43,83.44,82.7,83.12,23653.0366
2026-03-31 08:00:00+00:00,83.12,83.35,82.26,82.26,22681.6269
2026-03-31 09:00:00+00:00,82.26,82.48,80.09,80.56,71222.7252
2026-03-31 10:00:00+00:00,80.56,80.95,80.36,80.48,33555.0316
2026-03-31 11:00:00+00:00,80.48,80.97,80.27,80.86,52078.1394
2026-03-31 12:00:00+00:00,80.86,81.09,80.41,80.78,28459.1817
2026-03-31 13:00:00+00:00,80.78,82.04,80.76,81.85,46728.4403
2026-03-31 14:00:00+00:00,81.85,82.59,80.41,80.64,65915.434
2026-03-31 15:00:00+00:00,80.64,81.69,80.63,80.88,56576.6943
2026-03-31 16:00:00+00:00,80.88,82.91,80.88,82.38,68854.3967
2026-03-31 17:00:00+00:00,82.38,83.48,82.2,82.39,82257.7941
2026-03-31 18:00:00+00:00,82.39,83.09,82.39,82.89,32175.2172
2026-03-31 19:00:00+00:00,82.89,82.99,82.48,82.71,43137.9609
2026-03-31 20:00:00+00:00,82.71,83.42,82.62,83.18,32262.3357
2026-03-31 21:00:00+00:00,83.18,83.25,82.64,82.87,39054.0835
2026-03-31 22:00:00+00:00,82.87,82.91,82.34,82.77,17992.9793
2026-03-31 23:00:00+00:00,82.77,83.28,82.69,83.19,17207.0064
2026-04-01 00:00:00+00:00,83.19,83.6,82.86,83.41,24359.9344
2026-04-01 01:00:00+00:00,83.41,83.48,82.73,82.74,22338.0773
2026-04-01 02:00:00+00:00,82.74,82.91,82.5,82.66,20992.2723
2026-04-01 03:00:00+00:00,82.66,83.49,82.66,83.45,33013.3216
2026-04-01 04:00:00+00:00,83.45,83.85,83.26,83.75,28220.6807
2026-04-01 05:00:00+00:00,83.75,84.38,83.37,84.14,51661.1815
2026-04-01 06:00:00+00:00,84.14,84.75,84.05,84.47,27716.3824
2026-04-01 07:00:00+00:00,84.47,84.75,83.82,83.85,45046.2357
2026-04-01 08:00:00+00:00,83.85,84.07,83.42,83.64,35405.169
2026-04-01 09:00:00+00:00,83.64,83.78,83.14,83.4,28963.7591
2026-04-01 10:00:00+00:00,83.4,83.49,83.08,83.39,19298.4569
2026-04-01 11:00:00+00:00,83.39,83.58,83.18,83.38,8640.1002
2026-04-01 12:00:00+00:00,83.38,83.73,82.78,83.03,48696.1473
2026-04-01 13:00:00+00:00,83.03,83.43,82.41,82.67,41223.0576
2026-04-01 14:00:00+00:00,82.67,83.56,82.52,83.39,26436.7136
2026-04-01 15:00:00+00:00,83.39,83.87,83.1,83.63,21395.8121
2026-04-01 16:00:00+00:00,83.63,85.32,83.03,85.26,122530.2274
2026-04-01 17:00:00+00:00,85.26,86.64,84.24,84.44,178531.1035
2026-04-01 18:00:00+00:00,84.44,84.49,83.55,83.65,46175.9043
2026-04-01 19:00:00+00:00,83.65,84.43,83.65,83.84,55087.2661
2026-04-01 20:00:00+00:00,83.84,83.9,82.31,82.59,120632.3055
2026-04-01 21:00:00+00:00,82.59,83.18,81.41,81.86,72153.9199
2026-04-01 22:00:00+00:00,81.86,81.95,80.75,81.17,94943.5031
2026-04-01 23:00:00+00:00,81.17,81.45,81.01,81.2,36569.059
2026-04-02 00:00:00+00:00,81.2,81.78,80.94,81.63,32946.4566
2026-04-02 01:00:00+00:00,81.63,81.64,78.99,79.34,84804.1208
2026-04-02 02:00:00+00:00,79.34,79.34,78.3,78.86,41268.5422
2026-04-02 03:00:00+00:00,78.86,79.41,78.68,79.02,32221.6858
2026-04-02 04:00:00+00:00,79.02,79.19,78.76,78.83,40203.1309
2026-04-02 05:00:00+00:00,78.83,79.47,78.6,79.25,39158.9052
2026-04-02 06:00:00+00:00,79.25,79.43,78.96,79.14,26155.1565
2026-04-02 07:00:00+00:00,79.14,79.68,79.01,79.67,40475.9722
2026-04-02 08:00:00+00:00,79.67,79.67,79.05,79.14,33486.334
2026-04-02 09:00:00+00:00,79.14,79.38,78.91,79.27,19520.5545
2026-04-02 10:00:00+00:00,79.27,79.32,78.81,78.9,12681.9923
2026-04-02 11:00:00+00:00,78.9,78.98,78.17,78.32,18478.7507
2026-04-02 12:00:00+00:00,78.32,78.58,77.89,77.97,26977.0016
2026-04-02 13:00:00+00:00,77.97,78.25,76.71,77.75,66990.4066
2026-04-02 14:00:00+00:00,77.75,79.72,77.53,79.08,101731.0801
2026-04-02 15:00:00+00:00,79.08,79.25,78.35,79.05,37156.695
2026-04-02 16:00:00+00:00,79.05,79.9,78.72,79.44,29283.002
2026-04-02 17:00:00+00:00,79.44,79.67,78.56,78.58,60098.1158
2026-04-02 18:00:00+00:00,78.58,79.29,78.44,79.15,43082.4414
2026-04-02 19:00:00+00:00,79.15,79.27,78.71,78.98,39523.6286
2026-04-02 20:00:00+00:00,78.98,79.39,78.79,79.18,25533.039
2026-04-02 21:00:00+00:00,79.18,79.26,78.64,78.97,14859.8876
2026-04-02 22:00:00+00:00,78.97,79.13,78.75,78.99,8097.3363
2026-04-02 23:00:00+00:00,78.99,79.16,78.81,78.95,9271.0765
2026-04-03 00:00:00+00:00,78.95,79.38,78.88,79.22,10768.7649
2026-04-03 01:00:00+00:00,79.22,79.79,79.0,79.18,13799.4888
2026-04-03 02:00:00+00:00,79.18,79.61,78.87,79.35,19279.0563
2026-04-03 03:00:00+00:00,79.35,79.44,79.01,79.01,13704.5869
2026-04-03 04:00:00+00:00,79.01,79.57,79.01,79.32,29302.7217
2026-04-03 05:00:00+00:00,79.32,79.67,79.06,79.33,9726.6636
2026-04-03 06:00:00+00:00,79.33,79.71,79.21,79.66,10696.1086
2026-04-03 07:00:00+00:00,79.66,80.16,79.45,79.95,19813.7496
2026-04-03 08:00:00+00:00,79.95,80.13,79.64,79.78,14030.5626
2026-04-03 09:00:00+00:00,79.78,80.24,79.69,79.96,18894.694
2026-04-03 10:00:00+00:00,79.96,80.21,79.7,80.17,19770.4309
2026-04-03 11:00:00+00:00,80.17,80.45,79.9,80.19,22010.1855
2026-04-03 12:00:00+00:00,80.19,80.93,79.24,79.35,42591.0891
2026-04-03 13:00:00+00:00,79.35,79.62,79.18,79.6,10168.9328
2026-04-03 14:00:00+00:00,79.6,80.32,79.43,80.24,13831.5174
2026-04-03 15:00:00+00:00,80.24,80.67,80.16,80.33,48652.4337
2026-04-03 16:00:00+00:00,80.33,80.68,80.25,80.56,26504.6562
2026-04-03 17:00:00+00:00,80.56,80.56,79.9,80.2,10096.5074
2026-04-03 18:00:00+00:00,80.2,80.46,80.09,80.13,10388.7448
2026-04-03 19:00:00+00:00,80.13,80.3,79.87,80.2,10873.5478
2026-04-03 20:00:00+00:00,80.2,80.32,80.16,80.2,4683.1669
2026-04-03 21:00:00+00:00,80.2,80.72,80.13,80.42,21120.4494
2026-04-03 22:00:00+00:00,80.42,80.5,79.95,80.16,9167.5117
2026-04-03 23:00:00+00:00,80.16,80.55,80.13,80.4,18830.1371
2026-04-04 00:00:00+00:00,80.4,80.41,80.16,80.23,5266.3374
2026-04-04 01:00:00+00:00,80.23,80.33,80.05,80.14,5398.001
2026-04-04 02:00:00+00:00,80.14,80.3,80.08,80.18,7318.7874
2026-04-04 03:00:00+00:00,80.18,80.3,80.16,80.17,5125.611
2026-04-04 04:00:00+00:00,80.17,80.3,80.15,80.24,7549.6131
2026-04-04 05:00:00+00:00,80.24,80.29,80.08,80.19,14642.6122
2026-04-04 06:00:00+00:00,80.19,80.55,80.15,80.47,13410.0582
2026-04-04 07:00:00+00:00,80.47,80.5,80.23,80.32,7994.5017
2026-04-04 08:00:00+00:00,80.32,80.41,79.94,79.99,15000.8592
2026-04-04 09:00:00+00:00,79.99,80.11,79.92,80.04,4114.7002
2026-04-04 10:00:00+00:00,80.04,80.3,80.02,80.24,8180.205
2026-04-04 11:00:00+00:00,80.24,80.29,80.04,80.21,6196.6185
2026-04-04 12:00:00+00:00,80.21,80.26,80.04,80.09,5875.4334
2026-04-04 13:00:00+00:00,80.09,80.25,79.94,80.05,11543.2283
2026-04-04 14:00:00+00:00,80.05,80.38,79.59,80.38,16137.0414
2026-04-04 15:00:00+00:00,80.38,81.62,80.29,81.08,47209.7374
2026-04-04 16:00:00+00:00,81.08,81.35,80.73,80.75,15326.9677
2026-04-04 17:00:00+00:00,80.75,81.04,80.62,80.93,6744.0812
2026-04-04 18:00:00+00:00,80.93,81.12,80.73,80.85,15044.5525
2026-04-04 19:00:00+00:00,80.85,81.34,80.77,80.86,14852.7455
2026-04-04 20:00:00+00:00,80.86,80.88,80.64,80.81,6535.1427
2026-04-04 21:00:00+00:00,80.81,81.05,80.78,80.94,13400.1468
2026-04-04 22:00:00+00:00,80.94,81.07,80.89,81.01,10518.2203
2026-04-04 23:00:00+00:00,81.01,81.01,80.73,80.84,6698.2905
2026-04-05 00:00:00+00:00,80.84,80.86,80.55,80.69,11530.6478
2026-04-05 01:00:00+00:00,80.69,80.79,80.5,80.5,12744.5828
2026-04-05 02:00:00+00:00,80.5,80.65,80.38,80.59,6566.9214
2026-04-05 03:00:00+00:00,80.59,80.62,80.42,80.56,3453.0408
2026-04-05 04:00:00+00:00,80.56,80.59,80.3,80.34,9695.3417
2026-04-05 05:00:00+00:00,80.34,80.43,80.15,80.32,16529.48
2026-04-05 06:00:00+00:00,80.32,80.46,79.42,79.6,35016.4858
2026-04-05 07:00:00+00:00,79.6,79.9,79.51,79.6,34607.6493
2026-04-05 08:00:00+00:00,79.6,79.72,79.55,79.63,8103.1611
2026-04-05 09:00:00+00:00,79.63,79.88,79.63,79.84,6174.7965
2026-04-05 10:00:00+00:00,79.84,80.24,79.8,79.86,4978.4961
2026-04-05 11:00:00+00:00,79.86,79.93,79.76,79.92,4992.8311
2026-04-05 12:00:00+00:00,79.92,79.96,78.82,79.03,24963.3544
2026-04-05 13:00:00+00:00,79.03,79.26,78.53,79.2,21669.3013
2026-04-05 14:00:00+00:00,79.2,79.5,79.15,79.3,6363.2976
2026-04-05 15:00:00+00:00,79.3,80.34,79.01,79.6,30966.9784
2026-04-05 16:00:00+00:00,79.6,79.82,79.39,79.46,7325.6427
2026-04-05 17:00:00+00:00,79.46,79.92,79.38,79.89,7340.0333
2026-04-05 18:00:00+00:00,79.89,80.14,79.7,79.95,9259.5722
2026-04-05 19:00:00+00:00,79.95,80.22,79.53,79.82,21120.4269
2026-04-05 20:00:00+00:00,79.82,80.21,79.81,80.17,7490.4908
2026-04-05 21:00:00+00:00,80.17,80.18,79.51,79.75,13458.8364
2026-04-05 22:00:00+00:00,79.75,80.71,79.1,80.58,53012.12
2026-04-05 23:00:00+00:00,80.58,82.13,80.47,81.9,66777.3548
2026-04-06 00:00:00+00:00,81.9,82.98,81.9,82.35,66151.0088
2026-04-06 01:00:00+00:00,82.35,82.43,81.68,81.7,23729.7045
2026-04-06 02:00:00+00:00,81.7,82.82,81.68,82.43,28761.8375
2026-04-06 03:00:00+00:00,82.43,82.49,81.96,82.11,26106.5447
2026-04-06 04:00:00+00:00,82.11,82.34,81.82,82.0,23020.2479
2026-04-06 05:00:00+00:00,82.0,82.1,81.86,81.9,8900.1523
2026-04-06 06:00:00+00:00,81.9,82.15,80.98,81.5,25435.3518
2026-04-06 07:00:00+00:00,81.5,82.0,81.35,81.82,31848.2478
2026-04-06 08:00:00+00:00,81.82,82.28,81.72,82.0,28603.0727
2026-04-06 09:00:00+00:00,82.0,83.2,81.88,82.47,51876.5637
2026-04-06 10:00:00+00:00,82.47,82.91,82.47,82.69,16285.2278
2026-04-06 11:00:00+00:00,82.69,82.69,82.32,82.45,10938.6999
2026-04-06 12:00:00+00:00,82.45,82.54,82.21,82.3,18854.4367
2026-04-06 13:00:00+00:00,82.3,82.67,82.2,82.48,18244.855
2026-04-06 14:00:00+00:00,82.48,82.82,81.75,82.24,63244.8757
2026-04-06 15:00:00+00:00,82.24,82.47,82.0,82.3,25520.8372
2026-04-06 16:00:00+00:00,82.3,82.47,81.59,81.61,19271.3764
2026-04-06 17:00:00+00:00,81.61,81.79,81.19,81.64,16546.032
2026-04-06 18:00:00+00:00,81.64,82.21,81.56,81.89,10096.8466
2026-04-06 19:00:00+00:00,81.89,81.96,81.56,81.9,6749.9056
2026-04-06 20:00:00+00:00,81.9,82.14,81.81,81.98,13703.1981
2026-04-06 21:00:00+00:00,81.98,81.98,81.39,81.48,13411.6021
2026-04-06 22:00:00+00:00,81.48,81.5,80.17,80.17,21196.1765
2026-04-06 23:00:00+00:00,80.17,80.32,79.6,80.03,58505.1831
2026-04-07 00:00:00+00:00,80.03,80.21,79.6,79.89,39664.0553
2026-04-07 01:00:00+00:00,79.89,80.13,79.38,79.52,16939.0732
2026-04-07 02:00:00+00:00,79.52,79.89,79.46,79.72,22217.5008
2026-04-07 03:00:00+00:00,79.72,79.9,79.69,79.79,12969.9229
2026-04-07 04:00:00+00:00,79.79,80.15,79.67,79.92,13805.46
2026-04-07 05:00:00+00:00,79.92,79.96,79.45,79.6,23765.727
2026-04-07 06:00:00+00:00,79.6,79.64,79.31,79.53,16139.5801
2026-04-07 07:00:00+00:00,79.53,79.94,79.45,79.87,20163.4494
2026-04-07 08:00:00+00:00,79.87,80.35,79.81,80.14,37421.7967
2026-04-07 09:00:00+00:00,80.14,80.57,80.14,80.37,14989.4944
2026-04-07 10:00:00+00:00,80.37,80.45,79.22,79.36,20511.9151
2026-04-07 11:00:00+00:00,79.36,79.54,78.96,79.21,29770.9164
2026-04-07 12:00:00+00:00,79.21,79.42,78.67,79.14,42080.9033
2026-04-07 13:00:00+00:00,79.14,79.23,78.84,78.88,19037.5803
2026-04-07 14:00:00+00:00,78.88,79.06,78.4,78.59,21749.8523
2026-04-07 15:00:00+00:00,78.59,79.0,78.37,78.87,18805.2689
2026-04-07 16:00:00+00:00,78.87,79.19,78.66,78.9,18295.0262
2026-04-07 17:00:00+00:00,78.9,80.96,78.83,80.06,51304.1112
2026-04-07 18:00:00+00:00,80.06,80.19,79.51,79.93,18167.0283
2026-04-07 19:00:00+00:00,79.93,81.81,79.89,81.63,62664.8419
2026-04-07 20:00:00+00:00,81.63,82.41,81.6,81.93,64274.5628
2026-04-07 21:00:00+00:00,81.93,83.24,81.88,82.91,75112.2353
2026-04-07 22:00:00+00:00,82.91,85.29,82.89,85.27,131454.0402
2026-04-07 23:00:00+00:00,85.27,87.01,85.1,85.56,125401.5497
2026-04-08 00:00:00+00:00,85.56,85.9,84.27,84.77,42223.0785
2026-04-08 01:00:00+00:00,84.77,84.98,84.46,84.7,22048.0876
2026-04-08 02:00:00+00:00,84.7,84.96,84.41,84.61,23480.1461
2026-04-08 03:00:00+00:00,84.61,84.68,84.39,84.57,22307.6103
2026-04-08 04:00:00+00:00,84.57,85.06,84.49,84.5,34108.2024
2026-04-08 05:00:00+00:00,84.5,84.76,84.08,84.22,18403.8765
2026-04-08 06:00:00+00:00,84.22,84.72,83.87,84.55,40218.2721
2026-04-08 07:00:00+00:00,84.55,84.72,84.22,84.51,24745.1787
2026-04-08 08:00:00+00:00,84.51,84.89,84.44,84.87,26941.7758
2026-04-08 09:00:00+00:00,84.87,85.0,84.54,84.67,30806.036
2026-04-08 10:00:00+00:00,84.67,84.8,84.5,84.51,13887.9095
2026-04-08 11:00:00+00:00,84.51,84.85,84.16,84.47,31024.8663
2026-04-08 12:00:00+00:00,84.47,84.69,84.13,84.56,32827.442
2026-04-08 13:00:00+00:00,84.56,85.0,83.93,84.05,67081.8083
2026-04-08 14:00:00+00:00,84.05,84.15,82.51,82.89,66424.2054
2026-04-08 15:00:00+00:00,82.89,83.47,82.8,83.35,37936.797
2026-04-08 16:00:00+00:00,83.35,83.6,83.05,83.48,11179.4307
2026-04-08 17:00:00+00:00,83.48,84.19,83.31,83.98,17287.1044
2026-04-08 18:00:00+00:00,83.98,84.02,82.82,82.92,16722.179
2026-04-08 19:00:00+00:00,82.92,83.23,82.78,83.22,15500.2249
2026-04-08 20:00:00+00:00,83.22,83.41,83.04,83.27,13578.0318
2026-04-08 21:00:00+00:00,83.27,83.63,83.19,83.41,13899.1358
2026-04-08 22:00:00+00:00,83.41,83.44,82.6,82.63,17789.7666
2026-04-08 23:00:00+00:00,82.63,83.02,82.25,82.57,30153.2604
2026-04-09 00:00:00+00:00,82.57,82.68,82.09,82.22,9936.8175
2026-04-09 01:00:00+00:00,82.22,82.38,81.71,82.25,41361.6764
2026-04-09 02:00:00+00:00,82.25,82.45,82.08,82.14,7950.9093
2026-04-09 03:00:00+00:00,82.14,82.18,81.88,82.03,12686.3454
2026-04-09 04:00:00+00:00,82.03,82.03,81.82,81.83,10681.9071
2026-04-09 05:00:00+00:00,81.83,82.31,81.73,82.14,12043.8491
2026-04-09 06:00:00+00:00,82.14,82.34,81.84,82.16,17233.8677
2026-04-09 07:00:00+00:00,82.16,82.47,82.16,82.27,5463.4311
2026-04-09 08:00:00+00:00,82.27,82.64,82.16,82.47,7590.1196
2026-04-09 09:00:00+00:00,82.47,82.68,82.1,82.61,18339.8256
2026-04-09 10:00:00+00:00,82.61,82.67,82.38,82.58,6187.2539
2026-04-09 11:00:00+00:00,82.58,82.75,82.01,82.18,27381.9745
2026-04-09 12:00:00+00:00,82.18,82.37,81.96,82.28,23563.9118
2026-04-09 13:00:00+00:00,82.28,82.41,81.6,81.87,17182.1947
2026-04-09 14:00:00+00:00,81.87,82.31,81.42,82.2,11671.6219
2026-04-09 15:00:00+00:00,82.2,83.94,81.92,83.75,53996.6236
2026-04-09 16:00:00+00:00,83.75,84.25,82.93,83.68,42653.5053
2026-04-09 17:00:00+00:00,83.68,84.69,83.68,84.66,32724.5075
2026-04-09 18:00:00+00:00,84.66,84.72,83.45,83.84,36299.6574
2026-04-09 19:00:00+00:00,83.84,84.32,83.43,84.16,35121.4473
2026-04-09 20:00:00+00:00,84.16,84.54,84.1,84.27,14952.6792
2026-04-09 21:00:00+00:00,84.27,84.74,84.16,84.27,24522.7313
2026-04-09 22:00:00+00:00,84.27,85.95,83.96,84.0,61300.2757
2026-04-09 23:00:00+00:00,84.0,84.06,83.16,83.33,16096.2865
2026-04-10 00:00:00+00:00,83.33,83.37,82.9,83.13,10575.4361
2026-04-10 01:00:00+00:00,83.13,83.79,82.83,83.17,19890.7979
2026-04-10 02:00:00+00:00,83.17,83.46,83.03,83.26,10401.0687
2026-04-10 03:00:00+00:00,83.26,83.29,82.69,82.9,28964.8166
2026-04-10 04:00:00+00:00,82.9,83.53,82.9,83.36,42332.2122
2026-04-10 05:00:00+00:00,83.36,83.6,83.12,83.41,8067.2495
2026-04-10 06:00:00+00:00,83.41,83.47,83.11,83.2,7676.1313
2026-04-10 07:00:00+00:00,83.2,83.27,82.87,82.96,14603.5422
2026-04-10 08:00:00+00:00,82.96,83.12,82.71,82.93,18873.856
2026-04-10 09:00:00+00:00,82.93,83.59,82.92,83.54,25196.1504
2026-04-10 10:00:00+00:00,83.54,83.55,83.12,83.31,24452.2146
2026-04-10 11:00:00+00:00,83.31,83.75,83.31,83.53,13953.3002
2026-04-10 12:00:00+00:00,83.53,84.44,83.36,84.11,38317.9417
2026-04-10 13:00:00+00:00,84.11,84.39,83.59,84.27,16135.7532
2026-04-10 14:00:00+00:00,84.27,85.24,84.2,85.1,47782.45
2026-04-10 15:00:00+00:00,85.1,85.59,84.08,84.23,47555.2726
2026-04-10 16:00:00+00:00,84.23,84.93,84.14,84.85,17592.3475
2026-04-10 17:00:00+00:00,84.85,84.9,84.48,84.87,13511.3365
2026-04-10 18:00:00+00:00,84.87,85.28,84.62,85.23,16461.9528
2026-04-10 19:00:00+00:00,85.23,85.5,85.13,85.47,38009.0009
2026-04-10 20:00:00+00:00,85.47,85.68,85.06,85.45,49564.4951
2026-04-10 21:00:00+00:00,85.45,85.46,84.98,85.25,23146.3956
2026-04-10 22:00:00+00:00,85.25,85.29,84.65,84.89,19992.1306
2026-04-10 23:00:00+00:00,84.89,84.95,84.75,84.83,6056.8718
2026-04-11 00:00:00+00:00,84.83,84.86,84.51,84.7,5938.495
2026-04-11 01:00:00+00:00,84.7,84.73,84.4,84.68,7079.1119
2026-04-11 02:00:00+00:00,84.68,84.93,84.59,84.79,6313.5613
2026-04-11 03:00:00+00:00,84.79,84.91,84.31,84.41,6406.1846
2026-04-11 04:00:00+00:00,84.41,84.61,84.22,84.38,10726.0757
2026-04-11 05:00:00+00:00,84.38,84.4,84.07,84.09,7726.7575
2026-04-11 06:00:00+00:00,84.09,84.22,83.88,84.13,7747.4394
2026-04-11 07:00:00+00:00,84.13,84.42,84.06,84.27,31203.8979
2026-04-11 08:00:00+00:00,84.27,84.44,84.16,84.17,8937.117
2026-04-11 09:00:00+00:00,84.17,84.79,84.14,84.49,20432.17
2026-04-11 10:00:00+00:00,84.49,84.52,83.96,84.05,9794.0033
2026-04-11 11:00:00+00:00,84.05,84.26,83.8,84.23,29368.4196
2026-04-11 12:00:00+00:00,84.23,84.52,84.06,84.24,16114.4163
2026-04-11 13:00:00+00:00,84.24,84.31,83.83,84.11,11924.1788
2026-04-11 14:00:00+00:00,84.11,84.43,84.04,84.39,9336.0068
2026-04-11 15:00:00+00:00,84.39,84.9,84.23,84.68,24463.3618
2026-04-11 16:00:00+00:00,84.68,85.4,84.6,84.97,21044.8493
2026-04-11 17:00:00+00:00,84.97,85.02,84.69,84.8,8846.02
2026-04-11 18:00:00+00:00,84.8,85.81,84.64,85.48,18706.4405
2026-04-11 19:00:00+00:00,85.48,86.26,85.42,86.02,31011.9167
2026-04-11 20:00:00+00:00,86.02,86.07,85.12,85.39,16897.598
2026-04-11 21:00:00+00:00,85.39,85.54,85.18,85.33,12978.282
2026-04-11 22:00:00+00:00,85.33,86.18,85.07,85.25,25864.418
2026-04-11 23:00:00+00:00,85.25,85.26,84.53,84.92,19492.9562
2026-04-12 00:00:00+00:00,84.92,85.01,84.71,84.9,5646.9983
2026-04-12 01:00:00+00:00,84.9,84.98,82.05,82.3,43877.7449
2026-04-12 02:00:00+00:00,82.3,83.06,81.88,82.68,27901.5954
2026-04-12 03:00:00+00:00,82.68,82.8,82.34,82.35,18024.5099
2026-04-12 04:00:00+00:00,82.35,82.47,82.16,82.23,13719.842
2026-04-12 05:00:00+00:00,82.23,82.48,82.09,82.4,12451.0388
2026-04-12 06:00:00+00:00,82.4,82.5,82.2,82.28,8627.4207
2026-04-12 07:00:00+00:00,82.28,82.46,82.24,82.28,5663.3858
2026-04-12 08:00:00+00:00,82.28,82.36,82.16,82.29,9010.6269
2026-04-12 09:00:00+00:00,82.29,82.4,82.14,82.21,7954.1957
2026-04-12 10:00:00+00:00,82.21,82.33,81.96,82.04,11487.4644
2026-04-12 11:00:00+00:00,82.04,82.37,81.96,82.22,8860.4799
2026-04-12 12:00:00+00:00,82.22,82.57,81.9,82.02,21276.9265
2026-04-12 13:00:00+00:00,82.02,82.24,81.77,81.9,17800.9772
2026-04-12 14:00:00+00:00,81.9,82.11,81.31,81.57,26686.1382
2026-04-12 15:00:00+00:00,81.57,81.83,81.31,81.6,19599.4834
2026-04-12 16:00:00+00:00,81.6,81.88,81.54,81.87,5242.5154
2026-04-12 17:00:00+00:00,81.87,82.3,81.77,82.18,6294.4057
2026-04-12 18:00:00+00:00,82.18,82.33,82.05,82.14,6663.2966
2026-04-12 19:00:00+00:00,82.14,82.32,81.93,81.99,5561.3555
2026-04-12 20:00:00+00:00,81.99,82.88,81.94,82.67,10323.8937
2026-04-12 21:00:00+00:00,82.67,82.89,82.44,82.8,9890.9365
2026-04-12 22:00:00+00:00,82.8,82.81,81.37,81.98,79618.0279
2026-04-12 23:00:00+00:00,81.98,81.98,81.29,81.53,18553.7608
2026-04-13 00:00:00+00:00,81.53,82.21,81.4,82.14,11571.6925
2026-04-13 01:00:00+00:00,82.14,82.35,81.94,82.33,13852.86
2026-04-13 02:00:00+00:00,82.33,82.43,81.89,81.92,9402.0798
2026-04-13 03:00:00+00:00,81.92,82.07,81.75,81.91,13140.4802
2026-04-13 04:00:00+00:00,81.91,82.25,81.85,81.91,9081.034
2026-04-13 05:00:00+00:00,81.91,81.99,81.53,81.84,8450.1759
2026-04-13 06:00:00+00:00,81.84,82.63,81.81,82.35,31122.9314
2026-04-13 07:00:00+00:00,82.35,82.41,81.85,82.16,17241.1517
2026-04-13 08:00:00+00:00,82.16,82.29,81.73,81.87,19709.6533
2026-04-13 09:00:00+00:00,81.87,82.22,81.81,81.87,16981.4895
2026-04-13 10:00:00+00:00,81.87,81.98,81.66,81.74,7868.5269
2026-04-13 11:00:00+00:00,81.74,82.06,81.69,81.86,9442.874
2026-04-13 12:00:00+00:00,81.86,82.79,81.82,82.53,28203.8532
2026-04-13 13:00:00+00:00,82.53,83.67,82.29,83.59,55258.2364
2026-04-13 14:00:00+00:00,83.59,83.8,82.76,83.78,52679.9199
2026-04-13 15:00:00+00:00,83.78,83.86,82.35,82.66,35383.1371
2026-04-13 16:00:00+00:00,82.66,83.61,82.35,83.36,27340.5601
2026-04-13 17:00:00+00:00,83.36,83.84,83.02,83.05,22668.6687
2026-04-13 18:00:00+00:00,83.05,83.26,82.59,83.21,17427.3573
2026-04-13 19:00:00+00:00,83.21,84.25,83.1,84.08,33717.1552
2026-04-13 20:00:00+00:00,84.08,84.36,83.82,83.93,38929.9994
2026-04-13 21:00:00+00:00,83.93,84.14,83.84,83.96,15516.3407
2026-04-13 22:00:00+00:00,83.96,86.46,83.96,86.2,68405.7926
2026-04-13 23:00:00+00:00,86.2,86.84,85.9,86.53,68014.2606
2026-04-14 00:00:00+00:00,86.53,86.75,85.65,85.91,77626.8052
2026-04-14 01:00:00+00:00,85.91,86.12,85.68,85.96,42836.631
2026-04-14 02:00:00+00:00,85.96,86.4,85.87,86.23,36941.821
2026-04-14 03:00:00+00:00,86.23,86.27,85.99,86.06,23547.2927
2026-04-14 04:00:00+00:00,86.06,86.07,85.58,85.91,22172.3039
2026-04-14 05:00:00+00:00,85.91,85.92,85.44,85.51,14497.1
2026-04-14 06:00:00+00:00,85.51,86.09,85.51,85.95,20619.1685
2026-04-14 07:00:00+00:00,85.95,86.19,85.79,85.89,35427.7387
2026-04-14 08:00:00+00:00,85.89,86.36,85.71,86.12,24625.4168
2026-04-14 09:00:00+00:00,86.12,86.25,85.97,86.1,9825.1005
2026-04-14 10:00:00+00:00,86.1,86.56,85.99,86.03,26908.8392
2026-04-14 11:00:00+00:00,86.03,86.1,85.62,85.78,56711.1042
2026-04-14 12:00:00+00:00,85.78,86.01,85.59,85.97,17822.1407
2026-04-14 13:00:00+00:00,85.97,87.42,85.92,87.3,69253.0327
2026-04-14 14:00:00+00:00,87.3,87.64,86.0,86.0,67784.7894
2026-04-14 15:00:00+00:00,86.0,86.32,85.26,85.97,58403.904
2026-04-14 16:00:00+00:00,85.97,86.17,84.79,85.05,71494.2237
2026-04-14 17:00:00+00:00,85.05,85.45,84.71,85.25,54007.7574
2026-04-14 18:00:00+00:00,85.25,85.45,83.89,84.09,33567.2835
2026-04-14 19:00:00+00:00,84.09,84.38,83.73,83.95,42135.7041
2026-04-14 20:00:00+00:00,83.95,84.16,83.42,83.6,31988.0379
2026-04-14 21:00:00+00:00,83.6,83.95,83.55,83.81,17424.7424
2026-04-14 22:00:00+00:00,83.81,83.94,83.16,83.51,36639.2849
2026-04-14 23:00:00+00:00,83.51,84.06,83.47,83.72,34094.5796
2026-04-15 00:00:00+00:00,83.72,84.07,83.53,83.78,48220.2359
2026-04-15 01:00:00+00:00,83.78,84.03,83.57,83.92,21132.8947
2026-04-15 02:00:00+00:00,83.92,84.0,83.14,83.4,23875.3665
2026-04-15 03:00:00+00:00,83.4,83.51,83.3,83.46,8153.8812
2026-04-15 04:00:00+00:00,83.46,83.66,83.33,83.61,19568.8335
2026-04-15 05:00:00+00:00,83.61,83.79,82.96,83.13,28154.336
2026-04-15 06:00:00+00:00,83.13,83.14,82.84,83.0,28635.0332
2026-04-15 07:00:00+00:00,83.0,83.22,82.67,82.95,42610.6143
2026-04-15 08:00:00+00:00,82.95,83.29,82.75,83.14,25867.5065
2026-04-15 09:00:00+00:00,83.14,83.25,82.88,83.17,12157.8736
2026-04-15 10:00:00+00:00,83.17,83.64,82.91,83.14,38454.5808
2026-04-15 11:00:00+00:00,83.14,83.68,83.05,83.6,33830.0903
2026-04-15 12:00:00+00:00,83.6,83.88,83.38,83.7,35002.0612
2026-04-15 13:00:00+00:00,83.7,83.8,83.2,83.63,31419.8975
2026-04-15 14:00:00+00:00,83.63,84.49,83.41,84.3,39295.325
2026-04-15 15:00:00+00:00,84.3,84.47,83.51,84.01,35144.0541
2026-04-15 16:00:00+00:00,84.01,84.7,83.9,84.55,41508.888
2026-04-15 17:00:00+00:00,84.55,85.15,84.45,84.7,53160.8962
2026-04-15 18:00:00+00:00,84.7,85.06,84.6,85.03,20325.7658
2026-04-15 19:00:00+00:00,85.03,85.82,84.94,85.5,30419.139
2026-04-15 20:00:00+00:00,85.5,85.56,84.63,84.79,27222.7192
2026-04-15 21:00:00+00:00,84.79,84.89,84.2,84.77,18094.7856
2026-04-15 22:00:00+00:00,84.77,85.6,84.73,85.0,19747.8197
2026-04-15 23:00:00+00:00,85.0,85.02,84.64,84.9,12772.6145
2026-04-16 00:00:00+00:00,84.9,85.07,84.48,84.93,8014.4996
2026-04-16 01:00:00+00:00,84.93,84.93,84.46,84.86,6270.9034
2026-04-16 02:00:00+00:00,84.86,85.58,84.71,85.1,12378.9522
2026-04-16 03:00:00+00:00,85.1,85.49,85.07,85.29,20992.4402
2026-04-16 04:00:00+00:00,85.29,85.55,84.98,85.25,14814.018
2026-04-16 05:00:00+00:00,85.25,85.52,85.06,85.4,14286.9467
2026-04-16 06:00:00+00:00,85.4,85.54,85.18,85.46,9640.8459
2026-04-16 07:00:00+00:00,85.46,85.66,85.09,85.19,20303.4951
2026-04-16 08:00:00+00:00,85.19,85.3,84.91,85.05,12994.3086
2026-04-16 09:00:00+00:00,85.05,85.5,84.97,85.2,18818.5361
2026-04-16 10:00:00+00:00,85.2,85.24,84.63,85.05,17499.2649
2026-04-16 11:00:00+00:00,85.05,85.17,84.93,85.09,7783.5009
2026-04-16 12:00:00+00:00,85.09,85.49,85.06,85.39,11209.4396
2026-04-16 13:00:00+00:00,85.39,86.27,83.81,84.78,45445.8045
2026-04-16 14:00:00+00:00,84.78,85.69,84.06,85.38,31413.6354
2026-04-16 15:00:00+00:00,85.38,87.13,85.3,86.62,70133.9602
2026-04-16 16:00:00+00:00,86.62,87.09,85.62,85.93,48372.8295
2026-04-16 17:00:00+00:00,85.93,86.79,85.71,86.66,41909.7684
2026-04-16 18:00:00+00:00,86.66,89.07,86.5,88.99,123526.3575
2026-04-16 19:00:00+00:00,88.99,90.14,88.64,90.09,81076.9529
2026-04-16 20:00:00+00:00,90.09,90.48,89.25,89.58,55053.8129
2026-04-16 21:00:00+00:00,89.58,89.74,88.72,88.94,26827.4248
2026-04-16 22:00:00+00:00,88.94,89.45,88.87,88.99,37035.4054
2026-04-16 23:00:00+00:00,88.99,89.22,88.82,89.05,9286.3839
2026-04-17 00:00:00+00:00,89.05,89.18,88.58,88.82,11234.372
2026-04-17 01:00:00+00:00,88.82,89.0,87.91,88.23,22534.0488
2026-04-17 02:00:00+00:00,88.23,88.36,87.55,87.87,17500.9973
2026-04-17 03:00:00+00:00,87.87,87.95,87.48,87.7,9160.4613
2026-04-17 04:00:00+00:00,87.7,88.28,87.69,87.99,11005.8806
2026-04-17 05:00:00+00:00,87.99,88.0,87.38,87.4,30292.6323
2026-04-17 06:00:00+00:00,87.4,88.09,87.35,88.0,11523.0545
2026-04-17 07:00:00+00:00,88.0,88.47,87.96,88.14,16216.4722
2026-04-17 08:00:00+00:00,88.14,89.09,88.1,88.95,37601.9425
2026-04-17 09:00:00+00:00,88.95,89.52,88.33,88.72,37036.376
2026-04-17 10:00:00+00:00,88.72,88.74,87.34,87.67,67320.8491
2026-04-17 11:00:00+00:00,87.67,88.32,87.63,88.21,18455.4327
2026-04-17 12:00:00+00:00,88.21,88.93,87.92,88.89,45984.142
2026-04-17 13:00:00+00:00,88.89,90.52,88.58,90.12,152185.8223
2026-04-17 14:00:00+00:00,90.12,90.74,89.63,90.02,65967.7537
2026-04-17 15:00:00+00:00,90.02,90.18,89.48,89.95,42056.699
2026-04-17 16:00:00+00:00,89.95,90.59,89.9,90.42,29926.5009
2026-04-17 17:00:00+00:00,90.42,90.42,89.06,89.73,40507.1756
2026-04-17 18:00:00+00:00,89.73,89.83,88.88,89.16,23702.5975
2026-04-17 19:00:00+00:00,89.16,89.5,88.92,89.21,19410.9689
2026-04-17 20:00:00+00:00,89.21,89.36,88.5,89.0,17943.0437
2026-04-17 21:00:00+00:00,89.0,89.27,88.79,89.12,23281.1445
2026-04-17 22:00:00+00:00,89.12,89.47,88.94,89.22,9078.1466
2026-04-17 23:00:00+00:00,89.22,89.22,88.47,88.76,22360.7182
2026-04-18 00:00:00+00:00,88.76,89.15,88.65,88.96,9440.4263
2026-04-18 01:00:00+00:00,88.96,89.15,88.7,88.87,7761.4041
2026-04-18 02:00:00+00:00,88.87,89.1,88.67,88.91,4888.6262
2026-04-18 03:00:00+00:00,88.91,88.91,88.24,88.32,9911.6962
2026-04-18 04:00:00+00:00,88.32,88.54,88.24,88.36,12021.0529
2026-04-18 05:00:00+00:00,88.36,88.65,88.16,88.4,16076.9039
2026-04-18 06:00:00+00:00,88.4,88.62,88.31,88.52,7674.4817
2026-04-18 07:00:00+00:00,88.52,88.56,88.31,88.47,5571.8207
2026-04-18 08:00:00+00:00,88.47,88.51,87.09,87.53,67516.02
2026-04-18 09:00:00+00:00,87.53,87.68,87.14,87.63,21386.5199
2026-04-18 10:00:00+00:00,87.63,87.65,86.78,86.96,37298.772
2026-04-18 11:00:00+00:00,86.96,86.98,86.29,86.55,37475.0575
2026-04-18 12:00:00+00:00,86.55,86.97,86.51,86.92,13895.6675
2026-04-18 13:00:00+00:00,86.92,86.99,86.42,86.74,10846.0728
2026-04-18 14:00:00+00:00,86.74,86.88,86.47,86.82,10223.8524
2026-04-18 15:00:00+00:00,86.82,86.96,86.58,86.76,12178.4957
2026-04-18 16:00:00+00:00,86.76,86.99,86.47,86.7,16836.0203
2026-04-18 17:00:00+00:00,86.7,86.85,86.51,86.76,6015.6783
2026-04-18 18:00:00+00:00,86.76,86.76,85.8,85.97,31183.0957
2026-04-18 19:00:00+00:00,85.97,86.3,85.94,86.15,9567.1843
2026-04-18 20:00:00+00:00,86.15,86.31,86.01,86.17,8778.3367
2026-04-18 21:00:00+00:00,86.17,86.27,86.03,86.19,8353.4143
2026-04-18 22:00:00+00:00,86.19,86.35,85.92,86.29,15361.4929
2026-04-18 23:00:00+00:00,86.29,86.48,86.11,86.15,13505.8643
2026-04-19 00:00:00+00:00,86.15,86.38,85.86,86.03,18248.9351
2026-04-19 01:00:00+00:00,86.03,86.23,85.61,85.76,11463.1739
2026-04-19 02:00:00+00:00,85.76,85.87,85.23,85.55,20050.6564
2026-04-19 03:00:00+00:00,85.55,85.8,85.31,85.61,9127.1938
2026-04-19 04:00:00+00:00,85.61,85.96,85.16,85.58,14732.3113
2026-04-19 05:00:00+00:00,85.58,85.8,85.42,85.49,15910.1602
2026-04-19 06:00:00+00:00,85.49,85.66,85.15,85.46,13181.6339
2026-04-19 07:00:00+00:00,85.46,85.46,84.43,84.88,39036.1226
2026-04-19 08:00:00+00:00,84.88,85.16,84.63,84.81,36138.3338
2026-04-19 09:00:00+00:00,84.81,85.03,84.58,84.59,24523.4185
2026-04-19 10:00:00+00:00,84.59,84.9,84.42,84.78,16605.7254
2026-04-19 11:00:00+00:00,84.78,85.69,84.76,85.6,25011.8282
2026-04-19 12:00:00+00:00,85.6,85.93,85.55,85.8,16046.3205
2026-04-19 13:00:00+00:00,85.8,86.94,85.76,86.33,38016.218
2026-04-19 14:00:00+00:00,86.33,87.12,85.99,86.53,33572.9794
2026-04-19 15:00:00+00:00,86.53,86.67,85.56,86.35,42885.0442
2026-04-19 16:00:00+00:00,86.35,86.5,85.72,85.86,23240.3281
2026-04-19 17:00:00+00:00,85.86,85.98,85.0,85.16,48845.5462
2026-04-19 18:00:00+00:00,85.16,85.31,84.88,85.12,40570.512
2026-04-19 19:00:00+00:00,85.12,85.56,85.12,85.33,26224.0838
2026-04-19 20:00:00+00:00,85.33,85.38,84.76,84.95,56585.5435
2026-04-19 21:00:00+00:00,84.95,85.26,84.61,84.7,54857.7318
2026-04-19 22:00:00+00:00,84.7,84.7,82.93,83.76,139930.0872
2026-04-19 23:00:00+00:00,83.76,83.77,83.31,83.49,30692.6482
2026-04-20 00:00:00+00:00,83.49,84.19,83.34,83.99,39491.1794
2026-04-20 01:00:00+00:00,83.99,84.54,83.95,84.35,30730.4022
2026-04-20 02:00:00+00:00,84.35,84.4,83.71,84.22,29466.214
2026-04-20 03:00:00+00:00,84.22,84.63,84.13,84.6,24165.8571
2026-04-20 04:00:00+00:00,84.6,84.61,84.27,84.56,23547.2876
2026-04-20 05:00:00+00:00,84.56,84.59,83.76,83.86,18417.1498
2026-04-20 06:00:00+00:00,83.86,84.75,83.79,84.47,34166.619
2026-04-20 07:00:00+00:00,84.47,85.76,84.44,84.73,65134.8535
2026-04-20 08:00:00+00:00,84.73,85.13,84.56,84.67,38510.1879
2026-04-20 09:00:00+00:00,84.67,85.25,84.63,85.08,31259.9272
2026-04-20 10:00:00+00:00,85.08,85.41,84.81,84.85,30853.2044
2026-04-20 11:00:00+00:00,84.85,85.35,84.78,85.06,29384.9195
2026-04-20 12:00:00+00:00,85.06,85.56,84.85,85.32,45010.9542
2026-04-20 13:00:00+00:00,85.32,85.56,84.86,85.3,50943.6485
2026-04-20 14:00:00+00:00,85.3,85.83,84.54,84.79,58915.6517
2026-04-20 15:00:00+00:00,84.79,85.88,84.42,85.86,33617.0053
2026-04-20 16:00:00+00:00,85.86,85.88,85.26,85.3,21468.7468
2026-04-20 17:00:00+00:00,85.3,86.12,85.26,85.69,54700.84
2026-04-20 18:00:00+00:00,85.69,86.23,85.69,86.07,62501.2656
2026-04-20 19:00:00+00:00,86.07,86.12,85.78,85.8,18054.7135
2026-04-20 20:00:00+00:00,85.8,86.2,85.67,85.96,44897.5585
2026-04-20 21:00:00+00:00,85.96,86.22,85.58,85.81,53294.1779
2026-04-20 22:00:00+00:00,85.81,86.07,85.56,85.71,19418.6301
2026-04-20 23:00:00+00:00,85.71,85.71,85.18,85.3,47316.3144
2026-04-21 00:00:00+00:00,85.3,85.78,85.26,85.68,23756.8476
2026-04-21 01:00:00+00:00,85.68,85.83,85.37,85.44,27681.9336
2026-04-21 02:00:00+00:00,85.44,85.47,85.18,85.26,21771.829
2026-04-21 03:00:00+00:00,85.26,85.53,85.0,85.16,52337.4977
2026-04-21 04:00:00+00:00,85.16,85.48,85.02,85.44,38349.8993
2026-04-21 05:00:00+00:00,85.44,85.84,85.42,85.67,37738.1579
2026-04-21 06:00:00+00:00,85.67,85.95,85.18,85.67,30612.0564
2026-04-21 07:00:00+00:00,85.67,85.98,85.41,85.7,27589.6527
2026-04-21 08:00:00+00:00,85.7,86.37,85.64,85.79,20288.6445
2026-04-21 09:00:00+00:00,85.79,85.88,85.52,85.87,16748.906
2026-04-21 10:00:00+00:00,85.87,86.31,85.84,86.15,23857.7551
2026-04-21 11:00:00+00:00,86.15,86.16,85.72,85.83,18402.6499
2026-04-21 12:00:00+00:00,85.83,86.03,85.17,85.51,29535.5585
2026-04-21 13:00:00+00:00,85.51,85.86,85.3,85.82,23034.5416
2026-04-21 14:00:00+00:00,85.82,86.89,85.62,85.78,48958.1649
2026-04-21 15:00:00+00:00,85.78,86.29,85.4,86.05,32307.0025
2026-04-21 16:00:00+00:00,86.05,86.29,85.65,85.69,17801.8935
2026-04-21 17:00:00+00:00,85.69,85.81,84.71,85.32,42062.0414
2026-04-21 18:00:00+00:00,85.32,85.39,84.74,85.23,29072.8205
2026-04-21 19:00:00+00:00,85.23,85.72,84.31,84.57,39554.0683
2026-04-21 20:00:00+00:00,84.57,85.75,84.45,85.41,70649.6556
2026-04-21 21:00:00+00:00,85.41,85.57,85.02,85.15,17571.6061
2026-04-21 22:00:00+00:00,85.15,85.45,85.0,85.37,15758.4162
2026-04-21 23:00:00+00:00,85.37,86.13,85.33,86.05,15610.4097
2026-04-22 00:00:00+00:00,86.05,86.54,86.01,86.51,42572.0152
2026-04-22 01:00:00+00:00,86.51,86.53,86.11,86.27,23675.7504
2026-04-22 02:00:00+00:00,86.27,87.57,86.21,87.42,56947.9694
2026-04-22 03:00:00+00:00,87.42,87.86,87.12,87.24,32116.2433
2026-04-22 04:00:00+00:00,87.24,87.35,86.99,87.08,10177.4613
2026-04-22 05:00:00+00:00,87.08,88.34,87.02,88.03,65087.156
2026-04-22 06:00:00+00:00,88.03,88.19,87.82,87.96,20943.562
2026-04-22 07:00:00+00:00,87.96,88.28,87.72,88.05,36861.7367
2026-04-22 08:00:00+00:00,88.05,88.3,87.62,88.01,32148.583
2026-04-22 09:00:00+00:00,88.01,88.86,87.86,88.3,29947.5883
2026-04-22 10:00:00+00:00,88.3,88.42,88.15,88.34,8750.7187
2026-04-22 11:00:00+00:00,88.34,88.48,88.16,88.32,21620.9178
2026-04-22 12:00:00+00:00,88.32,88.67,88.23,88.59,22804.6719
2026-04-22 13:00:00+00:00,88.59,89.18,88.44,89.1,43027.5987
2026-04-22 14:00:00+00:00,89.1,89.32,88.49,88.75,41328.3614
2026-04-22 15:00:00+00:00,88.75,88.79,88.04,88.19,32193.3496
2026-04-22 16:00:00+00:00,88.19,88.47,87.54,87.67,26173.4369
2026-04-22 17:00:00+00:00,87.67,88.03,87.63,87.84,19637.2481
2026-04-22 18:00:00+00:00,87.84,88.39,87.8,87.8,15324.189
2026-04-22 19:00:00+00:00,87.8,87.84,87.1,87.39,22543.4508
2026-04-22 20:00:00+00:00,87.39,87.49,87.09,87.14,7699.1262
2026-04-22 21:00:00+00:00,87.14,87.65,87.12,87.6,15054.0602
2026-04-22 22:00:00+00:00,87.6,87.73,87.29,87.44,13195.6456
2026-04-22 23:00:00+00:00,87.44,87.48,86.82,86.88,10353.1659
2026-04-23 00:00:00+00:00,86.88,87.17,85.96,86.86,45043.8064
2026-04-23 01:00:00+00:00,86.86,86.87,86.13,86.44,11128.2216
2026-04-23 02:00:00+00:00,86.44,86.44,85.73,85.97,22819.9972
2026-04-23 03:00:00+00:00,85.97,86.09,85.49,85.8,11633.3169
2026-04-23 04:00:00+00:00,85.8,86.01,85.66,85.98,16393.7328
2026-04-23 05:00:00+00:00,85.98,86.14,85.5,85.85,30390.9997
2026-04-23 06:00:00+00:00,85.85,86.23,85.85,86.2,23440.6258
2026-04-23 07:00:00+00:00,86.2,86.23,85.86,85.91,13901.2698
2026-04-23 08:00:00+00:00,85.91,86.02,85.57,85.7,53567.879
2026-04-23 09:00:00+00:00,85.7,85.7,85.27,85.53,15427.755
2026-04-23 10:00:00+00:00,85.53,85.62,85.21,85.44,13806.5958
2026-04-23 11:00:00+00:00,85.44,85.91,85.38,85.83,15913.4808
2026-04-23 12:00:00+00:00,85.83,86.09,85.69,85.97,18975.0821
2026-04-23 13:00:00+00:00,85.97,86.05,85.56,85.76,29722.0659
2026-04-23 14:00:00+00:00,85.76,86.18,85.54,86.06,19902.4907
2026-04-23 15:00:00+00:00,86.06,86.64,85.79,86.35,32583.6998
2026-04-23 16:00:00+00:00,86.35,86.42,85.78,85.81,14787.1902
2026-04-23 17:00:00+00:00,85.81,85.87,84.45,85.34,50051.409
2026-04-23 18:00:00+00:00,85.34,85.67,85.21,85.26,29596.9668
2026-04-23 19:00:00+00:00,85.26,85.57,85.14,85.31,26329.3072
2026-04-23 20:00:00+00:00,85.31,85.85,85.29,85.6,32533.6593
2026-04-23 21:00:00+00:00,85.6,86.0,85.52,85.8,8349.5648
2026-04-23 22:00:00+00:00,85.8,86.26,85.8,85.97,19864.1159
2026-04-23 23:00:00+00:00,85.97,86.2,85.63,86.14,8119.7426
2026-04-24 00:00:00+00:00,86.14,86.37,86.05,86.2,9029.0419
2026-04-24 01:00:00+00:00,86.2,86.33,85.82,86.27,6370.0379
2026-04-24 02:00:00+00:00,86.27,86.36,85.77,85.89,5150.1713
2026-04-24 03:00:00+00:00,85.89,85.96,85.38,85.69,12118.2516
2026-04-24 04:00:00+00:00,85.69,85.7,85.17,85.33,7887.1923
2026-04-24 05:00:00+00:00,85.33,85.81,85.16,85.7,23161.2374
2026-04-24 06:00:00+00:00,85.7,85.73,85.33,85.45,19117.8979
2026-04-24 07:00:00+00:00,85.45,85.63,85.35,85.52,28235.113
2026-04-24 08:00:00+00:00,85.52,85.75,85.31,85.36,24902.9087
2026-04-24 09:00:00+00:00,85.36,85.48,84.92,85.48,19703.3043
2026-04-24 10:00:00+00:00,85.48,85.76,85.19,85.7,18982.1554
2026-04-24 11:00:00+00:00,85.7,86.27,85.7,86.2,25689.2509
2026-04-24 12:00:00+00:00,86.2,86.79,86.07,86.34,30609.209
2026-04-24 13:00:00+00:00,86.34,86.59,85.85,86.09,21910.541
2026-04-24 14:00:00+00:00,86.09,86.22,85.66,86.05,18154.4025
2026-04-24 15:00:00+00:00,86.05,86.56,85.53,86.52,16490.7134
2026-04-24 16:00:00+00:00,86.52,86.58,86.09,86.34,19310.722
2026-04-24 17:00:00+00:00,86.34,86.56,86.12,86.48,14056.9279
2026-04-24 18:00:00+00:00,86.48,86.53,85.95,86.37,10282.2539
2026-04-24 19:00:00+00:00,86.37,86.53,86.25,86.32,8665.2115
2026-04-24 20:00:00+00:00,86.32,86.92,86.21,86.86,22354.4866
2026-04-24 21:00:00+00:00,86.86,86.94,86.35,86.44,13762.5576
2026-04-24 22:00:00+00:00,86.44,86.45,86.09,86.17,9881.0931
2026-04-24 23:00:00+00:00,86.17,86.29,86.15,86.18,3273.8617
2026-04-25 00:00:00+00:00,86.18,86.26,86.01,86.24,8074.912
2026-04-25 01:00:00+00:00,86.24,86.36,86.13,86.26,6717.9839
2026-04-25 02:00:00+00:00,86.26,86.4,86.15,86.29,4430.3557
2026-04-25 03:00:00+00:00,86.29,86.5,86.27,86.45,5226.3285
2026-04-25 04:00:00+00:00,86.45,86.5,86.29,86.33,3394.3966
2026-04-25 05:00:00+00:00,86.33,86.33,86.13,86.21,3897.8153
2026-04-25 06:00:00+00:00,86.21,86.65,86.21,86.44,8992.4841
2026-04-25 07:00:00+00:00,86.44,86.52,86.25,86.37,12057.2603
2026-04-25 08:00:00+00:00,86.37,86.81,86.31,86.61,11098.8733
2026-04-25 09:00:00+00:00,86.61,86.79,86.56,86.57,7345.2476
2026-04-25 10:00:00+00:00,86.57,86.72,86.56,86.63,4338.4548
2026-04-25 11:00:00+00:00,86.63,86.63,86.25,86.37,8733.3256
2026-04-25 12:00:00+00:00,86.37,86.44,86.24,86.37,8256.7484
2026-04-25 13:00:00+00:00,86.37,86.77,86.37,86.6,15996.5762
2026-04-25 14:00:00+00:00,86.6,86.66,86.45,86.45,5028.8121
2026-04-25 15:00:00+00:00,86.45,86.64,86.13,86.23,13289.0394
2026-04-25 16:00:00+00:00,86.23,86.34,85.62,85.89,16269.8991
2026-04-25 17:00:00+00:00,85.89,85.89,85.56,85.58,20776.9629
2026-04-25 18:00:00+00:00,85.58,85.83,85.55,85.7,17198.5591
2026-04-25 19:00:00+00:00,85.7,85.71,85.57,85.67,12912.8699
2026-04-25 20:00:00+00:00,85.67,85.92,85.6,85.91,6496.0278
2026-04-25 21:00:00+00:00,85.91,86.09,85.73,85.89,10018.135
2026-04-25 22:00:00+00:00,85.89,86.17,85.85,86.09,6131.1773
2026-04-25 23:00:00+00:00,86.09,86.18,86.03,86.18,4172.7635
2026-04-26 00:00:00+00:00,86.18,86.2,85.92,86.0,11445.6346
2026-04-26 01:00:00+00:00,86.0,86.12,85.96,85.97,10592.2551
2026-04-26 02:00:00+00:00,85.97,86.37,85.97,86.37,4189.9453
2026-04-26 03:00:00+00:00,86.37,86.45,85.83,85.99,14266.4549
2026-04-26 04:00:00+00:00,85.99,86.71,85.93,86.43,17484.4804
2026-04-26 05:00:00+00:00,86.43,86.71,86.14,86.45,19747.712
2026-04-26 06:00:00+00:00,86.45,86.57,86.38,86.49,6238.9244
2026-04-26 07:00:00+00:00,86.49,86.63,86.43,86.63,10213.4016
2026-04-26 08:00:00+00:00,86.63,86.75,86.51,86.57,8832.0378
2026-04-26 09:00:00+00:00,86.57,86.59,86.44,86.53,11997.9183
2026-04-26 10:00:00+00:00,86.53,86.62,86.43,86.48,14965.9763
2026-04-26 11:00:00+00:00,86.48,86.65,86.44,86.48,21959.5399
2026-04-26 12:00:00+00:00,86.48,86.49,85.9,86.1,23866.7558
2026-04-26 13:00:00+00:00,86.1,86.26,85.98,86.12,18760.4619
2026-04-26 14:00:00+00:00,86.12,86.51,86.06,86.41,11209.9927
2026-04-26 15:00:00+00:00,86.41,86.59,86.36,86.56,6226.5712
2026-04-26 16:00:00+00:00,86.56,86.6,86.39,86.42,6987.7052
2026-04-26 17:00:00+00:00,86.42,86.59,86.28,86.55,4718.5694
2026-04-26 18:00:00+00:00,86.55,86.99,86.43,86.81,17980.8951
2026-04-26 19:00:00+00:00,86.81,87.24,86.67,86.87,24222.7063
2026-04-26 20:00:00+00:00,86.87,86.94,86.61,86.68,11721.8538
2026-04-26 21:00:00+00:00,86.68,87.12,86.17,86.82,40462.3638
2026-04-26 22:00:00+00:00,86.82,87.32,86.32,86.75,20477.6124
2026-04-26 23:00:00+00:00,86.75,87.17,86.52,86.92,11508.7615
2026-04-27 00:00:00+00:00,86.92,87.39,86.55,87.32,39420.2357
2026-04-27 01:00:00+00:00,87.32,87.86,87.26,87.83,30607.0957
2026-04-27 02:00:00+00:00,87.83,88.1,87.36,87.8,29468.9814
2026-04-27 03:00:00+00:00,87.8,88.07,87.69,87.74,13223.9019
2026-04-27 04:00:00+00:00,87.74,87.85,87.41,87.52,8580.0449
2026-04-27 05:00:00+00:00,87.52,87.54,85.79,85.96,90493.9126
2026-04-27 06:00:00+00:00,85.96,86.06,85.43,85.71,22521.2924
2026-04-27 07:00:00+00:00,85.71,85.79,85.27,85.28,21366.3015
2026-04-27 08:00:00+00:00,85.28,85.52,85.03,85.5,23428.9323
2026-04-27 09:00:00+00:00,85.5,85.62,85.16,85.49,48271.3881
2026-04-27 10:00:00+00:00,85.49,85.56,85.15,85.19,28501.8844
2026-04-27 11:00:00+00:00,85.19,85.28,85.06,85.25,10828.832
2026-04-27 12:00:00+00:00,85.25,85.26,84.92,85.09,26025.6503
2026-04-27 13:00:00+00:00,85.09,85.37,84.72,85.13,29882.6235
2026-04-27 14:00:00+00:00,85.13,85.85,85.0,85.23,34320.4739
2026-04-27 15:00:00+00:00,85.23,85.24,83.65,84.16,75828.4068
2026-04-27 16:00:00+00:00,84.16,84.4,84.04,84.28,18267.179
2026-04-27 17:00:00+00:00,84.28,84.69,84.28,84.48,26160.4049
2026-04-27 18:00:00+00:00,84.48,84.7,84.4,84.57,9236.9036
2026-04-27 19:00:00+00:00,84.57,84.66,83.84,84.19,23693.3348
2026-04-27 20:00:00+00:00,84.19,84.35,84.15,84.29,9091.0602
2026-04-27 21:00:00+00:00,84.29,84.49,84.12,84.27,7690.331
2026-04-27 22:00:00+00:00,84.27,84.61,84.2,84.55,6379.6599
2026-04-27 23:00:00+00:00,84.55,84.9,84.47,84.82,11326.6498
2026-04-28 00:00:00+00:00,84.82,84.93,84.58,84.81,6939.661
2026-04-28 01:00:00+00:00,84.81,84.87,84.39,84.4,4599.2322
2026-04-28 02:00:00+00:00,84.4,84.63,83.91,84.17,16899.3474
2026-04-28 03:00:00+00:00,84.17,84.2,84.02,84.18,4470.4905
2026-04-28 04:00:00+00:00,84.18,84.43,83.81,84.06,37788.9153
2026-04-28 05:00:00+00:00,84.06,84.44,84.02,84.19,15708.6899
2026-04-28 06:00:00+00:00,84.19,84.31,83.69,83.95,9777.0693
2026-04-28 07:00:00+00:00,83.95,84.06,83.64,84.03,6781.988
2026-04-28 08:00:00+00:00,84.03,84.2,83.77,83.95,10744.906
2026-04-28 09:00:00+00:00,83.95,83.97,83.42,83.63,10552.0391
2026-04-28 10:00:00+00:00,83.63,83.83,83.63,83.81,6170.8657
2026-04-28 11:00:00+00:00,83.81,83.86,83.3,83.4,9385.3808
2026-04-28 12:00:00+00:00,83.4,83.75,83.26,83.7,9999.3626
2026-04-28 13:00:00+00:00,83.7,84.02,83.2,83.54,15109.9278
2026-04-28 14:00:00+00:00,83.54,83.54,82.98,83.41,18809.3838
2026-04-28 15:00:00+00:00,83.41,83.52,83.21,83.47,15072.372
2026-04-28 16:00:00+00:00,83.47,83.76,83.32,83.59,9071.8147
2026-04-28 17:00:00+00:00,83.59,83.82,83.38,83.63,10530.1357
2026-04-28 18:00:00+00:00,83.63,83.85,83.6,83.82,7422.0879
2026-04-28 19:00:00+00:00,83.82,84.04,83.71,83.9,8592.9178
2026-04-28 20:00:00+00:00,83.9,83.99,83.77,83.78,6341.2376
2026-04-28 21:00:00+00:00,83.78,83.96,83.64,83.74,13740.2562
2026-04-28 22:00:00+00:00,83.74,83.92,83.58,83.73,19422.9131
2026-04-28 23:00:00+00:00,83.73,84.17,83.65,84.08,35206.4073
2026-04-29 00:00:00+00:00,84.08,84.19,83.82,84.06,33388.0089
2026-04-29 01:00:00+00:00,84.06,84.21,83.8,84.09,7003.9806
2026-04-29 02:00:00+00:00,84.09,84.22,83.94,84.05,7179.7197
2026-04-29 03:00:00+00:00,84.05,84.76,84.05,84.6,12937.2257
2026-04-29 04:00:00+00:00,84.6,85.08,84.45,84.98,11577.4778
2026-04-29 05:00:00+00:00,84.98,85.03,84.73,84.86,19476.5135
2026-04-29 06:00:00+00:00,84.86,85.0,84.55,84.64,10411.4918
2026-04-29 07:00:00+00:00,84.64,84.86,84.61,84.7,9584.3262
2026-04-29 08:00:00+00:00,84.7,84.76,84.35,84.52,19702.7633
2026-04-29 09:00:00+00:00,84.52,85.52,84.48,85.31,68255.4359
2026-04-29 10:00:00+00:00,85.31,85.56,85.14,85.15,24695.4344
2026-04-29 11:00:00+00:00,85.15,85.18,84.79,84.93,15823.5999
2026-04-29 12:00:00+00:00,84.93,84.93,83.95,84.25,53002.6825
2026-04-29 13:00:00+00:00,84.25,84.28,83.64,84.0,25581.4857
2026-04-29 14:00:00+00:00,84.0,84.05,83.67,83.83,20746.3069
2026-04-29 15:00:00+00:00,83.83,83.92,83.0,83.25,36492.7845
2026-04-29 16:00:00+00:00,83.25,83.64,82.96,83.12,33089.4471
2026-04-29 17:00:00+00:00,83.12,83.37,82.75,83.37,28285.0618
2026-04-29 18:00:00+00:00,83.37,83.45,81.4,82.3,95275.2883
2026-04-29 19:00:00+00:00,82.3,82.36,81.97,82.2,16995.3177
2026-04-29 20:00:00+00:00,82.2,82.85,82.17,82.64,25686.2418
2026-04-29 21:00:00+00:00,82.64,83.23,82.54,82.91,26158.7908
2026-04-29 22:00:00+00:00,82.91,83.14,82.81,83.07,13024.969
2026-04-29 23:00:00+00:00,83.07,83.12,82.83,83.06,12221.674
2026-04-30 00:00:00+00:00,83.06,84.01,83.06,83.81,44902.7806
2026-04-30 01:00:00+00:00,83.81,84.02,83.67,83.76,14020.6053
2026-04-30 02:00:00+00:00,83.76,83.97,82.71,83.0,18735.024
2026-04-30 03:00:00+00:00,83.0,83.24,82.87,83.06,6847.4245
2026-04-30 04:00:00+00:00,83.06,83.09,82.37,82.4,7963.0646
2026-04-30 05:00:00+00:00,82.4,82.79,82.18,82.57,9069.3881
2026-04-30 06:00:00+00:00,82.57,83.06,82.54,82.93,7226.2587
2026-04-30 07:00:00+00:00,82.93,83.4,82.9,83.36,20660.141
2026-04-30 08:00:00+00:00,83.36,83.44,83.12,83.13,29875.6997
2026-04-30 09:00:00+00:00,83.13,83.57,83.07,83.15,19380.1886
2026-04-30 10:00:00+00:00,83.15,83.23,82.94,83.01,16443.7677
2026-04-30 11:00:00+00:00,83.01,83.38,82.8,83.01,16927.7927
2026-04-30 12:00:00+00:00,83.01,83.49,83.0,83.22,29218.1035
2026-04-30 13:00:00+00:00,83.22,83.57,82.88,83.21,18558.4225
2026-04-30 14:00:00+00:00,83.21,83.42,82.69,83.25,15201.1941
2026-04-30 15:00:00+00:00,83.25,83.85,83.03,83.36,19261.4135
2026-04-30 16:00:00+00:00,83.36,83.45,82.94,83.02,8106.6567
2026-04-30 17:00:00+00:00,83.02,83.15,82.88,83.04,6725.9302
2026-04-30 18:00:00+00:00,83.04,83.32,82.99,83.07,6573.7186
2026-04-30 19:00:00+00:00,83.07,83.3,83.02,83.05,8079.8598
2026-04-30 20:00:00+00:00,83.05,83.2,82.99,83.11,7958.6811
2026-04-30 21:00:00+00:00,83.11,83.15,82.85,82.88,6996.9473
2026-04-30 22:00:00+00:00,82.88,83.05,82.8,82.85,6211.8428
2026-04-30 23:00:00+00:00,82.85,83.1,82.85,83.1,3603.5495
2026-05-01 00:00:00+00:00,83.1,83.42,83.08,83.2,8061.9107
2026-05-01 01:00:00+00:00,83.2,83.7,83.2,83.62,8709.3642
2026-05-01 02:00:00+00:00,83.62,83.86,83.47,83.63,34541.6616
2026-05-01 03:00:00+00:00,83.63,84.41,83.58,83.92,44466.7444
2026-05-01 04:00:00+00:00,83.92,84.08,83.7,83.84,10065.5874
2026-05-01 05:00:00+00:00,83.84,84.27,83.77,84.06,16247.134
2026-05-01 06:00:00+00:00,84.06,84.2,83.71,83.87,9860.4066
2026-05-01 07:00:00+00:00,83.87,84.0,83.67,83.97,49275.8397
2026-05-01 08:00:00+00:00,83.97,84.31,83.8,84.2,20128.0018
2026-05-01 09:00:00+00:00,84.2,84.2,83.93,83.97,7704.6593
2026-05-01 10:00:00+00:00,83.97,84.1,83.72,83.97,7655.8612
2026-05-01 11:00:00+00:00,83.97,84.23,83.88,84.03,4369.0283
2026-05-01 12:00:00+00:00,84.03,84.59,83.93,84.28,17310.3563
2026-05-01 13:00:00+00:00,84.28,84.86,84.26,84.62,17937.4452
2026-05-01 14:00:00+00:00,84.62,84.73,83.88,84.21,23684.3562
2026-05-01 15:00:00+00:00,84.21,84.62,84.01,84.48,24918.4749
2026-05-01 16:00:00+00:00,84.48,84.64,83.99,84.02,18421.6026
2026-05-01 17:00:00+00:00,84.02,84.29,83.92,84.24,12220.8004
2026-05-01 18:00:00+00:00,84.24,84.32,83.98,84.0,11235.6034
2026-05-01 19:00:00+00:00,84.0,84.08,83.8,83.9,5308.5669
2026-05-01 20:00:00+00:00,83.9,83.94,83.33,83.49,11212.3721
2026-05-01 21:00:00+00:00,83.49,83.81,83.43,83.71,8115.9592
2026-05-01 22:00:00+00:00,83.71,83.9,83.58,83.76,5293.8057
2026-05-01 23:00:00+00:00,83.76,83.89,83.58,83.77,35955.5673
2026-05-02 00:00:00+00:00,83.77,83.88,83.46,83.84,17813.9872
2026-05-02 01:00:00+00:00,83.84,84.07,83.77,84.06,16924.1108
2026-05-02 02:00:00+00:00,84.06,84.2,83.87,83.94,18629.3871
2026-05-02 03:00:00+00:00,83.94,83.98,83.72,83.81,11640.2892
2026-05-02 04:00:00+00:00,83.81,83.83,83.58,83.65,5320.0098
2026-05-02 05:00:00+00:00,83.65,83.75,83.54,83.71,3420.3635
2026-05-02 06:00:00+00:00,83.71,83.85,83.58,83.82,4342.9808
2026-05-02 07:00:00+00:00,83.82,83.86,83.71,83.73,1796.5194
2026-05-02 08:00:00+00:00,83.73,83.89,83.64,83.85,2759.3973
2026-05-02 09:00:00+00:00,83.85,84.17,83.82,84.0,12830.2345
2026-05-02 10:00:00+00:00,84.0,84.02,83.87,83.93,6475.2651
2026-05-02 11:00:00+00:00,83.93,83.93,83.53,83.7,15365.2191
2026-05-02 12:00:00+00:00,83.7,84.11,83.68,83.86,35345.0354
2026-05-02 13:00:00+00:00,83.86,84.08,83.86,83.96,3549.1293
2026-05-02 14:00:00+00:00,83.96,84.09,83.91,83.97,5917.1054
2026-05-02 15:00:00+00:00,83.97,84.07,83.93,84.04,3755.9634
2026-05-02 16:00:00+00:00,84.04,84.28,84.02,84.19,9567.4434
2026-05-02 17:00:00+00:00,84.19,84.2,84.0,84.04,2823.8308
2026-05-02 18:00:00+00:00,84.04,84.21,83.94,84.18,3632.0969
2026-05-02 19:00:00+00:00,84.18,84.31,84.16,84.23,3077.6464
2026-05-02 20:00:00+00:00,84.23,84.24,84.09,84.2,2936.7727
2026-05-02 21:00:00+00:00,84.2,84.99,84.15,84.55,43025.4827
2026-05-02 22:00:00+00:00,84.55,84.65,84.06,84.48,22510.7022
2026-05-02 23:00:00+00:00,84.48,84.52,84.23,84.29,19531.9376
2026-05-03 00:00:00+00:00,84.29,84.34,83.84,84.1,31435.1277
2026-05-03 01:00:00+00:00,84.1,84.1,83.75,83.77,4951.2596
2026-05-03 02:00:00+00:00,83.77,83.83,83.62,83.69,13240.4863
2026-05-03 03:00:00+00:00,83.69,83.75,83.6,83.67,4285.0864
2026-05-03 04:00:00+00:00,83.67,83.75,83.58,83.7,2808.9866
2026-05-03 05:00:00+00:00,83.7,83.84,83.66,83.75,10822.1656
2026-05-03 06:00:00+00:00,83.75,83.87,83.59,83.75,4557.1972
2026-05-03 07:00:00+00:00,83.75,84.0,83.75,83.86,5197.5193
2026-05-03 08:00:00+00:00,83.86,84.01,83.81,83.88,4641.8404
2026-05-03 09:00:00+00:00,83.88,84.1,83.87,84.05,9159.6082
2026-05-03 10:00:00+00:00,84.05,84.05,83.8,83.81,4906.752
2026-05-03 11:00:00+00:00,83.81,84.19,83.73,83.94,11602.1052
2026-05-03 12:00:00+00:00,83.94,84.23,83.94,84.08,9578.7447
2026-05-03 13:00:00+00:00,84.08,84.21,83.98,84.09,6939.5608
2026-05-03 14:00:00+00:00,84.09,84.43,84.08,84.34,5912.6425
2026-05-03 15:00:00+00:00,84.34,84.42,84.11,84.15,4546.0828
2026-05-03 16:00:00+00:00,84.15,84.29,83.99,84.14,5966.8833
2026-05-03 17:00:00+00:00,84.14,84.32,83.99,84.18,4976.6693
2026-05-03 18:00:00+00:00,84.18,84.32,84.11,84.26,3042.8029
2026-05-03 19:00:00+00:00,84.26,84.5,84.25,84.37,3738.0419
2026-05-03 20:00:00+00:00,84.37,84.73,84.25,84.34,19772.7661
2026-05-03 21:00:00+00:00,84.34,84.47,83.86,84.14,19969.1521
2026-05-03 22:00:00+00:00,84.14,84.97,84.14,84.69,18216.5686
2026-05-03 23:00:00+00:00,84.69,84.79,83.87,83.91,13375.9492
2026-05-04 00:00:00+00:00,83.91,83.91,83.36,83.79,14120.2013
2026-05-04 01:00:00+00:00,83.79,84.93,83.44,84.78,29019.8535
2026-05-04 02:00:00+00:00,84.78,85.62,84.74,85.25,60711.133
2026-05-04 03:00:00+00:00,85.25,85.58,85.11,85.41,18805.4843
2026-05-04 04:00:00+00:00,85.41,85.9,85.38,85.76,20345.9388
2026-05-04 05:00:00+00:00,85.76,85.79,85.33,85.38,12636.0858
2026-05-04 06:00:00+00:00,85.38,85.41,84.5,84.86,29426.0332
2026-05-04 07:00:00+00:00,84.86,85.01,84.68,84.87,7160.8926
2026-05-04 08:00:00+00:00,84.87,84.91,84.62,84.76,16826.1383
2026-05-04 09:00:00+00:00,84.76,85.19,84.68,85.05,9863.9717
2026-05-04 10:00:00+00:00,85.05,85.07,83.27,84.05,60006.0009
2026-05-04 11:00:00+00:00,84.05,84.14,83.83,83.95,12512.597
2026-05-04 12:00:00+00:00,83.95,84.16,83.84,83.9,10560.0342
2026-05-04 13:00:00+00:00,83.9,84.35,83.59,83.99,14915.0113
2026-05-04 14:00:00+00:00,83.99,85.34,83.79,84.99,50809.1981
2026-05-04 15:00:00+00:00,84.99,85.18,83.96,84.49,42447.54
2026-05-04 16:00:00+00:00,84.49,84.8,83.98,84.5,22545.0422
2026-05-04 17:00:00+00:00,84.5,85.2,84.49,84.95,16070.9905
2026-05-04 18:00:00+00:00,84.95,85.05,84.59,84.76,22819.9578
2026-05-04 19:00:00+00:00,84.76,84.78,84.37,84.44,26394.31
2026-05-04 20:00:00+00:00,84.44,84.46,84.06,84.09,15565.4413
2026-05-04 21:00:00+00:00,84.09,84.52,84.08,84.44,7910.8626
2026-05-04 22:00:00+00:00,84.44,84.57,84.18,84.21,6022.1572
2026-05-04 23:00:00+00:00,84.21,84.24,84.02,84.1,5468.5513
2026-05-05 00:00:00+00:00,84.1,84.37,84.04,84.31,4871.7767
2026-05-05 01:00:00+00:00,84.31,84.48,84.14,84.42,6485.573
2026-05-05 02:00:00+00:00,84.42,84.8,84.36,84.51,5956.9427
2026-05-05 03:00:00+00:00,84.51,84.96,84.41,84.78,6401.5475
2026-05-05 04:00:00+00:00,84.78,84.91,84.6,84.79,13152.2996
2026-05-05 05:00:00+00:00,84.79,85.13,84.73,84.94,12906.7276
2026-05-05 06:00:00+00:00,84.94,85.0,84.56,84.99,16606.1084
2026-05-05 07:00:00+00:00,84.99,85.08,84.78,84.88,17940.401
2026-05-05 08:00:00+00:00,84.88,84.91,84.7,84.79,16276.4483
2026-05-05 09:00:00+00:00,84.79,84.79,84.45,84.56,7681.2573
2026-05-05 10:00:00+00:00,84.56,84.95,84.44,84.91,9739.9449
2026-05-05 11:00:00+00:00,84.91,85.0,84.71,84.98,6559.419
2026-05-05 12:00:00+00:00,84.98,85.37,84.9,85.31,11266.8753
2026-05-05 13:00:00+00:00,85.31,86.09,85.31,85.6,42186.546
2026-05-05 14:00:00+00:00,85.6,85.75,85.18,85.48,17330.857
2026-05-05 15:00:00+00:00,85.48,85.88,85.35,85.5,15287.891
2026-05-05 16:00:00+00:00,85.5,85.7,85.04,85.33,13526.4341
2026-05-05 17:00:00+00:00,85.33,85.53,85.12,85.46,13207.9671
2026-05-05 18:00:00+00:00,85.46,85.89,85.43,85.88,16982.6223
2026-05-05 19:00:00+00:00,85.88,86.56,85.83,86.5,50858.2493
2026-05-05 20:00:00+00:00,86.5,86.94,86.43,86.65,29499.0395
2026-05-05 21:00:00+00:00,86.65,86.94,86.28,86.73,28256.9223
2026-05-05 22:00:00+00:00,86.73,86.99,86.21,86.57,30026.8669
2026-05-05 23:00:00+00:00,86.57,86.69,86.17,86.31,11541.7957
2026-05-06 00:00:00+00:00,86.31,86.56,86.12,86.39,17819.92
2026-05-06 01:00:00+00:00,86.39,87.02,86.32,86.87,20883.3264
2026-05-06 02:00:00+00:00,86.87,86.93,86.39,86.89,18981.5626
2026-05-06 03:00:00+00:00,86.89,87.47,86.88,87.32,27458.5577
2026-05-06 04:00:00+00:00,87.32,87.42,86.67,86.81,21211.4593
2026-05-06 05:00:00+00:00,86.81,87.47,86.76,87.41,44511.1888
2026-05-06 06:00:00+00:00,87.41,87.56,87.18,87.5,24569.2055
2026-05-06 07:00:00+00:00,87.5,87.91,87.46,87.7,18784.0406
2026-05-06 08:00:00+00:00,87.7,89.21,87.65,89.04,52689.3745
2026-05-06 09:00:00+00:00,89.04,89.55,88.6,89.49,38887.4911
2026-05-06 10:00:00+00:00,89.49,89.69,89.2,89.4,28262.4435
2026-05-06 11:00:00+00:00,89.4,90.06,89.33,89.88,35288.8398
2026-05-06 12:00:00+00:00,89.88,89.97,89.5,89.67,28280.6817
2026-05-06 13:00:00+00:00,89.67,89.67,88.07,88.32,63928.1487
2026-05-06 14:00:00+00:00,88.32,88.84,87.47,88.4,62454.4385
2026-05-06 15:00:00+00:00,88.4,89.07,88.31,88.98,19548.2116
2026-05-06 16:00:00+00:00,88.98,89.53,88.6,89.18,22955.505
2026-05-06 17:00:00+00:00,89.18,89.44,88.55,88.84,28047.2864
2026-05-06 18:00:00+00:00,88.84,89.13,88.5,88.99,39188.9587
2026-05-06 19:00:00+00:00,88.99,89.32,88.88,89.25,13533.6777
2026-05-06 20:00:00+00:00,89.25,89.61,88.91,89.18,15162.349
2026-05-06 21:00:00+00:00,89.18,89.59,89.05,89.47,15148.1108
2026-05-06 22:00:00+00:00,89.47,89.55,89.02,89.09,7291.5671
2026-05-06 23:00:00+00:00,89.09,89.17,88.64,89.14,9202.8014
2026-05-07 00:00:00+00:00,89.14,89.26,88.21,88.32,14294.503
2026-05-07 01:00:00+00:00,88.32,88.52,87.88,88.3,18223.7236
2026-05-07 02:00:00+00:00,88.3,88.37,87.82,88.14,18994.134
2026-05-07 03:00:00+00:00,88.14,88.15,87.66,87.78,31861.4384
2026-05-07 04:00:00+00:00,87.78,88.39,87.71,88.38,16982.2558
2026-05-07 05:00:00+00:00,88.38,88.92,88.36,88.67,25497.2474
2026-05-07 06:00:00+00:00,88.67,89.29,88.24,89.26,52935.2666
2026-05-07 07:00:00+00:00,89.26,90.42,89.14,90.15,50720.4722
2026-05-07 08:00:00+00:00,90.15,90.25,89.48,89.58,32464.7934
2026-05-07 09:00:00+00:00,89.58,89.6,89.21,89.46,30038.1108
2026-05-07 10:00:00+00:00,89.46,89.54,88.76,89.18,25472.4215
2026-05-07 11:00:00+00:00,89.18,89.69,89.17,89.57,12123.1284
2026-05-07 12:00:00+00:00,89.57,90.1,89.53,89.77,29745.5705
2026-05-07 13:00:00+00:00,89.77,89.77,88.43,88.68,39358.6191
2026-05-07 14:00:00+00:00,88.68,88.93,87.86,88.16,44369.0312
2026-05-07 15:00:00+00:00,88.16,88.58,87.81,88.32,18314.883
2026-05-07 16:00:00+00:00,88.32,88.78,88.1,88.43,23824.6655
2026-05-07 17:00:00+00:00,88.43,88.86,87.96,88.81,14449.3292
2026-05-07 18:00:00+00:00,88.81,89.08,88.25,88.59,30319.418
2026-05-07 19:00:00+00:00,88.59,88.72,88.21,88.42,25291.1005
2026-05-07 20:00:00+00:00,88.42,88.85,88.02,88.05,21770.6772
2026-05-07 21:00:00+00:00,88.05,88.21,87.65,87.97,21436.2673
2026-05-07 22:00:00+00:00,87.97,88.22,87.69,88.09,16942.9953
2026-05-07 23:00:00+00:00,88.09,88.47,88.06,88.43,7227.4345
2026-05-08 00:00:00+00:00,88.43,88.65,88.1,88.29,8501.2685
2026-05-08 01:00:00+00:00,88.29,88.37,87.93,88.13,8286.309
2026-05-08 02:00:00+00:00,88.13,88.34,87.63,88.06,8902.6483
2026-05-08 03:00:00+00:00,88.06,88.37,87.64,88.24,10113.593
2026-05-08 04:00:00+00:00,88.24,88.38,88.03,88.18,11008.925
2026-05-08 05:00:00+00:00,88.18,88.43,88.04,88.04,7566.4024
2026-05-08 06:00:00+00:00,88.04,88.29,87.83,88.05,18566.7879
2026-05-08 07:00:00+00:00,88.05,88.24,87.66,88.23,15673.6084
2026-05-08 08:00:00+00:00,88.23,88.64,88.01,88.36,22178.9998
2026-05-08 09:00:00+00:00,88.36,88.72,88.23,88.43,11610.9057
2026-05-08 10:00:00+00:00,88.43,88.76,88.28,88.61,13707.3149
2026-05-08 11:00:00+00:00,88.61,88.72,88.47,88.64,13279.5163
2026-05-08 12:00:00+00:00,88.64,88.85,88.37,88.46,29895.7271
2026-05-08 13:00:00+00:00,88.46,88.56,88.0,88.34,18105.7287
2026-05-08 14:00:00+00:00,88.34,89.38,88.34,89.16,26664.4917
2026-05-08 15:00:00+00:00,89.16,89.6,88.43,89.59,33024.1254
2026-05-08 16:00:00+00:00,89.59,89.79,89.35,89.61,19710.6629
2026-05-08 17:00:00+00:00,89.61,91.95,89.57,91.65,85282.8438
2026-05-08 18:00:00+00:00,91.65,92.57,91.65,92.32,61666.8697
2026-05-08 19:00:00+00:00,92.32,92.79,92.05,92.59,58201.4792
2026-05-08 20:00:00+00:00,92.59,92.66,92.02,92.1,30981.8868
2026-05-08 21:00:00+00:00,92.1,92.38,91.74,92.3,29927.8727
2026-05-08 22:00:00+00:00,92.3,92.7,92.25,92.3,18006.0602
2026-05-08 23:00:00+00:00,92.3,92.3,91.75,92.03,16713.9095
2026-05-09 00:00:00+00:00,92.03,92.62,91.83,92.48,52358.1207
2026-05-09 01:00:00+00:00,92.48,93.82,92.43,93.49,65617.19
2026-05-09 02:00:00+00:00,93.49,93.78,93.27,93.49,29687.4204
2026-05-09 03:00:00+00:00,93.49,93.8,93.4,93.62,37340.9246
2026-05-09 04:00:00+00:00,93.62,94.15,93.1,93.22,38054.4443
2026-05-09 05:00:00+00:00,93.22,93.76,92.81,93.73,32411.7505
2026-05-09 06:00:00+00:00,93.73,94.11,93.2,93.52,46425.6488
2026-05-09 07:00:00+00:00,93.52,94.0,93.35,93.74,30996.6616
2026-05-09 08:00:00+00:00,93.74,93.95,93.67,93.7,21558.6169
2026-05-09 09:00:00+00:00,93.7,93.7,93.06,93.28,21074.5855
2026-05-09 10:00:00+00:00,93.28,93.59,93.1,93.37,11893.7863
2026-05-09 11:00:00+00:00,93.37,93.67,93.32,93.61,8906.2266
2026-05-09 12:00:00+00:00,93.61,93.73,93.26,93.45,10205.0762
2026-05-09 13:00:00+00:00,93.45,93.46,93.01,93.46,10370.5511
2026-05-09 14:00:00+00:00,93.46,93.46,92.77,92.89,14548.8831
2026-05-09 15:00:00+00:00,92.89,93.01,92.41,93.01,17602.3026
2026-05-09 16:00:00+00:00,93.01,93.31,92.7,92.76,28561.783
2026-05-09 17:00:00+00:00,92.76,93.48,92.76,93.21,13327.3678
2026-05-09 18:00:00+00:00,93.21,93.64,93.15,93.35,9159.9811
2026-05-09 19:00:00+00:00,93.35,93.58,93.21,93.5,10044.2635
2026-05-09 20:00:00+00:00,93.5,93.51,93.14,93.25,5175.6321
2026-05-09 21:00:00+00:00,93.25,93.55,93.24,93.48,8890.3734
2026-05-09 22:00:00+00:00,93.48,93.5,93.21,93.33,9185.3784
2026-05-09 23:00:00+00:00,93.33,93.48,93.04,93.13,8807.9408
2026-05-10 00:00:00+00:00,93.13,93.34,92.92,93.02,9395.2341
2026-05-10 01:00:00+00:00,93.02,93.03,92.5,92.95,30628.5875
2026-05-10 02:00:00+00:00,92.95,93.1,92.8,93.0,17104.8884
2026-05-10 03:00:00+00:00,93.0,93.46,92.98,93.38,36198.7616
2026-05-10 04:00:00+00:00,93.38,93.48,93.21,93.33,10684.6694
2026-05-10 05:00:00+00:00,93.33,93.47,93.21,93.3,10578.4774
2026-05-10 06:00:00+00:00,93.3,93.44,93.23,93.39,14868.7517
2026-05-10 07:00:00+00:00,93.39,93.61,93.34,93.42,10832.0691
2026-05-10 08:00:00+00:00,93.42,94.05,93.39,94.04,19165.3303
2026-05-10 09:00:00+00:00,94.04,94.81,94.04,94.27,49800.3763
2026-05-10 10:00:00+00:00,94.27,94.36,93.58,93.83,58055.2461
2026-05-10 11:00:00+00:00,93.83,93.99,92.9,93.53,50973.0966
2026-05-10 12:00:00+00:00,93.53,93.61,93.19,93.31,10777.991
2026-05-10 13:00:00+00:00,93.31,93.95,93.24,93.77,30891.7407
2026-05-10 14:00:00+00:00,93.77,94.14,93.69,93.89,13074.382
2026-05-10 15:00:00+00:00,93.89,94.75,93.89,94.53,24412.805
2026-05-10 16:00:00+00:00,94.53,95.0,94.17,94.81,32981.8602
2026-05-10 17:00:00+00:00,94.81,96.5,94.81,96.5,76412.9295
2026-05-10 18:00:00+00:00,96.5,96.89,96.13,96.43,40470.0711
2026-05-10 19:00:00+00:00,96.43,96.86,95.69,96.47,37660.6312
2026-05-10 20:00:00+00:00,96.47,96.6,93.43,94.51,72645.1747
2026-05-10 21:00:00+00:00,94.51,95.6,94.45,95.08,30952.1752
2026-05-10 22:00:00+00:00,95.08,96.38,94.9,96.24,29846.8729
2026-05-10 23:00:00+00:00,96.24,96.86,96.0,96.46,41941.0197
2026-05-11 00:00:00+00:00,96.46,96.68,95.37,95.8,77845.5187
2026-05-11 01:00:00+00:00,95.8,96.41,95.35,96.07,28234.8127
2026-05-11 02:00:00+00:00,96.07,96.15,95.2,95.32,14964.0826
2026-05-11 03:00:00+00:00,95.32,95.36,94.49,94.78,24645.8818
2026-05-11 04:00:00+00:00,94.78,95.21,94.45,94.97,18976.8356
2026-05-11 05:00:00+00:00,94.97,95.88,94.96,95.72,19593.7158
2026-05-11 06:00:00+00:00,95.72,96.18,95.43,95.51,18192.1371
2026-05-11 07:00:00+00:00,95.51,95.58,95.17,95.34,14667.9299
2026-05-11 08:00:00+00:00,95.34,95.37,94.59,94.8,31844.3021
2026-05-11 09:00:00+00:00,94.8,95.37,94.77,95.31,14146.5293
2026-05-11 10:00:00+00:00,95.31,95.59,95.06,95.08,17311.5004
2026-05-11 11:00:00+00:00,95.08,95.52,94.92,95.28,15413.5174
2026-05-11 12:00:00+00:00,95.28,95.41,94.69,94.82,19206.695
2026-05-11 13:00:00+00:00,94.82,95.5,94.57,95.23,29891.497
2026-05-11 14:00:00+00:00,95.23,95.89,94.32,95.19,48128.6034
2026-05-11 15:00:00+00:00,95.19,96.81,94.9,96.8,52294.891
2026-05-11 16:00:00+00:00,96.8,97.98,96.5,97.34,89740.7465
2026-05-11 17:00:00+00:00,97.34,97.95,96.9,97.78,31177.9542
2026-05-11 18:00:00+00:00,97.78,98.08,97.26,97.3,36901.9846
2026-05-11 19:00:00+00:00,97.3,98.37,97.04,98.19,30910.9893
2026-05-11 20:00:00+00:00,98.19,98.39,97.6,97.64,19508.4142
2026-05-11 21:00:00+00:00,97.64,97.8,97.32,97.4,15279.1166
2026-05-11 22:00:00+00:00,97.4,97.84,97.36,97.63,13688.1495
2026-05-11 23:00:00+00:00,97.63,97.63,97.09,97.35,17408.938
2026-05-12 00:00:00+00:00,97.35,97.66,97.16,97.51,9804.8417
2026-05-12 01:00:00+00:00,97.51,97.65,95.55,96.27,33689.0177
2026-05-12 02:00:00+00:00,96.27,96.7,96.15,96.54,13104.2492
2026-05-12 03:00:00+00:00,96.54,96.64,96.04,96.14,15269.3553
2026-05-12 04:00:00+00:00,96.14,96.5,96.07,96.35,11770.6552
2026-05-12 05:00:00+00:00,96.35,96.78,96.24,96.58,10161.9955
2026-05-12 06:00:00+00:00,96.58,97.0,96.15,96.19,10944.7919
2026-05-12 07:00:00+00:00,96.19,96.31,95.82,96.04,11308.807
2026-05-12 08:00:00+00:00,96.04,96.14,95.41,95.65,49948.2208
2026-05-12 09:00:00+00:00,95.65,96.06,95.32,95.8,38613.7541
2026-05-12 10:00:00+00:00,95.8,95.99,94.94,95.02,44553.3688
2026-05-12 11:00:00+00:00,95.02,95.08,94.61,94.99,19065.2971
2026-05-12 12:00:00+00:00,94.99,95.57,94.4,95.23,30185.7819
2026-05-12 13:00:00+00:00,95.23,95.4,94.56,94.68,18082.5301
2026-05-12 14:00:00+00:00,94.68,95.24,94.4,94.56,19770.1356
2026-05-12 15:00:00+00:00,94.56,94.8,93.62,93.86,56286.4555
2026-05-12 16:00:00+00:00,93.86,94.31,93.61,93.83,20132.4344
2026-05-12 17:00:00+00:00,93.83,94.68,93.83,94.52,14219.1529
2026-05-12 18:00:00+00:00,94.52,94.81,94.36,94.55,21506.7343
2026-05-12 19:00:00+00:00,94.55,95.0,94.55,94.92,22401.9404
2026-05-12 20:00:00+00:00,94.92,94.99,94.62,94.74,7048.5723
2026-05-12 21:00:00+00:00,94.74,94.86,94.51,94.67,5835.7257
2026-05-12 22:00:00+00:00,94.67,95.03,94.64,94.66,5666.1152
2026-05-12 23:00:00+00:00,94.66,94.76,94.24,94.3,6586.2901
2026-05-13 00:00:00+00:00,94.3,94.64,94.05,94.49,6776.5926
2026-05-13 01:00:00+00:00,94.49,95.44,94.48,95.19,11231.7635
2026-05-13 02:00:00+00:00,95.19,95.59,95.02,95.25,12174.8228
2026-05-13 03:00:00+00:00,95.25,95.57,95.08,95.57,3829.3445
2026-05-13 04:00:00+00:00,95.57,96.0,95.45,95.5,27943.414
2026-05-13 05:00:00+00:00,95.5,95.52,95.08,95.26,45363.4331
2026-05-13 06:00:00+00:00,95.26,95.71,95.12,95.13,27044.6505
2026-05-13 07:00:00+00:00,95.13,95.31,94.88,95.13,9723.2017
2026-05-13 08:00:00+00:00,95.13,95.77,94.99,95.58,13338.9229
2026-05-13 09:00:00+00:00,95.58,95.89,95.57,95.72,11090.9352
2026-05-13 10:00:00+00:00,95.72,95.78,94.75,94.8,12175.5716
2026-05-13 11:00:00+00:00,94.8,94.84,94.24,94.32,32787.4782
2026-05-13 12:00:00+00:00,94.32,94.64,92.24,93.16,82979.1485
2026-05-13 13:00:00+00:00,93.16,93.45,91.95,92.28,62348.0459
2026-05-13 14:00:00+00:00,92.28,92.33,91.37,91.78,70101.6898
2026-05-13 15:00:00+00:00,91.78,91.95,90.29,90.44,56197.1143
2026-05-13 16:00:00+00:00,90.44,91.28,90.42,90.88,31569.2942
2026-05-13 17:00:00+00:00,90.88,91.14,90.73,90.91,25433.5895
2026-05-13 18:00:00+00:00,90.91,91.42,90.79,90.94,12622.1008
2026-05-13 19:00:00+00:00,90.94,91.05,90.5,90.98,15198.8415
2026-05-13 20:00:00+00:00,90.98,91.36,90.94,91.25,13147.2242
2026-05-13 21:00:00+00:00,91.25,91.28,90.75,90.9,10938.9963
2026-05-13 22:00:00+00:00,90.9,91.29,90.65,91.18,21308.1853
2026-05-13 23:00:00+00:00,91.18,91.36,91.05,91.16,8645.167
2026-05-14 00:00:00+00:00,91.16,91.43,91.07,91.21,27533.1764
2026-05-14 01:00:00+00:00,91.21,91.34,90.99,91.15,8474.048
2026-05-14 02:00:00+00:00,91.15,91.25,90.45,90.59,8760.4908
2026-05-14 03:00:00+00:00,90.59,90.78,89.81,89.93,29185.6777
2026-05-14 04:00:00+00:00,89.93,90.62,89.87,90.48,9631.8658
2026-05-14 05:00:00+00:00,90.48,91.46,90.41,91.27,18098.9604
2026-05-14 06:00:00+00:00,91.27,91.51,91.15,91.41,17308.5505
2026-05-14 07:00:00+00:00,91.41,91.71,90.69,90.88,38809.9506
2026-05-14 08:00:00+00:00,90.88,91.31,90.69,91.07,16604.9416
2026-05-14 09:00:00+00:00,91.07,91.16,90.6,90.87,6818.6507
2026-05-14 10:00:00+00:00,90.87,91.14,90.67,91.05,8216.4325
2026-05-14 11:00:00+00:00,91.05,91.11,90.62,90.64,6311.0825
2026-05-14 12:00:00+00:00,90.64,91.28,90.54,91.22,9938.5025
2026-05-14 13:00:00+00:00,91.22,91.48,90.73,90.78,19741.6075
2026-05-14 14:00:00+00:00,90.78,92.32,90.63,92.26,32048.8506
2026-05-14 15:00:00+00:00,92.26,93.22,91.94,93.14,32603.7809
2026-05-14 16:00:00+00:00,93.14,93.66,92.33,93.32,35044.0428
2026-05-14 17:00:00+00:00,93.32,93.57,92.3,93.01,50597.3375
2026-05-14 18:00:00+00:00,93.01,93.63,92.69,93.43,24228.3189
2026-05-14 19:00:00+00:00,93.43,93.62,92.79,92.9,21623.8528
2026-05-14 20:00:00+00:00,92.9,92.99,92.36,92.73,18654.0151
2026-05-14 21:00:00+00:00,92.73,92.94,92.55,92.7,9301.7504
2026-05-14 22:00:00+00:00,92.7,92.92,92.61,92.66,8712.3784
2026-05-14 23:00:00+00:00,92.66,92.66,92.14,92.17,9833.176
2026-05-15 00:00:00+00:00,92.17,92.65,92.1,92.43,31254.8473
2026-05-15 01:00:00+00:00,92.43,92.54,91.7,91.75,17576.6212
2026-05-15 02:00:00+00:00,91.75,92.44,91.41,92.36,63170.509
2026-05-15 03:00:00+00:00,92.36,92.48,91.86,92.05,10308.8197
2026-05-15 04:00:00+00:00,92.05,92.06,91.27,91.28,10297.0673
2026-05-15 05:00:00+00:00,91.28,91.53,90.27,90.61,29112.7148
2026-05-15 06:00:00+00:00,90.61,91.09,90.49,91.01,23748.3514
2026-05-15 07:00:00+00:00,91.01,91.72,90.93,91.58,63975.1782
2026-05-15 08:00:00+00:00,91.58,91.75,90.95,91.27,31629.1987
2026-05-15 09:00:00+00:00,91.27,91.32,90.91,91.17,26977.012
2026-05-15 10:00:00+00:00,91.17,91.57,90.99,91.46,8561.0244
2026-05-15 11:00:00+00:00,91.46,91.54,91.17,91.26,7344.9173
2026-05-15 12:00:00+00:00,91.26,91.27,90.56,90.67,15168.0583
2026-05-15 13:00:00+00:00,90.67,90.67,88.69,88.9,55592.9496
2026-05-15 14:00:00+00:00,88.9,89.55,88.54,89.05,33637.8325
2026-05-15 15:00:00+00:00,89.05,89.3,88.7,89.05,17043.5914
2026-05-15 16:00:00+00:00,89.05,89.7,88.81,89.52,25221.1585
2026-05-15 17:00:00+00:00,89.52,89.92,89.49,89.83,10270.1825
2026-05-15 18:00:00+00:00,89.83,90.09,89.48,89.79,12754.6942
2026-05-15 19:00:00+00:00,89.79,89.81,89.35,89.43,7148.7956
2026-05-15 20:00:00+00:00,89.43,89.52,89.08,89.28,9011.2625
2026-05-15 21:00:00+00:00,89.28,89.43,88.99,89.05,7248.9805
2026-05-15 22:00:00+00:00,89.05,89.36,89.05,89.33,2409.1236
2026-05-15 23:00:00+00:00,89.33,89.39,89.2,89.24,4660.5275
2026-05-16 00:00:00+00:00,89.24,89.44,89.15,89.23,4917.5518
2026-05-16 01:00:00+00:00,89.23,89.34,88.95,89.28,5525.6439
2026-05-16 02:00:00+00:00,89.28,89.38,88.97,89.18,7724.1561
2026-05-16 03:00:00+00:00,89.18,89.27,88.99,89.05,3060.2075
2026-05-16 04:00:00+00:00,89.05,89.08,88.18,88.85,30898.363
2026-05-16 05:00:00+00:00,88.85,88.92,88.3,88.58,29109.057
2026-05-16 06:00:00+00:00,88.58,88.67,87.82,88.02,15980.5793
2026-05-16 07:00:00+00:00,88.02,88.03,86.74,87.47,40783.7026
2026-05-16 08:00:00+00:00,87.47,87.65,87.38,87.49,11305.0895
2026-05-16 09:00:00+00:00,87.49,87.52,85.78,86.05,79109.0993
2026-05-16 10:00:00+00:00,86.05,86.15,85.52,86.01,20276.8976
2026-05-16 11:00:00+00:00,86.01,86.33,86.01,86.11,10226.6178
2026-05-16 12:00:00+00:00,86.11,86.43,86.01,86.25,14222.4507
2026-05-16 13:00:00+00:00,86.25,86.35,86.11,86.25,6383.6903
2026-05-16 14:00:00+00:00,86.25,86.71,86.07,86.38,17400.5393
2026-05-16 15:00:00+00:00,86.38,86.67,86.27,86.49,9823.8501
2026-05-16 16:00:00+00:00,86.49,86.78,86.37,86.63,13346.8923
2026-05-16 17:00:00+00:00,86.63,86.95,86.61,86.8,5830.4089
2026-05-16 18:00:00+00:00,86.8,86.99,86.62,86.81,7016.2432
2026-05-16 19:00:00+00:00,86.81,86.86,86.66,86.7,4159.8033
2026-05-16 20:00:00+00:00,86.7,86.94,86.67,86.67,4976.9881
2026-05-16 21:00:00+00:00,86.67,86.78,86.48,86.58,5450.7693
2026-05-16 22:00:00+00:00,86.58,86.7,86.45,86.54,3447.743
2026-05-16 23:00:00+00:00,86.54,86.7,86.48,86.54,2240.5638
2026-05-17 00:00:00+00:00,86.54,86.73,85.95,86.13,34684.2187
2026-05-17 01:00:00+00:00,86.13,86.34,85.58,85.75,25052.0691
2026-05-17 02:00:00+00:00,85.75,86.23,85.74,85.99,20409.5846
2026-05-17 03:00:00+00:00,85.99,86.62,85.99,86.51,7520.984
2026-05-17 04:00:00+00:00,86.51,86.97,86.47,86.86,10294.8029
2026-05-17 05:00:00+00:00,86.86,87.29,86.86,86.91,15127.4837
2026-05-17 06:00:00+00:00,86.91,87.03,86.74,86.86,18742.1554
2026-05-17 07:00:00+00:00,86.86,87.11,86.79,87.0,6136.3657
2026-05-17 08:00:00+00:00,87.0,87.04,86.61,86.84,6496.5286
2026-05-17 09:00:00+00:00,86.84,87.0,86.72,86.89,14962.6023
2026-05-17 10:00:00+00:00,86.89,87.28,86.82,86.99,24193.5768
2026-05-17 11:00:00+00:00,86.99,87.03,86.79,86.9,9482.1529
2026-05-17 12:00:00+00:00,86.9,87.02,86.72,86.78,4064.2697
2026-05-17 13:00:00+00:00,86.78,86.79,86.31,86.4,10464.0658
2026-05-17 14:00:00+00:00,86.4,86.46,85.95,86.31,9489.1734
2026-05-17 15:00:00+00:00,86.31,86.5,86.17,86.46,14653.5938
2026-05-17 16:00:00+00:00,86.46,86.68,86.1,86.31,16678.7168
2026-05-17 17:00:00+00:00,86.31,86.41,86.0,86.24,6917.9756
2026-05-17 18:00:00+00:00,86.24,86.44,86.02,86.42,12828.7703
2026-05-17 19:00:00+00:00,86.42,86.93,86.42,86.79,10041.4476
2026-05-17 20:00:00+00:00,86.79,86.89,86.55,86.69,18923.0626
2026-05-17 21:00:00+00:00,86.69,86.97,86.59,86.93,9476.959
2026-05-17 22:00:00+00:00,86.93,86.93,86.0,86.23,9762.1303
2026-05-17 23:00:00+00:00,86.23,86.23,83.4,85.23,102177.2756
2026-05-18 00:00:00+00:00,85.23,85.35,84.4,85.35,46967.5012
2026-05-18 01:00:00+00:00,85.35,85.48,84.54,84.98,27331.0478
2026-05-18 02:00:00+00:00,84.98,85.36,84.72,84.88,10109.7656
2026-05-18 03:00:00+00:00,84.88,85.25,84.72,84.85,8255.4516
2026-05-18 04:00:00+00:00,84.85,85.3,84.59,85.26,15224.8663
2026-05-18 05:00:00+00:00,85.26,85.37,84.65,84.87,38113.923
2026-05-18 06:00:00+00:00,84.87,84.97,84.26,84.74,37637.7851
2026-05-18 07:00:00+00:00,84.74,85.01,84.4,84.75,11052.1922
2026-05-18 08:00:00+00:00,84.75,85.01,84.61,84.91,14880.2512
2026-05-18 09:00:00+00:00,84.91,84.94,84.46,84.48,19799.1765
2026-05-18 10:00:00+00:00,84.48,84.51,84.22,84.27,14686.1855
2026-05-18 11:00:00+00:00,84.27,85.32,84.08,84.97,17582.9747
2026-05-18 12:00:00+00:00,84.97,85.8,84.97,85.56,30865.6023
2026-05-18 13:00:00+00:00,85.56,85.57,84.32,84.69,33896.0681
2026-05-18 14:00:00+00:00,84.69,84.69,83.72,83.98,46889.433
2026-05-18 15:00:00+00:00,83.98,84.39,83.6,84.18,21712.4429
2026-05-18 16:00:00+00:00,84.18,84.5,83.98,84.32,17755.1017
2026-05-18 17:00:00+00:00,84.32,84.7,84.25,84.41,15482.454
2026-05-18 18:00:00+00:00,84.41,84.43,83.49,83.53,19085.7178
2026-05-18 19:00:00+00:00,83.53,85.25,83.51,85.01,59372.726
2026-05-18 20:00:00+00:00,85.01,85.45,84.84,84.93,36105.1586
2026-05-18 21:00:00+00:00,84.93,85.68,84.8,85.59,20227.0127
2026-05-18 22:00:00+00:00,85.59,85.78,85.28,85.46,15274.1442
2026-05-18 23:00:00+00:00,85.46,85.64,85.27,85.37,6607.7193
2026-05-19 00:00:00+00:00,85.37,85.96,85.32,85.57,8791.8977
2026-05-19 01:00:00+00:00,85.57,85.6,84.91,84.91,7174.9888
2026-05-19 02:00:00+00:00,84.91,85.28,84.61,84.86,17256.676
2026-05-19 03:00:00+00:00,84.86,85.23,84.73,85.07,4572.9571
2026-05-19 04:00:00+00:00,85.07,85.31,84.79,85.16,8804.3954
2026-05-19 05:00:00+00:00,85.16,85.29,84.48,85.18,20014.9327
2026-05-19 06:00:00+00:00,85.18,85.6,85.11,85.27,18127.77
2026-05-19 07:00:00+00:00,85.27,85.63,85.14,85.49,11510.8459
2026-05-19 08:00:00+00:00,85.49,85.6,85.04,85.24,45160.6982
2026-05-19 09:00:00+00:00,85.24,85.3,84.48,84.76,32233.356
2026-05-19 10:00:00+00:00,84.76,84.87,84.3,84.71,18163.2148
2026-05-19 11:00:00+00:00,84.71,84.82,84.27,84.38,22850.06
2026-05-19 12:00:00+00:00,84.38,84.79,84.28,84.78,6826.3656
2026-05-19 13:00:00+00:00,84.78,85.09,84.38,84.79,17073.8119
2026-05-19 14:00:00+00:00,84.79,84.95,83.67,84.1,19774.3555
2026-05-19 15:00:00+00:00,84.1,84.6,84.03,84.37,8866.8122
2026-05-19 16:00:00+00:00,84.37,84.91,84.14,84.84,8018.1051
2026-05-19 17:00:00+00:00,84.84,85.04,84.46,84.68,7908.6023
2026-05-19 18:00:00+00:00,84.68,84.81,84.17,84.37,15479.7489
2026-05-19 19:00:00+00:00,84.37,84.74,84.22,84.35,7533.2752
2026-05-19 20:00:00+00:00,84.35,84.6,84.31,84.52,17408.6669
2026-05-19 21:00:00+00:00,84.52,84.68,84.39,84.45,9181.4036
2026-05-19 22:00:00+00:00,84.45,84.45,84.01,84.12,7525.6257
2026-05-19 23:00:00+00:00,84.12,84.6,84.04,84.31,5177.7696
2026-05-20 00:00:00+00:00,84.31,84.41,83.93,84.23,6598.4959
2026-05-20 01:00:00+00:00,84.23,84.54,83.85,84.37,6900.2378
2026-05-20 02:00:00+00:00,84.37,84.48,83.92,83.99,6812.1999
2026-05-20 03:00:00+00:00,83.99,84.29,83.84,84.09,4311.5305
2026-05-20 04:00:00+00:00,84.09,84.22,83.86,84.21,3616.057
2026-05-20 05:00:00+00:00,84.21,84.95,84.21,84.77,14113.8232
2026-05-20 06:00:00+00:00,84.77,85.03,84.72,84.98,6958.9767
2026-05-20 07:00:00+00:00,84.98,85.12,84.69,84.76,11210.5363
2026-05-20 08:00:00+00:00,84.76,85.19,84.71,84.99,15850.1189
2026-05-20 09:00:00+00:00,84.99,85.08,84.84,84.88,9934.1614
2026-05-20 10:00:00+00:00,84.88,85.21,84.88,84.98,6623.6507
2026-05-20 11:00:00+00:00,84.98,85.05,84.59,84.7,6246.7796
2026-05-20 12:00:00+00:00,84.7,85.33,84.62,85.1,12279.4682
2026-05-20 13:00:00+00:00,85.1,85.16,84.17,84.67,22492.2906
2026-05-20 14:00:00+00:00,84.67,86.13,84.33,85.86,57269.5743
2026-05-20 15:00:00+00:00,85.86,86.28,85.42,85.9,61229.7005
2026-05-20 16:00:00+00:00,85.9,86.83,85.53,86.49,67705.0645
2026-05-20 17:00:00+00:00,86.49,87.07,86.3,86.52,29874.8579
2026-05-20 18:00:00+00:00,86.52,86.58,85.68,85.83,34892.6213
2026-05-20 19:00:00+00:00,85.83,86.32,85.63,86.17,18402.996
2026-05-20 20:00:00+00:00,86.17,86.24,85.55,86.18,16837.5668
2026-05-20 21:00:00+00:00,86.18,86.34,85.97,85.98,15771.413
2026-05-20 22:00:00+00:00,85.98,86.22,85.61,86.02,23250.2476
2026-05-20 23:00:00+00:00,86.02,86.17,85.85,86.16,5385.8053
2026-05-21 00:00:00+00:00,86.16,86.83,86.1,86.63,8329.5478
2026-05-21 01:00:00+00:00,86.63,87.03,86.44,86.55,12970.8493
2026-05-21 02:00:00+00:00,86.55,86.89,86.44,86.62,7769.3146
2026-05-21 03:00:00+00:00,86.62,86.92,86.54,86.84,11682.1142
2026-05-21 04:00:00+00:00,86.84,87.21,86.75,86.99,35278.656
2026-05-21 05:00:00+00:00,86.99,87.11,86.36,86.5,15229.9251
2026-05-21 06:00:00+00:00,86.5,86.59,86.21,86.31,13060.3197
2026-05-21 07:00:00+00:00,86.31,86.72,86.26,86.63,13781.4701
2026-05-21 08:00:00+00:00,86.63,87.21,86.62,86.86,21646.5271
2026-05-21 09:00:00+00:00,86.86,87.07,86.46,86.5,10494.5632
2026-05-21 10:00:00+00:00,86.5,86.67,85.72,85.74,25303.829
2026-05-21 11:00:00+00:00,85.74,85.94,85.58,85.6,13281.8705
2026-05-21 12:00:00+00:00,85.6,85.86,85.43,85.77,17220.9558
2026-05-21 13:00:00+00:00,85.77,86.12,85.31,86.08,22484.2956
2026-05-21 14:00:00+00:00,86.08,86.5,85.61,86.0,40088.6921
2026-05-21 15:00:00+00:00,86.0,86.89,85.9,86.46,43750.6019
2026-05-21 16:00:00+00:00,86.46,86.6,86.04,86.28,14524.5529
2026-05-21 17:00:00+00:00,86.28,88.0,86.19,87.61,145272.1644
2026-05-21 18:00:00+00:00,87.61,87.8,86.79,87.1,32813.1807
2026-05-21 19:00:00+00:00,87.1,87.92,87.07,87.83,18513.1978
2026-05-21 20:00:00+00:00,87.83,87.92,87.51,87.57,9196.7016
2026-05-21 21:00:00+00:00,87.57,87.7,87.33,87.36,11701.2653
2026-05-21 22:00:00+00:00,87.36,87.51,87.13,87.2,7397.8162
2026-05-21 23:00:00+00:00,87.2,87.38,87.01,87.34,7538.5808
2026-05-22 00:00:00+00:00,87.34,87.35,86.83,86.84,5557.0255
2026-05-22 01:00:00+00:00,86.84,87.1,86.6,87.05,4795.2421
2026-05-22 02:00:00+00:00,87.05,87.25,86.99,87.17,8068.7846
2026-05-22 03:00:00+00:00,87.17,87.32,86.93,87.04,3525.0479
2026-05-22 04:00:00+00:00,87.04,87.38,86.93,86.99,4964.9608
2026-05-22 05:00:00+00:00,86.99,87.15,86.74,86.82,6517.7532
2026-05-22 06:00:00+00:00,86.82,86.86,86.52,86.72,11241.0895
2026-05-22 07:00:00+00:00,86.72,87.17,86.55,86.99,25388.8357
2026-05-22 08:00:00+00:00,86.99,87.53,86.88,87.15,21081.2599
2026-05-22 09:00:00+00:00,87.15,87.41,87.05,87.27,13147.0458
2026-05-22 10:00:00+00:00,87.27,87.28,86.89,87.01,5945.4762
2026-05-22 11:00:00+00:00,87.01,87.35,86.72,87.34,8121.4373
2026-05-22 12:00:00+00:00,87.34,87.8,87.26,87.78,32026.6788
2026-05-22 13:00:00+00:00,87.78,87.88,87.11,87.42,29002.6741
2026-05-22 14:00:00+00:00,87.42,87.42,86.38,86.63,46870.9103
2026-05-22 15:00:00+00:00,86.63,87.01,86.27,86.78,24990.9841
2026-05-22 16:00:00+00:00,86.78,87.04,86.67,86.93,8201.0504
2026-05-22 17:00:00+00:00,86.93,87.19,86.51,86.66,28341.3718
2026-05-22 18:00:00+00:00,86.66,86.71,84.62,85.46,83673.9776
2026-05-22 19:00:00+00:00,85.46,85.64,83.99,84.54,157242.5545
2026-05-22 20:00:00+00:00,84.54,85.08,84.54,84.99,37953.5661
2026-05-22 21:00:00+00:00,84.99,85.3,84.94,85.17,13988.7435
2026-05-22 22:00:00+00:00,85.17,85.22,84.76,84.96,12692.4176
2026-05-22 23:00:00+00:00,84.96,85.14,84.01,84.4,41763.0921
2026-05-23 00:00:00+00:00,84.4,84.56,84.06,84.43,19966.7009
2026-05-23 01:00:00+00:00,84.43,84.66,84.31,84.51,6401.2249
2026-05-23 02:00:00+00:00,84.51,84.6,84.21,84.54,16720.2233
2026-05-23 03:00:00+00:00,84.54,84.75,84.49,84.68,3444.7035
2026-05-23 04:00:00+00:00,84.68,84.71,84.33,84.41,5443.1038
2026-05-23 05:00:00+00:00,84.41,84.48,84.16,84.47,8735.6279
2026-05-23 06:00:00+00:00,84.47,84.5,84.18,84.26,9884.2894
2026-05-23 07:00:00+00:00,84.26,84.32,81.43,82.24,200869.8265
2026-05-23 08:00:00+00:00,82.24,82.37,81.71,82.14,60187.2126
2026-05-23 09:00:00+00:00,82.14,82.29,81.98,82.0,23837.3386
2026-05-23 10:00:00+00:00,82.0,82.39,82.0,82.24,13805.6799
2026-05-23 11:00:00+00:00,82.24,82.47,82.21,82.29,13706.8924
2026-05-23 12:00:00+00:00,82.29,82.55,82.14,82.48,13096.933
2026-05-23 13:00:00+00:00,82.48,83.5,82.47,83.22,39450.0292
2026-05-23 14:00:00+00:00,83.22,84.47,83.1,84.13,30286.1631
2026-05-23 15:00:00+00:00,84.13,84.53,83.63,84.08,54954.348
2026-05-23 16:00:00+00:00,84.08,84.31,83.94,84.1,35469.5956
2026-05-23 17:00:00+00:00,84.1,84.37,83.99,84.22,10395.6777
2026-05-23 18:00:00+00:00,84.22,85.16,84.18,84.69,62657.358
2026-05-23 19:00:00+00:00,84.69,85.11,84.61,84.95,15144.5136
2026-05-23 20:00:00+00:00,84.95,87.08,84.79,87.08,95564.5764
2026-05-23 21:00:00+00:00,87.08,87.5,85.96,86.28,59153.1237
2026-05-23 22:00:00+00:00,86.28,86.6,85.53,85.82,27900.6622
2026-05-23 23:00:00+00:00,85.82,85.93,85.66,85.76,17537.3323
2026-05-24 00:00:00+00:00,85.76,86.02,85.61,85.89,9887.6277
2026-05-24 01:00:00+00:00,85.89,86.22,85.87,86.02,14319.8724
2026-05-24 02:00:00+00:00,86.02,86.11,85.72,85.96,7968.0204
2026-05-24 03:00:00+00:00,85.96,86.12,85.62,85.8,5396.3508
2026-05-24 04:00:00+00:00,85.8,86.1,85.77,85.92,20393.6106
2026-05-24 05:00:00+00:00,85.92,86.16,85.57,86.15,12828.5551
2026-05-24 06:00:00+00:00,86.15,86.47,85.93,86.45,12857.7742
2026-05-24 07:00:00+00:00,86.45,86.71,86.01,86.08,21048.6449
2026-05-24 08:00:00+00:00,86.08,86.51,86.01,86.51,14657.3817
2026-05-24 09:00:00+00:00,86.51,87.05,86.4,86.54,37782.1985
2026-05-24 10:00:00+00:00,86.54,86.74,86.25,86.49,28400.1751
2026-05-24 11:00:00+00:00,86.49,86.93,86.38,86.66,28431.8901
2026-05-24 12:00:00+00:00,86.66,86.68,86.17,86.36,13331.9276
2026-05-24 13:00:00+00:00,86.36,86.45,85.73,85.92,18154.7441
2026-05-24 14:00:00+00:00,85.92,86.01,84.46,85.26,65293.6674
2026-05-24 15:00:00+00:00,85.26,85.48,85.13,85.31,9814.0327
2026-05-24 16:00:00+00:00,85.31,85.9,85.17,85.64,22406.0926
2026-05-24 17:00:00+00:00,85.64,85.8,85.5,85.66,5412.8021
2026-05-24 18:00:00+00:00,85.66,85.68,85.27,85.4,10124.0713
2026-05-24 19:00:00+00:00,85.4,85.52,85.23,85.37,5651.5271
2026-05-24 20:00:00+00:00,85.37,85.43,84.58,84.78,35458.2241
2026-05-24 21:00:00+00:00,84.78,84.98,83.69,83.96,49188.7472
2026-05-24 22:00:00+00:00,83.96,85.33,83.96,84.99,29025.3718
2026-05-24 23:00:00+00:00,84.99,85.52,84.98,85.26,14219.4643
2026-05-25 00:00:00+00:00,85.26,85.65,85.24,85.48,16177.6395
2026-05-25 01:00:00+00:00,85.48,85.59,84.82,84.84,14310.9469
2026-05-25 02:00:00+00:00,84.84,85.78,84.84,85.07,26392.567
2026-05-25 03:00:00+00:00,85.07,85.18,84.78,84.93,10921.4586
2026-05-25 04:00:00+00:00,84.93,85.92,84.93,85.84,18384.9569
2026-05-25 05:00:00+00:00,85.84,86.18,85.74,86.0,22758.5115
2026-05-25 06:00:00+00:00,86.0,86.2,85.64,85.99,11180.3085
2026-05-25 07:00:00+00:00,85.99,86.16,85.6,85.98,20920.3074
2026-05-25 08:00:00+00:00,85.98,86.1,85.76,86.03,9465.958
2026-05-25 09:00:00+00:00,86.03,86.23,85.91,85.93,13955.3315
2026-05-25 10:00:00+00:00,85.93,86.11,85.9,86.08,4516.8575
2026-05-25 11:00:00+00:00,86.08,86.14,85.69,85.75,21693.4019
2026-05-25 12:00:00+00:00,85.75,86.08,85.65,85.89,22027.2129
2026-05-25 13:00:00+00:00,85.89,86.04,85.77,86.01,5712.316
2026-05-25 14:00:00+00:00,86.01,86.45,85.94,86.34,11074.218
2026-05-25 15:00:00+00:00,86.34,86.54,86.05,86.24,12812.8711
2026-05-25 16:00:00+00:00,86.24,86.44,85.97,86.27,14759.188
2026-05-25 17:00:00+00:00,86.27,86.4,86.06,86.13,14202.792
2026-05-25 18:00:00+00:00,86.13,86.31,85.89,85.92,7171.1177
2026-05-25 19:00:00+00:00,85.92,85.95,85.54,85.65,10174.2782
2026-05-25 20:00:00+00:00,85.65,85.89,85.3,85.41,10014.6346
2026-05-25 21:00:00+00:00,85.41,85.57,85.29,85.39,5815.4423
2026-05-25 22:00:00+00:00,85.39,85.54,84.71,84.82,21342.544
2026-05-25 23:00:00+00:00,84.82,85.21,84.73,85.05,8844.5591
2026-05-26 00:00:00+00:00,85.05,85.09,83.92,84.41,28667.563
2026-05-26 01:00:00+00:00,84.41,84.56,83.86,84.1,13475.3918
2026-05-26 02:00:00+00:00,84.1,84.22,83.91,84.01,8341.7204
2026-05-26 03:00:00+00:00,84.01,84.26,83.84,84.21,19135.2806
2026-05-26 04:00:00+00:00,84.21,84.51,84.0,84.36,42591.7284
2026-05-26 05:00:00+00:00,84.36,84.97,84.25,84.65,12316.2388
2026-05-26 06:00:00+00:00,84.65,84.83,84.39,84.59,10486.3251
2026-05-26 07:00:00+00:00,84.59,84.63,84.1,84.36,9272.1394
2026-05-26 08:00:00+00:00,84.36,84.57,84.34,84.45,5307.5945
2026-05-26 09:00:00+00:00,84.45,84.7,84.3,84.48,15642.7934
2026-05-26 10:00:00+00:00,84.48,85.82,84.35,85.56,37624.1536
2026-05-26 11:00:00+00:00,85.56,85.65,85.21,85.23,13986.6703
2026-05-26 12:00:00+00:00,85.23,85.41,84.81,85.32,26967.4926
2026-05-26 13:00:00+00:00,85.32,85.76,84.69,85.52,26814.3471
2026-05-26 14:00:00+00:00,85.52,86.14,84.77,85.23,63342.0047
2026-05-26 15:00:00+00:00,85.23,85.35,84.03,84.5,36818.8582
2026-05-26 16:00:00+00:00,84.5,84.58,83.94,84.23,31227.1152
2026-05-26 17:00:00+00:00,84.23,84.4,83.15,83.59,54915.1912
2026-05-26 18:00:00+00:00,83.59,84.09,83.48,83.6,31861.6182
2026-05-26 19:00:00+00:00,83.6,84.0,83.35,83.78,13289.7698
2026-05-26 20:00:00+00:00,83.78,83.97,83.73,83.94,6178.0395
2026-05-26 21:00:00+00:00,83.94,83.98,83.57,83.69,12389.5098
2026-05-26 22:00:00+00:00,83.69,83.86,83.51,83.66,8106.7295
2026-05-26 23:00:00+00:00,83.66,83.84,83.62,83.71,6135.6827
2026-05-27 00:00:00+00:00,83.71,84.19,83.71,84.14,6199.6486
2026-05-27 01:00:00+00:00,84.14,84.19,83.8,83.86,4379.0395
2026-05-27 02:00:00+00:00,83.86,83.95,83.55,83.95,8206.2385
2026-05-27 03:00:00+00:00,83.95,84.08,83.49,83.62,7425.7013
2026-05-27 04:00:00+00:00,83.62,83.67,82.85,83.65,33780.5673
2026-05-27 05:00:00+00:00,83.65,83.93,83.57,83.89,7036.2547
2026-05-27 06:00:00+00:00,83.89,84.07,83.73,84.05,5264.7182
2026-05-27 07:00:00+00:00,84.05,84.21,83.87,84.2,9565.9001
2026-05-27 08:00:00+00:00,84.2,84.42,83.9,83.94,8773.3863
2026-05-27 09:00:00+00:00,83.94,83.96,83.62,83.78,5904.08
2026-05-27 10:00:00+00:00,83.78,84.1,83.68,83.96,5481.6475
2026-05-27 11:00:00+00:00,83.96,84.23,83.91,83.93,9399.234
2026-05-27 12:00:00+00:00,83.93,84.69,83.56,83.93,26856.9725
2026-05-27 13:00:00+00:00,83.93,84.05,82.98,83.63,28933.022
2026-05-27 14:00:00+00:00,83.63,84.13,83.22,83.91,35380.6501
2026-05-27 15:00:00+00:00,83.91,84.82,83.88,84.43,33318.3626
2026-05-27 16:00:00+00:00,84.43,84.75,83.86,84.18,13596.9547
2026-05-27 17:00:00+00:00,84.18,84.2,83.17,83.43,48383.7693
2026-05-27 18:00:00+00:00,83.43,84.01,83.2,83.95,14033.6299
2026-05-27 19:00:00+00:00,83.95,84.15,83.89,83.92,10509.9412
2026-05-27 20:00:00+00:00,83.92,84.16,83.77,83.83,7701.3885
2026-05-27 21:00:00+00:00,83.83,83.83,82.12,82.49,47179.6668
2026-05-27 22:00:00+00:00,82.49,83.03,82.25,82.46,23099.6986
2026-05-27 23:00:00+00:00,82.46,82.69,82.2,82.44,17174.4486
2026-05-28 00:00:00+00:00,82.44,82.74,82.36,82.71,9983.685
2026-05-28 01:00:00+00:00,82.71,82.77,81.91,82.27,42970.7997
2026-05-28 02:00:00+00:00,82.27,82.43,81.99,82.09,15236.5338
2026-05-28 03:00:00+00:00,82.09,82.24,80.5,80.71,124514.9619
2026-05-28 04:00:00+00:00,80.71,80.95,80.0,80.89,55022.1541
2026-05-28 05:00:00+00:00,80.89,80.97,80.41,80.69,22115.4567
2026-05-28 06:00:00+00:00,80.69,81.09,80.51,80.94,17663.7395
2026-05-28 07:00:00+00:00,80.94,81.29,80.85,81.25,41125.6439
2026-05-28 08:00:00+00:00,81.25,81.28,80.82,80.97,13533.1644
2026-05-28 09:00:00+00:00,80.97,81.31,80.82,81.22,19770.7728
2026-05-28 10:00:00+00:00,81.22,81.31,80.72,80.73,19991.4159
2026-05-28 11:00:00+00:00,80.73,80.93,80.6,80.86,12402.2967
2026-05-28 12:00:00+00:00,80.86,81.25,80.58,81.14,12417.3708
2026-05-28 13:00:00+00:00,81.14,81.36,80.54,80.8,32454.5818
2026-05-28 14:00:00+00:00,80.8,81.66,80.0,81.18,80202.657
2026-05-28 15:00:00+00:00,81.18,81.37,80.55,81.14,28059.7369
2026-05-28 16:00:00+00:00,81.14,82.17,80.92,82.06,35010.7943
2026-05-28 17:00:00+00:00,82.06,82.65,81.83,82.29,23576.5221
2026-05-28 18:00:00+00:00,82.29,83.0,82.25,82.89,24955.2801
2026-05-28 19:00:00+00:00,82.89,82.89,82.16,82.19,20501.6821
2026-05-28 20:00:00+00:00,82.19,82.63,81.77,82.29,15802.1992
2026-05-28 21:00:00+00:00,82.29,82.68,82.23,82.42,11978.4582
2026-05-28 22:00:00+00:00,82.42,82.62,81.91,82.04,11451.6536
2026-05-28 23:00:00+00:00,82.04,82.29,82.0,82.12,6795.1216
2026-05-29 00:00:00+00:00,82.12,82.49,82.12,82.3,6898.0701
2026-05-29 01:00:00+00:00,82.3,82.48,82.06,82.22,7165.4599
2026-05-29 02:00:00+00:00,82.22,82.32,81.48,81.56,8929.119
2026-05-29 03:00:00+00:00,81.56,81.95,81.53,81.62,6838.2355
2026-05-29 04:00:00+00:00,81.62,81.94,81.38,81.92,7480.2892
2026-05-29 05:00:00+00:00,81.92,82.19,81.83,82.08,6207.4252
2026-05-29 06:00:00+00:00,82.08,82.49,82.02,82.29,5553.8032
2026-05-29 07:00:00+00:00,82.29,82.47,81.9,82.23,17781.5714
2026-05-29 08:00:00+00:00,82.23,82.49,82.17,82.21,16171.6297
2026-05-29 09:00:00+00:00,82.21,82.64,82.2,82.46,7157.8529
2026-05-29 10:00:00+00:00,82.46,82.46,82.09,82.14,6661.4486
2026-05-29 11:00:00+00:00,82.14,82.22,81.52,81.77,25872.7337
2026-05-29 12:00:00+00:00,81.77,81.8,81.31,81.51,15387.3655
2026-05-29 13:00:00+00:00,81.51,81.71,81.1,81.44,19010.8792
2026-05-29 14:00:00+00:00,81.44,81.58,80.36,81.34,72064.6278
2026-05-29 15:00:00+00:00,81.34,83.23,81.21,82.57,91223.0236
2026-05-29 16:00:00+00:00,82.57,83.13,82.2,82.94,36491.4662
2026-05-29 17:00:00+00:00,82.94,83.22,82.68,82.79,37286.926
2026-05-29 18:00:00+00:00,82.79,82.99,81.82,82.08,28313.6617
2026-05-29 19:00:00+00:00,82.08,82.42,81.59,82.07,18661.5344
2026-05-29 20:00:00+00:00,82.07,82.35,82.01,82.22,13946.2474
2026-05-29 21:00:00+00:00,82.22,82.4,81.7,81.71,14483.8281
2026-05-29 22:00:00+00:00,81.71,82.01,81.61,81.97,6823.5484
2026-05-29 23:00:00+00:00,81.97,82.1,81.76,82.03,7678.5352
2026-05-30 00:00:00+00:00,82.03,82.35,81.93,82.3,3639.8059
2026-05-30 01:00:00+00:00,82.3,82.96,82.21,82.83,12252.1161
2026-05-30 02:00:00+00:00,82.83,83.04,82.77,82.97,6008.5633
2026-05-30 03:00:00+00:00,82.97,83.1,82.63,82.67,10256.1897
2026-05-30 04:00:00+00:00,82.67,82.81,81.86,82.33,22048.8784
2026-05-30 05:00:00+00:00,82.33,82.73,82.22,82.61,22955.769
2026-05-30 06:00:00+00:00,82.61,82.74,82.4,82.48,5949.6524
2026-05-30 07:00:00+00:00,82.48,82.53,82.28,82.39,16162.2664
2026-05-30 08:00:00+00:00,82.39,82.41,82.2,82.24,5583.3679
2026-05-30 09:00:00+00:00,82.24,82.39,82.21,82.35,7998.0185
2026-05-30 10:00:00+00:00,82.35,82.53,82.31,82.4,4889.3107
2026-05-30 11:00:00+00:00,82.4,82.56,82.22,82.33,3331.0454
2026-05-30 12:00:00+00:00,82.33,82.45,82.26,82.45,4262.063
2026-05-30 13:00:00+00:00,82.45,82.57,82.25,82.48,8145.8371
2026-05-30 14:00:00+00:00,82.48,82.77,82.45,82.63,15071.5629
2026-05-30 15:00:00+00:00,82.63,82.92,82.48,82.7,17148.4068
2026-05-30 16:00:00+00:00,82.7,82.93,82.63,82.9,7384.2012
2026-05-30 17:00:00+00:00,82.9,83.07,82.62,83.04,17401.0054
2026-05-30 18:00:00+00:00,83.04,83.14,82.86,83.03,9811.2425
2026-05-30 19:00:00+00:00,83.03,83.04,82.78,82.99,8752.0331
2026-05-30 20:00:00+00:00,82.99,83.09,82.86,82.97,10456.5793
2026-05-30 21:00:00+00:00,82.97,83.19,82.91,83.02,13934.4784
2026-05-30 22:00:00+00:00,83.02,83.03,82.46,82.65,9696.9552
2026-05-30 23:00:00+00:00,82.65,82.91,82.53,82.74,8675.8569
2026-05-31 00:00:00+00:00,82.74,82.96,82.63,82.95,6133.0518
2026-05-31 01:00:00+00:00,82.95,83.23,82.93,83.03,16667.4237
2026-05-31 02:00:00+00:00,83.03,83.42,82.88,83.17,17736.1705
2026-05-31 03:00:00+00:00,83.17,83.35,83.09,83.25,5076.8803
2026-05-31 04:00:00+00:00,83.25,83.31,83.09,83.22,3380.7047
2026-05-31 05:00:00+00:00,83.22,83.23,83.0,83.05,4720.6161
2026-05-31 06:00:00+00:00,83.05,83.05,82.85,82.96,4778.4045
2026-05-31 07:00:00+00:00,82.96,82.96,82.51,82.67,14445.3808
2026-05-31 08:00:00+00:00,82.67,82.88,82.58,82.81,10387.3162
2026-05-31 09:00:00+00:00,82.81,83.06,82.63,82.75,9164.0209
2026-05-31 10:00:00+00:00,82.75,82.75,82.48,82.72,6493.3785
2026-05-31 11:00:00+00:00,82.72,82.88,82.68,82.76,12091.3907
2026-05-31 12:00:00+00:00,82.76,82.95,82.58,82.84,10239.6065
2026-05-31 13:00:00+00:00,82.84,83.14,82.67,82.78,15800.6531
2026-05-31 14:00:00+00:00,82.78,82.78,81.79,81.98,39973.5249
2026-05-31 15:00:00+00:00,81.98,82.28,81.84,81.88,15486.4161
2026-05-31 16:00:00+00:00,81.88,82.05,81.4,81.57,40015.3068
2026-05-31 17:00:00+00:00,81.57,81.91,81.46,81.86,17284.8345
2026-05-31 18:00:00+00:00,81.86,81.87,81.63,81.75,4507.8272
2026-05-31 19:00:00+00:00,81.75,81.79,81.33,81.58,6462.3061
2026-05-31 20:00:00+00:00,81.58,82.02,81.58,81.97,7177.3103
2026-05-31 21:00:00+00:00,81.97,82.39,81.89,82.31,11399.5285
2026-05-31 22:00:00+00:00,82.31,82.71,82.05,82.53,21738.8743
2026-05-31 23:00:00+00:00,82.53,82.92,81.96,82.44,22917.887
2026-06-01 00:00:00+00:00,82.44,83.09,82.38,82.81,27202.7259
2026-06-01 01:00:00+00:00,82.81,82.89,81.74,81.76,17545.2309
2026-06-01 02:00:00+00:00,81.76,82.89,81.6,82.68,21856.2349
2026-06-01 03:00:00+00:00,82.68,82.98,82.55,82.62,12985.936
2026-06-01 04:00:00+00:00,82.62,82.78,81.76,82.04,10837.9829
2026-06-01 05:00:00+00:00,82.04,82.11,81.63,81.82,16009.9701
2026-06-01 06:00:00+00:00,81.82,81.88,81.13,81.45,35474.9927
2026-06-01 07:00:00+00:00,81.45,81.58,80.64,80.73,25529.6291
2026-06-01 08:00:00+00:00,80.73,81.04,80.46,80.98,21120.8508
2026-06-01 09:00:00+00:00,80.98,81.29,80.98,81.07,19304.2849
2026-06-01 10:00:00+00:00,81.07,81.18,80.83,81.09,12698.5781
2026-06-01 11:00:00+00:00,81.09,81.22,80.62,80.82,14630.7648
2026-06-01 12:00:00+00:00,80.82,81.07,80.23,80.83,37210.0155
2026-06-01 13:00:00+00:00,80.83,80.87,79.31,79.85,113562.179
2026-06-01 14:00:00+00:00,79.85,80.11,79.44,79.7,52799.6076
2026-06-01 15:00:00+00:00,79.7,80.06,79.2,79.62,50578.6912
2026-06-01 16:00:00+00:00,79.62,80.47,79.12,80.41,57845.1645
2026-06-01 17:00:00+00:00,80.41,81.22,80.28,80.94,53069.9993
2026-06-01 18:00:00+00:00,80.94,81.23,80.59,80.85,29637.3566
2026-06-01 19:00:00+00:00,80.85,81.31,80.61,81.2,15416.2911
2026-06-01 20:00:00+00:00,81.2,81.26,80.96,81.14,22990.7037
2026-06-01 21:00:00+00:00,81.14,81.15,80.52,80.69,39688.7513
2026-06-01 22:00:00+00:00,80.69,81.49,80.34,81.41,30263.3231
2026-06-01 23:00:00+00:00,81.41,81.65,81.08,81.27,30035.9094
2026-06-02 00:00:00+00:00,81.27,81.29,80.88,80.9,8508.5618
2026-06-02 01:00:00+00:00,80.9,81.02,80.03,80.12,18681.2286
2026-06-02 02:00:00+00:00,80.12,80.79,79.4,80.79,39307.4252
2026-06-02 03:00:00+00:00,80.79,81.07,80.64,80.92,17010.9471
2026-06-02 04:00:00+00:00,80.92,81.02,80.36,80.45,14691.0704
2026-06-02 05:00:00+00:00,80.45,80.61,79.55,79.63,44756.7428
2026-06-02 06:00:00+00:00,79.63,79.84,79.29,79.58,35999.1743
2026-06-02 07:00:00+00:00,79.58,79.92,79.13,79.66,36967.3951
2026-06-02 08:00:00+00:00,79.66,79.81,79.45,79.6,22400.1113
2026-06-02 09:00:00+00:00,79.6,79.64,78.78,79.12,38810.6564
2026-06-02 10:00:00+00:00,79.12,79.5,78.97,79.44,14490.9859
2026-06-02 11:00:00+00:00,79.44,79.46,78.85,78.93,20188.4164
2026-06-02 12:00:00+00:00,78.93,79.16,78.64,78.98,25930.8465
2026-06-02 13:00:00+00:00,78.98,79.24,78.81,78.97,59763.8139
2026-06-02 14:00:00+00:00,78.97,79.0,76.73,77.44,193581.3346
2026-06-02 15:00:00+00:00,77.44,77.51,75.52,76.37,161651.0657
2026-06-02 16:00:00+00:00,76.37,77.66,76.14,76.71,91543.5396
2026-06-02 17:00:00+00:00,76.71,77.2,76.47,76.84,46647.9072
2026-06-02 18:00:00+00:00,76.84,77.06,75.8,76.14,41436.7248
2026-06-02 19:00:00+00:00,76.14,76.26,74.45,75.52,131152.4385
2026-06-02 20:00:00+00:00,75.52,75.93,74.76,75.44,42606.9615
2026-06-02 21:00:00+00:00,75.44,76.08,75.31,75.66,43561.6098
2026-06-02 22:00:00+00:00,75.66,75.66,73.34,73.67,137030.3803
2026-06-02 23:00:00+00:00,73.67,74.32,72.71,74.23,148921.959
2026-06-03 00:00:00+00:00,74.23,75.12,74.0,74.83,87571.6679
2026-06-03 01:00:00+00:00,74.83,75.03,74.14,74.75,36297.3507
2026-06-03 02:00:00+00:00,74.75,74.79,74.21,74.4,40522.3395
2026-06-03 03:00:00+00:00,74.4,74.55,72.25,72.69,170197.6648
2026-06-03 04:00:00+00:00,72.69,74.11,72.67,74.04,78471.2901
2026-06-03 05:00:00+00:00,74.04,74.92,74.04,74.74,84866.5288
2026-06-03 06:00:00+00:00,74.74,75.35,74.67,74.85,57505.6693
2026-06-03 07:00:00+00:00,74.85,75.43,74.76,75.27,19157.0791
2026-06-03 08:00:00+00:00,75.27,75.35,74.87,75.01,24366.196
2026-06-03 09:00:00+00:00,75.01,75.42,74.71,75.01,45853.0267
2026-06-03 10:00:00+00:00,75.01,75.63,74.97,75.54,35360.3064
2026-06-03 11:00:00+00:00,75.54,75.71,74.99,75.12,29370.3452
2026-06-03 12:00:00+00:00,75.12,75.26,74.67,75.18,24298.8342
2026-06-03 13:00:00+00:00,75.18,75.39,74.39,74.57,64241.8869
2026-06-03 14:00:00+00:00,74.57,74.61,73.84,74.46,67315.1089
2026-06-03 15:00:00+00:00,74.46,74.5,73.23,73.29,79758.373
2026-06-03 16:00:00+00:00,73.29,73.48,72.01,72.98,179380.1978
2026-06-03 17:00:00+00:00,72.98,74.13,72.37,73.17,78218.2225
2026-06-03 18:00:00+00:00,73.17,73.49,72.46,73.09,55182.4982
2026-06-03 19:00:00+00:00,73.09,73.17,71.69,71.99,123075.2092
2026-06-03 20:00:00+00:00,71.99,72.43,70.85,71.22,162126.8506
2026-06-03 21:00:00+00:00,71.22,72.85,71.03,72.81,153565.695
2026-06-03 22:00:00+00:00,72.81,73.17,71.89,72.21,90706.7818
2026-06-03 23:00:00+00:00,72.21,72.29,71.55,71.62,73404.8034
2026-06-04 00:00:00+00:00,71.62,72.1,70.31,70.74,216659.4201
2026-06-04 01:00:00+00:00,70.74,70.97,68.4,68.63,404090.3011
2026-06-04 02:00:00+00:00,68.63,70.47,66.65,70.05,437122.0861
2026-06-04 03:00:00+00:00,70.05,71.64,70.04,71.47,157451.6611
2026-06-04 04:00:00+00:00,71.47,71.81,70.81,70.89,65139.2742
2026-06-04 05:00:00+00:00,70.89,70.89,69.87,70.34,82658.3511
2026-06-04 06:00:00+00:00,70.34,71.22,70.25,70.35,60571.0932
2026-06-04 07:00:00+00:00,70.35,70.4,69.12,69.15,94297.2901
2026-06-04 08:00:00+00:00,69.15,69.44,68.31,69.24,156929.4634
2026-06-04 09:00:00+00:00,69.24,69.26,67.73,68.86,194165.2919
2026-06-04 10:00:00+00:00,68.86,68.92,67.54,67.88,172079.8192
2026-06-04 11:00:00+00:00,67.88,68.69,67.39,68.68,117326.7101
2026-06-04 12:00:00+00:00,68.68,70.37,68.3,70.12,148182.3863
2026-06-04 13:00:00+00:00,70.12,70.59,69.0,70.37,122011.3629
2026-06-04 14:00:00+00:00,70.37,70.64,69.55,69.76,122492.7048
2026-06-04 15:00:00+00:00,69.76,70.5,69.37,69.63,178693.8315
2026-06-04 16:00:00+00:00,69.63,69.66,68.96,69.4,54703.4598
2026-06-04 17:00:00+00:00,69.4,69.74,68.47,69.25,113830.8583
2026-06-04 18:00:00+00:00,69.25,69.9,68.64,69.5,70680.9582
2026-06-04 19:00:00+00:00,69.5,69.72,69.03,69.09,54510.388
2026-06-04 20:00:00+00:00,69.09,69.13,68.45,68.81,39303.916
2026-06-04 21:00:00+00:00,68.81,69.05,67.6,67.79,69516.2934
2026-06-04 22:00:00+00:00,67.79,68.58,67.57,68.5,80599.8796
2026-06-04 23:00:00+00:00,68.5,68.92,68.0,68.87,30813.6668
2026-06-05 00:00:00+00:00,68.87,69.11,68.28,68.3,50868.9682
2026-06-05 01:00:00+00:00,68.3,68.82,67.57,68.53,58873.3366
2026-06-05 02:00:00+00:00,68.53,68.62,67.17,67.31,115235.4961
2026-06-05 03:00:00+00:00,67.31,67.86,66.93,67.09,188722.2963
2026-06-05 04:00:00+00:00,67.09,68.02,66.5,67.94,209216.1216
2026-06-05 05:00:00+00:00,67.94,68.1,66.06,66.24,203199.5258
2026-06-05 06:00:00+00:00,66.24,66.55,63.82,65.06,570595.5022
2026-06-05 07:00:00+00:00,65.06,66.33,63.92,66.19,269315.496
2026-06-05 08:00:00+00:00,66.19,66.21,65.08,65.31,124396.992
2026-06-05 09:00:00+00:00,65.31,66.6,65.3,66.57,147712.2154
2026-06-05 10:00:00+00:00,66.57,66.74,66.13,66.4,55289.2898
2026-06-05 11:00:00+00:00,66.4,66.81,65.81,66.07,97991.5787
2026-06-05 12:00:00+00:00,66.07,66.38,65.2,65.82,157819.2408
2026-06-05 13:00:00+00:00,65.82,66.84,64.29,64.31,194814.6018
2026-06-05 14:00:00+00:00,64.31,65.87,63.92,65.27,337357.1968
2026-06-05 15:00:00+00:00,65.27,65.35,63.76,64.24,318758.6305
2026-06-05 16:00:00+00:00,64.24,66.0,63.17,65.88,379293.2129
2026-06-05 17:00:00+00:00,65.88,66.06,64.81,65.1,122434.7048
2026-06-05 18:00:00+00:00,65.1,65.39,62.64,62.92,190532.9236
2026-06-05 19:00:00+00:00,62.92,63.86,61.47,63.44,172878.7351
2026-06-05 20:00:00+00:00,63.44,64.82,62.68,64.65,124434.8262
2026-06-05 21:00:00+00:00,64.65,65.41,64.54,64.88,68344.1855
2026-06-05 22:00:00+00:00,64.88,64.9,63.8,64.42,95600.967
2026-06-05 23:00:00+00:00,64.42,64.79,62.66,63.63,63847.1792
2026-06-06 00:00:00+00:00,63.63,64.83,63.62,64.67,31032.5952
2026-06-06 01:00:00+00:00,64.67,64.86,63.79,63.86,25815.4684
2026-06-06 02:00:00+00:00,63.86,63.93,63.27,63.52,41775.2351
2026-06-06 03:00:00+00:00,63.52,63.52,62.57,62.84,35071.7278
2026-06-06 04:00:00+00:00,62.84,63.12,60.33,60.87,171857.1655
2026-06-06 05:00:00+00:00,60.87,62.73,60.11,62.62,84003.5531
2026-06-06 06:00:00+00:00,62.62,63.37,62.09,62.24,104157.5496
2026-06-06 07:00:00+00:00,62.24,63.18,62.06,62.79,92458.2893
2026-06-06 08:00:00+00:00,62.79,63.64,62.53,63.17,70187.0108
2026-06-06 09:00:00+00:00,63.17,63.56,62.47,62.71,55443.6508
2026-06-06 10:00:00+00:00,62.71,62.72,61.19,61.83,110523.1438
2026-06-06 11:00:00+00:00,61.83,62.69,61.76,62.47,48238.5274
2026-06-06 12:00:00+00:00,62.47,63.1,62.04,62.92,61993.8166
2026-06-06 13:00:00+00:00,62.92,63.07,62.17,62.44,35141.8931
2026-06-06 14:00:00+00:00,62.44,62.94,62.3,62.32,58506.505
2026-06-06 15:00:00+00:00,62.32,62.48,61.3,62.03,117034.3742
2026-06-06 16:00:00+00:00,62.03,62.4,61.36,62.11,139874.9605
2026-06-06 17:00:00+00:00,62.11,62.26,61.43,61.62,186516.4511
2026-06-06 18:00:00+00:00,61.62,62.13,61.41,61.73,77108.4286
2026-06-06 19:00:00+00:00,61.73,62.19,61.62,61.64,48161.2716
2026-06-06 20:00:00+00:00,61.64,61.93,61.35,61.84,68475.597
2026-06-06 21:00:00+00:00,61.84,62.36,61.83,61.91,47164.6536
2026-06-06 22:00:00+00:00,61.91,61.99,61.46,61.72,42670.1242
2026-06-06 23:00:00+00:00,61.72,62.31,61.68,62.2,25084.7254
2026-06-07 00:00:00+00:00,62.2,62.64,61.96,62.12,36678.1526
2026-06-07 01:00:00+00:00,62.12,63.86,62.03,63.66,88966.2047
2026-06-07 02:00:00+00:00,63.66,63.8,63.08,63.55,39092.0971
2026-06-07 03:00:00+00:00,63.55,64.14,63.42,63.83,34759.7482
2026-06-07 04:00:00+00:00,63.83,64.13,63.31,64.1,28811.2426
2026-06-07 05:00:00+00:00,64.1,64.5,63.9,64.26,57971.7243
2026-06-07 06:00:00+00:00,64.26,65.0,64.03,64.85,56235.409
2026-06-07 07:00:00+00:00,64.85,65.01,64.6,64.91,41161.2094
2026-06-07 08:00:00+00:00,64.91,65.97,64.5,65.97,92671.9446
2026-06-07 09:00:00+00:00,65.97,66.1,64.85,65.02,60716.6962
2026-06-07 10:00:00+00:00,65.02,65.11,64.43,64.66,33310.1046
2026-06-07 11:00:00+00:00,64.66,65.23,64.53,65.04,20709.1222
2026-06-07 12:00:00+00:00,65.04,65.1,63.65,64.34,111796.6894
2026-06-07 13:00:00+00:00,64.34,64.45,64.09,64.34,21693.879
2026-06-07 14:00:00+00:00,64.34,65.35,64.32,64.93,37569.1837
2026-06-07 15:00:00+00:00,64.93,65.25,64.63,64.99,25824.6862
2026-06-07 16:00:00+00:00,64.99,65.32,64.76,65.16,44989.8944
2026-06-07 17:00:00+00:00,65.16,65.61,65.07,65.31,44962.4237
2026-06-07 18:00:00+00:00,65.31,65.57,64.9,64.96,32671.1229
2026-06-07 19:00:00+00:00,64.96,64.99,63.63,63.95,101003.9933
2026-06-07 20:00:00+00:00,63.95,64.8,63.74,64.68,58441.8237
2026-06-07 21:00:00+00:00,64.68,64.92,64.29,64.63,37687.1567
2026-06-07 22:00:00+00:00,64.63,67.92,64.53,65.82,202977.4096
2026-06-07 23:00:00+00:00,65.82,66.65,65.77,66.5,71698.2244
2026-06-08 00:00:00+00:00,66.5,67.11,66.02,66.72,118280.7578
2026-06-08 01:00:00+00:00,66.72,66.83,65.4,66.19,105193.9038
2026-06-08 02:00:00+00:00,66.19,66.63,66.05,66.47,51436.3849
2026-06-08 03:00:00+00:00,66.47,66.75,66.19,66.35,22155.2497
2026-06-08 04:00:00+00:00,66.35,66.41,65.37,65.43,36804.8085
2026-06-08 05:00:00+00:00,65.43,65.66,64.98,65.33,37486.8709
2026-06-08 06:00:00+00:00,65.33,65.88,65.27,65.67,28069.2624
2026-06-08 07:00:00+00:00,65.67,66.22,65.37,66.11,45829.0526
2026-06-08 08:00:00+00:00,66.11,66.11,65.44,65.63,44989.7927
2026-06-08 09:00:00+00:00,65.63,66.4,65.6,66.38,55218.164
2026-06-08 10:00:00+00:00,66.38,66.47,65.81,66.21,45752.5461
2026-06-08 11:00:00+00:00,66.21,67.06,66.04,66.68,67185.9907
2026-06-08 12:00:00+00:00,66.68,67.33,65.99,67.26,110921.131
2026-06-08 13:00:00+00:00,67.26,67.29,66.41,66.78,91915.9737
2026-06-08 14:00:00+00:00,66.78,67.32,66.43,67.29,155376.5875
2026-06-08 15:00:00+00:00,67.29,67.82,67.05,67.17,104575.9922
2026-06-08 16:00:00+00:00,67.17,67.75,66.89,66.94,56342.6227
2026-06-08 17:00:00+00:00,66.94,67.4,66.54,67.4,42945.5651
2026-06-08 18:00:00+00:00,67.4,67.62,67.16,67.44,23376.9678
2026-06-08 19:00:00+00:00,67.44,67.83,67.27,67.45,43837.8547
2026-06-08 20:00:00+00:00,67.45,67.52,66.95,67.48,33208.053
2026-06-08 21:00:00+00:00,67.48,68.17,67.43,67.47,43261.3128
2026-06-08 22:00:00+00:00,67.47,67.47,66.84,67.19,39029.4609
2026-06-08 23:00:00+00:00,67.19,67.41,66.64,66.82,33168.003
2026-06-09 00:00:00+00:00,66.82,66.88,65.28,65.43,86801.2893
2026-06-09 01:00:00+00:00,65.43,66.07,65.38,65.97,69109.2314
2026-06-09 02:00:00+00:00,65.97,66.09,65.51,65.91,31165.2327
2026-06-09 03:00:00+00:00,65.91,66.1,65.67,66.02,28087.0448
2026-06-09 04:00:00+00:00,66.02,67.42,65.81,67.01,135093.3614
2026-06-09 05:00:00+00:00,67.01,67.39,66.71,67.2,56347.7515
2026-06-09 06:00:00+00:00,67.2,67.48,66.98,67.07,44618.7044
2026-06-09 07:00:00+00:00,67.07,67.36,66.63,66.91,74466.6689
2026-06-09 08:00:00+00:00,66.91,66.93,66.4,66.62,62581.1704
2026-06-09 09:00:00+00:00,66.62,66.83,66.07,66.18,44534.4209
2026-06-09 10:00:00+00:00,66.18,66.49,65.99,66.41,33007.6994
2026-06-09 11:00:00+00:00,66.41,66.48,65.9,66.12,58729.4049
2026-06-09 12:00:00+00:00,66.12,66.53,65.95,66.21,47708.9785
2026-06-09 13:00:00+00:00,66.21,66.38,65.59,65.85,75945.3457
2026-06-09 14:00:00+00:00,65.85,66.01,64.4,65.08,158751.5271
2026-06-09 15:00:00+00:00,65.08,65.32,64.27,64.34,77420.984
2026-06-09 16:00:00+00:00,64.34,64.5,63.54,64.15,96756.7876
2026-06-09 17:00:00+00:00,64.15,65.16,64.09,64.8,57331.1822
2026-06-09 18:00:00+00:00,64.8,65.55,64.67,65.3,47705.6246
2026-06-09 19:00:00+00:00,65.3,65.67,65.07,65.42,45847.1067
2026-06-09 20:00:00+00:00,65.42,65.71,65.3,65.63,27863.832
2026-06-09 21:00:00+00:00,65.63,65.67,64.88,65.02,26663.4578
2026-06-09 22:00:00+00:00,65.02,65.36,64.83,64.89,17185.1682
2026-06-09 23:00:00+00:00,64.89,65.18,64.69,64.98,29759.2931
2026-06-10 00:00:00+00:00,64.98,65.22,64.48,65.2,49178.7183
2026-06-10 01:00:00+00:00,65.2,65.31,64.8,65.11,50313.1707
2026-06-10 02:00:00+00:00,65.11,65.26,64.25,64.32,42492.3256
2026-06-10 03:00:00+00:00,64.32,64.87,64.27,64.53,27452.3427
2026-06-10 04:00:00+00:00,64.53,64.65,64.13,64.29,24481.9421
2026-06-10 05:00:00+00:00,64.29,64.39,63.92,64.12,31705.714
2026-06-10 06:00:00+00:00,64.12,64.37,63.83,64.23,25636.4768
2026-06-10 07:00:00+00:00,64.23,64.78,64.14,64.5,27496.6172
2026-06-10 08:00:00+00:00,64.5,64.53,63.42,63.62,61313.2068
2026-06-10 09:00:00+00:00,63.62,63.76,63.05,63.63,50886.7
2026-06-10 10:00:00+00:00,63.63,63.8,63.27,63.69,25984.2441
2026-06-10 11:00:00+00:00,63.69,63.77,62.94,63.54,117246.3917
2026-06-10 12:00:00+00:00,63.54,64.69,63.31,64.14,201286.7123
2026-06-10 13:00:00+00:00,64.14,65.54,64.0,65.08,162793.8138
2026-06-10 14:00:00+00:00,65.08,65.29,64.59,65.07,115940.4587
2026-06-10 15:00:00+00:00,65.07,65.77,64.56,65.46,178076.3856
2026-06-10 16:00:00+00:00,65.46,65.48,64.23,64.63,116367.0199
2026-06-10 17:00:00+00:00,64.63,64.98,63.63,64.05,135098.5407
2026-06-10 18:00:00+00:00,64.05,64.22,63.36,63.85,96917.3744
2026-06-10 19:00:00+00:00,63.85,63.96,63.39,63.55,121634.3937
2026-06-10 20:00:00+00:00,63.55,63.67,63.16,63.3,88288.0323
2026-06-10 21:00:00+00:00,63.3,63.31,62.33,62.59,96828.5315
2026-06-10 22:00:00+00:00,62.59,63.07,62.35,62.78,62615.0524
2026-06-10 23:00:00+00:00,62.78,63.31,62.45,63.19,54331.1149
2026-06-11 00:00:00+00:00,63.19,63.78,63.19,63.65,32791.8696
2026-06-11 01:00:00+00:00,63.65,65.19,63.65,64.92,226144.8077
2026-06-11 02:00:00+00:00,64.92,65.02,64.38,64.54,107787.1965
2026-06-11 03:00:00+00:00,64.54,65.5,64.35,65.28,87861.0048
2026-06-11 04:00:00+00:00,65.28,65.35,64.98,65.22,30331.4951
2026-06-11 05:00:00+00:00,65.22,65.25,64.97,64.98,24613.0741
2026-06-11 06:00:00+00:00,64.98,65.45,64.82,65.12,45663.7309
2026-06-11 07:00:00+00:00,65.12,65.18,64.78,65.05,38222.9144
2026-06-11 08:00:00+00:00,65.05,65.54,65.04,65.33,39520.4005
2026-06-11 09:00:00+00:00,65.33,65.58,65.03,65.4,52597.3731
2026-06-11 10:00:00+00:00,65.4,65.66,65.29,65.52,37251.1591
2026-06-11 11:00:00+00:00,65.52,66.16,65.34,65.89,69392.8929
2026-06-11 12:00:00+00:00,65.89,65.93,64.91,65.26,105654.5306
2026-06-11 13:00:00+00:00,65.26,65.74,65.07,65.54,72743.8358
2026-06-11 14:00:00+00:00,65.54,65.78,64.99,65.37,54604.3505
2026-06-11 15:00:00+00:00,65.37,65.88,65.01,65.57,75548.6811
2026-06-11 16:00:00+00:00,65.57,65.82,65.31,65.39,55985.2343
2026-06-11 17:00:00+00:00,65.39,67.19,65.06,67.17,183704.3276
2026-06-11 18:00:00+00:00,67.17,67.32,66.66,66.82,58400.6545
2026-06-11 19:00:00+00:00,66.82,67.4,66.61,66.95,50589.5706
2026-06-11 20:00:00+00:00,66.95,67.05,66.38,66.6,38962.2445
2026-06-11 21:00:00+00:00,66.6,67.13,66.58,66.94,27553.5587
2026-06-11 22:00:00+00:00,66.94,67.15,66.87,66.91,24287.1519
2026-06-11 23:00:00+00:00,66.91,67.13,66.7,66.92,24417.116
2026-06-12 00:00:00+00:00,66.92,67.11,66.75,66.88,20782.0729
2026-06-12 01:00:00+00:00,66.88,66.88,66.41,66.68,29255.6682
2026-06-12 02:00:00+00:00,66.68,67.31,66.68,67.17,31569.8295
2026-06-12 03:00:00+00:00,67.17,67.18,66.7,67.05,30540.1463
2026-06-12 04:00:00+00:00,67.05,67.26,66.86,67.08,27064.2094
2026-06-12 05:00:00+00:00,67.08,67.1,66.64,66.74,27045.7711
2026-06-12 06:00:00+00:00,66.74,66.82,65.96,66.13,43222.7273
2026-06-12 07:00:00+00:00,66.13,66.5,66.12,66.32,42319.6966
2026-06-12 08:00:00+00:00,66.32,67.06,66.32,66.94,30321.9317
2026-06-12 09:00:00+00:00,66.94,67.49,66.84,67.18,30624.4878
2026-06-12 10:00:00+00:00,67.18,67.35,66.6,66.79,33426.6278
2026-06-12 11:00:00+00:00,66.79,67.11,66.78,66.93,23601.3598
2026-06-12 12:00:00+00:00,66.93,67.01,66.64,66.78,41749.6088
2026-06-12 13:00:00+00:00,66.78,67.01,66.37,66.72,86568.1874
2026-06-12 14:00:00+00:00,66.72,68.0,66.65,67.95,112222.7585
2026-06-12 15:00:00+00:00,67.95,68.82,67.18,67.25,182381.1573
2026-06-12 16:00:00+00:00,67.25,68.03,67.08,68.02,84532.2434
2026-06-12 17:00:00+00:00,68.02,68.24,67.28,67.4,48994.8812
2026-06-12 18:00:00+00:00,67.4,67.5,67.01,67.07,47420.1497
2026-06-12 19:00:00+00:00,67.07,67.41,66.69,66.78,57368.44
2026-06-12 20:00:00+00:00,66.78,66.85,66.51,66.69,48859.6843
2026-06-12 21:00:00+00:00,66.69,66.95,66.47,66.57,36993.9611
2026-06-12 22:00:00+00:00,66.57,66.77,66.46,66.64,25675.0896
2026-06-12 23:00:00+00:00,66.64,66.82,66.48,66.82,16946.313
2026-06-13 00:00:00+00:00,66.82,67.08,66.77,66.99,16997.3164
2026-06-13 01:00:00+00:00,66.99,67.52,66.99,67.44,22758.5198
2026-06-13 02:00:00+00:00,67.44,67.51,66.87,66.96,18937.4636
2026-06-13 03:00:00+00:00,66.96,67.06,66.69,66.87,11283.3528
2026-06-13 04:00:00+00:00,66.87,66.97,66.65,66.66,4631.985
2026-06-13 05:00:00+00:00,66.66,66.88,66.56,66.79,21692.1262
2026-06-13 06:00:00+00:00,66.79,67.22,66.67,67.16,18851.0122
2026-06-13 07:00:00+00:00,67.16,67.49,66.97,67.36,41584.3137
2026-06-13 08:00:00+00:00,67.36,67.55,67.26,67.32,26918.287
2026-06-13 09:00:00+00:00,67.32,67.54,67.28,67.37,13103.3033
2026-06-13 10:00:00+00:00,67.37,67.62,67.34,67.44,8536.4314
2026-06-13 11:00:00+00:00,67.44,67.96,67.39,67.92,16033.4008
2026-06-13 12:00:00+00:00,67.92,68.08,67.79,67.97,17059.6066
2026-06-13 13:00:00+00:00,67.97,68.32,67.84,68.02,31705.9481
2026-06-13 14:00:00+00:00,68.02,68.43,67.99,68.28,30623.2047
2026-06-13 15:00:00+00:00,68.28,68.7,68.17,68.6,49819.4455
2026-06-13 16:00:00+00:00,68.6,68.64,67.83,68.1,49660.7602
2026-06-13 17:00:00+00:00,68.1,68.28,67.84,67.99,22513.0139
2026-06-13 18:00:00+00:00,67.99,68.38,67.97,68.12,8502.2845
2026-06-13 19:00:00+00:00,68.12,68.4,68.02,68.23,16876.5982
2026-06-13 20:00:00+00:00,68.23,68.28,68.06,68.28,9688.9273
2026-06-13 21:00:00+00:00,68.28,69.58,68.21,69.27,76636.2442
2026-06-13 22:00:00+00:00,69.27,69.28,68.89,68.9,28353.635
2026-06-13 23:00:00+00:00,68.9,69.19,68.79,68.92,15622.5484
2026-06-14 00:00:00+00:00,68.92,68.93,68.65,68.76,10412.5495
2026-06-14 01:00:00+00:00,68.76,69.11,68.65,68.82,16640.6054
2026-06-14 02:00:00+00:00,68.82,69.08,68.71,68.83,10261.9195
2026-06-14 03:00:00+00:00,68.83,69.04,68.75,68.95,8071.5149
2026-06-14 04:00:00+00:00,68.95,69.01,68.43,68.52,17861.4407
2026-06-14 05:00:00+00:00,68.52,68.6,68.03,68.25,22072.5725
2026-06-14 06:00:00+00:00,68.25,68.49,68.11,68.19,9641.2437
2026-06-14 07:00:00+00:00,68.19,68.26,68.04,68.22,5485.0703
2026-06-14 08:00:00+00:00,68.22,68.36,68.11,68.25,4269.295
2026-06-14 09:00:00+00:00,68.25,68.51,67.92,68.48,10471.4828
2026-06-14 10:00:00+00:00,68.48,68.52,68.15,68.15,7777.624
2026-06-14 11:00:00+00:00,68.15,68.35,68.02,68.1,4477.7731
2026-06-14 12:00:00+00:00,68.1,68.17,67.71,67.78,7105.5053
2026-06-14 13:00:00+00:00,67.78,67.87,67.51,67.76,13475.0886
2026-06-14 14:00:00+00:00,67.76,67.84,66.96,67.27,22968.4687
2026-06-14 15:00:00+00:00,67.27,67.54,67.27,67.44,13176.762
2026-06-14 16:00:00+00:00,67.44,67.75,67.41,67.48,6770.5929
2026-06-14 17:00:00+00:00,67.48,67.73,67.3,67.35,7830.4897
2026-06-14 18:00:00+00:00,67.35,67.49,67.2,67.42,4776.8106
2026-06-14 19:00:00+00:00,67.42,67.75,67.34,67.55,6240.4653
2026-06-14 20:00:00+00:00,67.55,68.08,67.45,67.8,14086.2015
2026-06-14 21:00:00+00:00,67.8,70.55,67.8,70.15,108312.1995
2026-06-14 22:00:00+00:00,70.15,70.73,69.68,70.44,76192.3059
2026-06-14 23:00:00+00:00,70.44,71.29,70.17,71.27,41179.5251
2026-06-15 00:00:00+00:00,71.27,71.73,70.95,71.14,48218.301
2026-06-15 01:00:00+00:00,71.14,71.36,70.69,71.01,27974.01
2026-06-15 02:00:00+00:00,71.01,71.6,70.89,70.99,38799.7937
2026-06-15 03:00:00+00:00,70.99,71.37,70.91,71.25,28909.5813
2026-06-15 04:00:00+00:00,71.25,71.29,70.89,70.94,11533.1578
2026-06-15 05:00:00+00:00,70.94,71.32,70.82,71.22,14959.6856
2026-06-15 06:00:00+00:00,71.22,71.5,71.11,71.35,16000.7045
2026-06-15 07:00:00+00:00,71.35,71.52,71.13,71.27,15137.7312
2026-06-15 08:00:00+00:00,71.27,71.62,71.18,71.3,18504.084
2026-06-15 09:00:00+00:00,71.3,71.46,70.81,71.21,25988.6409
2026-06-15 10:00:00+00:00,71.21,72.16,71.18,71.88,62245.3501
2026-06-15 11:00:00+00:00,71.88,72.85,71.67,72.61,68586.3945
2026-06-15 12:00:00+00:00,72.61,73.01,72.32,72.85,43443.1525
2026-06-15 13:00:00+00:00,72.85,74.24,72.71,73.64,76708.2485
2026-06-15 14:00:00+00:00,73.64,73.98,73.22,73.82,28808.2429
2026-06-15 15:00:00+00:00,73.82,75.26,73.78,75.26,56411.7075
2026-06-15 16:00:00+00:00,75.26,76.08,74.97,75.47,65183.5452
2026-06-15 17:00:00+00:00,75.47,75.48,74.67,75.28,57625.5287
2026-06-15 18:00:00+00:00,75.28,75.69,75.1,75.3,35467.6184
2026-06-15 19:00:00+00:00,75.3,75.8,74.57,75.26,64789.6221
2026-06-15 20:00:00+00:00,75.26,75.46,74.77,74.95,20214.5349
2026-06-15 21:00:00+00:00,74.95,75.02,74.41,74.45,26646.5873
2026-06-15 22:00:00+00:00,74.45,74.61,73.64,73.77,33535.1088
2026-06-15 23:00:00+00:00,73.77,74.07,73.62,73.98,24337.3956
2026-06-16 00:00:00+00:00,73.98,74.4,73.86,74.05,24021.0365
2026-06-16 01:00:00+00:00,74.05,74.36,73.86,73.87,23332.3177
2026-06-16 02:00:00+00:00,73.87,73.89,72.77,73.01,28760.9646
2026-06-16 03:00:00+00:00,73.01,73.81,72.87,73.75,25950.462
2026-06-16 04:00:00+00:00,73.75,73.94,73.2,73.37,14880.9433
2026-06-16 05:00:00+00:00,73.37,73.83,73.37,73.66,11904.1726
2026-06-16 06:00:00+00:00,73.66,74.31,73.66,74.18,34389.5472
2026-06-16 07:00:00+00:00,74.18,74.53,74.13,74.47,18019.042
2026-06-16 08:00:00+00:00,74.47,75.64,74.34,75.4,23187.942
2026-06-16 09:00:00+00:00,75.4,75.46,74.82,74.85,18435.8033
2026-06-16 10:00:00+00:00,74.85,75.12,74.68,74.7,17393.0178
2026-06-16 11:00:00+00:00,74.7,74.89,74.38,74.67,10712.7732
2026-06-16 12:00:00+00:00,74.67,75.55,74.5,74.94,54128.4858
2026-06-16 13:00:00+00:00,74.94,74.98,73.87,73.98,41818.4777
2026-06-16 14:00:00+00:00,73.98,74.31,72.34,72.96,51873.3729
2026-06-16 15:00:00+00:00,72.96,73.66,72.87,73.29,22710.6467
2026-06-16 16:00:00+00:00,73.29,73.48,73.01,73.09,16745.4841
2026-06-16 17:00:00+00:00,73.09,73.83,73.06,73.66,18329.3812
2026-06-16 18:00:00+00:00,73.66,74.34,73.59,74.01,35271.289
2026-06-16 19:00:00+00:00,74.01,74.23,73.5,73.85,19833.3777
2026-06-16 20:00:00+00:00,73.85,74.26,73.68,74.15,11633.6673
2026-06-16 21:00:00+00:00,74.15,74.22,73.75,73.94,21682.143
2026-06-16 22:00:00+00:00,73.94,74.11,73.61,73.85,7174.4536
2026-06-16 23:00:00+00:00,73.85,73.98,73.43,73.53,4944.4634
2026-06-17 00:00:00+00:00,73.53,73.79,73.32,73.37,7872.2607
2026-06-17 01:00:00+00:00,73.37,74.01,73.18,73.94,14648.8525
2026-06-17 02:00:00+00:00,73.94,74.47,73.71,74.06,17120.2916
2026-06-17 03:00:00+00:00,74.06,74.07,73.53,73.69,7026.9616
2026-06-17 04:00:00+00:00,73.69,74.12,73.61,73.83,5848.1849
2026-06-17 05:00:00+00:00,73.83,74.02,73.45,73.66,6025.1764
2026-06-17 06:00:00+00:00,73.66,73.84,73.18,73.41,10508.5455
2026-06-17 07:00:00+00:00,73.41,73.61,73.01,73.28,47057.8435
2026-06-17 08:00:00+00:00,73.28,73.31,72.17,72.35,28349.0003
2026-06-17 09:00:00+00:00,72.35,72.67,72.32,72.54,13856.9824
2026-06-17 10:00:00+00:00,72.54,72.68,72.13,72.14,7570.7674
2026-06-17 11:00:00+00:00,72.14,72.25,71.72,72.03,18371.1298
2026-06-17 12:00:00+00:00,72.03,72.35,71.59,72.33,20526.8404
2026-06-17 13:00:00+00:00,72.33,72.76,72.15,72.42,29559.623
2026-06-17 14:00:00+00:00,72.42,72.67,71.82,72.39,31468.4753
2026-06-17 15:00:00+00:00,72.39,73.88,72.35,73.83,37816.6098
2026-06-17 16:00:00+00:00,73.83,74.69,73.72,73.77,33418.8349
2026-06-17 17:00:00+00:00,73.77,74.35,73.48,74.21,29354.0326
2026-06-17 18:00:00+00:00,74.21,74.38,72.21,73.51,145735.625
2026-06-17 19:00:00+00:00,73.51,73.71,71.43,71.66,104952.301
2026-06-17 20:00:00+00:00,71.66,72.25,71.55,72.2,36691.243
2026-06-17 21:00:00+00:00,72.2,72.23,71.38,71.61,15736.3975
2026-06-17 22:00:00+00:00,71.61,71.94,70.83,71.71,30583.4956
2026-06-17 23:00:00+00:00,71.71,72.14,71.69,72.04,9475.643
2026-06-18 00:00:00+00:00,72.04,72.5,72.02,72.23,12313.7702
2026-06-18 01:00:00+00:00,72.23,72.63,72.09,72.22,9452.8449
2026-06-18 02:00:00+00:00,72.22,72.68,72.12,72.53,17307.3426
2026-06-18 03:00:00+00:00,72.53,72.55,71.54,71.66,15695.3529
2026-06-18 04:00:00+00:00,71.66,71.72,70.9,71.06,19929.9864
2026-06-18 05:00:00+00:00,71.06,71.13,70.64,71.12,15946.6457
2026-06-18 06:00:00+00:00,71.12,71.4,70.99,71.35,12495.5657
2026-06-18 07:00:00+00:00,71.35,71.84,71.16,71.77,13423.5113
2026-06-18 08:00:00+00:00,71.77,72.07,71.63,71.87,13789.7179
2026-06-18 09:00:00+00:00,71.87,72.15,71.75,71.85,8435.9579
2026-06-18 10:00:00+00:00,71.85,71.86,71.1,71.38,18538.9479
2026-06-18 11:00:00+00:00,71.38,71.56,70.72,70.93,47540.2171
2026-06-18 12:00:00+00:00,70.93,71.61,70.87,71.56,16539.9829
2026-06-18 13:00:00+00:00,71.56,71.79,70.69,71.04,34310.97
2026-06-18 14:00:00+00:00,71.04,71.71,70.69,71.07,49797.4997
2026-06-18 15:00:00+00:00,71.07,71.1,68.36,68.44,170880.1092
2026-06-18 16:00:00+00:00,68.44,69.12,68.39,69.04,30996.2136
2026-06-18 17:00:00+00:00,69.04,69.14,68.5,68.63,86166.3397
2026-06-18 18:00:00+00:00,68.63,68.97,68.23,68.65,146926.7895
2026-06-18 19:00:00+00:00,68.65,69.52,68.57,69.37,32221.9611
2026-06-18 20:00:00+00:00,69.37,69.95,69.37,69.82,20960.0923
2026-06-18 21:00:00+00:00,69.82,69.89,69.39,69.57,19495.4218
2026-06-18 22:00:00+00:00,69.57,69.69,69.26,69.52,17185.3346
2026-06-18 23:00:00+00:00,69.52,69.78,69.28,69.72,11205.7121
2026-06-19 00:00:00+00:00,69.72,69.89,69.55,69.79,12359.5432
2026-06-19 01:00:00+00:00,69.79,70.02,69.54,69.94,16024.626
2026-06-19 02:00:00+00:00,69.94,70.08,69.42,69.67,10475.3468
2026-06-19 03:00:00+00:00,69.67,69.75,68.65,69.06,36108.4987
2026-06-19 04:00:00+00:00,69.06,69.27,68.21,68.33,22866.77
2026-06-19 05:00:00+00:00,68.33,68.75,68.31,68.69,22736.2006
2026-06-19 06:00:00+00:00,68.69,68.84,68.46,68.75,18726.8883
2026-06-19 07:00:00+00:00,68.75,68.77,67.98,68.39,23631.9259
2026-06-19 08:00:00+00:00,68.39,68.75,68.23,68.68,11949.1088
2026-06-19 09:00:00+00:00,68.68,68.75,68.22,68.33,28791.399
2026-06-19 10:00:00+00:00,68.33,68.46,68.05,68.31,19690.6703
2026-06-19 11:00:00+00:00,68.31,68.47,68.1,68.24,17518.5894
2026-06-19 12:00:00+00:00,68.24,68.7,67.85,68.6,43855.3338
2026-06-19 13:00:00+00:00,68.6,69.55,68.39,69.27,48907.8796
2026-06-19 14:00:00+00:00,69.27,69.47,68.83,69.14,25020.9712
2026-06-19 15:00:00+00:00,69.14,69.53,68.93,69.33,14780.5921
2026-06-19 16:00:00+00:00,69.33,69.57,68.69,68.72,21117.3185
2026-06-19 17:00:00+00:00,68.72,69.52,68.64,69.31,19768.2259
2026-06-19 18:00:00+00:00,69.31,69.37,68.81,69.07,12206.0713
2026-06-19 19:00:00+00:00,69.07,69.14,68.79,68.96,11764.9738
2026-06-19 20:00:00+00:00,68.96,69.31,68.72,69.25,13270.1068
2026-06-19 21:00:00+00:00,69.25,69.3,68.9,69.0,17206.6361
2026-06-19 22:00:00+00:00,69.0,69.44,68.98,69.4,20079.0041
2026-06-19 23:00:00+00:00,69.4,69.88,69.22,69.72,21350.7622
2026-06-20 00:00:00+00:00,69.72,70.15,69.59,69.62,24160.4342
2026-06-20 01:00:00+00:00,69.62,69.94,69.54,69.8,17066.8584
2026-06-20 02:00:00+00:00,69.8,69.86,69.49,69.65,4798.8145
2026-06-20 03:00:00+00:00,69.65,70.1,69.62,70.0,7154.8115
2026-06-20 04:00:00+00:00,70.0,71.09,69.88,70.86,22930.9098
2026-06-20 05:00:00+00:00,70.86,72.46,70.72,71.79,52039.2088
2026-06-20 06:00:00+00:00,71.79,72.38,71.7,72.11,20770.6579
2026-06-20 07:00:00+00:00,72.11,72.15,71.46,71.59,14172.7663
2026-06-20 08:00:00+00:00,71.59,71.65,71.28,71.35,8188.3138
2026-06-20 09:00:00+00:00,71.35,71.63,71.21,71.56,5435.2752
2026-06-20 10:00:00+00:00,71.56,71.71,71.43,71.69,5955.7717
2026-06-20 11:00:00+00:00,71.69,72.1,71.44,71.78,8130.6933
2026-06-20 12:00:00+00:00,71.78,71.94,71.41,71.56,8169.3188
2026-06-20 13:00:00+00:00,71.56,71.6,70.77,71.21,13903.2502
2026-06-20 14:00:00+00:00,71.21,72.2,70.49,71.95,30308.2755
2026-06-20 15:00:00+00:00,71.95,72.64,71.63,72.04,50521.8507
2026-06-20 16:00:00+00:00,72.04,72.06,71.33,71.68,21407.9882
2026-06-20 17:00:00+00:00,71.68,71.69,71.09,71.56,12683.1743
2026-06-20 18:00:00+00:00,71.56,71.98,71.54,71.77,16070.8651
2026-06-20 19:00:00+00:00,71.77,71.92,71.61,71.87,8070.3307
2026-06-20 20:00:00+00:00,71.87,72.07,71.72,72.03,4300.7657
2026-06-20 21:00:00+00:00,72.03,72.45,71.97,72.41,14518.4408
2026-06-20 22:00:00+00:00,72.41,74.29,72.37,73.56,70676.1232
2026-06-20 23:00:00+00:00,73.56,73.65,73.21,73.21,29396.5573
2026-06-21 00:00:00+00:00,73.21,73.28,73.02,73.2,11897.2288
2026-06-21 01:00:00+00:00,73.2,73.31,72.89,73.19,14687.6675
2026-06-21 02:00:00+00:00,73.19,73.38,73.09,73.33,7204.9359
2026-06-21 03:00:00+00:00,73.33,73.86,73.12,73.63,22387.9105
2026-06-21 04:00:00+00:00,73.63,73.85,73.39,73.45,8321.5123
2026-06-21 05:00:00+00:00,73.45,73.52,73.01,73.1,13853.5088
2026-06-21 06:00:00+00:00,73.1,73.36,73.05,73.24,7853.8282
2026-06-21 07:00:00+00:00,73.24,73.45,73.13,73.22,23660.9818
2026-06-21 08:00:00+00:00,73.22,73.26,72.75,73.16,15022.8848
2026-06-21 09:00:00+00:00,73.16,74.12,73.09,74.05,34917.5889
2026-06-21 10:00:00+00:00,74.05,74.4,73.88,73.9,16131.3163
2026-06-21 11:00:00+00:00,73.9,74.02,73.1,73.2,14322.3625
2026-06-21 12:00:00+00:00,73.2,73.7,72.93,73.64,18186.2189
2026-06-21 13:00:00+00:00,73.64,73.95,73.49,73.92,30038.6126
2026-06-21 14:00:00+00:00,73.92,74.18,73.66,74.12,30559.6286
2026-06-21 15:00:00+00:00,74.12,74.31,73.92,74.15,17135.0491
2026-06-21 16:00:00+00:00,74.15,74.69,73.82,74.35,37976.4546
2026-06-21 17:00:00+00:00,74.35,74.65,74.06,74.26,13690.795
2026-06-21 18:00:00+00:00,74.26,74.46,73.87,74.23,12985.7016
2026-06-21 19:00:00+00:00,74.23,74.47,74.12,74.44,7246.5658
2026-06-21 20:00:00+00:00,74.44,74.56,73.35,73.44,17819.8305
2026-06-21 21:00:00+00:00,73.44,73.47,72.42,73.16,45161.9805
2026-06-21 22:00:00+00:00,73.16,73.26,72.64,73.06,16041.5112
2026-06-21 23:00:00+00:00,73.06,73.1,72.3,72.47,17601.7132
2026-06-22 00:00:00+00:00,72.47,73.59,72.46,73.38,18154.7803
2026-06-22 01:00:00+00:00,73.38,75.0,73.27,74.41,36640.1271
2026-06-22 02:00:00+00:00,74.41,74.46,73.78,73.83,15012.601
2026-06-22 03:00:00+00:00,73.83,74.07,73.3,73.53,12632.177
2026-06-22 04:00:00+00:00,73.53,73.91,73.36,73.88,8611.3605
2026-06-22 05:00:00+00:00,73.88,74.15,73.81,73.96,14086.4484
2026-06-22 06:00:00+00:00,73.96,74.21,73.56,73.71,10948.9644
2026-06-22 07:00:00+00:00,73.71,74.5,73.68,74.1,47568.933
2026-06-22 08:00:00+00:00,74.1,74.34,73.71,73.89,25962.7017
2026-06-22 09:00:00+00:00,73.89,74.03,73.58,73.81,16789.5474
2026-06-22 10:00:00+00:00,73.81,74.03,73.6,73.78,10947.8696
2026-06-22 11:00:00+00:00,73.78,74.44,73.65,74.19,54906.9452
2026-06-22 12:00:00+00:00,74.19,74.58,74.04,74.43,40035.9873
2026-06-22 13:00:00+00:00,74.43,74.99,74.25,74.97,38828.4321
2026-06-22 14:00:00+00:00,74.97,75.01,73.19,73.44,38604.944
2026-06-22 15:00:00+00:00,73.44,73.8,72.98,73.14,33453.2904
2026-06-22 16:00:00+00:00,73.14,73.2,72.55,72.95,26932.6237
2026-06-22 17:00:00+00:00,72.95,73.32,72.63,73.29,11698.7364
2026-06-22 18:00:00+00:00,73.29,73.57,72.58,72.64,40034.3712
2026-06-22 19:00:00+00:00,72.64,72.81,72.45,72.7,23440.7962
2026-06-22 20:00:00+00:00,72.7,72.96,72.49,72.83,9920.7689
2026-06-22 21:00:00+00:00,72.83,72.88,72.28,72.72,12042.7764
2026-06-22 22:00:00+00:00,72.72,72.95,71.32,72.1,62640.0267
2026-06-22 23:00:00+00:00,72.1,72.16,71.83,71.97,31780.3139
2026-06-23 00:00:00+00:00,71.97,72.04,71.47,71.87,28920.866
2026-06-23 01:00:00+00:00,71.87,72.04,71.29,71.71,26823.0486
2026-06-23 02:00:00+00:00,71.71,72.04,71.54,72.0,15384.2312
2026-06-23 03:00:00+00:00,72.0,72.01,71.72,71.99,10738.0633
2026-06-23 04:00:00+00:00,71.99,72.02,71.38,71.44,8990.8989
2026-06-23 05:00:00+00:00,71.44,71.58,70.92,71.0,22894.1892
2026-06-23 06:00:00+00:00,71.0,71.07,69.66,70.32,68590.2951
2026-06-23 07:00:00+00:00,70.32,70.56,69.99,70.02,39883.0435
2026-06-23 08:00:00+00:00,70.02,70.11,68.16,68.69,104884.618
2026-06-23 09:00:00+00:00,68.69,69.04,68.68,68.9,27681.753
2026-06-23 10:00:00+00:00,68.9,69.22,68.6,68.82,21902.6406
2026-06-23 11:00:00+00:00,68.82,69.34,68.82,69.31,40087.7719
2026-06-23 12:00:00+00:00,69.31,69.37,68.85,68.96,36501.294
2026-06-23 13:00:00+00:00,68.96,69.36,68.62,69.21,54808.6783
2026-06-23 14:00:00+00:00,69.21,69.67,69.06,69.2,50438.4893
2026-06-23 15:00:00+00:00,69.2,69.2,68.39,68.93,30125.9524
2026-06-23 16:00:00+00:00,68.93,69.4,68.79,68.88,30847.2787
2026-06-23 17:00:00+00:00,68.88,69.18,68.63,68.76,14913.5603
2026-06-23 18:00:00+00:00,68.76,69.04,68.67,68.89,23505.319
2026-06-23 19:00:00+00:00,68.89,69.1,68.72,68.84,29236.9737
2026-06-23 20:00:00+00:00,68.84,69.06,68.83,69.01,11099.4947
2026-06-23 21:00:00+00:00,69.01,69.31,68.98,69.28,14050.0832
2026-06-23 22:00:00+00:00,69.28,69.82,69.24,69.56,27782.0517
2026-06-23 23:00:00+00:00,69.56,69.81,69.31,69.7,14343.9984
2026-06-24 00:00:00+00:00,69.7,70.14,69.58,69.99,31380.2222
2026-06-24 01:00:00+00:00,69.99,70.38,69.66,70.07,26555.8923
2026-06-24 02:00:00+00:00,70.07,70.14,69.43,69.45,31015.746
2026-06-24 03:00:00+00:00,69.45,69.76,69.1,69.55,15384.5056
2026-06-24 04:00:00+00:00,69.55,69.68,68.99,69.59,16692.7
2026-06-24 05:00:00+00:00,69.59,70.21,69.52,69.94,11735.7414
2026-06-24 06:00:00+00:00,69.94,70.04,69.69,69.73,22095.1764
2026-06-24 07:00:00+00:00,69.73,69.78,69.27,69.37,31346.1061
2026-06-24 08:00:00+00:00,69.37,69.62,69.23,69.46,39897.3214
2026-06-24 09:00:00+00:00,69.46,69.54,69.21,69.34,33606.8415
2026-06-24 10:00:00+00:00,69.34,69.34,68.94,69.04,23240.2523
2026-06-24 11:00:00+00:00,69.04,70.45,68.77,69.8,31096.6294
2026-06-24 12:00:00+00:00,69.8,69.92,69.42,69.46,19601.6817
2026-06-24 13:00:00+00:00,69.46,69.5,68.38,68.89,80800.9961
2026-06-24 14:00:00+00:00,68.89,69.42,68.6,68.86,72907.5156
2026-06-24 15:00:00+00:00,68.86,68.89,67.26,67.32,65801.046
2026-06-24 16:00:00+00:00,67.32,68.03,66.3,66.54,112911.9962
2026-06-24 17:00:00+00:00,66.54,66.92,64.71,64.96,92633.19
2026-06-24 18:00:00+00:00,64.96,66.49,64.82,66.01,90016.2726
2026-06-24 19:00:00+00:00,66.01,66.37,65.53,66.12,56299.3561
2026-06-24 20:00:00+00:00,66.12,68.01,65.98,67.67,74406.5056
2026-06-24 21:00:00+00:00,67.67,68.13,67.22,68.08,38462.2403
2026-06-24 22:00:00+00:00,68.08,68.57,67.7,67.82,19587.6512
2026-06-24 23:00:00+00:00,67.82,68.19,67.77,68.11,9951.0496
2026-06-25 00:00:00+00:00,68.11,68.32,67.55,67.71,11467.8606
2026-06-25 01:00:00+00:00,67.71,68.0,67.41,67.88,7761.5951
2026-06-25 02:00:00+00:00,67.88,67.93,67.61,67.74,6142.2582
2026-06-25 03:00:00+00:00,67.74,67.85,67.47,67.69,8280.8623
2026-06-25 04:00:00+00:00,67.69,68.52,67.49,68.47,19436.4326
2026-06-25 05:00:00+00:00,68.47,69.29,68.37,69.03,38562.4147
2026-06-25 06:00:00+00:00,69.03,69.65,69.02,69.47,18638.636
2026-06-25 07:00:00+00:00,69.47,69.58,69.24,69.44,17327.0349
2026-06-25 08:00:00+00:00,69.44,69.44,68.99,69.06,32386.3173
2026-06-25 09:00:00+00:00,69.06,69.19,68.79,68.83,20940.8059
2026-06-25 10:00:00+00:00,68.83,68.88,68.12,68.31,39042.8764
2026-06-25 11:00:00+00:00,68.31,68.43,68.0,68.18,27576.3635
2026-06-25 12:00:00+00:00,68.18,68.92,67.8,68.29,44796.5286
2026-06-25 13:00:00+00:00,68.29,68.46,64.02,64.23,164073.5095
2026-06-25 14:00:00+00:00,64.23,67.15,64.23,66.36,187534.0047
2026-06-25 15:00:00+00:00,66.36,66.4,65.24,66.3,130798.0634
2026-06-25 16:00:00+00:00,66.3,67.03,65.67,65.97,50173.6054
2026-06-25 17:00:00+00:00,65.97,67.37,65.82,67.14,53176.365
2026-06-25 18:00:00+00:00,67.14,67.16,65.92,66.19,57012.0023
2026-06-25 19:00:00+00:00,66.19,66.23,65.66,66.21,37265.435
2026-06-25 20:00:00+00:00,66.21,66.8,66.07,66.28,34273.947
2026-06-25 21:00:00+00:00,66.28,67.31,66.28,67.29,25364.2808
2026-06-25 22:00:00+00:00,67.29,67.34,66.95,67.15,21542.3886
2026-06-25 23:00:00+00:00,67.15,68.81,67.01,67.71,80392.1582
2026-06-26 00:00:00+00:00,67.71,68.1,67.62,67.74,23677.7985
2026-06-26 01:00:00+00:00,67.74,67.92,67.14,67.31,17048.455
2026-06-26 02:00:00+00:00,67.31,67.35,65.92,66.21,47191.7895
2026-06-26 03:00:00+00:00,66.21,68.5,65.92,68.22,77388.0528
2026-06-26 04:00:00+00:00,68.22,68.38,67.98,68.08,31505.144
2026-06-26 05:00:00+00:00,68.08,68.48,68.0,68.37,21478.239
2026-06-26 06:00:00+00:00,68.37,70.02,68.01,69.99,61525.3385
2026-06-26 07:00:00+00:00,69.99,71.0,69.93,70.79,75534.1142
2026-06-26 08:00:00+00:00,70.79,70.89,69.73,69.96,70760.1691
2026-06-26 09:00:00+00:00,69.96,69.96,68.86,69.01,40182.2591
2026-06-26 10:00:00+00:00,69.01,69.25,68.66,68.77,31112.9772
2026-06-26 11:00:00+00:00,68.77,69.11,68.4,68.6,26855.4529
2026-06-26 12:00:00+00:00,68.6,69.74,68.38,68.88,34332.2345
2026-06-26 13:00:00+00:00,68.88,70.96,68.21,70.71,79146.7125
2026-06-26 14:00:00+00:00,70.71,71.98,70.26,70.47,133019.4461
2026-06-26 15:00:00+00:00,70.47,72.26,70.33,72.07,80235.2567
2026-06-26 16:00:00+00:00,72.07,73.55,72.03,72.5,93223.6005
2026-06-26 17:00:00+00:00,72.5,72.88,72.2,72.57,49451.6385
2026-06-26 18:00:00+00:00,72.57,73.1,72.39,72.61,36257.976
2026-06-26 19:00:00+00:00,72.61,73.94,72.5,73.02,66944.5884
2026-06-26 20:00:00+00:00,73.02,73.68,72.07,72.18,62828.9944
2026-06-26 21:00:00+00:00,72.18,72.4,71.82,71.98,31555.7143
2026-06-26 22:00:00+00:00,71.98,72.1,71.44,71.82,24777.4526
2026-06-26 23:00:00+00:00,71.82,72.01,71.68,71.9,15334.1506
2026-06-27 00:00:00+00:00,71.9,72.49,71.58,71.81,28794.8405
2026-06-27 01:00:00+00:00,71.81,71.82,71.37,71.45,9641.2383
2026-06-27 02:00:00+00:00,71.45,72.25,71.39,72.12,17874.177
2026-06-27 03:00:00+00:00,72.12,72.4,71.84,72.25,15672.8966
2026-06-27 04:00:00+00:00,72.25,72.58,71.89,71.93,16586.3913
2026-06-27 05:00:00+00:00,71.93,72.02,71.51,71.8,10281.316
2026-06-27 06:00:00+00:00,71.8,72.32,71.62,72.13,20473.9881
2026-06-27 07:00:00+00:00,72.13,72.34,72.01,72.3,10657.6998
2026-06-27 08:00:00+00:00,72.3,72.32,71.87,72.02,12844.9236
2026-06-27 09:00:00+00:00,72.02,72.11,71.72,71.88,8487.7115
2026-06-27 10:00:00+00:00,71.88,72.05,71.83,72.02,6751.998
2026-06-27 11:00:00+00:00,72.02,72.08,71.54,71.8,7334.5682
2026-06-27 12:00:00+00:00,71.8,72.19,71.66,72.16,13840.3581
2026-06-27 13:00:00+00:00,72.16,72.63,72.12,72.36,14285.6777
2026-06-27 14:00:00+00:00,72.36,72.91,72.22,72.72,11085.7951
2026-06-27 15:00:00+00:00,72.72,73.19,72.62,72.85,18621.5991
2026-06-27 16:00:00+00:00,72.85,73.01,72.64,72.65,12257.4626
2026-06-27 17:00:00+00:00,72.65,72.65,71.91,72.04,28123.8878
2026-06-27 18:00:00+00:00,72.04,72.18,71.76,71.92,11472.4405
2026-06-27 19:00:00+00:00,71.92,72.02,70.94,71.1,30320.1727
2026-06-27 20:00:00+00:00,71.1,71.35,71.08,71.31,6265.7174
2026-06-27 21:00:00+00:00,71.31,71.63,70.81,70.98,12808.6081
2026-06-27 22:00:00+00:00,70.98,71.09,70.25,71.08,22236.6992
2026-06-27 23:00:00+00:00,71.08,71.16,70.43,70.49,22503.2101
2026-06-28 00:00:00+00:00,70.49,70.8,70.46,70.69,8083.5282
2026-06-28 01:00:00+00:00,70.69,70.92,70.43,70.84,7090.0086
2026-06-28 02:00:00+00:00,70.84,71.0,70.49,70.72,6062.598
2026-06-28 03:00:00+00:00,70.72,70.97,70.71,70.86,7005.6934
2026-06-28 04:00:00+00:00,70.86,70.98,70.56,70.77,5140.3532
2026-06-28 05:00:00+00:00,70.77,70.77,70.15,70.52,9181.2808
2026-06-28 06:00:00+00:00,70.52,70.57,70.17,70.45,5524.0595
2026-06-28 07:00:00+00:00,70.45,71.09,70.44,71.07,10712.4949
2026-06-28 08:00:00+00:00,71.07,72.2,71.05,71.91,31000.9355
2026-06-28 09:00:00+00:00,71.91,72.05,71.5,71.53,14785.7468
2026-06-28 10:00:00+00:00,71.53,71.61,71.12,71.48,10749.0553
2026-06-28 11:00:00+00:00,71.48,72.03,71.42,71.91,15280.0524
2026-06-28 12:00:00+00:00,71.91,72.42,71.65,71.88,12749.1288
2026-06-28 13:00:00+00:00,71.88,72.09,71.34,71.74,17499.5221
2026-06-28 14:00:00+00:00,71.74,72.2,71.65,71.66,10852.756
2026-06-28 15:00:00+00:00,71.66,72.11,71.46,72.09,16346.7854
2026-06-28 16:00:00+00:00,72.09,72.14,71.17,71.57,24026.0754
2026-06-28 17:00:00+00:00,71.57,71.97,70.96,71.56,18335.6711
2026-06-28 18:00:00+00:00,71.56,71.72,71.0,71.17,19097.6689
2026-06-28 19:00:00+00:00,71.17,71.31,70.25,70.71,23826.847
2026-06-28 20:00:00+00:00,70.71,71.29,70.49,70.9,104415.1069
2026-06-28 21:00:00+00:00,70.9,71.06,70.25,70.46,21268.8001
2026-06-28 22:00:00+00:00,70.46,71.52,69.72,70.25,41814.7804
2026-06-28 23:00:00+00:00,70.25,71.77,70.13,71.4,33694.2864
2026-06-29 00:00:00+00:00,71.4,71.7,70.36,71.65,43083.3348
2026-06-29 01:00:00+00:00,71.65,71.7,70.96,71.5,27463.4129
2026-06-29 02:00:00+00:00,71.5,72.23,70.52,72.21,38667.2581
2026-06-29 03:00:00+00:00,72.21,73.34,72.19,72.68,57068.6939
2026-06-29 04:00:00+00:00,72.68,72.69,71.64,71.69,15062.4382
2026-06-29 05:00:00+00:00,71.69,72.34,71.03,72.32,31225.6961
2026-06-29 06:00:00+00:00,72.32,73.12,72.22,72.38,47131.0272
2026-06-29 07:00:00+00:00,72.38,72.94,72.09,72.72,23772.7351
2026-06-29 08:00:00+00:00,72.72,73.01,72.4,72.72,37981.403
2026-06-29 09:00:00+00:00,72.72,73.16,72.6,72.92,28963.9339
2026-06-29 10:00:00+00:00,72.92,73.68,72.92,73.24,30973.892
2026-06-29 11:00:00+00:00,73.24,73.28,72.25,72.52,40211.2338
2026-06-29 12:00:00+00:00,72.52,74.54,72.12,73.49,122164.9297
2026-06-29 13:00:00+00:00,73.49,74.33,72.78,73.73,106665.1892
2026-06-29 14:00:00+00:00,73.73,73.94,72.31,73.72,92309.1551
2026-06-29 15:00:00+00:00,73.72,74.45,72.79,73.89,73481.3539
2026-06-29 16:00:00+00:00,73.89,74.18,72.91,74.04,42566.7819
2026-06-29 17:00:00+00:00,74.04,76.48,74.02,75.29,168416.8566
2026-06-29 18:00:00+00:00,75.29,75.82,75.15,75.61,27245.7677
2026-06-29 19:00:00+00:00,75.61,76.22,75.42,75.99,31245.3416
2026-06-29 20:00:00+00:00,75.99,76.01,75.28,75.39,18807.0847
2026-06-29 21:00:00+00:00,75.39,75.8,75.25,75.52,15838.6555
2026-06-29 22:00:00+00:00,75.52,75.65,75.06,75.28,12860.9675
2026-06-29 23:00:00+00:00,75.28,75.43,74.9,75.16,16866.8215
2026-06-30 00:00:00+00:00,75.16,75.24,74.2,74.45,22850.058
2026-06-30 01:00:00+00:00,74.45,74.67,74.07,74.41,17364.163
2026-06-30 02:00:00+00:00,74.41,74.85,74.05,74.61,12748.8529
2026-06-30 03:00:00+00:00,74.61,74.9,74.14,74.2,9036.6749
2026-06-30 04:00:00+00:00,74.2,74.26,73.68,74.03,21924.2288
2026-06-30 05:00:00+00:00,74.03,74.23,73.85,74.23,10944.2298
2026-06-30 06:00:00+00:00,74.23,74.25,73.91,74.16,7562.0773
2026-06-30 07:00:00+00:00,74.16,74.25,73.86,74.15,22921.339
2026-06-30 08:00:00+00:00,74.15,74.21,73.33,73.63,50495.7286
2026-06-30 09:00:00+00:00,73.63,73.88,73.54,73.79,14970.5709
2026-06-30 10:00:00+00:00,73.79,73.9,73.48,73.69,6027.1037
2026-06-30 11:00:00+00:00,73.69,73.77,73.33,73.39,10892.816
2026-06-30 12:00:00+00:00,73.39,73.41,72.07,72.1,34652.0173
2026-06-30 13:00:00+00:00,72.1,72.93,71.9,72.87,51338.8093
2026-06-30 14:00:00+00:00,72.87,73.91,72.75,72.95,27407.132
2026-06-30 15:00:00+00:00,72.95,74.11,72.6,73.13,54331.1893
2026-06-30 16:00:00+00:00,73.13,73.72,72.74,73.5,26460.9212
2026-06-30 17:00:00+00:00,73.5,73.92,73.16,73.17,28368.0536
2026-06-30 18:00:00+00:00,73.17,73.81,72.95,73.6,18230.5242
2026-06-30 19:00:00+00:00,73.6,73.97,73.36,73.75,20725.9108
2026-06-30 20:00:00+00:00,73.75,73.94,73.53,73.7,23946.2242
2026-06-30 21:00:00+00:00,73.7,73.78,73.2,73.5,14390.2536
2026-06-30 22:00:00+00:00,73.5,73.74,73.28,73.45,9469.1787
2026-06-30 23:00:00+00:00,73.45,73.71,73.33,73.67,7567.8645
2026-07-01 00:00:00+00:00,73.67,73.88,73.37,73.63,14857.7071
2026-07-01 01:00:00+00:00,73.63,74.36,72.25,73.95,48592.6596
2026-07-01 02:00:00+00:00,73.95,75.03,73.8,74.78,37215.3888
2026-07-01 03:00:00+00:00,74.78,75.71,74.36,75.47,45055.0577
2026-07-01 04:00:00+00:00,75.47,75.87,75.26,75.58,41020.8155
2026-07-01 05:00:00+00:00,75.58,75.8,75.16,75.26,16423.5279
2026-07-01 06:00:00+00:00,75.26,75.28,73.97,74.32,22074.8726
2026-07-01 07:00:00+00:00,74.32,74.96,74.1,74.88,27825.0314
2026-07-01 08:00:00+00:00,74.88,75.52,74.47,75.44,31739.9637
2026-07-01 09:00:00+00:00,75.44,75.58,75.08,75.46,29078.071
2026-07-01 10:00:00+00:00,75.46,75.56,74.99,75.0,24260.4211
2026-07-01 11:00:00+00:00,75.0,75.33,74.64,74.84,19564.5599
2026-07-01 12:00:00+00:00,74.84,74.97,74.26,74.6,24980.2022
2026-07-01 13:00:00+00:00,74.6,76.13,74.6,76.05,66562.2893
2026-07-01 14:00:00+00:00,76.05,77.28,75.65,76.98,90149.5957
2026-07-01 15:00:00+00:00,76.98,77.83,76.84,77.44,52380.9903
2026-07-01 16:00:00+00:00,77.44,78.24,76.91,77.17,52879.8733
2026-07-01 17:00:00+00:00,77.17,77.95,76.87,77.78,25248.8218
2026-07-01 18:00:00+00:00,77.78,77.92,77.31,77.44,38304.7647
2026-07-01 19:00:00+00:00,77.44,77.7,76.81,77.01,23380.8789
2026-07-01 20:00:00+00:00,77.01,77.51,76.61,77.43,29266.0762
2026-07-01 21:00:00+00:00,77.43,78.7,77.43,78.42,47467.9765
2026-07-01 22:00:00+00:00,78.42,78.96,77.78,77.88,39929.6007
2026-07-01 23:00:00+00:00,77.88,77.88,77.27,77.47,21088.5681
2026-07-02 00:00:00+00:00,77.47,77.47,76.91,77.26,16446.5039
2026-07-02 01:00:00+00:00,77.26,78.71,77.23,78.19,23027.9319
2026-07-02 02:00:00+00:00,78.19,78.62,77.82,78.45,14327.7583
2026-07-02 03:00:00+00:00,78.45,79.0,77.95,78.73,48094.4853
2026-07-02 04:00:00+00:00,78.73,78.74,78.07,78.3,22292.7025
2026-07-02 05:00:00+00:00,78.3,78.36,77.8,78.13,11092.4713
2026-07-02 06:00:00+00:00,78.13,78.65,77.78,77.91,20956.951
2026-07-02 07:00:00+00:00,77.91,78.2,77.6,77.99,18587.3183
2026-07-02 08:00:00+00:00,77.99,78.5,77.95,78.49,14918.0013
2026-07-02 09:00:00+00:00,78.49,79.8,78.3,79.48,46401.8476
2026-07-02 10:00:00+00:00,79.48,82.2,79.43,82.09,101698.3383
2026-07-02 11:00:00+00:00,82.09,82.77,81.52,82.39,100721.5161
2026-07-02 12:00:00+00:00,82.39,82.45,81.13,81.41,79134.3186
2026-07-02 13:00:00+00:00,81.41,82.0,80.73,81.51,54440.9212
2026-07-02 14:00:00+00:00,81.51,81.53,80.12,80.54,90686.5738
2026-07-02 15:00:00+00:00,80.54,80.91,80.1,80.86,27759.9255
2026-07-02 16:00:00+00:00,80.86,81.11,80.17,80.56,42768.4535
2026-07-02 17:00:00+00:00,80.56,81.24,80.51,80.65,21314.7923
2026-07-02 18:00:00+00:00,80.65,81.25,80.65,81.03,26146.4133
2026-07-02 19:00:00+00:00,81.03,81.31,80.79,80.85,15455.6727
2026-07-02 20:00:00+00:00,80.85,81.1,80.6,81.02,13776.3065
2026-07-02 21:00:00+00:00,81.02,81.17,80.5,80.8,8265.8271
2026-07-02 22:00:00+00:00,80.8,80.88,80.42,80.66,11532.3751
2026-07-02 23:00:00+00:00,80.66,80.77,80.5,80.72,9077.5965
2026-07-03 00:00:00+00:00,80.72,80.93,80.52,80.76,22009.0858
2026-07-03 01:00:00+00:00,80.76,81.69,80.71,81.49,14573.7689
2026-07-03 02:00:00+00:00,81.49,81.68,80.69,80.82,9654.0668
2026-07-03 03:00:00+00:00,80.82,80.98,80.35,80.74,10631.8014
2026-07-03 04:00:00+00:00,80.74,80.81,80.48,80.52,5525.918
2026-07-03 05:00:00+00:00,80.52,81.27,80.47,81.15,8041.0099
2026-07-03 06:00:00+00:00,81.15,81.39,80.75,80.96,9438.3934
2026-07-03 07:00:00+00:00,80.96,81.52,80.83,81.23,9237.6761
2026-07-03 08:00:00+00:00,81.23,81.52,80.84,80.92,16199.9194
2026-07-03 09:00:00+00:00,80.92,81.29,80.68,81.02,15453.5076
2026-07-03 10:00:00+00:00,81.02,81.87,80.87,81.56,30338.6555
2026-07-03 11:00:00+00:00,81.56,81.69,81.25,81.56,31002.5856
2026-07-03 12:00:00+00:00,81.56,81.77,81.21,81.52,13106.289
2026-07-03 13:00:00+00:00,81.52,81.84,81.42,81.6,16141.8272
2026-07-03 14:00:00+00:00,81.6,81.81,80.93,81.7,28848.7754
2026-07-03 15:00:00+00:00,81.7,82.05,81.14,81.21,16114.7305
2026-07-03 16:00:00+00:00,81.21,81.57,81.06,81.53,13664.0139
2026-07-03 17:00:00+00:00,81.53,81.97,81.46,81.78,10871.6734
2026-07-03 18:00:00+00:00,81.78,82.37,81.63,82.12,13477.4295
2026-07-03 19:00:00+00:00,82.12,83.23,82.09,82.49,43789.9438
2026-07-03 20:00:00+00:00,82.49,83.0,82.23,82.71,28521.4213
2026-07-03 21:00:00+00:00,82.71,83.03,82.17,82.65,18209.5299
2026-07-03 22:00:00+00:00,82.65,82.69,82.25,82.35,6393.5587
2026-07-03 23:00:00+00:00,82.35,82.49,82.18,82.34,4179.7722
2026-07-04 00:00:00+00:00,82.34,82.75,82.27,82.4,7845.6228
2026-07-04 01:00:00+00:00,82.4,82.4,81.82,81.94,9398.9933
2026-07-04 02:00:00+00:00,81.94,82.4,81.9,82.19,4768.3332
2026-07-04 03:00:00+00:00,82.19,82.87,82.06,82.73,13356.882
2026-07-04 04:00:00+00:00,82.73,83.98,82.67,83.49,26942.4629
2026-07-04 05:00:00+00:00,83.49,83.49,82.91,83.37,12558.601
2026-07-04 06:00:00+00:00,83.37,83.6,82.5,82.56,17569.3968
2026-07-04 07:00:00+00:00,82.56,82.83,82.28,82.71,10361.4517
2026-07-04 08:00:00+00:00,82.71,82.78,82.26,82.32,9838.7484
2026-07-04 09:00:00+00:00,82.32,82.35,81.62,81.75,19496.5903
2026-07-04 10:00:00+00:00,81.75,81.94,81.43,81.64,18886.2389
2026-07-04 11:00:00+00:00,81.64,81.93,81.55,81.82,7935.9393
2026-07-04 12:00:00+00:00,81.82,82.0,81.36,81.6,15479.6431
2026-07-04 13:00:00+00:00,81.6,81.92,81.4,81.66,11309.5671
2026-07-04 14:00:00+00:00,81.66,81.87,81.55,81.82,7315.3983
2026-07-04 15:00:00+00:00,81.82,82.41,81.73,82.23,27611.231
2026-07-04 16:00:00+00:00,82.23,82.38,81.99,82.22,15881.2154
2026-07-04 17:00:00+00:00,82.22,82.82,81.88,82.54,13946.6795
2026-07-04 18:00:00+00:00,82.54,82.63,82.11,82.27,11215.3627
2026-07-04 19:00:00+00:00,82.27,82.36,81.72,81.88,28734.3222
2026-07-04 20:00:00+00:00,81.88,82.16,81.57,81.98,10525.6056
2026-07-04 21:00:00+00:00,81.98,82.22,81.84,82.0,4984.2453
2026-07-04 22:00:00+00:00,82.0,82.05,81.79,81.93,3679.5647
2026-07-04 23:00:00+00:00,81.93,81.94,81.45,81.79,7081.1892
2026-07-05 00:00:00+00:00,81.79,81.82,81.14,81.31,23596.4606
2026-07-05 01:00:00+00:00,81.31,81.47,80.57,80.84,17150.319
2026-07-05 02:00:00+00:00,80.84,80.89,80.2,80.38,13611.1731
2026-07-05 03:00:00+00:00,80.38,80.59,80.36,80.56,8818.9902
2026-07-05 04:00:00+00:00,80.56,80.87,80.41,80.6,7912.0704
2026-07-05 05:00:00+00:00,80.6,80.6,80.25,80.47,7608.5406
2026-07-05 06:00:00+00:00,80.47,80.64,80.33,80.59,7086.9947
2026-07-05 07:00:00+00:00,80.59,80.77,80.37,80.71,10262.1152
2026-07-05 08:00:00+00:00,80.71,80.97,80.45,80.49,34904.2936
2026-07-05 09:00:00+00:00,80.49,80.55,79.69,79.9,20075.894
2026-07-05 10:00:00+00:00,79.9,80.45,79.75,80.44,8851.1647
2026-07-05 11:00:00+00:00,80.44,80.65,80.36,80.56,11220.536
2026-07-05 12:00:00+00:00,80.56,81.27,80.36,80.76,31631.9558
2026-07-05 13:00:00+00:00,80.76,81.24,80.68,81.23,22002.7398
2026-07-05 14:00:00+00:00,81.23,81.6,81.03,81.44,26545.563
2026-07-05 15:00:00+00:00,81.44,81.75,81.12,81.35,14951.2998
2026-07-05 16:00:00+00:00,81.35,81.52,80.91,81.1,20776.742
2026-07-05 17:00:00+00:00,81.1,81.37,81.01,81.13,10188.2589
2026-07-05 18:00:00+00:00,81.13,81.26,80.99,81.0,5999.6483
2026-07-05 19:00:00+00:00,81.0,81.12,80.82,81.03,8603.579
2026-07-05 20:00:00+00:00,81.03,81.17,80.95,81.08,4960.2118
2026-07-05 21:00:00+00:00,81.08,82.22,80.79,81.79,23907.3997
2026-07-05 22:00:00+00:00,81.79,82.42,81.64,81.83,20159.0858
2026-07-05 23:00:00+00:00,81.83,82.08,81.46,81.59,12674.6836
2026-07-06 00:00:00+00:00,81.59,82.24,81.13,82.19,19356.8505
2026-07-06 01:00:00+00:00,82.19,82.33,81.48,81.55,12370.5477
2026-07-06 02:00:00+00:00,81.55,81.69,80.83,81.02,16462.4444
2026-07-06 03:00:00+00:00,81.02,81.05,80.46,80.81,11052.7144
2026-07-06 04:00:00+00:00,80.81,81.01,80.71,80.84,11466.2333
2026-07-06 05:00:00+00:00,80.84,80.84,80.17,80.43,15331.8549
2026-07-06 06:00:00+00:00,80.43,80.54,80.26,80.36,10980.5312
2026-07-06 07:00:00+00:00,80.36,81.04,80.27,80.83,19126.128
2026-07-06 08:00:00+00:00,80.83,81.1,80.3,80.5,10146.0936
2026-07-06 09:00:00+00:00,80.5,80.5,80.07,80.08,7597.0963
2026-07-06 10:00:00+00:00,80.08,80.72,80.07,80.68,10802.6215
2026-07-06 11:00:00+00:00,80.68,81.01,80.4,80.41,13549.5258
2026-07-06 12:00:00+00:00,80.41,80.64,79.33,79.48,86733.2692
2026-07-06 13:00:00+00:00,79.48,80.93,79.25,80.17,38084.9044
2026-07-06 14:00:00+00:00,80.17,80.8,79.86,80.3,25253.45
2026-07-06 15:00:00+00:00,80.3,81.55,80.3,81.49,42066.4389
2026-07-06 16:00:00+00:00,81.49,82.42,81.28,82.12,40879.2843
2026-07-06 17:00:00+00:00,82.12,82.2,81.46,81.66,18276.7323
2026-07-06 18:00:00+00:00,81.66,82.3,81.32,82.0,33963.4655
2026-07-06 19:00:00+00:00,82.0,82.18,81.81,82.07,12337.7795
2026-07-06 20:00:00+00:00,82.07,82.27,81.65,82.09,13392.016
2026-07-06 21:00:00+00:00,82.09,83.78,82.06,82.79,89627.3201
2026-07-06 22:00:00+00:00,82.79,82.87,82.27,82.32,7287.8866
2026-07-06 23:00:00+00:00,82.32,82.42,81.92,81.96,5821.0855
2026-07-07 00:00:00+00:00,81.96,82.49,81.83,82.38,37775.6122
2026-07-07 01:00:00+00:00,82.38,82.38,81.82,81.91,10144.8461
2026-07-07 02:00:00+00:00,81.91,82.0,81.29,81.35,10352.2352
2026-07-07 03:00:00+00:00,81.35,81.48,80.97,81.07,13151.3389
2026-07-07 04:00:00+00:00,81.07,81.11,80.66,80.91,9599.6822
2026-07-07 05:00:00+00:00,80.91,81.22,80.48,81.1,10965.6691
2026-07-07 06:00:00+00:00,81.1,81.65,80.81,81.55,12767.8473
2026-07-07 07:00:00+00:00,81.55,81.75,81.35,81.5,12850.8958
2026-07-07 08:00:00+00:00,81.5,81.59,81.21,81.28,24112.9288
2026-07-07 09:00:00+00:00,81.28,81.5,81.14,81.32,18465.4239
2026-07-07 10:00:00+00:00,81.32,81.58,80.95,81.01,19052.6684
2026-07-07 11:00:00+00:00,81.01,81.41,80.78,81.32,12632.1714
2026-07-07 12:00:00+00:00,81.32,82.01,81.3,81.46,12073.6186
2026-07-07 13:00:00+00:00,81.46,81.62,80.67,80.84,19153.4026
2026-07-07 14:00:00+00:00,80.84,81.91,80.52,81.81,22946.7892
2026-07-07 15:00:00+00:00,81.81,82.35,81.5,82.12,23789.403
2026-07-07 16:00:00+00:00,82.12,82.57,81.83,82.21,14263.3709
2026-07-07 17:00:00+00:00,82.21,82.79,82.09,82.72,16953.8327
2026-07-07 18:00:00+00:00,82.72,82.72,81.26,81.3,21502.6222
2026-07-07 19:00:00+00:00,81.3,81.57,80.76,81.37,32820.1371
2026-07-07 20:00:00+00:00,81.37,81.49,81.01,81.15,17910.0229
2026-07-07 21:00:00+00:00,81.15,81.41,80.56,80.84,36829.1434
2026-07-07 22:00:00+00:00,80.84,81.09,80.35,80.86,33864.6937
2026-07-07 23:00:00+00:00,80.86,81.13,80.51,80.58,16941.527
2026-07-08 00:00:00+00:00,80.58,80.77,80.35,80.37,33675.4233
2026-07-08 01:00:00+00:00,80.37,80.42,78.83,79.09,33083.4962
2026-07-08 02:00:00+00:00,79.09,79.18,78.22,79.06,27011.0814
2026-07-08 03:00:00+00:00,79.06,79.35,78.62,78.72,12065.396
2026-07-08 04:00:00+00:00,78.72,78.94,78.4,78.65,9561.9271
2026-07-08 05:00:00+00:00,78.65,78.83,78.35,78.44,15988.2496
2026-07-08 06:00:00+00:00,78.44,78.46,77.95,78.21,14625.2811
2026-07-08 07:00:00+00:00,78.21,78.33,77.81,78.3,21123.9291
2026-07-08 08:00:00+00:00,78.3,78.43,76.89,77.26,60009.1395
2026-07-08 09:00:00+00:00,77.26,77.48,77.01,77.19,16239.2415
2026-07-08 10:00:00+00:00,77.19,77.49,76.95,77.32,12898.558
2026-07-08 11:00:00+00:00,77.32,77.7,77.08,77.55,15931.3612
2026-07-08 12:00:00+00:00,77.55,77.65,77.03,77.03,20684.1315
2026-07-08 13:00:00+00:00,77.03,77.47,76.63,77.31,52893.6452
2026-07-08 14:00:00+00:00,77.31,77.41,76.71,77.11,24696.0659
2026-07-08 15:00:00+00:00,77.11,77.14,76.3,76.75,21690.5492
2026-07-08 16:00:00+00:00,76.75,77.36,76.75,77.29,14413.8467
2026-07-08 17:00:00+00:00,77.29,77.66,77.04,77.12,10541.8112
2026-07-08 18:00:00+00:00,77.12,77.37,76.81,77.13,14051.4994
2026-07-08 19:00:00+00:00,77.13,77.5,76.95,77.42,10112.0378
2026-07-08 20:00:00+00:00,77.42,77.56,77.05,77.18,8288.6462
2026-07-08 21:00:00+00:00,77.18,77.34,76.93,77.24,23835.3931
2026-07-08 22:00:00+00:00,77.24,77.58,77.18,77.54,15079.7861
2026-07-08 23:00:00+00:00,77.54,77.96,77.43,77.84,9887.4521
2026-07-09 00:00:00+00:00,77.84,77.89,77.52,77.72,10043.2393
2026-07-09 01:00:00+00:00,77.72,78.78,77.28,77.35,20319.3095
2026-07-09 02:00:00+00:00,77.35,77.84,76.99,77.07,10351.5689
2026-07-09 03:00:00+00:00,77.07,77.41,76.71,77.38,20169.3662
2026-07-09 04:00:00+00:00,77.38,78.03,77.23,77.99,9388.4136
2026-07-09 05:00:00+00:00,77.99,78.4,77.74,78.39,12203.6468
2026-07-09 06:00:00+00:00,78.39,78.62,78.11,78.5,13656.8166
2026-07-09 07:00:00+00:00,78.5,78.82,78.13,78.2,22690.3523
2026-07-09 08:00:00+00:00,78.2,78.41,77.96,78.11,21681.3165
2026-07-09 09:00:00+00:00,78.11,78.19,77.87,78.16,12714.5803
2026-07-09 10:00:00+00:00,78.16,78.22,77.54,77.7,7074.1052
2026-07-09 11:00:00+00:00,77.7,77.78,77.34,77.63,10734.0294
2026-07-09 12:00:00+00:00,77.63,78.22,77.4,77.65,37035.5038
2026-07-09 13:00:00+00:00,77.65,78.49,77.36,78.23,14427.9272
2026-07-09 14:00:00+00:00,78.23,78.37,77.58,77.88,31332.9679
2026-07-09 15:00:00+00:00,77.88,78.2,77.51,77.62,10423.1712
2026-07-09 16:00:00+00:00,77.62,77.81,77.25,77.69,10352.7458
2026-07-09 17:00:00+00:00,77.69,78.16,77.63,78.05,8571.9407
2026-07-09 18:00:00+00:00,78.05,78.44,78.0,78.2,17297.6225
2026-07-09 19:00:00+00:00,78.2,78.3,77.91,78.15,14079.6167
2026-07-09 20:00:00+00:00,78.15,78.3,77.98,78.15,5017.282
2026-07-09 21:00:00+00:00,78.15,78.29,77.91,78.05,8650.1776
2026-07-09 22:00:00+00:00,78.05,78.28,78.0,78.11,8098.1103
2026-07-09 23:00:00+00:00,78.11,78.2,77.78,78.05,3708.5213
2026-07-10 00:00:00+00:00,78.05,78.15,77.81,78.11,26036.3974
2026-07-10 01:00:00+00:00,78.11,79.45,77.95,79.06,31666.1909
2026-07-10 02:00:00+00:00,79.06,79.16,78.84,79.04,11997.8692
2026-07-10 03:00:00+00:00,79.04,79.12,78.73,79.05,22313.4365
2026-07-10 04:00:00+00:00,79.05,79.1,78.84,78.97,5108.14
2026-07-10 05:00:00+00:00,78.97,79.36,78.87,79.18,10402.0658
2026-07-10 06:00:00+00:00,79.18,79.24,78.88,78.91,4933.8142
2026-07-10 07:00:00+00:00,78.91,79.08,78.75,78.86,7040.9414
2026-07-10 08:00:00+00:00,78.86,79.41,78.81,79.21,15175.9889
2026-07-10 09:00:00+00:00,79.21,79.37,78.95,79.22,25972.8136
2026-07-10 10:00:00+00:00,79.22,79.65,79.15,79.39,27204.5401
2026-07-10 11:00:00+00:00,79.39,79.52,79.18,79.38,8281.93
2026-07-10 12:00:00+00:00,79.38,79.56,78.9,78.92,44103.9175
2026-07-10 13:00:00+00:00,78.92,79.34,78.77,78.98,10839.2975
2026-07-10 14:00:00+00:00,78.98,78.98,77.06,77.91,67986.6859
2026-07-10 15:00:00+00:00,77.91,78.37,77.79,78.15,13132.8153
2026-07-10 16:00:00+00:00,78.15,78.25,77.66,78.15,10398.0475
2026-07-10 17:00:00+00:00,78.15,78.17,77.57,77.58,8705.5991
2026-07-10 18:00:00+00:00,77.58,77.9,77.33,77.52,11384.8398
2026-07-10 19:00:00+00:00,77.52,78.05,77.45,77.89,14253.0937
2026-07-10 20:00:00+00:00,77.89,78.0,77.71,77.76,7354.8522
2026-07-10 21:00:00+00:00,77.76,78.12,77.73,78.0,6363.2158
2026-07-10 22:00:00+00:00,78.0,78.26,77.95,78.17,8704.5915
2026-07-10 23:00:00+00:00,78.17,78.19,77.94,78.13,6859.4337
2026-07-11 00:00:00+00:00,78.13,78.15,77.81,77.86,12101.2875
2026-07-11 01:00:00+00:00,77.86,78.07,77.48,77.55,20856.9239
2026-07-11 02:00:00+00:00,77.55,77.83,77.51,77.79,4108.3351
2026-07-11 03:00:00+00:00,77.79,77.87,77.62,77.79,5040.273
2026-07-11 04:00:00+00:00,77.79,77.86,77.64,77.74,2649.2005
2026-07-11 05:00:00+00:00,77.74,77.97,77.6,77.91,2901.9611
2026-07-11 06:00:00+00:00,77.91,78.12,77.78,78.05,4346.8556
2026-07-11 07:00:00+00:00,78.05,78.11,77.94,78.0,8849.9037
2026-07-11 08:00:00+00:00,78.0,78.19,77.96,78.19,8132.1479
2026-07-11 09:00:00+00:00,78.19,78.35,77.84,77.85,26006.834
2026-07-11 10:00:00+00:00,77.85,78.1,77.76,78.05,8673.0456
2026-07-11 11:00:00+00:00,78.05,78.14,77.98,78.1,14554.5481
2026-07-11 12:00:00+00:00,78.1,78.21,77.95,78.09,9020.1147
2026-07-11 13:00:00+00:00,78.09,78.43,78.03,78.17,7812.8721
2026-07-11 14:00:00+00:00,78.17,78.72,78.15,78.49,7574.7091
2026-07-11 15:00:00+00:00,78.49,78.88,77.92,78.38,19689.5789
2026-07-11 16:00:00+00:00,78.38,78.4,77.66,77.94,19467.9619
2026-07-11 17:00:00+00:00,77.94,78.2,77.83,78.09,10670.8053
2026-07-11 18:00:00+00:00,78.09,78.3,78.0,78.08,6114.75
2026-07-11 19:00:00+00:00,78.08,78.15,77.89,78.15,11022.7226
2026-07-11 20:00:00+00:00,78.15,78.27,78.11,78.17,8833.3083
2026-07-11 21:00:00+00:00,78.17,78.34,78.15,78.23,8938.3508
2026-07-11 22:00:00+00:00,78.23,78.27,77.76,77.89,15582.2295
2026-07-11 23:00:00+00:00,77.89,77.93,76.79,76.8,21636.823
2026-07-12 00:00:00+00:00,76.8,76.88,75.65,76.11,64059.22
2026-07-12 01:00:00+00:00,76.11,76.89,76.04,76.84,13329.1252
2026-07-12 02:00:00+00:00,76.84,76.91,76.64,76.86,5564.1863
2026-07-12 03:00:00+00:00,76.86,77.09,76.75,77.04,10028.0296
2026-07-12 04:00:00+00:00,77.04,77.07,76.61,76.72,5858.7454
2026-07-12 05:00:00+00:00,76.72,76.83,76.39,76.44,5801.6451
2026-07-12 06:00:00+00:00,76.44,76.44,75.85,76.36,20033.3676
2026-07-12 07:00:00+00:00,76.36,76.71,76.32,76.53,12755.3844
2026-07-12 08:00:00+00:00,76.53,76.83,76.49,76.71,9386.9333
2026-07-12 09:00:00+00:00,76.71,76.91,76.4,76.77,5600.0462
2026-07-12 10:00:00+00:00,76.77,76.86,76.66,76.71,6087.6104
2026-07-12 11:00:00+00:00,76.71,77.27,76.54,76.95,7254.5977
2026-07-12 12:00:00+00:00,76.95,77.24,76.79,77.18,7862.9236
2026-07-12 13:00:00+00:00,77.18,77.48,77.12,77.16,11107.45
2026-07-12 14:00:00+00:00,77.16,77.71,76.97,77.55,9613.8366
2026-07-12 15:00:00+00:00,77.55,77.62,77.29,77.47,8619.8276
2026-07-12 16:00:00+00:00,77.47,77.67,77.39,77.54,6717.0429
2026-07-12 17:00:00+00:00,77.54,77.6,77.25,77.36,3725.371
2026-07-12 18:00:00+00:00,77.36,77.65,77.24,77.57,4291.883
2026-07-12 19:00:00+00:00,77.57,77.8,77.45,77.68,4764.7727
2026-07-12 20:00:00+00:00,77.68,77.73,77.45,77.48,3459.6956
2026-07-12 21:00:00+00:00,77.48,77.69,77.0,77.12,8703.6077
2026-07-12 22:00:00+00:00,77.12,77.12,76.47,76.78,14876.9851
2026-07-12 23:00:00+00:00,76.78,76.95,76.66,76.92,5177.9106
2026-07-13 00:00:00+00:00,76.92,78.22,76.83,77.52,35865.3434
2026-07-13 01:00:00+00:00,77.52,77.67,76.29,76.33,15903.3814
2026-07-13 02:00:00+00:00,76.33,76.66,76.14,76.49,14313.6347
2026-07-13 03:00:00+00:00,76.49,76.49,75.44,75.87,25952.8934
2026-07-13 04:00:00+00:00,75.87,76.14,75.72,75.91,8762.7395
2026-07-13 05:00:00+00:00,75.91,76.52,75.75,76.41,48614.2311
2026-07-13 06:00:00+00:00,76.41,76.6,76.29,76.34,16056.339
2026-07-13 07:00:00+00:00,76.34,76.7,76.24,76.45,8611.4403
2026-07-13 08:00:00+00:00,76.45,76.88,76.36,76.73,24407.7084
2026-07-13 09:00:00+00:00,76.73,76.74,76.6,76.63,5233.3171
2026-07-13 10:00:00+00:00,76.63,76.64,76.11,76.27,16418.9877
2026-07-13 11:00:00+00:00,76.27,76.57,76.25,76.33,33295.9984
2026-07-13 12:00:00+00:00,76.33,76.39,75.73,75.85,26130.883
2026-07-13 13:00:00+00:00,75.85,75.93,75.1,75.41,25572.0601
2026-07-13 14:00:00+00:00,75.41,76.18,75.35,76.16,50874.0197
2026-07-13 15:00:00+00:00,76.16,76.33,75.75,75.84,12305.9576
2026-07-13 16:00:00+00:00,75.84,76.05,75.19,75.31,17414.3865
2026-07-13 17:00:00+00:00,75.31,75.46,74.54,74.59,33823.9067
2026-07-13 18:00:00+00:00,74.59,75.05,74.57,74.87,21425.6286
2026-07-13 19:00:00+00:00,74.87,75.22,74.76,75.19,22334.7954
2026-07-13 20:00:00+00:00,75.19,75.34,74.59,74.79,19448.4241
2026-07-13 21:00:00+00:00,74.79,74.81,74.11,74.4,32051.1472
2026-07-13 22:00:00+00:00,74.4,74.73,74.39,74.52,9176.8383
2026-07-13 23:00:00+00:00,74.52,75.0,74.41,75.0,10148.1811
2026-07-14 00:00:00+00:00,75.0,75.49,74.82,75.44,11439.0913
2026-07-14 01:00:00+00:00,75.44,75.55,75.21,75.29,6680.2406
2026-07-14 02:00:00+00:00,75.29,75.32,74.87,75.07,4769.7495
2026-07-14 03:00:00+00:00,75.07,75.16,74.56,75.14,8250.5348
2026-07-14 04:00:00+00:00,75.14,75.34,75.04,75.14,6254.1125
2026-07-14 05:00:00+00:00,75.14,75.47,75.11,75.41,5731.4002
2026-07-14 06:00:00+00:00,75.41,75.43,75.1,75.16,5864.3748
2026-07-14 07:00:00+00:00,75.16,75.25,74.91,74.96,7531.4363
2026-07-14 08:00:00+00:00,74.96,75.39,74.85,75.16,6029.6448
2026-07-14 09:00:00+00:00,75.16,75.31,74.87,75.07,7988.6318
2026-07-14 10:00:00+00:00,75.07,75.59,74.96,75.46,12538.5336
2026-07-14 11:00:00+00:00,75.46,75.6,75.34,75.4,6394.2783
2026-07-14 12:00:00+00:00,75.4,76.97,75.19,76.85,66529.0186
2026-07-14 13:00:00+00:00,76.85,77.76,76.5,76.95,56016.1782
2026-07-14 14:00:00+00:00,76.95,77.5,76.68,77.36,37377.2398
2026-07-14 15:00:00+00:00,77.36,77.93,77.19,77.37,64777.4246
2026-07-14 16:00:00+00:00,77.37,77.66,77.13,77.3,54624.8188
2026-07-14 17:00:00+00:00,77.3,77.32,76.82,77.19,28030.4673
2026-07-14 18:00:00+00:00,77.19,77.34,77.0,77.3,15481.9341
2026-07-14 19:00:00+00:00,77.3,77.54,77.12,77.18,16829.9342
2026-07-14 20:00:00+00:00,77.18,77.23,76.95,77.18,18333.3522
2026-07-14 21:00:00+00:00,77.18,77.42,77.14,77.23,11141.4763
2026-07-14 22:00:00+00:00,77.23,77.95,77.14,77.63,17417.1279
2026-07-14 23:00:00+00:00,77.63,77.93,77.56,77.87,11395.6474
2026-07-15 00:00:00+00:00,77.87,77.93,77.48,77.67,8211.6037
2026-07-15 01:00:00+00:00,77.67,77.83,77.3,77.44,16594.8409
2026-07-15 02:00:00+00:00,77.44,77.59,77.05,77.3,10641.0091
2026-07-15 03:00:00+00:00,77.3,77.89,77.23,77.8,8170.2084
2026-07-15 04:00:00+00:00,77.8,78.17,77.55,78.02,11128.9307
2026-07-15 05:00:00+00:00,78.02,78.32,77.66,78.27,24606.1815
2026-07-15 06:00:00+00:00,78.27,78.69,77.95,77.96,33260.1476
2026-07-15 07:00:00+00:00,77.96,78.02,77.4,77.4,31138.593
2026-07-15 08:00:00+00:00,77.4,77.62,77.24,77.58,19754.1007
2026-07-15 09:00:00+00:00,77.58,77.91,77.41,77.47,33774.1933
2026-07-15 10:00:00+00:00,77.47,77.7,77.22,77.36,10758.9545
2026-07-15 11:00:00+00:00,77.36,77.53,77.33,77.52,4457.227
2026-07-15 12:00:00+00:00,77.52,78.31,77.27,78.28,25520.3422
2026-07-15 13:00:00+00:00,78.28,79.02,77.71,78.09,56107.6094
2026-07-15 14:00:00+00:00,78.09,78.37,77.78,78.23,31816.7137
2026-07-15 15:00:00+00:00,78.23,78.27,77.76,78.06,20676.1445
2026-07-15 16:00:00+00:00,78.06,78.11,77.05,77.63,24780.8745
2026-07-15 17:00:00+00:00,77.63,78.06,77.49,77.83,14805.588
2026-07-15 18:00:00+00:00,77.83,78.09,77.53,77.59,12012.7001
2026-07-15 19:00:00+00:00,77.59,77.7,76.94,77.18,20665.5469
2026-07-15 20:00:00+00:00,77.18,77.55,77.09,77.38,8770.0486
2026-07-15 21:00:00+00:00,77.38,77.52,77.25,77.43,8237.4389
2026-07-15 22:00:00+00:00,77.43,77.73,77.31,77.48,9767.2488
2026-07-15 23:00:00+00:00,77.48,77.61,77.21,77.28,8042.731
2026-07-16 00:00:00+00:00,77.28,77.48,76.7,76.93,18786.1391
2026-07-16 01:00:00+00:00,76.93,77.16,76.71,77.09,10475.2659
2026-07-16 02:00:00+00:00,77.09,77.15,76.86,77.13,3621.0106
2026-07-16 03:00:00+00:00,77.13,77.27,76.81,76.94,3933.1844
2026-07-16 04:00:00+00:00,76.94,77.01,76.59,76.81,9064.8453
2026-07-16 05:00:00+00:00,76.81,77.51,76.74,77.48,12262.346
2026-07-16 06:00:00+00:00,77.48,77.62,77.11,77.35,13443.9449
2026-07-16 07:00:00+00:00,77.35,77.35,76.2,76.44,23376.3713
2026-07-16 08:00:00+00:00,76.44,76.54,75.64,76.15,38111.6856
2026-07-16 09:00:00+00:00,76.15,76.26,76.0,76.03,8445.084
2026-07-16 10:00:00+00:00,76.03,76.35,76.01,76.21,5729.5566
2026-07-16 11:00:00+00:00,76.21,76.28,76.05,76.26,8525.6049
2026-07-16 12:00:00+00:00,76.26,76.29,75.71,75.92,16221.0611
2026-07-16 13:00:00+00:00,75.92,76.62,75.91,76.37,14732.0631
2026-07-16 14:00:00+00:00,76.37,76.78,76.19,76.5,13429.6658
2026-07-16 15:00:00+00:00,76.5,76.87,76.0,76.62,15114.0714
2026-07-16 16:00:00+00:00,76.62,76.62,76.1,76.27,10793.6219
2026-07-16 17:00:00+00:00,76.27,76.27,75.4,75.61,20652.7883
2026-07-16 18:00:00+00:00,75.61,75.92,75.42,75.73,22473.9145
2026-07-16 19:00:00+00:00,75.73,75.94,75.61,75.83,8901.2906
2026-07-16 20:00:00+00:00,75.83,75.9,75.71,75.81,7667.4204
2026-07-16 21:00:00+00:00,75.81,76.08,75.77,75.95,7261.3234
2026-07-16 22:00:00+00:00,75.95,76.04,75.25,75.33,12342.9335
2026-07-16 23:00:00+00:00,75.33,75.41,75.01,75.3,13413.7772
2026-07-17 00:00:00+00:00,75.3,75.56,74.93,75.56,10164.0268
2026-07-17 01:00:00+00:00,75.56,75.74,74.97,75.07,13066.0327
2026-07-17 02:00:00+00:00,75.07,75.27,74.74,74.98,11511.62
2026-07-17 03:00:00+00:00,74.98,75.45,74.98,75.22,3362.1738
2026-07-17 04:00:00+00:00,75.22,75.34,74.76,75.23,6677.4079
2026-07-17 05:00:00+00:00,75.23,75.23,74.3,74.4,20019.2926
2026-07-17 06:00:00+00:00,74.4,74.75,74.31,74.6,8806.0064
2026-07-17 07:00:00+00:00,74.6,74.76,74.41,74.63,8824.1563
2026-07-17 08:00:00+00:00,74.63,74.69,74.2,74.51,17627.2171
2026-07-17 09:00:00+00:00,74.51,74.8,74.47,74.66,11182.0998
2026-07-17 10:00:00+00:00,74.66,74.88,74.62,74.78,4961.2804
2026-07-17 11:00:00+00:00,74.78,75.01,74.64,74.85,4947.5656
2026-07-17 12:00:00+00:00,74.85,74.88,74.37,74.4,7802.7467
2026-07-17 13:00:00+00:00,74.4,74.4,73.34,74.33,61559.4756
2026-07-17 14:00:00+00:00,74.33,74.81,74.1,74.32,28227.4767
2026-07-17 15:00:00+00:00,74.32,74.78,73.81,74.77,18261.2713
2026-07-17 16:00:00+00:00,74.77,75.11,74.62,74.95,17537.2191
2026-07-17 17:00:00+00:00,74.95,75.6,74.95,75.24,15943.9029
2026-07-17 18:00:00+00:00,75.24,75.4,74.98,75.32,7939.2359
2026-07-17 19:00:00+00:00,75.32,75.37,74.86,75.2,10484.5138
2026-07-17 20:00:00+00:00,75.2,75.2,74.89,75.09,6286.3565
2026-07-17 21:00:00+00:00,75.09,75.23,74.96,75.02,5052.7529
2026-07-17 22:00:00+00:00,75.02,75.13,74.84,75.02,3220.9268
2026-07-17 23:00:00+00:00,75.02,75.13,74.85,75.04,2096.5695
2026-07-18 00:00:00+00:00,75.04,75.27,74.98,75.09,2456.752
2026-07-18 01:00:00+00:00,75.09,75.24,75.05,75.21,3070.8418
2026-07-18 02:00:00+00:00,75.21,75.44,75.14,75.22,2866.7411
2026-07-18 03:00:00+00:00,75.22,75.38,75.15,75.37,2524.3679
2026-07-18 04:00:00+00:00,75.37,75.38,75.05,75.1,4351.9673
2026-07-18 05:00:00+00:00,75.1,75.11,74.87,74.93,6805.8337
2026-07-18 06:00:00+00:00,74.93,75.09,74.91,74.97,2225.4058
2026-07-18 07:00:00+00:00,74.97,75.05,74.89,74.96,3266.9068
2026-07-18 08:00:00+00:00,74.96,75.04,74.78,74.96,9790.0119
2026-07-18 09:00:00+00:00,74.96,75.0,74.66,74.84,5024.3507
2026-07-18 10:00:00+00:00,74.84,74.99,74.79,74.9,6489.0768
2026-07-18 11:00:00+00:00,74.9,75.02,74.89,74.96,2067.3895
2026-07-18 12:00:00+00:00,74.96,75.19,74.72,75.0,7571.0746
2026-07-18 13:00:00+00:00,75.0,75.0,74.51,74.73,5832.7715
2026-07-18 14:00:00+00:00,74.73,75.01,74.64,74.99,4614.9725
2026-07-18 15:00:00+00:00,74.99,75.04,74.81,74.95,3516.0618
2026-07-18 16:00:00+00:00,74.95,75.28,74.84,75.17,8094.0188
2026-07-18 17:00:00+00:00,75.17,75.39,75.05,75.35,6511.9983
2026-07-18 18:00:00+00:00,75.35,75.63,75.19,75.27,17056.0752
2026-07-18 19:00:00+00:00,75.27,75.45,75.22,75.43,5087.1243
2026-07-18 20:00:00+00:00,75.43,75.57,75.32,75.46,8020.4481
2026-07-18 21:00:00+00:00,75.46,75.62,75.34,75.47,10086.0581
2026-07-18 22:00:00+00:00,75.47,75.62,75.39,75.57,3167.2424
2026-07-18 23:00:00+00:00,75.57,75.59,75.41,75.51,3005.6708
2026-07-19 00:00:00+00:00,75.51,75.67,75.45,75.62,2339.6089
2026-07-19 01:00:00+00:00,75.62,75.73,75.52,75.69,4998.5977
2026-07-19 02:00:00+00:00,75.69,76.57,75.69,76.2,14136.1055
2026-07-19 03:00:00+00:00,76.2,76.45,75.8,75.96,4409.7578
2026-07-19 04:00:00+00:00,75.96,76.07,75.73,75.99,5270.0833
2026-07-19 05:00:00+00:00,75.99,76.1,75.86,75.96,8915.6418
2026-07-19 06:00:00+00:00,75.96,76.15,75.93,76.11,3444.4649
2026-07-19 07:00:00+00:00,76.11,76.32,76.0,76.14,5423.9612
2026-07-19 08:00:00+00:00,76.14,76.37,76.07,76.26,6497.014
2026-07-19 09:00:00+00:00,76.26,76.31,75.93,76.0,3611.4197
2026-07-19 10:00:00+00:00,76.0,76.54,75.91,76.26,5371.6379
2026-07-19 11:00:00+00:00,76.26,76.41,76.05,76.07,4620.7849
2026-07-19 12:00:00+00:00,76.07,76.18,75.75,76.03,7873.8903
2026-07-19 13:00:00+00:00,76.03,76.15,75.89,76.11,7152.1548
2026-07-19 14:00:00+00:00,76.11,76.68,76.06,76.42,9324.8445
2026-07-19 15:00:00+00:00,76.42,76.48,76.1,76.21,3989.4261
2026-07-19 16:00:00+00:00,76.21,76.28,75.86,75.91,5368.2947
2026-07-19 17:00:00+00:00,75.91,76.23,75.57,75.97,8326.2125
2026-07-19 18:00:00+00:00,75.97,75.98,75.37,75.75,9008.8649
2026-07-19 19:00:00+00:00,75.75,75.88,75.62,75.88,3732.503
2026-07-19 20:00:00+00:00,75.88,76.14,75.87,76.13,2804.1107
2026-07-19 21:00:00+00:00,76.13,76.24,75.71,75.78,7309.8151
2026-07-19 22:00:00+00:00,75.78,76.41,75.63,76.09,13143.4423
2026-07-19 23:00:00+00:00,76.09,76.56,75.89,76.37,13167.206
2026-07-20 00:00:00+00:00,76.37,77.12,76.13,76.56,24541.7868
2026-07-20 01:00:00+00:00,76.56,77.41,76.29,76.45,27406.8517
2026-07-20 02:00:00+00:00,76.45,77.19,76.37,76.97,8637.5798
2026-07-20 03:00:00+00:00,76.97,77.09,76.54,76.76,4695.0259
2026-07-20 04:00:00+00:00,76.76,76.94,76.29,76.46,6734.2352
2026-07-20 05:00:00+00:00,76.46,76.5,75.78,75.92,12071.4627
2026-07-20 06:00:00+00:00,75.92,76.05,75.53,75.65,22074.7967
2026-07-20 07:00:00+00:00,75.65,76.25,75.54,76.22,13730.2486
2026-07-20 08:00:00+00:00,76.22,76.44,75.91,76.15,12657.8399
2026-07-20 09:00:00+00:00,76.15,76.74,76.07,76.47,13211.9796
2026-07-20 10:00:00+00:00,76.47,76.68,76.33,76.35,7443.8497
2026-07-20 11:00:00+00:00,76.35,77.23,76.31,77.13,24644.2615
2026-07-20 12:00:00+00:00,77.13,77.14,76.67,76.75,16494.8822
2026-07-20 13:00:00+00:00,76.75,77.13,76.14,76.3,19079.8406
2026-07-20 14:00:00+00:00,76.3,76.46,75.78,76.15,20358.5213
2026-07-20 15:00:00+00:00,76.15,77.92,76.12,77.76,51901.2067
2026-07-20 16:00:00+00:00,77.76,77.87,77.47,77.67,32267.1982
2026-07-20 17:00:00+00:00,77.67,77.9,77.38,77.75,27779.3021
2026-07-20 18:00:00+00:00,77.75,78.38,77.6,77.68,49843.9082
2026-07-20 19:00:00+00:00,77.68,77.73,77.31,77.64,23780.3789
2026-07-20 20:00:00+00:00,77.64,78.06,77.54,77.89,7651.4367
2026-07-20 21:00:00+00:00,77.89,78.05,77.75,77.75,7965.4508
2026-07-20 22:00:00+00:00,77.75,77.84,77.44,77.45,7129.5376
2026-07-20 23:00:00+00:00,77.45,77.89,77.43,77.86,7332.8427
2026-07-21 00:00:00+00:00,77.86,78.29,77.76,78.11,8639.4119
2026-07-21 01:00:00+00:00,78.11,78.23,77.84,77.84,6175.927
2026-07-21 02:00:00+00:00,77.84,78.25,77.66,78.05,4868.9958
2026-07-21 03:00:00+00:00,78.05,78.55,78.05,78.19,9474.1626
2026-07-21 04:00:00+00:00,78.19,78.41,78.02,78.13,7521.3698
2026-07-21 05:00:00+00:00,78.13,78.67,78.12,78.45,8892.2361
2026-07-21 06:00:00+00:00,78.45,78.88,78.31,78.67,22380.1449
2026-07-21 07:00:00+00:00,78.67,78.75,78.48,78.56,14723.1097
2026-07-21 08:00:00+00:00,78.56,78.75,78.34,78.36,38470.9397
2026-07-21 09:00:00+00:00,78.36,78.51,78.16,78.41,11573.2284
2026-07-21 10:00:00+00:00,78.41,78.49,78.08,78.2,20682.8158
2026-07-21 11:00:00+00:00,78.2,78.43,78.1,78.36,10715.4217
2026-07-21 12:00:00+00:00,78.36,78.53,78.27,78.51,16548.6627
2026-07-21 13:00:00+00:00,78.51,78.64,78.21,78.59,9897.0484
2026-07-21 14:00:00+00:00,78.59,78.64,77.92,78.01,15878.8267
2026-07-21 15:00:00+00:00,78.01,78.17,77.81,78.14,15377.863
2026-07-21 16:00:00+00:00,78.14,78.26,77.98,78.19,12966.8632
2026-07-21 17:00:00+00:00,78.19,78.24,77.46,77.74,22023.1193
2026-07-21 18:00:00+00:00,77.74,78.0,77.61,77.87,6316.604
2026-07-21 19:00:00+00:00,77.87,78.0,77.73,77.88,8552.835
2026-07-21 20:00:00+00:00,77.88,78.12,77.82,77.91,13445.5711
2026-07-21 21:00:00+00:00,77.91,78.15,77.8,78.04,11171.9369
2026-07-21 22:00:00+00:00,78.04,78.05,77.86,77.98,14978.1577
2026-07-21 23:00:00+00:00,77.98,78.19,77.81,78.14,3731.5494
2026-07-22 00:00:00+00:00,78.14,78.58,78.11,78.45,16638.6715
2026-07-22 01:00:00+00:00,78.45,78.52,78.16,78.35,16528.8395
2026-07-22 02:00:00+00:00,78.35,78.52,78.09,78.14,5546.7922
2026-07-22 03:00:00+00:00,78.14,78.24,77.81,77.88,12452.9798
2026-07-22 04:00:00+00:00,77.88,78.23,77.83,78.08,9858.7821
2026-07-22 05:00:00+00:00,78.08,78.09,77.41,77.43,22714.8076
2026-07-22 06:00:00+00:00,77.43,77.51,77.01,77.3,24046.2306
2026-07-22 07:00:00+00:00,77.3,77.32,76.99,77.12,36586.7224
2026-07-22 08:00:00+00:00,77.12,77.53,77.07,77.44,18202.426
2026-07-22 09:00:00+00:00,77.44,77.59,77.3,77.55,9006.7465
2026-07-22 10:00:00+00:00,77.55,77.73,77.46,77.67,8088.7298
2026-07-22 11:00:00+00:00,77.67,77.8,77.49,77.56,8846.6631
2026-07-22 12:00:00+00:00,77.56,77.57,77.04,77.23,40806.1296
2026-07-22 13:00:00+00:00,77.23,77.97,77.13,77.87,23288.7181
2026-07-22 14:00:00+00:00,77.87,78.4,77.41,77.9,19844.9112
2026-07-22 15:00:00+00:00,77.9,78.86,77.9,78.46,47340.739
2026-07-22 16:00:00+00:00,78.46,78.8,78.1,78.58,24579.8647
2026-07-22 17:00:00+00:00,78.58,78.65,78.16,78.22,10301.759
2026-07-22 18:00:00+00:00,78.22,78.3,77.47,77.75,23265.3481
2026-07-22 19:00:00+00:00,77.75,77.81,77.33,77.67,17877.9255
2026-07-22 20:00:00+00:00,77.67,77.96,77.58,77.82,15464.3707
2026-07-22 21:00:00+00:00,77.82,78.07,77.69,78.03,12493.2717
2026-07-22 22:00:00+00:00,78.03,78.12,77.72,78.01,11229.1455
2026-07-22 23:00:00+00:00,78.01,78.03,77.49,77.97,10526.7782
2026-07-23 00:00:00+00:00,77.97,78.54,77.97,78.26,18948.7603
2026-07-23 01:00:00+00:00,78.26,78.41,77.88,77.9,7419.9041
2026-07-23 02:00:00+00:00,77.9,77.9,77.4,77.76,17408.9039
2026-07-23 03:00:00+00:00,77.76,77.78,77.48,77.61,6461.3227
2026-07-23 04:00:00+00:00,77.61,77.82,77.44,77.53,11881.7589
2026-07-23 05:00:00+00:00,77.53,77.72,77.4,77.53,5364.3137
2026-07-23 06:00:00+00:00,77.53,77.58,77.36,77.58,5960.0215
2026-07-23 07:00:00+00:00,77.58,77.58,77.03,77.16,23648.7881
2026-07-23 08:00:00+00:00,77.16,77.49,77.11,77.47,5953.3747
2026-07-23 09:00:00+00:00,77.47,77.64,77.39,77.5,4246.3301
2026-07-23 10:00:00+00:00,77.5,77.81,77.44,77.74,5390.2204
2026-07-23 11:00:00+00:00,77.74,77.86,77.6,77.66,7411.6647
2026-07-23 12:00:00+00:00,77.66,77.73,76.5,76.93,31631.0653
2026-07-23 13:00:00+00:00,76.93,77.03,76.57,76.69,31994.3434
2026-07-23 14:00:00+00:00,76.69,76.87,76.33,76.42,28323.5844
2026-07-23 15:00:00+00:00,76.42,76.44,75.85,76.37,33039.3409
2026-07-23 16:00:00+00:00,76.37,76.37,75.84,76.0,17721.7246
2026-07-23 17:00:00+00:00,76.0,76.16,75.49,75.66,14729.1714
2026-07-23 18:00:00+00:00,75.66,75.84,75.56,75.79,23762.1418
2026-07-23 19:00:00+00:00,75.79,75.85,75.42,75.74,14282.9767
2026-07-23 20:00:00+00:00,75.74,76.18,75.7,76.13,5894.4885
2026-07-23 21:00:00+00:00,76.13,76.26,75.91,76.05,7456.3327
2026-07-23 22:00:00+00:00,76.05,76.23,75.85,76.17,10743.3517
2026-07-23 23:00:00+00:00,76.17,76.24,75.86,75.87,7641.2332
2026-07-24 00:00:00+00:00,75.87,75.89,75.52,75.82,10675.5359
2026-07-24 01:00:00+00:00,75.82,76.11,75.66,75.71,6466.4239
2026-07-24 02:00:00+00:00,75.71,75.92,75.3,75.52,7903.219
2026-07-24 03:00:00+00:00,75.52,75.96,75.47,75.83,7580.0649
2026-07-24 04:00:00+00:00,75.83,75.86,75.61,75.66,3170.1349
2026-07-24 05:00:00+00:00,75.66,75.92,75.6,75.79,7023.6624
2026-07-24 06:00:00+00:00,75.79,76.02,75.72,75.85,7186.8103
2026-07-24 07:00:00+00:00,75.85,76.43,75.78,76.06,16674.8147
2026-07-24 08:00:00+00:00,76.06,76.07,75.7,75.77,10070.7853
2026-07-24 09:00:00+00:00,75.77,75.84,75.36,75.6,12929.7225
2026-07-24 10:00:00+00:00,75.6,75.65,75.38,75.47,5387.6612
2026-07-24 11:00:00+00:00,75.47,75.5,75.0,75.19,15668.9336
2026-07-24 12:00:00+00:00,75.19,75.29,74.82,74.85,8958.8037
2026-07-24 13:00:00+00:00,74.85,74.91,74.0,74.21,35090.0292
2026-07-24 14:00:00+00:00,74.21,74.27,73.59,74.03,34169.0648
2026-07-24 15:00:00+00:00,74.03,74.29,73.68,74.03,18328.5946
2026-07-24 16:00:00+00:00,74.03,74.21,73.72,73.91,7558.2921
2026-07-24 17:00:00+00:00,73.91,74.14,73.84,74.05,11030.5862
2026-07-24 18:00:00+00:00,74.05,74.07,73.89,73.98,8105.7977
2026-07-24 19:00:00+00:00,73.98,74.04,73.77,73.95,9940.5364
2026-07-24 20:00:00+00:00,73.95,74.01,73.72,73.78,12296.2291
2026-07-24 21:00:00+00:00,73.78,73.83,73.43,73.63,24619.4185
2026-07-24 22:00:00+00:00,73.63,73.97,73.61,73.92,9093.3087
2026-07-24 23:00:00+00:00,73.92,74.03,73.84,73.94,5666.1756
2026-07-25 00:00:00+00:00,73.94,74.15,73.93,74.12,8582.7911
2026-07-25 01:00:00+00:00,74.12,74.24,74.0,74.13,6433.9492
2026-07-25 02:00:00+00:00,74.13,74.2,74.05,74.1,3001.2802
2026-07-25 03:00:00+00:00,74.1,74.31,74.04,74.12,8839.5657
2026-07-25 04:00:00+00:00,74.12,74.35,74.12,74.31,6828.648
2026-07-25 05:00:00+00:00,74.31,74.35,73.9,73.96,8433.3215
2026-07-25 06:00:00+00:00,73.96,74.03,73.76,74.03,9400.5702
2026-07-25 07:00:00+00:00,74.03,74.05,73.79,73.79,9643.4655
2026-07-25 08:00:00+00:00,73.79,73.86,73.55,73.79,11346.7106
2026-07-25 09:00:00+00:00,73.79,74.05,73.75,73.99,4592.0424
2026-07-25 10:00:00+00:00,73.99,74.03,73.9,73.98,6408.6001
2026-07-25 11:00:00+00:00,73.98,74.04,73.86,73.91,4250.9563
2026-07-25 12:00:00+00:00,73.91,73.98,73.86,73.94,12339.6676
2026-07-25 13:00:00+00:00,73.94,74.18,73.91,73.98,34019.2505
2026-07-25 14:00:00+00:00,73.98,74.07,73.77,74.03,10675.235
2026-07-25 15:00:00+00:00,74.03,74.29,73.99,74.16,8539.9219
2026-07-25 16:00:00+00:00,74.16,74.41,74.09,74.31,7286.2772
2026-07-25 17:00:00+00:00,74.31,74.66,74.3,74.47,8027.0244
2026-07-25 18:00:00+00:00,74.47,74.71,74.47,74.65,11363.5011
2026-07-25 19:00:00+00:00,74.65,74.73,74.53,74.56,8326.0403
2026-07-25 20:00:00+00:00,74.56,74.57,74.39,74.44,10473.3724
2026-07-25 21:00:00+00:00,74.44,74.59,74.27,74.46,9357.1499
2026-07-25 22:00:00+00:00,74.46,74.53,74.3,74.49,4610.9665
2026-07-25 23:00:00+00:00,74.49,74.56,74.4,74.52,9246.2764
2026-07-26 00:00:00+00:00,74.52,74.95,74.46,74.78,12103.4911
2026-07-26 01:00:00+00:00,74.78,74.89,74.67,74.82,3860.0984
2026-07-26 02:00:00+00:00,74.82,74.93,74.71,74.9,6457.81
2026-07-26 03:00:00+00:00,74.9,75.05,74.83,75.02,4908.6872
2026-07-26 04:00:00+00:00,75.02,75.22,74.94,75.07,6021.4907
2026-07-26 05:00:00+00:00,75.07,75.17,74.94,75.01,2936.672
2026-07-26 06:00:00+00:00,75.01,75.13,74.74,75.12,4381.3579
2026-07-26 07:00:00+00:00,75.12,75.15,74.83,74.86,6568.5638
2026-07-26 08:00:00+00:00,74.86,75.05,74.78,74.99,4274.6823
2026-07-26 09:00:00+00:00,74.99,75.27,74.98,75.07,6308.1989
2026-07-26 10:00:00+00:00,75.07,75.25,75.01,75.12,4300.269
2026-07-26 11:00:00+00:00,75.12,75.17,74.89,74.94,7186.9788
2026-07-26 12:00:00+00:00,74.94,75.14,74.81,74.86,5227.8045
2026-07-26 13:00:00+00:00,74.86,74.97,74.77,74.92,4527.8451
2026-07-26 14:00:00+00:00,74.92,75.22,74.88,75.04,6433.0102
2026-07-26 15:00:00+00:00,75.04,75.49,74.96,75.47,9591.193
2026-07-26 16:00:00+00:00,75.47,75.98,75.3,75.54,14778.513
2026-07-26 17:00:00+00:00,75.54,75.6,75.31,75.37,4585.4708
2026-07-26 18:00:00+00:00,75.37,75.45,75.28,75.4,4390.8093
2026-07-26 19:00:00+00:00,75.4,75.45,75.25,75.34,3236.4789
2026-07-26 20:00:00+00:00,75.34,75.4,75.28,75.34,5743.3655
2026-07-26 21:00:00+00:00,75.34,75.75,75.32,75.66,8657.5787
2026-07-26 22:00:00+00:00,75.66,76.8,75.66,76.72,31998.7488
2026-07-26 23:00:00+00:00,76.72,77.09,76.52,76.77,17736.4503
2026-07-27 00:00:00+00:00,76.77,76.79,76.2,76.34,7958.5185
2026-07-27 01:00:00+00:00,76.34,76.53,75.99,76.52,10629.1959
2026-07-27 02:00:00+00:00,76.52,76.67,76.37,76.44,7287.2349
2026-07-27 03:00:00+00:00,76.44,76.55,76.33,76.4,5775.6231
2026-07-27 04:00:00+00:00,76.4,76.63,76.28,76.31,6685.3308
2026-07-27 05:00:00+00:00,76.31,76.64,76.26,76.57,8263.1937
2026-07-27 06:00:00+00:00,76.57,76.99,76.53,76.71,13749.9234
2026-07-27 07:00:00+00:00,76.71,76.75,76.38,76.47,10012.3581
2026-07-27 08:00:00+00:00,76.47,76.51,76.23,76.31,6960.6806
2026-07-27 09:00:00+00:00,76.31,76.56,76.13,76.48,7572.5084
2026-07-27 10:00:00+00:00,76.48,76.67,76.41,76.61,9060.9406
2026-07-27 11:00:00+00:00,76.61,76.69,76.48,76.51,7605.5253
2026-07-27 12:00:00+00:00,76.51,77.07,76.26,76.84,31766.4695
2026-07-27 13:00:00+00:00,76.84,77.5,76.47,76.91,38667.3531
2026-07-27 14:00:00+00:00,76.91,77.0,75.03,75.48,48180.2685
2026-07-27 15:00:00+00:00,75.48,75.61,75.1,75.28,21165.3895
2026-07-27 16:00:00+00:00,75.28,75.99,75.15,75.96,20175.6495
2026-07-27 17:00:00+00:00,75.96,76.25,75.82,75.91,13102.0694
2026-07-27 18:00:00+00:00,75.91,76.0,75.27,75.62,20327.1034
2026-07-27 19:00:00+00:00,75.62,76.05,75.52,75.98,16972.7637
2026-07-27 20:00:00+00:00,75.98,76.14,75.81,75.98,5978.4594
2026-07-27 21:00:00+00:00,75.98,75.99,75.51,75.61,8338.632
2026-07-27 22:00:00+00:00,75.61,75.62,74.02,74.06,29449.8759
2026-07-27 23:00:00+00:00,74.06,74.42,73.74,74.2,37268.6629
2026-07-28 00:00:00+00:00,74.2,74.3,73.67,73.73,12682.4259
2026-07-28 01:00:00+00:00,73.73,73.75,72.86,73.2,28976.9004
2026-07-28 02:00:00+00:00,73.2,73.46,73.07,73.36,13499.7118
2026-07-28 03:00:00+00:00,73.36,73.41,73.16,73.26,8511.0448
2026-07-28 04:00:00+00:00,73.26,73.28,72.98,73.2,11928.9933
2026-07-28 05:00:00+00:00,73.2,73.53,73.19,73.26,11052.6726
2026-07-28 06:00:00+00:00,73.26,73.49,73.12,73.44,15070.0117
2026-07-28 07:00:00+00:00,73.44,73.49,73.13,73.28,15813.0685
2026-07-28 08:00:00+00:00,73.28,73.43,73.14,73.35,15469.8608
2026-07-28 09:00:00+00:00,73.35,73.5,73.19,73.26,23030.7304
2026-07-28 10:00:00+00:00,73.26,73.32,73.13,73.16,22803.3653
2026-07-28 11:00:00+00:00,73.16,73.35,72.88,73.19,18376.765
2026-07-28 12:00:00+00:00,73.19,73.44,73.11,73.38,13157.0617
2026-07-28 13:00:00+00:00,73.38,73.43,72.35,72.71,33804.357
2026-07-28 14:00:00+00:00,72.71,73.49,72.54,73.41,21200.3772
2026-07-28 15:00:00+00:00,73.41,74.59,73.3,74.34,34955.3347
2026-07-28 16:00:00+00:00,74.34,74.57,74.06,74.43,13496.8204
2026-07-28 17:00:00+00:00,74.43,74.43,73.55,73.82,17663.2687
2026-07-28 18:00:00+00:00,73.82,74.05,73.8,73.89,4543.2344
2026-07-28 19:00:00+00:00,73.89,74.38,73.83,74.33,13102.4873
2026-07-28 20:00:00+00:00,74.33,74.36,74.01,74.05,10546.4447
2026-07-28 21:00:00+00:00,74.05,74.39,74.01,74.14,16270.7324
2026-07-28 22:00:00+00:00,74.14,74.23,73.43,73.43,10706.7169
2026-07-28 23:00:00+00:00,73.43,73.84,73.18,73.83,17770.9484
2026-07-29 00:00:00+00:00,73.83,74.22,73.77,73.79,18758.7155
2026-07-29 01:00:00+00:00,73.79,73.8,73.22,73.27,8675.4959
2026-07-29 02:00:00+00:00,73.27,73.98,73.09,73.71,10919.8822
2026-07-29 03:00:00+00:00,73.71,73.76,73.03,73.09,8040.5569
2026-07-29 04:00:00+00:00,73.09,73.5,72.73,73.46,13604.2341
2026-07-29 05:00:00+00:00,73.46,73.8,73.35,73.69,7950.3188
2026-07-29 06:00:00+00:00,73.69,74.09,73.54,74.08,7065.9463
2026-07-29 07:00:00+00:00,74.08,74.28,73.99,74.25,5444.171
2026-07-29 08:00:00+00:00,74.25,74.33,73.71,73.95,11662.8734
2026-07-29 09:00:00+00:00,73.95,74.31,73.92,74.14,9832.4516
2026-07-29 10:00:00+00:00,74.14,74.15,73.8,73.9,7277.3193
2026-07-29 11:00:00+00:00,73.9,74.1,73.83,73.95,7213.451
2026-07-29 12:00:00+00:00,73.95,73.95,73.45,73.53,17859.5498
2026-07-29 13:00:00+00:00,73.53,73.77,73.34,73.73,17587.3507
2026-07-29 14:00:00+00:00,73.73,73.91,73.1,73.26,18580.123
2026-07-29 15:00:00+00:00,73.26,73.45,72.98,73.13,21314.005
2026-07-29 16:00:00+00:00,73.13,73.39,72.91,73.27,32838.8028
2026-07-29 17:00:00+00:00,73.27,73.95,73.18,73.95,21383.8815
2026-07-29 18:00:00+00:00,73.95,74.55,73.46,74.25,77943.4939
2026-07-29 19:00:00+00:00,74.25,74.39,72.75,72.77,41421.9273
2026-07-29 20:00:00+00:00,72.77,73.21,72.46,72.66,33783.2533
2026-07-29 21:00:00+00:00,72.66,73.2,72.33,73.2,20353.3329
2026-07-29 22:00:00+00:00,73.2,73.8,73.19,73.66,13893.2537
2026-07-29 23:00:00+00:00,73.66,73.76,73.44,73.69,10501.136
2026-07-30 00:00:00+00:00,73.69,73.87,73.15,73.3,6183.679
2026-07-30 01:00:00+00:00,73.3,74.21,73.28,74.03,12170.9735
2026-07-30 02:00:00+00:00,74.03,74.15,73.83,73.84,6144.5463
2026-07-30 03:00:00+00:00,73.84,74.01,73.67,73.71,4026.7918
2026-07-30 04:00:00+00:00,73.71,73.74,73.5,73.52,4555.7628
2026-07-30 05:00:00+00:00,73.52,73.87,73.43,73.71,5702.3454
2026-07-30 06:00:00+00:00,73.71,73.76,73.49,73.54,3760.5559
2026-07-30 07:00:00+00:00,73.54,73.82,73.41,73.43,7552.3695
2026-07-30 08:00:00+00:00,73.43,73.84,73.3,73.82,9026.4212
2026-07-30 09:00:00+00:00,73.82,74.23,73.81,74.06,8840.2522
2026-07-30 10:00:00+00:00,74.06,74.22,73.84,73.92,15332.4108
2026-07-30 11:00:00+00:00,73.92,74.33,73.91,74.22,10392.7267
2026-07-30 12:00:00+00:00,74.22,74.49,74.09,74.41,18794.5321
2026-07-30 13:00:00+00:00,74.41,74.94,74.12,74.7,19678.0286
2026-07-30 14:00:00+00:00,74.7,74.78,74.3,74.65,20276.1404
2026-07-30 15:00:00+00:00,74.65,74.87,74.47,74.66,14665.4336
2026-07-30 16:00:00+00:00,74.66,74.84,74.47,74.59,7679.889
2026-07-30 17:00:00+00:00,74.59,74.89,74.43,74.77,7694.9049
2026-07-30 18:00:00+00:00,74.77,74.98,74.5,74.54,6479.6778
2026-07-30 19:00:00+00:00,74.54,74.83,74.53,74.79,9567.5047
2026-07-30 20:00:00+00:00,74.79,74.92,74.45,74.5,16431.9366
2026-07-30 21:00:00+00:00,74.5,74.62,74.43,74.5,9090.0419
2026-07-30 22:00:00+00:00,74.5,74.9,74.42,74.76,9301.7101
2026-07-30 23:00:00+00:00,74.76,75.0,74.48,74.52,16949.7867
2026-07-31 00:00:00+00:00,74.52,74.65,74.45,74.5,10450.6542
2026-07-31 01:00:00+00:00,74.5,75.32,74.29,74.4,27333.9778
2026-07-31 02:00:00+00:00,74.4,74.56,74.08,74.16,9841.1754
2026-07-31 03:00:00+00:00,74.16,74.36,73.89,74.15,6030.9562
2026-07-31 04:00:00+00:00,74.15,74.16,73.74,73.83,9812.3627
2026-07-31 05:00:00+00:00,73.83,74.33,73.83,74.25,22631.9612
2026-07-31 06:00:00+00:00,74.25,74.55,74.02,74.11,14430.595
2026-07-31 07:00:00+00:00,74.11,74.11,73.51,73.68,8850.9697
2026-07-31 08:00:00+00:00,73.68,73.81,73.53,73.66,9921.8643
2026-07-31 09:00:00+00:00,73.66,73.71,73.4,73.48,7179.3986
2026-07-31 10:00:00+00:00,73.48,73.67,73.29,73.56,8279.1682
2026-07-31 11:00:00+00:00,73.56,73.72,73.47,73.57,3387.5855
2026-07-31 12:00:00+00:00,73.57,73.65,73.39,73.63,7878.5076
2026-07-31 13:00:00+00:00,73.63,73.82,73.18,73.29,12454.5632
2026-07-31 14:00:00+00:00,73.29,73.7,72.8,73.04,39303.5518
2026-07-31 15:00:00+00:00,73.04,73.22,72.88,73.11,13387.2509
2026-07-31 16:00:00+00:00,73.11,73.35,72.99,73.3,19333.0214
2026-07-31 17:00:00+00:00,73.3,73.45,73.17,73.37,13067.1585
2026-07-31 18:00:00+00:00,73.37,73.47,72.95,73.11,10102.2623
2026-07-31 19:00:00+00:00,73.11,73.29,72.91,73.08,8216.4821
2026-07-31 20:00:00+00:00,73.08,73.22,72.94,72.96,9993.0095
2026-07-31 21:00:00+00:00,72.96,73.1,72.56,72.73,10739.556
2026-07-31 22:00:00+00:00,72.73,72.95,72.68,72.86,5216.5644
2026-07-31 23:00:00+00:00,72.86,72.96,72.8,72.86,3424.7463
2026-08-01 00:00:00+00:00,72.86,73.16,72.86,73.01,9594.3915
2026-08-01 01:00:00+00:00,73.01,73.13,72.98,73.04,3813.1937
2026-08-01 02:00:00+00:00,73.04,73.16,73.0,73.08,3090.2901
2026-08-01 03:00:00+00:00,73.08,73.1,72.88,73.04,2914.1687
2026-08-01 04:00:00+00:00,73.04,73.22,73.04,73.17,3641.3646
2026-08-01 05:00:00+00:00,73.17,73.21,72.87,72.95,3701.8012
2026-08-01 06:00:00+00:00,72.95,73.03,72.89,72.99,2526.3828
2026-08-01 07:00:00+00:00,72.99,73.11,72.93,72.98,3000.0274
2026-08-01 08:00:00+00:00,72.98,73.09,72.96,73.03,1999.5187
2026-08-01 09:00:00+00:00,73.03,73.09,72.84,72.84,3034.8683
2026-08-01 10:00:00+00:00,72.84,72.9,72.67,72.84,5549.3224
2026-08-01 11:00:00+00:00,72.84,72.91,72.79,72.9,3809.8712
2026-08-01 12:00:00+00:00,72.9,72.95,72.87,72.93,1918.1159
2026-08-01 13:00:00+00:00,72.93,73.0,72.91,72.98,4852.3026
2026-08-01 14:00:00+00:00,72.98,73.05,72.88,73.02,4345.3138
2026-08-01 15:00:00+00:00,73.02,73.04,72.74,72.8,7373.4383
2026-08-01 16:00:00+00:00,72.8,72.94,72.48,72.71,8385.477
2026-08-01 17:00:00+00:00,72.71,72.8,71.63,71.93,29084.6705
2026-08-01 18:00:00+00:00,71.93,71.98,70.6,71.09,36531.1175
2026-08-01 19:00:00+00:00,71.09,71.37,71.05,71.28,5329.8954
2026-08-01 20:00:00+00:00,71.28,71.57,71.2,71.57,5100.9502
2026-08-01 21:00:00+00:00,71.57,71.85,71.56,71.85,11940.7041
2026-08-01 22:00:00+00:00,71.85,72.02,71.85,71.93,5565.3511
2026-08-01 23:00:00+00:00,71.93,72.09,71.82,71.95,4483.8947
2026-08-02 00:00:00+00:00,71.95,72.16,71.93,72.11,5211.8669
2026-08-02 01:00:00+00:00,72.11,72.75,72.11,72.65,12132.8098
2026-08-02 02:00:00+00:00,72.65,73.4,72.58,73.14,20479.0918
2026-08-02 03:00:00+00:00,73.14,73.25,73.08,73.2,6190.6505
2026-08-02 04:00:00+00:00,73.2,73.55,73.2,73.54,6430.771
2026-08-02 05:00:00+00:00,73.54,73.68,73.48,73.6,8827.2531
2026-08-02 06:00:00+00:00,73.6,73.66,73.44,73.45,6222.7476
2026-08-02 07:00:00+00:00,73.45,73.52,73.41,73.46,4242.9274
2026-08-02 08:00:00+00:00,73.46,73.55,73.18,73.19,8413.0989
2026-08-02 09:00:00+00:00,73.19,73.43,72.99,73.4,6088.17
2026-08-02 10:00:00+00:00,73.4,73.4,73.16,73.29,4844.3928
2026-08-02 11:00:00+00:00,73.29,73.32,72.96,73.01,5574.8793
2026-08-02 12:00:00+00:00,73.01,73.25,72.91,72.91,5559.2516
2026-08-02 13:00:00+00:00,72.91,73.02,72.71,72.97,6452.1739
2026-08-02 14:00:00+00:00,72.97,73.25,72.95,73.11,7626.2861
2026-08-02 15:00:00+00:00,73.11,73.22,73.01,73.02,2754.9407
2026-08-02 16:00:00+00:00,73.02,73.3,72.93,73.16,9329.5021
2026-08-02 17:00:00+00:00,73.16,73.4,73.1,73.31,2935.9324
2026-08-02 18:00:00+00:00,73.31,73.86,73.24,73.58,10429.7064
2026-08-02 19:00:00+00:00,73.58,73.8,73.53,73.72,3909.7877
2026-08-02 20:00:00+00:00,73.72,73.74,73.57,73.69,4348.9896
2026-08-02 21:00:00+00:00,73.69,74.34,73.68,73.99,9829.2704
2026-08-02 22:00:00+00:00,73.99,74.23,73.65,73.66,7968.8096
2026-08-02 23:00:00+00:00,73.66,73.67,73.47,73.64,4725.7269
2026-08-03 00:00:00+00:00,73.64,73.68,73.18,73.23,22619.218
2026-08-03 01:00:00+00:00,73.23,73.26,72.93,73.0,6868.3795
2026-08-03 02:00:00+00:00,73.0,73.15,72.9,73.03,3513.6531
2026-08-03 03:00:00+00:00,73.03,73.12,72.7,72.9,4614.6842
2026-08-03 04:00:00+00:00,72.9,73.07,72.83,72.84,2946.1175
2026-08-03 05:00:00+00:00,72.84,73.05,72.83,72.92,6844.1651
2026-08-03 06:00:00+00:00,72.92,72.97,72.51,72.6,4561.7239
2026-08-03 07:00:00+00:00,72.6,72.7,72.43,72.54,13866.7717
2026-08-03 08:00:00+00:00,72.54,72.61,71.98,72.37,18290.1404
2026-08-03 09:00:00+00:00,72.37,72.8,72.33,72.75,5193.6959
2026-08-03 10:00:00+00:00,72.75,72.81,72.53,72.61,7202.4898
2026-08-03 11:00:00+00:00,72.61,72.65,72.4,72.45,5595.0429
2026-08-03 12:00:00+00:00,72.45,72.57,72.34,72.43,6392.7633
2026-08-03 13:00:00+00:00,72.43,73.29,72.32,73.27,21325.2119
2026-08-03 14:00:00+00:00,73.27,73.81,73.02,73.8,25657.3207
2026-08-03 15:00:00+00:00,73.8,73.82,73.47,73.61,22677.5968
2026-08-03 16:00:00+00:00,73.61,73.82,73.22,73.42,12566.2435
2026-08-03 17:00:00+00:00,73.42,73.85,73.31,73.7,10535.0876
2026-08-03 18:00:00+00:00,73.7,74.29,73.69,73.97,23777.5588
2026-08-03 19:00:00+00:00,73.97,74.19,73.95,74.03,14541.7666
2026-08-03 20:00:00+00:00,74.03,74.15,73.77,73.85,13031.0406
2026-08-03 21:00:00+00:00,73.85,73.88,73.66,73.71,9278.5627
2026-08-03 22:00:00+00:00,73.71,73.74,73.38,73.54,8211.9167
2026-08-03 23:00:00+00:00,73.54,73.57,73.4,73.56,2895.0805
2026-08-04 00:00:00+00:00,73.56,73.63,73.05,73.07,6591.5795
2026-08-04 01:00:00+00:00,73.07,73.78,73.06,73.78,8141.2967
2026-08-04 02:00:00+00:00,73.78,74.13,73.68,73.88,6323.8961
2026-08-04 03:00:00+00:00,73.88,73.9,73.47,73.69,6701.4692
2026-08-04 04:00:00+00:00,73.69,74.1,73.59,73.82,6339.2521
2026-08-04 05:00:00+00:00,73.82,73.88,73.7,73.75,2668.6603
2026-08-04 06:00:00+00:00,73.75,73.92,73.4,73.44,9404.8814
2026-08-04 07:00:00+00:00,73.44,73.74,73.21,73.67,7660.6843
2026-08-04 08:00:00+00:00,73.67,73.76,73.28,73.36,13865.3253
2026-08-04 09:00:00+00:00,73.36,73.36,73.16,73.29,5632.4462
2026-08-04 10:00:00+00:00,73.29,73.7,73.1,73.61,7710.347
2026-08-04 11:00:00+00:00,73.61,73.98,73.53,73.95,9177.1346
2026-08-04 12:00:00+00:00,73.95,74.08,73.75,73.81,8992.9127
2026-08-04 13:00:00+00:00,73.81,74.04,73.59,73.62,18667.098
2026-08-04 14:00:00+00:00,73.62,73.92,73.33,73.84,19586.8399
2026-08-04 15:00:00+00:00,73.84,74.2,73.42,73.98,11878.8749
2026-08-04 16:00:00+00:00,73.98,74.01,73.61,73.74,9827.4867
2026-08-04 17:00:00+00:00,73.74,74.23,73.71,73.77,13993.7297
2026-08-04 18:00:00+00:00,73.77,74.39,73.76,74.16,10222.3156
2026-08-04 19:00:00+00:00,74.16,74.4,74.12,74.19,21057.7403
2026-08-04 20:00:00+00:00,74.19,74.45,73.89,74.28,15104.91
2026-08-04 21:00:00+00:00,74.28,74.28,74.02,74.14,6592.3812
2026-08-04 22:00:00+00:00,74.14,74.23,73.99,74.1,4392.3379
2026-08-04 23:00:00+00:00,74.1,74.29,73.72,73.76,10450.8944
2026-08-05 00:00:00+00:00,73.76,73.81,73.46,73.52,5388.5675
2026-08-05 01:00:00+00:00,73.52,74.11,73.4,74.11,5843.6627
2026-08-05 02:00:00+00:00,74.11,74.5,74.07,74.21,12285.283
2026-08-05 03:00:00+00:00,74.21,74.31,73.72,73.79,17984.5479
2026-08-05 04:00:00+00:00,73.79,73.85,73.63,73.78,6734.286
2026-08-05 05:00:00+00:00,73.78,74.3,73.75,74.15,8062.1194
2026-08-05 06:00:00+00:00,74.15,74.25,73.98,74.01,4687.4481
2026-08-05 07:00:00+00:00,74.01,74.05,73.69,73.99,7101.0599
2026-08-05 08:00:00+00:00,73.99,74.16,73.96,74.08,9031.0653
2026-08-05 09:00:00+00:00,74.08,74.21,74.02,74.02,5901.3958
2026-08-05 10:00:00+00:00,74.02,74.13,73.79,73.85,5908.0564
2026-08-05 11:00:00+00:00,73.85,74.01,73.74,73.77,10442.6716
2026-08-05 12:00:00+00:00,73.77,74.38,73.73,74.07,15106.3884
2026-08-05 13:00:00+00:00,74.07,74.1,73.27,73.97,22265.012
2026-08-05 14:00:00+00:00,73.97,74.14,73.62,73.95,15145.4444
2026-08-05 15:00:00+00:00,73.95,74.31,73.85,73.95,17609.8255
2026-08-05 16:00:00+00:00,73.95,74.45,73.94,74.28,9519.29
2026-08-05 17:00:00+00:00,74.28,74.66,74.13,74.58,14349.9728
2026-08-05 18:00:00+00:00,74.58,74.83,74.43,74.54,7232.5007
2026-08-05 19:00:00+00:00,74.54,74.64,74.41,74.47,12453.8456
2026-08-05 20:00:00+00:00,74.47,74.59,74.31,74.37,9843.368
2026-08-05 21:00:00+00:00,74.37,74.39,74.07,74.12,11645.6134
2026-08-05 22:00:00+00:00,74.12,74.2,74.0,74.01,5723.3376
2026-08-05 23:00:00+00:00,74.01,74.11,73.85,74.04,6637.1233
2026-08-06 00:00:00+00:00,74.04,74.27,74.03,74.07,3609.2899
2026-08-06 01:00:00+00:00,74.07,74.11,73.72,73.74,5553.3301
2026-08-06 02:00:00+00:00,73.74,73.79,73.39,73.53,14616.6284
2026-08-06 03:00:00+00:00,73.53,73.6,73.44,73.48,5267.3732
2026-08-06 04:00:00+00:00,73.48,73.87,73.39,73.86,7338.0082
2026-08-06 05:00:00+00:00,73.86,74.35,73.85,74.24,8736.7103
2026-08-06 06:00:00+00:00,74.24,74.25,73.95,74.05,5014.1469
2026-08-06 07:00:00+00:00,74.05,74.12,73.87,73.89,9029.4199
2026-08-06 08:00:00+00:00,73.89,74.09,73.71,73.98,6141.1992
2026-08-06 09:00:00+00:00,73.98,74.0,73.2,73.3,25439.3471
2026-08-06 10:00:00+00:00,73.3,73.44,73.17,73.31,11321.6585
2026-08-06 11:00:00+00:00,73.31,73.57,73.17,73.46,10872.6973
2026-08-06 12:00:00+00:00,73.46,73.48,73.14,73.16,6985.4808
2026-08-06 13:00:00+00:00,73.16,73.33,72.86,73.25,17517.6133
2026-08-06 14:00:00+00:00,73.25,73.58,73.1,73.47,14901.6329
2026-08-06 15:00:00+00:00,73.47,73.63,73.3,73.31,8948.7707
2026-08-06 16:00:00+00:00,73.31,73.49,73.1,73.45,9291.5781
2026-08-06 17:00:00+00:00,73.45,73.54,73.07,73.18,4729.0038
2026-08-06 18:00:00+00:00,73.18,73.22,72.73,72.81,11765.5243
2026-08-06 19:00:00+00:00,72.81,72.94,72.55,72.8,12471.3506
2026-08-06 20:00:00+00:00,72.8,72.99,72.8,72.84,8863.9431
2026-08-06 21:00:00+00:00,72.84,73.0,72.8,72.87,8569.5054
2026-08-06 22:00:00+00:00,72.87,72.88,72.65,72.7,5424.8467
2026-08-06 23:00:00+00:00,72.7,72.74,72.34,72.69,8055.0728
2026-08-07 00:00:00+00:00,72.69,72.81,72.56,72.67,9201.8399
2026-08-07 01:00:00+00:00,72.67,72.87,72.59,72.75,3320.6049
2026-08-07 02:00:00+00:00,72.75,72.93,72.5,72.7,7727.3412
2026-08-07 03:00:00+00:00,72.7,72.76,72.55,72.62,3219.5605
2026-08-07 04:00:00+00:00,72.62,72.8,72.5,72.66,3143.9507
2026-08-07 05:00:00+00:00,72.66,72.95,72.44,72.88,5926.9867
2026-08-07 06:00:00+00:00,72.88,73.07,72.81,72.84,6143.639
2026-08-07 07:00:00+00:00,72.84,73.03,72.74,72.92,4838.1746
2026-08-07 08:00:00+00:00,72.92,73.32,72.91,73.19,7502.1333
2026-08-07 09:00:00+00:00,73.19,73.73,73.19,73.63,10327.9519
2026-08-07 10:00:00+00:00,73.63,73.76,73.49,73.53,7161.5182
2026-08-07 11:00:00+00:00,73.53,73.78,73.53,73.62,6660.3631
2026-08-07 12:00:00+00:00,73.62,74.34,73.62,73.9,34436.713
2026-08-07 13:00:00+00:00,73.9,74.37,73.79,74.13,25396.5016
2026-08-07 14:00:00+00:00,74.13,74.24,73.58,73.72,17660.7169
2026-08-07 15:00:00+00:00,73.72,73.98,73.69,73.89,4643.8599
2026-08-07 16:00:00+00:00,73.89,74.12,73.59,73.59,8327.1188
2026-08-07 17:00:00+00:00,73.59,73.59,73.2,73.42,7618.0922
2026-08-07 18:00:00+00:00,73.42,73.58,73.27,73.42,3700.8834
2026-08-07 19:00:00+00:00,73.42,74.03,73.41,74.02,9013.678
2026-08-07 20:00:00+00:00,74.02,74.1,73.79,73.83,7242.8499
2026-08-07 21:00:00+00:00,73.83,73.88,73.6,73.66,8910.5867
2026-08-07 22:00:00+00:00,73.66,73.74,73.59,73.65,3145.5569
2026-08-07 23:00:00+00:00,73.65,73.78,73.62,73.67,8503.4372
2026-08-08 00:00:00+00:00,73.67,73.74,73.58,73.71,3014.883
2026-08-08 01:00:00+00:00,73.71,73.95,73.68,73.88,2465.2034
2026-08-08 02:00:00+00:00,73.88,73.97,73.85,73.86,2106.316
2026-08-08 03:00:00+00:00,73.86,74.99,73.86,74.82,15426.1802
2026-08-08 04:00:00+00:00,74.82,75.13,74.58,74.63,16577.436
2026-08-08 05:00:00+00:00,74.63,74.75,74.48,74.66,9283.5382
2026-08-08 06:00:00+00:00,74.66,74.82,74.57,74.72,4750.5691
2026-08-08 07:00:00+00:00,74.72,74.81,74.64,74.8,12401.4992
2026-08-08 08:00:00+00:00,74.8,74.92,74.69,74.8,12205.764
2026-08-08 09:00:00+00:00,74.8,75.03,74.8,74.87,5766.5154
2026-08-08 10:00:00+00:00,74.87,75.16,74.86,75.07,15373.1973
2026-08-08 11:00:00+00:00,75.07,75.71,75.05,75.6,25155.1814
2026-08-08 12:00:00+00:00,75.6,75.67,75.35,75.44,12816.961
2026-08-08 13:00:00+00:00,75.44,75.55,75.42,75.53,5475.1987
2026-08-08 14:00:00+00:00,75.53,76.61,75.52,76.48,29765.313
2026-08-08 15:00:00+00:00,76.48,76.8,76.25,76.38,19071.7539
2026-08-08 16:00:00+00:00,76.38,76.5,76.17,76.38,9557.2698
2026-08-08 17:00:00+00:00,76.38,76.49,76.28,76.39,13832.7765
2026-08-08 18:00:00+00:00,76.39,76.39,76.07,76.13,7284.5788
2026-08-08 19:00:00+00:00,76.13,76.27,75.98,76.16,9302.8339
2026-08-08 20:00:00+00:00,76.16,76.28,76.14,76.27,3539.1754
2026-08-08 21:00:00+00:00,76.27,76.36,76.16,76.21,6628.9694
2026-08-08 22:00:00+00:00,76.21,76.29,75.86,75.9,5749.0989
2026-08-08 23:00:00+00:00,75.9,76.1,75.77,76.02,12019.577
2026-08-09 00:00:00+00:00,76.02,76.05,75.86,76.02,7445.7529
2026-08-09 01:00:00+00:00,76.02,76.1,75.75,75.89,6575.3606
2026-08-09 02:00:00+00:00,75.89,76.0,75.78,75.88,8218.7393
2026-08-09 03:00:00+00:00,75.88,76.05,75.76,75.98,2968.5982
2026-08-09 04:00:00+00:00,75.98,76.13,75.95,75.99,2742.3601
2026-08-09 05:00:00+00:00,75.99,76.03,75.88,76.01,4078.6269
2026-08-09 06:00:00+00:00,76.01,76.49,75.97,76.42,12396.5722
2026-08-09 07:00:00+00:00,76.42,76.5,76.21,76.36,15320.9851
2026-08-09 08:00:00+00:00,76.36,76.57,76.12,76.33,23496.8261
2026-08-09 09:00:00+00:00,76.33,76.54,76.26,76.45,8473.0951
2026-08-09 10:00:00+00:00,76.45,76.64,76.38,76.38,8986.3806
2026-08-09 11:00:00+00:00,76.38,76.55,76.35,76.51,7754.8648
2026-08-09 12:00:00+00:00,76.51,76.59,76.31,76.37,5582.5711
2026-08-09 13:00:00+00:00,76.37,76.87,76.35,76.57,15970.5837
2026-08-09 14:00:00+00:00,76.57,77.08,76.57,77.01,9250.3918
2026-08-09 15:00:00+00:00,77.01,77.46,76.86,77.43,18945.3441
2026-08-09 16:00:00+00:00,77.43,77.55,77.08,77.33,17945.9615
2026-08-09 17:00:00+00:00,77.33,77.34,77.13,77.18,5749.4158
2026-08-09 18:00:00+00:00,77.18,77.24,77.07,77.19,3958.3202
2026-08-09 19:00:00+00:00,77.19,77.36,77.13,77.22,4921.3096
2026-08-09 20:00:00+00:00,77.22,77.28,77.06,77.26,3388.2335
2026-08-09 21:00:00+00:00,77.26,77.48,77.14,77.36,18662.578
2026-08-09 22:00:00+00:00,77.36,77.83,76.67,76.81,21245.6305
2026-08-09 23:00:00+00:00,76.81,76.91,76.21,76.27,17053.957
2026-08-10 00:00:00+00:00,76.27,77.02,76.22,76.54,17833.7359
2026-08-10 01:00:00+00:00,76.54,77.17,76.41,76.9,11033.4775
2026-08-10 02:00:00+00:00,76.9,76.92,76.44,76.83,28565.5506
2026-08-10 03:00:00+00:00,76.83,76.94,76.39,76.64,9595.7475
2026-08-10 04:00:00+00:00,76.64,76.75,76.44,76.56,4897.3512
2026-08-10 05:00:00+00:00,76.56,76.97,76.54,76.88,5028.5907
2026-08-10 06:00:00+00:00,76.88,77.07,76.83,77.0,13253.1931
2026-08-10 07:00:00+00:00,77.0,77.12,76.83,76.98,6809.7514
2026-08-10 08:00:00+00:00,76.98,77.14,76.69,76.95,12993.5583
2026-08-10 09:00:00+00:00,76.95,77.03,76.57,76.57,11562.5381
2026-08-10 10:00:00+00:00,76.57,76.87,76.54,76.81,10484.6434
2026-08-10 11:00:00+00:00,76.81,77.09,76.67,77.06,10614.8279
2026-08-10 12:00:00+00:00,77.06,77.14,76.62,76.65,27261.6055
2026-08-10 13:00:00+00:00,76.65,76.78,76.16,76.32,26399.8609
2026-08-10 14:00:00+00:00,76.32,76.72,76.25,76.27,40182.9064
2026-08-10 15:00:00+00:00,76.27,76.44,75.82,75.96,50320.609
2026-08-10 16:00:00+00:00,75.96,76.1,75.6,75.71,45195.3283
2026-08-10 17:00:00+00:00,75.71,76.12,75.63,75.99,39093.7137
2026-08-10 18:00:00+00:00,75.99,76.08,75.73,75.84,22824.5926
2026-08-10 19:00:00+00:00,75.84,76.28,75.82,76.17,15895.423
2026-08-10 20:00:00+00:00,76.17,76.5,76.17,76.44,9000.0162
2026-08-10 21:00:00+00:00,76.44,76.5,76.29,76.29,4090.1379
2026-08-10 22:00:00+00:00,76.29,76.38,76.05,76.21,6841.124
2026-08-10 23:00:00+00:00,76.21,76.22,75.99,76.0,6562.9007
2026-08-11 00:00:00+00:00,76.0,76.05,75.78,75.89,6419.7615
2026-08-11 01:00:00+00:00,75.89,76.12,75.72,76.11,6341.2265
2026-08-11 02:00:00+00:00,76.11,76.15,76.0,76.05,5160.4867
2026-08-11 03:00:00+00:00,76.05,76.26,76.05,76.09,5251.0193
2026-08-11 04:00:00+00:00,76.09,76.24,76.08,76.09,8707.7329
2026-08-11 05:00:00+00:00,76.09,76.1,75.79,75.82,3760.3609
2026-08-11 06:00:00+00:00,75.82,76.04,75.67,75.83,21331.2084
2026-08-11 07:00:00+00:00,75.83,75.88,75.44,75.7,24216.7118
2026-08-11 08:00:00+00:00,75.7,76.0,75.64,75.96,11763.9221
2026-08-11 09:00:00+00:00,75.96,75.96,75.68,75.91,18538.6825
2026-08-11 10:00:00+00:00,75.91,76.08,75.77,75.96,34732.6117
2026-08-11 11:00:00+00:00,75.96,76.37,75.96,76.22,11071.0114
2026-08-11 12:00:00+00:00,76.22,76.26,75.8,75.88,8474.6584
2026-08-11 13:00:00+00:00,75.88,76.11,75.73,76.02,11439.2879
2026-08-11 14:00:00+00:00,76.02,76.16,75.09,75.21,20679.3392
2026-08-11 15:00:00+00:00,75.21,75.42,74.64,74.93,32523.8723
2026-08-11 16:00:00+00:00,74.93,75.08,74.8,74.93,18740.1654
2026-08-11 17:00:00+00:00,74.93,75.21,74.92,75.17,8381.4428
2026-08-11 18:00:00+00:00,75.17,75.35,75.09,75.27,9292.9993
2026-08-11 19:00:00+00:00,75.27,75.71,75.07,75.66,8775.5582
2026-08-11 20:00:00+00:00,75.66,76.26,75.65,76.06,18988.4497
2026-08-11 21:00:00+00:00,76.06,76.45,76.01,76.45,13069.8474
2026-08-11 22:00:00+00:00,76.45,76.67,76.26,76.41,9027.3999
2026-08-11 23:00:00+00:00,76.41,76.41,76.18,76.3,7384.2192
2026-08-12 00:00:00+00:00,76.3,76.38,76.23,76.37,2809.3692
2026-08-12 01:00:00+00:00,76.37,76.59,76.31,76.43,5342.4675
2026-08-12 02:00:00+00:00,76.43,76.61,76.43,76.43,7160.2464
2026-08-12 03:00:00+00:00,76.43,76.53,76.26,76.42,2765.7883
2026-08-12 04:00:00+00:00,76.42,76.58,76.28,76.31,4443.3162
2026-08-12 05:00:00+00:00,76.31,76.38,76.19,76.34,3039.7538
2026-08-12 06:00:00+00:00,76.34,76.36,75.99,76.05,4143.6183
2026-08-12 07:00:00+00:00,76.05,76.28,75.96,76.28,3562.5855
2026-08-12 08:00:00+00:00,76.28,76.47,76.16,76.2,13439.4457
2026-08-12 09:00:00+00:00,76.2,76.9,76.14,76.75,8795.4841
2026-08-12 10:00:00+00:00,76.75,76.87,76.67,76.77,8273.5661
2026-08-12 11:00:00+00:00,76.77,76.86,76.7,76.83,9218.2994
2026-08-12 12:00:00+00:00,76.83,77.32,76.37,76.65,62842.6037
2026-08-12 13:00:00+00:00,76.65,76.68,76.06,76.24,17911.483
2026-08-12 14:00:00+00:00,76.24,76.24,75.42,75.49,30553.8624
2026-08-12 15:00:00+00:00,75.49,75.88,75.4,75.75,9361.0
2026-08-12 16:00:00+00:00,75.75,75.86,75.56,75.69,20594.3839
2026-08-12 17:00:00+00:00,75.69,76.06,75.67,75.91,7223.4896
2026-08-12 18:00:00+00:00,75.91,76.09,75.84,75.88,3726.8544
2026-08-12 19:00:00+00:00,75.88,76.0,75.59,75.76,6767.5399
2026-08-12 20:00:00+00:00,75.76,76.02,75.74,75.94,3352.3767
2026-08-12 21:00:00+00:00,75.94,76.01,75.43,75.47,16064.321
2026-08-12 22:00:00+00:00,75.47,75.66,75.31,75.53,9189.1032
2026-08-12 23:00:00+00:00,75.53,75.64,75.38,75.62,4236.6014
2026-08-13 00:00:00+00:00,75.62,75.87,75.55,75.62,7328.6729
2026-08-13 01:00:00+00:00,75.62,75.8,75.48,75.64,7905.7297
2026-08-13 02:00:00+00:00,75.64,75.97,75.53,75.97,6292.3771
2026-08-13 03:00:00+00:00,75.97,76.32,75.96,76.25,11785.1437
2026-08-13 04:00:00+00:00,76.25,76.28,76.03,76.14,5981.419
2026-08-13 05:00:00+00:00,76.14,76.63,76.09,76.52,10331.6035
2026-08-13 06:00:00+00:00,76.52,76.56,76.32,76.53,5161.044
2026-08-13 07:00:00+00:00,76.53,76.54,76.4,76.44,2727.1521
2026-08-13 08:00:00+00:00,76.44,76.5,76.18,76.23,8590.4471
2026-08-13 09:00:00+00:00,76.23,76.24,75.91,76.17,8361.5823
2026-08-13 10:00:00+00:00,76.17,76.2,75.7,75.75,16350.6615
2026-08-13 11:00:00+00:00,75.75,75.76,75.56,75.67,7904.6617
2026-08-13 12:00:00+00:00,75.67,76.15,75.64,76.14,8686.3742
2026-08-13 13:00:00+00:00,76.14,76.36,76.05,76.19,6159.5822
2026-08-13 14:00:00+00:00,76.19,76.58,76.14,76.48,7893.2667
2026-08-13 15:00:00+00:00,76.48,76.54,75.64,75.64,8930.4752
2026-08-13 16:00:00+00:00,75.64,75.88,75.11,75.59,21122.1204
2026-08-13 17:00:00+00:00,75.59,75.92,75.56,75.76,4432.7847
2026-08-13 18:00:00+00:00,75.76,76.09,75.69,76.0,4507.8548
2026-08-13 19:00:00+00:00,76.0,76.28,75.98,76.19,6507.3126
2026-08-13 20:00:00+00:00,76.19,76.33,76.14,76.21,5911.147
2026-08-13 21:00:00+00:00,76.21,76.31,76.13,76.2,4320.6101
2026-08-13 22:00:00+00:00,76.2,76.45,76.2,76.25,5498.6202
2026-08-13 23:00:00+00:00,76.25,76.3,76.15,76.27,2851.8904
2026-08-14 00:00:00+00:00,76.27,76.33,75.97,76.07,34527.0052
2026-08-14 01:00:00+00:00,76.07,76.16,75.91,76.08,3937.2588
2026-08-14 02:00:00+00:00,76.08,76.2,75.99,76.03,3005.7734
2026-08-14 03:00:00+00:00,76.03,76.06,75.75,75.76,5683.722
2026-08-14 04:00:00+00:00,75.76,76.03,75.74,75.83,2860.5256
2026-08-14 05:00:00+00:00,75.83,75.99,75.8,75.92,3267.8766
2026-08-14 06:00:00+00:00,75.92,75.92,75.51,75.53,8621.8273
2026-08-14 07:00:00+00:00,75.53,75.73,75.49,75.58,8369.519
2026-08-14 08:00:00+00:00,75.58,75.88,75.57,75.86,10949.2233
2026-08-14 09:00:00+00:00,75.86,75.88,75.43,75.49,5320.9894
2026-08-14 10:00:00+00:00,75.49,75.65,75.36,75.41,8265.4203
2026-08-14 11:00:00+00:00,75.41,75.6,75.4,75.52,4378.7172
2026-08-14 12:00:00+00:00,75.52,75.6,75.33,75.46,19589.178
2026-08-14 13:00:00+00:00,75.46,75.47,75.24,75.36,21558.4358
2026-08-14 14:00:00+00:00,75.36,75.41,75.05,75.26,10848.4309
2026-08-14 15:00:00+00:00,75.26,75.76,75.19,75.64,9177.9995
2026-08-14 16:00:00+00:00,75.64,75.71,75.46,75.47,5078.7203
2026-08-14 17:00:00+00:00,75.47,75.68,75.15,75.28,5726.8293
2026-08-14 18:00:00+00:00,75.28,75.29,74.92,74.96,19403.4356
2026-08-14 19:00:00+00:00,74.96,75.1,74.68,75.0,15143.7876
2026-08-14 20:00:00+00:00,75.0,75.24,74.96,75.15,8339.1542
2026-08-14 21:00:00+00:00,75.15,75.25,75.09,75.19,7609.418
2026-08-14 22:00:00+00:00,75.19,75.27,74.98,75.18,6109.9009
2026-08-14 23:00:00+00:00,75.18,75.42,75.15,75.4,6756.1869
2026-08-15 00:00:00+00:00,75.4,75.43,75.33,75.35,3917.833
2026-08-15 01:00:00+00:00,75.35,75.47,75.29,75.41,3336.1043
2026-08-15 02:00:00+00:00,75.41,75.67,75.39,75.65,7765.7379
2026-08-15 03:00:00+00:00,75.65,75.71,75.41,75.42,6424.562
2026-08-15 04:00:00+00:00,75.42,75.6,75.32,75.53,5865.0069
2026-08-15 05:00:00+00:00,75.53,75.59,75.28,75.35,7804.3356
2026-08-15 06:00:00+00:00,75.35,75.48,75.27,75.42,3798.7746
2026-08-15 07:00:00+00:00,75.42,75.42,75.21,75.24,7915.3997
2026-08-15 08:00:00+00:00,75.24,75.31,75.06,75.06,11844.783
2026-08-15 09:00:00+00:00,75.06,75.25,75.03,75.23,4374.5645
2026-08-15 10:00:00+00:00,75.23,75.35,75.2,75.29,3596.3669
2026-08-15 11:00:00+00:00,75.29,75.3,75.21,75.23,2789.9148
2026-08-15 12:00:00+00:00,75.23,75.42,75.19,75.42,3826.8014
2026-08-15 13:00:00+00:00,75.42,75.57,75.39,75.56,5087.6153
2026-08-15 14:00:00+00:00,75.56,75.58,75.45,75.45,4146.9945
2026-08-15 15:00:00+00:00,75.45,75.53,75.38,75.52,4198.5824
2026-08-15 16:00:00+00:00,75.52,75.53,75.41,75.49,3961.663
2026-08-15 17:00:00+00:00,75.49,75.68,75.48,75.66,7206.8517
2026-08-15 18:00:00+00:00,75.66,75.68,75.51,75.55,5229.6416
2026-08-15 19:00:00+00:00,75.55,75.58,75.53,75.57,1441.4287
2026-08-15 20:00:00+00:00,75.57,75.57,75.43,75.52,4485.6427
2026-08-15 21:00:00+00:00,75.52,75.73,75.52,75.62,6059.7111
2026-08-15 22:00:00+00:00,75.62,75.68,75.56,75.57,3750.711
2026-08-15 23:00:00+00:00,75.57,75.57,75.31,75.34,5024.7176
2026-08-16 00:00:00+00:00,75.34,75.49,75.27,75.47,3112.3117
2026-08-16 01:00:00+00:00,75.47,75.48,75.3,75.42,2965.1071
2026-08-16 02:00:00+00:00,75.42,75.66,75.27,75.58,4171.4997
2026-08-16 03:00:00+00:00,75.58,75.66,75.57,75.57,1468.858
2026-08-16 04:00:00+00:00,75.57,75.62,75.44,75.46,2373.6805
2026-08-16 05:00:00+00:00,75.46,75.52,75.35,75.37,2981.0236
2026-08-16 06:00:00+00:00,75.37,75.52,75.28,75.37,6248.9604
2026-08-16 07:00:00+00:00,75.37,75.48,75.34,75.46,3208.9546
2026-08-16 08:00:00+00:00,75.46,75.49,75.4,75.47,2061.34
2026-08-16 09:00:00+00:00,75.47,75.48,75.27,75.33,3450.6906
2026-08-16 10:00:00+00:00,75.33,75.34,75.17,75.26,3063.1612
2026-08-16 11:00:00+00:00,75.26,75.31,75.21,75.28,4754.7696
2026-08-16 12:00:00+00:00,75.28,75.29,75.2,75.21,1967.2634
2026-08-16 13:00:00+00:00,75.21,75.41,75.21,75.3,3866.32
2026-08-16 14:00:00+00:00,75.3,75.41,75.25,75.4,3766.1477
2026-08-16 15:00:00+00:00,75.4,75.64,75.38,75.56,4123.4542
2026-08-16 16:00:00+00:00,75.56,75.71,75.5,75.56,6091.2098
2026-08-16 17:00:00+00:00,75.56,75.63,75.29,75.29,5042.9349
2026-08-16 18:00:00+00:00,75.29,75.32,75.06,75.19,6993.0588
2026-08-16 19:00:00+00:00,75.19,75.38,75.19,75.24,2421.8738
2026-08-16 20:00:00+00:00,75.24,75.34,74.99,75.03,9098.3397
2026-08-16 21:00:00+00:00,75.03,75.1,74.11,74.34,39750.9525
2026-08-16 22:00:00+00:00,74.34,74.53,74.18,74.51,8034.0372
2026-08-16 23:00:00+00:00,74.51,74.66,74.47,74.62,3559.5886
2026-08-17 00:00:00+00:00,74.62,74.74,74.44,74.62,7098.032
2026-08-17 01:00:00+00:00,74.62,75.34,74.59,75.09,11714.003
2026-08-17 02:00:00+00:00,75.09,75.58,75.05,75.49,18579.3061
2026-08-17 03:00:00+00:00,75.49,75.58,75.44,75.51,9007.9012
2026-08-17 04:00:00+00:00,75.51,75.63,75.5,75.56,5999.3661
2026-08-17 05:00:00+00:00,75.56,75.69,75.4,75.42,14360.8468
2026-08-17 06:00:00+00:00,75.42,76.0,75.36,75.84,10444.8046
2026-08-17 07:00:00+00:00,75.84,75.94,75.73,75.78,9393.5855
2026-08-17 08:00:00+00:00,75.78,75.8,75.19,75.25,18133.0851
2026-08-17 09:00:00+00:00,75.25,75.43,75.23,75.36,2760.8302
2026-08-17 10:00:00+00:00,75.36,75.81,75.3,75.77,7589.4665
2026-08-17 11:00:00+00:00,75.77,75.93,75.67,75.71,7690.3259
2026-08-17 12:00:00+00:00,75.71,75.71,75.34,75.44,10633.5637
2026-08-17 13:00:00+00:00,75.44,75.8,75.3,75.63,8136.3907
2026-08-17 14:00:00+00:00,75.63,76.02,75.51,75.99,7240.2466
2026-08-17 15:00:00+00:00,75.99,76.23,75.81,76.1,18197.5884
2026-08-17 16:00:00+00:00,76.1,76.14,75.94,76.01,18026.3303
2026-08-17 17:00:00+00:00,76.01,76.12,75.71,75.93,17677.8143
2026-08-17 18:00:00+00:00,75.93,76.17,75.86,75.91,6867.746
2026-08-17 19:00:00+00:00,75.91,75.96,75.76,75.81,3448.4054
2026-08-17 20:00:00+00:00,75.81,76.11,75.63,76.0,7527.0579
2026-08-17 21:00:00+00:00,76.0,76.06,75.88,75.95,3313.4743
2026-08-17 22:00:00+00:00,75.95,76.03,75.72,75.74,2573.5099
2026-08-17 23:00:00+00:00,75.74,76.11,75.71,76.03,4929.7922
2026-08-18 00:00:00+00:00,76.03,76.09,75.87,76.04,5930.3189
2026-08-18 01:00:00+00:00,76.04,76.05,75.57,75.6,4845.8321
2026-08-18 02:00:00+00:00,75.6,75.65,75.21,75.29,10354.4682
2026-08-18 03:00:00+00:00,75.29,75.54,75.26,75.52,3116.3907
2026-08-18 04:00:00+00:00,75.52,75.83,75.41,75.83,23212.8777
2026-08-18 05:00:00+00:00,75.83,75.95,75.58,75.72,8053.2031
2026-08-18 06:00:00+00:00,75.72,76.07,75.64,76.03,9834.1846
2026-08-18 07:00:00+00:00,76.03,76.26,75.95,76.11,26628.5113
2026-08-18 08:00:00+00:00,76.11,76.2,75.87,76.17,23475.2794
2026-08-18 09:00:00+00:00,76.17,76.17,75.89,75.96,4791.1503
2026-08-18 10:00:00+00:00,75.96,76.0,75.81,75.86,3998.7776
2026-08-18 11:00:00+00:00,75.86,76.46,75.83,76.33,27805.0849
2026-08-18 12:00:00+00:00,76.33,76.52,76.23,76.24,13812.7187
2026-08-18 13:00:00+00:00,76.24,76.29,76.04,76.2,6451.118
2026-08-18 14:00:00+00:00,76.2,77.32,76.11,76.79,34419.6957
2026-08-18 15:00:00+00:00,76.79,77.26,76.79,77.2,16574.9201
2026-08-18 16:00:00+00:00,77.2,77.34,76.85,77.09,13763.1551
2026-08-18 17:00:00+00:00,77.09,77.09,76.89,76.93,2962.5573
