ts,open,high,low,close,volume
2026-02-19 18:00:00+00:00,1.3961,1.4141,1.3942,1.4132,919421.29
2026-02-19 19:00:00+00:00,1.4132,1.4187,1.4041,1.4124,1037563.36
2026-02-19 20:00:00+00:00,1.4124,1.4148,1.4044,1.4112,1107142.99
2026-02-19 21:00:00+00:00,1.4112,1.413,1.4073,1.4081,572810.36
2026-02-19 22:00:00+00:00,1.4081,1.411,1.3954,1.4012,645186.35
2026-02-19 23:00:00+00:00,1.4012,1.4095,1.4,1.4069,787016.51
2026-02-20 00:00:00+00:00,1.4069,1.4219,1.4055,1.4169,1008690.24
2026-02-20 01:00:00+00:00,1.4169,1.4254,1.4156,1.4254,827238.69
2026-02-20 02:00:00+00:00,1.4254,1.4287,1.4177,1.4177,401570.04
2026-02-20 03:00:00+00:00,1.4177,1.4209,1.4117,1.413,491834.07
2026-02-20 04:00:00+00:00,1.413,1.4137,1.4006,1.4105,439419.33
2026-02-20 05:00:00+00:00,1.4105,1.4244,1.405,1.4188,1067708.12
2026-02-20 06:00:00+00:00,1.4188,1.4218,1.4134,1.4202,519177.42
2026-02-20 07:00:00+00:00,1.4202,1.4237,1.4166,1.4198,454334.8
2026-02-20 08:00:00+00:00,1.4198,1.4227,1.4139,1.4188,578913.5
2026-02-20 09:00:00+00:00,1.4188,1.4288,1.4175,1.4231,952980.97
2026-02-20 10:00:00+00:00,1.4231,1.4279,1.4204,1.421,1095072.71
2026-02-20 11:00:00+00:00,1.421,1.4224,1.403,1.4058,1344647.47
2026-02-20 12:00:00+00:00,1.4058,1.4093,1.403,1.405,1111728.58
2026-02-20 13:00:00+00:00,1.405,1.4052,1.3773,1.3841,2824469.29
2026-02-20 14:00:00+00:00,1.3841,1.4075,1.3836,1.3996,1817960.64
2026-02-20 15:00:00+00:00,1.3996,1.4305,1.3996,1.4286,4782943.98
2026-02-20 16:00:00+00:00,1.4286,1.4389,1.4235,1.4326,4318521.14
2026-02-20 17:00:00+00:00,1.4326,1.4326,1.4078,1.4298,2978122.09
2026-02-20 18:00:00+00:00,1.4298,1.439,1.4234,1.4329,2002560.11
2026-02-20 19:00:00+00:00,1.4329,1.4351,1.4211,1.4237,1026513.32
2026-02-20 20:00:00+00:00,1.4237,1.4296,1.4146,1.42,868455.84
2026-02-20 21:00:00+00:00,1.42,1.4256,1.4177,1.4219,649744.0
2026-02-20 22:00:00+00:00,1.4219,1.4302,1.4176,1.4301,743985.49
2026-02-20 23:00:00+00:00,1.4301,1.4316,1.4238,1.4294,663509.09
2026-02-21 00:00:00+00:00,1.4294,1.4295,1.4197,1.4228,552361.38
2026-02-21 01:00:00+00:00,1.4228,1.4329,1.4228,1.4307,348982.87
2026-02-21 02:00:00+00:00,1.4307,1.4335,1.4284,1.4306,352849.22
2026-02-21 03:00:00+00:00,1.4306,1.4308,1.4235,1.4256,498710.88
2026-02-21 04:00:00+00:00,1.4256,1.4296,1.4245,1.4285,387528.66
2026-02-21 05:00:00+00:00,1.4285,1.4315,1.4269,1.4279,509905.58
2026-02-21 06:00:00+00:00,1.4279,1.4354,1.4279,1.4294,738708.66
2026-02-21 07:00:00+00:00,1.4294,1.4327,1.428,1.4311,231279.94
2026-02-21 08:00:00+00:00,1.4311,1.4353,1.4275,1.4339,589479.67
2026-02-21 09:00:00+00:00,1.4339,1.4461,1.4321,1.4394,1087774.8
2026-02-21 10:00:00+00:00,1.4394,1.4426,1.4369,1.4398,372181.0
2026-02-21 11:00:00+00:00,1.4398,1.4459,1.4387,1.4439,652557.22
2026-02-21 12:00:00+00:00,1.4439,1.4453,1.436,1.4401,638995.75
2026-02-21 13:00:00+00:00,1.4401,1.4481,1.4371,1.4478,437432.89
2026-02-21 14:00:00+00:00,1.4478,1.4644,1.4448,1.4554,1505197.05
2026-02-21 15:00:00+00:00,1.4554,1.4574,1.4469,1.4503,737011.56
2026-02-21 16:00:00+00:00,1.4503,1.4522,1.4386,1.4416,822997.87
2026-02-21 17:00:00+00:00,1.4416,1.4431,1.4364,1.4422,356548.19
2026-02-21 18:00:00+00:00,1.4422,1.4497,1.4417,1.4479,568050.28
2026-02-21 19:00:00+00:00,1.4479,1.4488,1.4425,1.4433,249645.28
2026-02-21 20:00:00+00:00,1.4433,1.444,1.4348,1.4376,538030.32
2026-02-21 21:00:00+00:00,1.4376,1.4419,1.4355,1.4412,205079.4
2026-02-21 22:00:00+00:00,1.4412,1.4433,1.4316,1.4327,733584.45
2026-02-21 23:00:00+00:00,1.4327,1.4357,1.4301,1.4305,296562.5
2026-02-22 00:00:00+00:00,1.4305,1.4339,1.4244,1.4275,354778.88
2026-02-22 01:00:00+00:00,1.4275,1.433,1.4274,1.4328,282481.6
2026-02-22 02:00:00+00:00,1.4328,1.433,1.4222,1.4239,367758.73
2026-02-22 03:00:00+00:00,1.4239,1.4277,1.4183,1.4237,410576.29
2026-02-22 04:00:00+00:00,1.4237,1.4258,1.4217,1.4228,170135.62
2026-02-22 05:00:00+00:00,1.4228,1.4229,1.4173,1.4209,324777.42
2026-02-22 06:00:00+00:00,1.4209,1.4247,1.4184,1.4232,419826.48
2026-02-22 07:00:00+00:00,1.4232,1.424,1.4192,1.4213,312600.01
2026-02-22 08:00:00+00:00,1.4213,1.4236,1.4169,1.4181,234099.9
2026-02-22 09:00:00+00:00,1.4181,1.4224,1.4174,1.4208,203091.9
2026-02-22 10:00:00+00:00,1.4208,1.4262,1.4193,1.4213,328857.35
2026-02-22 11:00:00+00:00,1.4213,1.4249,1.4206,1.4236,239445.46
2026-02-22 12:00:00+00:00,1.4236,1.4238,1.4071,1.4091,793271.43
2026-02-22 13:00:00+00:00,1.4091,1.4111,1.3977,1.4,1232004.91
2026-02-22 14:00:00+00:00,1.4,1.4026,1.3944,1.3971,733510.53
2026-02-22 15:00:00+00:00,1.3971,1.3973,1.3859,1.3934,1077445.6
2026-02-22 16:00:00+00:00,1.3934,1.395,1.3879,1.3927,505070.5
2026-02-22 17:00:00+00:00,1.3927,1.3928,1.3834,1.3882,737041.65
2026-02-22 18:00:00+00:00,1.3882,1.3919,1.387,1.3902,202296.23
2026-02-22 19:00:00+00:00,1.3902,1.3908,1.3853,1.3867,387006.94
2026-02-22 20:00:00+00:00,1.3867,1.387,1.38,1.3832,930190.43
2026-02-22 21:00:00+00:00,1.3832,1.3922,1.3832,1.3914,467764.58
2026-02-22 22:00:00+00:00,1.3914,1.4019,1.3895,1.4011,947177.85
2026-02-22 23:00:00+00:00,1.4011,1.4012,1.3882,1.3931,544485.81
2026-02-23 00:00:00+00:00,1.3931,1.3947,1.3638,1.3648,1570484.2
2026-02-23 01:00:00+00:00,1.3648,1.3662,1.3302,1.3325,6817126.96
2026-02-23 02:00:00+00:00,1.3325,1.3438,1.332,1.3423,1748271.42
2026-02-23 03:00:00+00:00,1.3423,1.3529,1.339,1.3412,1701269.91
2026-02-23 04:00:00+00:00,1.3412,1.3422,1.3358,1.3386,839579.67
2026-02-23 05:00:00+00:00,1.3386,1.3489,1.3386,1.3432,1438489.17
2026-02-23 06:00:00+00:00,1.3432,1.3693,1.3422,1.3682,1571026.8
2026-02-23 07:00:00+00:00,1.3682,1.3782,1.3673,1.3713,997887.06
2026-02-23 08:00:00+00:00,1.3713,1.3732,1.3621,1.366,1132903.42
2026-02-23 09:00:00+00:00,1.366,1.3963,1.3656,1.3914,2452882.22
2026-02-23 10:00:00+00:00,1.3914,1.3974,1.3872,1.3926,1467684.13
2026-02-23 11:00:00+00:00,1.3926,1.406,1.3915,1.3967,1467353.31
2026-02-23 12:00:00+00:00,1.3967,1.425,1.3954,1.4126,2541525.27
2026-02-23 13:00:00+00:00,1.4126,1.4154,1.3948,1.3959,1678083.84
2026-02-23 14:00:00+00:00,1.3959,1.399,1.3705,1.3837,3545983.27
2026-02-23 15:00:00+00:00,1.3837,1.3906,1.3674,1.3708,2110242.93
2026-02-23 16:00:00+00:00,1.3708,1.3784,1.3616,1.3664,1718753.9
2026-02-23 17:00:00+00:00,1.3664,1.37,1.3484,1.3645,1927854.52
2026-02-23 18:00:00+00:00,1.3645,1.3759,1.3611,1.3653,1164485.51
2026-02-23 19:00:00+00:00,1.3653,1.3667,1.3556,1.3572,548925.75
2026-02-23 20:00:00+00:00,1.3572,1.3597,1.3501,1.3553,613080.61
2026-02-23 21:00:00+00:00,1.3553,1.3636,1.3503,1.3618,482450.27
2026-02-23 22:00:00+00:00,1.3618,1.3673,1.3551,1.3562,1413798.69
2026-02-23 23:00:00+00:00,1.3562,1.3595,1.3505,1.3521,874703.45
2026-02-24 00:00:00+00:00,1.3521,1.3582,1.3519,1.3571,722002.92
2026-02-24 01:00:00+00:00,1.3571,1.3625,1.3273,1.3506,3748206.26
2026-02-24 02:00:00+00:00,1.3506,1.3581,1.3432,1.3481,1386629.77
2026-02-24 03:00:00+00:00,1.3481,1.3481,1.3279,1.3324,1661974.9
2026-02-24 04:00:00+00:00,1.3324,1.3353,1.3219,1.3318,1556102.59
2026-02-24 05:00:00+00:00,1.3318,1.3428,1.3254,1.3316,1474822.51
2026-02-24 06:00:00+00:00,1.3316,1.3374,1.3262,1.3296,715053.97
2026-02-24 07:00:00+00:00,1.3296,1.3314,1.3226,1.3267,639498.74
2026-02-24 08:00:00+00:00,1.3267,1.3354,1.3223,1.3324,825751.13
2026-02-24 09:00:00+00:00,1.3324,1.3346,1.3215,1.3318,881906.5
2026-02-24 10:00:00+00:00,1.3318,1.3359,1.327,1.3307,977533.05
2026-02-24 11:00:00+00:00,1.3307,1.3345,1.3281,1.3335,645132.7
2026-02-24 12:00:00+00:00,1.3335,1.3382,1.3293,1.3322,1745094.32
2026-02-24 13:00:00+00:00,1.3322,1.3357,1.3224,1.3306,1134966.03
2026-02-24 14:00:00+00:00,1.3306,1.3456,1.3126,1.3358,3198345.09
2026-02-24 15:00:00+00:00,1.3358,1.353,1.3324,1.3517,1632110.75
2026-02-24 16:00:00+00:00,1.3517,1.3642,1.3452,1.3577,2008103.38
2026-02-24 17:00:00+00:00,1.3577,1.3636,1.356,1.3595,1144032.05
2026-02-24 18:00:00+00:00,1.3595,1.3676,1.3528,1.3605,1457567.41
2026-02-24 19:00:00+00:00,1.3605,1.364,1.35,1.3554,986915.09
2026-02-24 20:00:00+00:00,1.3554,1.3636,1.3547,1.3573,1177653.29
2026-02-24 21:00:00+00:00,1.3573,1.3588,1.3495,1.352,1091295.48
2026-02-24 22:00:00+00:00,1.352,1.3579,1.3501,1.353,953944.87
2026-02-24 23:00:00+00:00,1.353,1.3544,1.3416,1.3481,639218.15
2026-02-25 00:00:00+00:00,1.3481,1.3522,1.3405,1.3469,1712934.39
2026-02-25 01:00:00+00:00,1.3469,1.3995,1.3459,1.3866,6651135.35
2026-02-25 02:00:00+00:00,1.3866,1.3948,1.3787,1.3795,2340292.01
2026-02-25 03:00:00+00:00,1.3795,1.3814,1.3664,1.3699,1362757.66
2026-02-25 04:00:00+00:00,1.3699,1.3756,1.3599,1.3688,1434314.17
2026-02-25 05:00:00+00:00,1.3688,1.3702,1.353,1.3586,1288516.6
2026-02-25 06:00:00+00:00,1.3586,1.3667,1.3573,1.3601,629878.6
2026-02-25 07:00:00+00:00,1.3601,1.3681,1.3587,1.3659,469457.61
2026-02-25 08:00:00+00:00,1.3659,1.3741,1.363,1.3726,765097.59
2026-02-25 09:00:00+00:00,1.3726,1.3829,1.372,1.3804,979547.9
2026-02-25 10:00:00+00:00,1.3804,1.3841,1.3743,1.3754,617406.64
2026-02-25 11:00:00+00:00,1.3754,1.3855,1.3726,1.3839,941434.42
2026-02-25 12:00:00+00:00,1.3839,1.4033,1.3813,1.3999,1659906.89
2026-02-25 13:00:00+00:00,1.3999,1.4244,1.3986,1.4132,2592611.59
2026-02-25 14:00:00+00:00,1.4132,1.4368,1.4132,1.4361,4251874.23
2026-02-25 15:00:00+00:00,1.4361,1.4459,1.4253,1.4411,4091557.1
2026-02-25 16:00:00+00:00,1.4411,1.4506,1.4378,1.4486,2707787.84
2026-02-25 17:00:00+00:00,1.4486,1.4741,1.446,1.4665,3446360.8
2026-02-25 18:00:00+00:00,1.4665,1.4768,1.4562,1.472,2373404.5
2026-02-25 19:00:00+00:00,1.472,1.4731,1.4538,1.4666,3450736.16
2026-02-25 20:00:00+00:00,1.4666,1.4711,1.457,1.4646,2978383.22
2026-02-25 21:00:00+00:00,1.4646,1.4936,1.4628,1.4759,4878500.14
2026-02-25 22:00:00+00:00,1.4759,1.4881,1.4444,1.4558,3382703.0
2026-02-25 23:00:00+00:00,1.4558,1.4573,1.4193,1.4338,4664948.03
2026-02-26 00:00:00+00:00,1.4338,1.4475,1.4268,1.4394,1788227.7
2026-02-26 01:00:00+00:00,1.4394,1.4437,1.4234,1.4239,1258015.76
2026-02-26 02:00:00+00:00,1.4239,1.4395,1.4186,1.438,1376107.47
2026-02-26 03:00:00+00:00,1.438,1.4458,1.4341,1.442,1207492.04
2026-02-26 04:00:00+00:00,1.442,1.4691,1.4402,1.4589,2007277.71
2026-02-26 05:00:00+00:00,1.4589,1.4597,1.4402,1.448,1630155.84
2026-02-26 06:00:00+00:00,1.448,1.4553,1.4434,1.4446,1052265.63
2026-02-26 07:00:00+00:00,1.4446,1.4455,1.4303,1.434,916966.24
2026-02-26 08:00:00+00:00,1.434,1.4452,1.4339,1.4359,1223708.68
2026-02-26 09:00:00+00:00,1.4359,1.4533,1.4347,1.452,1098647.41
2026-02-26 10:00:00+00:00,1.452,1.4569,1.4413,1.4427,1223269.64
2026-02-26 11:00:00+00:00,1.4427,1.4454,1.4346,1.4371,675300.23
2026-02-26 12:00:00+00:00,1.4371,1.4439,1.4357,1.4422,1044781.08
2026-02-26 13:00:00+00:00,1.4422,1.446,1.4363,1.4399,1004665.13
2026-02-26 14:00:00+00:00,1.4399,1.4449,1.4224,1.4357,2778742.38
2026-02-26 15:00:00+00:00,1.4357,1.4362,1.4083,1.4213,5029278.4
2026-02-26 16:00:00+00:00,1.4213,1.4235,1.3854,1.3887,4446116.34
2026-02-26 17:00:00+00:00,1.3887,1.3983,1.3843,1.3879,2471737.89
2026-02-26 18:00:00+00:00,1.3879,1.3995,1.3825,1.3937,2507169.95
2026-02-26 19:00:00+00:00,1.3937,1.4125,1.3929,1.407,3589848.27
2026-02-26 20:00:00+00:00,1.407,1.4131,1.3932,1.3939,1941964.17
2026-02-26 21:00:00+00:00,1.3939,1.3972,1.3882,1.3948,754421.81
2026-02-26 22:00:00+00:00,1.3948,1.4053,1.3937,1.4026,688670.26
2026-02-26 23:00:00+00:00,1.4026,1.4036,1.3969,1.4025,656840.17
2026-02-27 00:00:00+00:00,1.4025,1.4045,1.3933,1.4015,2046698.38
2026-02-27 01:00:00+00:00,1.4015,1.4063,1.3961,1.4054,845614.91
2026-02-27 02:00:00+00:00,1.4054,1.4131,1.4051,1.4067,1275852.22
2026-02-27 03:00:00+00:00,1.4067,1.4092,1.4,1.4077,852245.32
2026-02-27 04:00:00+00:00,1.4077,1.4215,1.4054,1.4077,1794293.16
2026-02-27 05:00:00+00:00,1.4077,1.4148,1.4069,1.4104,679337.45
2026-02-27 06:00:00+00:00,1.4104,1.4145,1.4042,1.4124,722383.2
2026-02-27 07:00:00+00:00,1.4124,1.4173,1.4061,1.417,791886.65
2026-02-27 08:00:00+00:00,1.417,1.4236,1.4148,1.4216,1048580.02
2026-02-27 09:00:00+00:00,1.4216,1.4261,1.405,1.4068,1078200.04
2026-02-27 10:00:00+00:00,1.4068,1.4074,1.387,1.3888,2446996.74
2026-02-27 11:00:00+00:00,1.3888,1.3967,1.3801,1.3826,1949825.94
2026-02-27 12:00:00+00:00,1.3826,1.3851,1.373,1.3776,1634600.96
2026-02-27 13:00:00+00:00,1.3776,1.3821,1.3632,1.3711,3447383.82
2026-02-27 14:00:00+00:00,1.3711,1.3741,1.3575,1.3593,2813248.77
2026-02-27 15:00:00+00:00,1.3593,1.3666,1.3525,1.3569,3780053.07
2026-02-27 16:00:00+00:00,1.3569,1.3588,1.3483,1.3509,3381107.36
2026-02-27 17:00:00+00:00,1.3509,1.3595,1.3384,1.3579,6113822.42
2026-02-27 18:00:00+00:00,1.3579,1.3641,1.3528,1.3567,3522999.91
2026-02-27 19:00:00+00:00,1.3567,1.3573,1.3463,1.3509,2925944.56
2026-02-27 20:00:00+00:00,1.3509,1.3563,1.3505,1.3531,1032331.53
2026-02-27 21:00:00+00:00,1.3531,1.3563,1.3477,1.3514,1554370.17
2026-02-27 22:00:00+00:00,1.3514,1.3557,1.3378,1.354,1706052.39
2026-02-27 23:00:00+00:00,1.354,1.3572,1.3513,1.3564,969996.61
2026-02-28 00:00:00+00:00,1.3564,1.3634,1.3553,1.3624,1617262.02
2026-02-28 01:00:00+00:00,1.3624,1.3655,1.3569,1.3587,686199.65
2026-02-28 02:00:00+00:00,1.3587,1.3631,1.3568,1.3614,388375.77
2026-02-28 03:00:00+00:00,1.3614,1.3616,1.3528,1.3548,493246.87
2026-02-28 04:00:00+00:00,1.3548,1.358,1.3497,1.3539,432328.61
2026-02-28 05:00:00+00:00,1.3539,1.3559,1.3468,1.3496,593635.47
2026-02-28 06:00:00+00:00,1.3496,1.3513,1.2933,1.2965,7927369.46
2026-02-28 07:00:00+00:00,1.2965,1.3226,1.2901,1.3031,4922572.59
2026-02-28 08:00:00+00:00,1.3031,1.3031,1.2835,1.2866,2889882.08
2026-02-28 09:00:00+00:00,1.2866,1.2896,1.2717,1.2781,2254795.17
2026-02-28 10:00:00+00:00,1.2781,1.2948,1.2702,1.2895,3172380.15
2026-02-28 11:00:00+00:00,1.2895,1.3071,1.2869,1.293,3367940.07
2026-02-28 12:00:00+00:00,1.293,1.2993,1.2921,1.2958,1458936.74
2026-02-28 13:00:00+00:00,1.2958,1.344,1.2947,1.3414,6426291.99
2026-02-28 14:00:00+00:00,1.3414,1.3502,1.3144,1.3184,5289514.15
2026-02-28 15:00:00+00:00,1.3184,1.333,1.3111,1.3237,3390954.85
2026-02-28 16:00:00+00:00,1.3237,1.3315,1.3171,1.3262,1459402.57
2026-02-28 17:00:00+00:00,1.3262,1.3307,1.3142,1.3286,2186537.62
2026-02-28 18:00:00+00:00,1.3286,1.3488,1.3228,1.3428,1934225.8
2026-02-28 19:00:00+00:00,1.3428,1.3592,1.3352,1.3543,2183223.02
2026-02-28 20:00:00+00:00,1.3543,1.3845,1.3505,1.3808,2820047.68
2026-02-28 21:00:00+00:00,1.3808,1.3829,1.3654,1.3773,2022427.9
2026-02-28 22:00:00+00:00,1.3773,1.3929,1.375,1.3807,1402465.01
2026-02-28 23:00:00+00:00,1.3807,1.3866,1.3739,1.3762,889295.18
2026-03-01 00:00:00+00:00,1.3762,1.3823,1.3722,1.3789,1026191.46
2026-03-01 01:00:00+00:00,1.3789,1.4143,1.3652,1.4031,3313325.19
2026-03-01 02:00:00+00:00,1.4031,1.4332,1.4029,1.4249,4536083.01
2026-03-01 03:00:00+00:00,1.4249,1.4331,1.4136,1.4185,2566819.86
2026-03-01 04:00:00+00:00,1.4185,1.4216,1.4049,1.4138,2177458.33
2026-03-01 05:00:00+00:00,1.4138,1.4195,1.4089,1.4092,879544.09
2026-03-01 06:00:00+00:00,1.4092,1.4103,1.3887,1.3947,2335990.14
2026-03-01 07:00:00+00:00,1.3947,1.4022,1.3932,1.3979,855819.05
2026-03-01 08:00:00+00:00,1.3979,1.4,1.3764,1.3803,1440049.86
2026-03-01 09:00:00+00:00,1.3803,1.3875,1.37,1.3731,1784023.58
2026-03-01 10:00:00+00:00,1.3731,1.3817,1.367,1.3767,1427108.94
2026-03-01 11:00:00+00:00,1.3767,1.3823,1.3753,1.3763,641739.19
2026-03-01 12:00:00+00:00,1.3763,1.3788,1.3674,1.3679,629446.44
2026-03-01 13:00:00+00:00,1.3679,1.3964,1.3616,1.3883,2971638.35
2026-03-01 14:00:00+00:00,1.3883,1.4033,1.3738,1.3805,2405544.29
2026-03-01 15:00:00+00:00,1.3805,1.3909,1.3767,1.3786,1407082.11
2026-03-01 16:00:00+00:00,1.3786,1.3863,1.3594,1.37,1724701.27
2026-03-01 17:00:00+00:00,1.37,1.372,1.3566,1.3662,1083599.5
2026-03-01 18:00:00+00:00,1.3662,1.3788,1.3639,1.3681,1201805.58
2026-03-01 19:00:00+00:00,1.3681,1.3682,1.3538,1.3565,914315.11
2026-03-01 20:00:00+00:00,1.3565,1.3565,1.3372,1.3416,1700951.47
2026-03-01 21:00:00+00:00,1.3416,1.3568,1.3413,1.3541,861388.14
2026-03-01 22:00:00+00:00,1.3541,1.3729,1.3413,1.3423,2494047.75
2026-03-01 23:00:00+00:00,1.3423,1.3588,1.3397,1.3525,1024544.07
2026-03-02 00:00:00+00:00,1.3525,1.3727,1.3509,1.3651,1180811.54
2026-03-02 01:00:00+00:00,1.3651,1.3814,1.3636,1.3678,1508501.43
2026-03-02 02:00:00+00:00,1.3678,1.3727,1.3539,1.3643,914282.84
2026-03-02 03:00:00+00:00,1.3643,1.3776,1.3611,1.3739,986720.52
2026-03-02 04:00:00+00:00,1.3739,1.3754,1.3648,1.3667,613236.41
2026-03-02 05:00:00+00:00,1.3667,1.37,1.357,1.3623,629760.93
2026-03-02 06:00:00+00:00,1.3623,1.3638,1.3477,1.35,1417241.58
2026-03-02 07:00:00+00:00,1.35,1.351,1.338,1.347,1180293.35
2026-03-02 08:00:00+00:00,1.347,1.3553,1.3385,1.3542,1427145.65
2026-03-02 09:00:00+00:00,1.3542,1.3627,1.3527,1.3534,1209151.82
2026-03-02 10:00:00+00:00,1.3534,1.3557,1.3483,1.3536,598945.73
2026-03-02 11:00:00+00:00,1.3536,1.3574,1.3466,1.3517,753693.39
2026-03-02 12:00:00+00:00,1.3517,1.354,1.3468,1.3478,662572.98
2026-03-02 13:00:00+00:00,1.3478,1.3505,1.3386,1.3397,929241.32
2026-03-02 14:00:00+00:00,1.3397,1.3786,1.334,1.3734,3482982.11
2026-03-02 15:00:00+00:00,1.3734,1.4153,1.3694,1.4006,6809692.37
2026-03-02 16:00:00+00:00,1.4006,1.4233,1.3976,1.4072,5959606.58
2026-03-02 17:00:00+00:00,1.4072,1.4113,1.3835,1.3955,2324904.18
2026-03-02 18:00:00+00:00,1.3955,1.4071,1.3859,1.4007,2653688.73
2026-03-02 19:00:00+00:00,1.4007,1.4052,1.3896,1.4007,2358547.81
2026-03-02 20:00:00+00:00,1.4007,1.4055,1.3881,1.3945,1916259.05
2026-03-02 21:00:00+00:00,1.3945,1.3984,1.3862,1.398,730738.38
2026-03-02 22:00:00+00:00,1.398,1.4066,1.3959,1.3998,1510783.43
2026-03-02 23:00:00+00:00,1.3998,1.4014,1.3878,1.39,1282635.35
2026-03-03 00:00:00+00:00,1.39,1.3949,1.382,1.3905,1512787.3
2026-03-03 01:00:00+00:00,1.3905,1.3952,1.3819,1.3836,662147.29
2026-03-03 02:00:00+00:00,1.3836,1.3841,1.3758,1.3786,1560955.38
2026-03-03 03:00:00+00:00,1.3786,1.3793,1.3676,1.3734,903390.27
2026-03-03 04:00:00+00:00,1.3734,1.3745,1.3647,1.3665,597966.94
2026-03-03 05:00:00+00:00,1.3665,1.3776,1.3615,1.3654,978315.34
2026-03-03 06:00:00+00:00,1.3654,1.367,1.3583,1.3614,571035.56
2026-03-03 07:00:00+00:00,1.3614,1.3676,1.3576,1.3639,1374823.95
2026-03-03 08:00:00+00:00,1.3639,1.3692,1.3475,1.3493,1515077.27
2026-03-03 09:00:00+00:00,1.3493,1.3565,1.3422,1.3484,1269358.43
2026-03-03 10:00:00+00:00,1.3484,1.3523,1.3426,1.3506,1521740.26
2026-03-03 11:00:00+00:00,1.3506,1.354,1.3471,1.3529,810823.72
2026-03-03 12:00:00+00:00,1.3529,1.3709,1.3517,1.3582,1352107.17
2026-03-03 13:00:00+00:00,1.3582,1.3588,1.3437,1.3484,1180381.97
2026-03-03 14:00:00+00:00,1.3484,1.3629,1.3366,1.3465,3313226.39
2026-03-03 15:00:00+00:00,1.3465,1.3653,1.3391,1.3644,3110173.33
2026-03-03 16:00:00+00:00,1.3644,1.3872,1.3547,1.3688,2823849.55
2026-03-03 17:00:00+00:00,1.3688,1.3711,1.3532,1.3693,992314.27
2026-03-03 18:00:00+00:00,1.3693,1.3758,1.3604,1.3671,907928.15
2026-03-03 19:00:00+00:00,1.3671,1.3684,1.3564,1.3628,774323.41
2026-03-03 20:00:00+00:00,1.3628,1.3638,1.3529,1.3539,703480.27
2026-03-03 21:00:00+00:00,1.3539,1.3576,1.3484,1.3561,677794.54
2026-03-03 22:00:00+00:00,1.3561,1.3652,1.3556,1.3628,551643.51
2026-03-03 23:00:00+00:00,1.3628,1.3694,1.3598,1.3607,1473084.99
2026-03-04 00:00:00+00:00,1.3607,1.3634,1.3532,1.3602,1080657.19
2026-03-04 01:00:00+00:00,1.3602,1.3699,1.356,1.3641,1236893.67
2026-03-04 02:00:00+00:00,1.3641,1.3676,1.3542,1.3606,2705976.51
2026-03-04 03:00:00+00:00,1.3606,1.3622,1.3453,1.3529,1837123.69
2026-03-04 04:00:00+00:00,1.3529,1.3559,1.3452,1.3514,748482.72
2026-03-04 05:00:00+00:00,1.3514,1.3617,1.3495,1.3565,1066416.41
2026-03-04 06:00:00+00:00,1.3565,1.3614,1.3502,1.3596,1432425.82
2026-03-04 07:00:00+00:00,1.3596,1.3772,1.3582,1.3749,1375026.0
2026-03-04 08:00:00+00:00,1.3749,1.4065,1.3694,1.4037,3603252.45
2026-03-04 09:00:00+00:00,1.4037,1.4258,1.3977,1.4161,7835784.37
2026-03-04 10:00:00+00:00,1.4161,1.4222,1.4021,1.4047,3167201.62
2026-03-04 11:00:00+00:00,1.4047,1.4128,1.3945,1.3991,1899419.74
2026-03-04 12:00:00+00:00,1.3991,1.4007,1.383,1.3939,1647139.96
2026-03-04 13:00:00+00:00,1.3939,1.4063,1.3936,1.4058,1458814.71
2026-03-04 14:00:00+00:00,1.4058,1.4254,1.4039,1.4132,4394329.68
2026-03-04 15:00:00+00:00,1.4132,1.4641,1.413,1.4626,7615251.79
2026-03-04 16:00:00+00:00,1.4626,1.4727,1.44,1.4501,4049413.55
2026-03-04 17:00:00+00:00,1.4501,1.4553,1.4359,1.4426,1901370.5
2026-03-04 18:00:00+00:00,1.4426,1.4566,1.4365,1.4542,1224014.36
2026-03-04 19:00:00+00:00,1.4542,1.4701,1.4522,1.4564,2222716.49
2026-03-04 20:00:00+00:00,1.4564,1.4653,1.4496,1.4595,2181879.62
2026-03-04 21:00:00+00:00,1.4595,1.4601,1.4447,1.4474,2398811.2
2026-03-04 22:00:00+00:00,1.4474,1.4535,1.4276,1.4304,1636338.1
2026-03-04 23:00:00+00:00,1.4304,1.4343,1.4166,1.4311,1826204.35
2026-03-05 00:00:00+00:00,1.4311,1.4341,1.4236,1.4269,1460372.73
2026-03-05 01:00:00+00:00,1.4269,1.4361,1.4158,1.4191,1009605.31
2026-03-05 02:00:00+00:00,1.4191,1.4287,1.4166,1.42,694264.6
2026-03-05 03:00:00+00:00,1.42,1.4245,1.4165,1.4199,1015259.14
2026-03-05 04:00:00+00:00,1.4199,1.4314,1.4187,1.4286,1053897.98
2026-03-05 05:00:00+00:00,1.4286,1.4303,1.4131,1.4146,1052880.78
2026-03-05 06:00:00+00:00,1.4146,1.425,1.4088,1.4243,1150376.14
2026-03-05 07:00:00+00:00,1.4243,1.4296,1.4091,1.4131,1210088.59
2026-03-05 08:00:00+00:00,1.4131,1.4191,1.4094,1.4185,1074296.65
2026-03-05 09:00:00+00:00,1.4185,1.4316,1.4174,1.4286,1097731.17
2026-03-05 10:00:00+00:00,1.4286,1.4525,1.4247,1.4478,1742227.73
2026-03-05 11:00:00+00:00,1.4478,1.4499,1.4345,1.4363,1366064.36
2026-03-05 12:00:00+00:00,1.4363,1.4428,1.4329,1.4409,882840.33
2026-03-05 13:00:00+00:00,1.4409,1.4415,1.4203,1.4275,1715597.41
2026-03-05 14:00:00+00:00,1.4275,1.4401,1.4197,1.437,2750035.94
2026-03-05 15:00:00+00:00,1.437,1.4403,1.4098,1.4163,2594304.94
2026-03-05 16:00:00+00:00,1.4163,1.4168,1.396,1.4113,2750206.12
2026-03-05 17:00:00+00:00,1.4113,1.4187,1.3986,1.3999,1578222.68
2026-03-05 18:00:00+00:00,1.3999,1.4115,1.3984,1.4101,760427.27
2026-03-05 19:00:00+00:00,1.4101,1.4231,1.4101,1.4114,1537538.93
2026-03-05 20:00:00+00:00,1.4114,1.4205,1.4096,1.4152,1078490.74
2026-03-05 21:00:00+00:00,1.4152,1.4195,1.4035,1.4072,738913.51
2026-03-05 22:00:00+00:00,1.4072,1.4094,1.4022,1.4063,829864.11
2026-03-05 23:00:00+00:00,1.4063,1.4086,1.4021,1.4036,840774.07
2026-03-06 00:00:00+00:00,1.4036,1.4084,1.4029,1.4046,389648.79
2026-03-06 01:00:00+00:00,1.4046,1.4145,1.398,1.412,859889.73
2026-03-06 02:00:00+00:00,1.412,1.4146,1.4088,1.4097,587664.8
2026-03-06 03:00:00+00:00,1.4097,1.4115,1.4035,1.4055,605091.97
2026-03-06 04:00:00+00:00,1.4055,1.4061,1.3914,1.3993,1003408.04
2026-03-06 05:00:00+00:00,1.3993,1.403,1.3928,1.3986,657297.38
2026-03-06 06:00:00+00:00,1.3986,1.4052,1.3968,1.4007,531172.13
2026-03-06 07:00:00+00:00,1.4007,1.4087,1.3974,1.4079,738733.34
2026-03-06 08:00:00+00:00,1.4079,1.4081,1.4015,1.4051,616149.89
2026-03-06 09:00:00+00:00,1.4051,1.4066,1.3924,1.398,753355.12
2026-03-06 10:00:00+00:00,1.398,1.4077,1.3973,1.4029,568402.8
2026-03-06 11:00:00+00:00,1.4029,1.4045,1.3935,1.3947,920126.72
2026-03-06 12:00:00+00:00,1.3947,1.3963,1.3845,1.3891,1484168.05
2026-03-06 13:00:00+00:00,1.3891,1.3973,1.3719,1.3722,3704792.93
2026-03-06 14:00:00+00:00,1.3722,1.3746,1.351,1.3555,3944447.65
2026-03-06 15:00:00+00:00,1.3555,1.3664,1.353,1.3564,2472686.58
2026-03-06 16:00:00+00:00,1.3564,1.3632,1.3539,1.3572,1726047.89
2026-03-06 17:00:00+00:00,1.3572,1.3592,1.3457,1.3494,3022038.42
2026-03-06 18:00:00+00:00,1.3494,1.3625,1.3492,1.3578,3485309.34
2026-03-06 19:00:00+00:00,1.3578,1.3659,1.3578,1.3631,3759288.27
2026-03-06 20:00:00+00:00,1.3631,1.3642,1.3542,1.3571,1563609.74
2026-03-06 21:00:00+00:00,1.3571,1.365,1.356,1.3637,828125.26
2026-03-06 22:00:00+00:00,1.3637,1.3718,1.363,1.3692,521238.57
2026-03-06 23:00:00+00:00,1.3692,1.3692,1.363,1.3634,266323.66
2026-03-07 00:00:00+00:00,1.3634,1.3706,1.363,1.3682,433683.44
2026-03-07 01:00:00+00:00,1.3682,1.3696,1.3647,1.3677,311130.54
2026-03-07 02:00:00+00:00,1.3677,1.3687,1.3625,1.3676,272395.53
2026-03-07 03:00:00+00:00,1.3676,1.3749,1.3654,1.3662,386738.51
2026-03-07 04:00:00+00:00,1.3662,1.3662,1.3608,1.3631,509375.58
2026-03-07 05:00:00+00:00,1.3631,1.3679,1.3622,1.3671,501951.19
2026-03-07 06:00:00+00:00,1.3671,1.3685,1.3608,1.3634,378332.56
2026-03-07 07:00:00+00:00,1.3634,1.3679,1.3612,1.3671,685557.9
2026-03-07 08:00:00+00:00,1.3671,1.3692,1.3646,1.3652,431396.58
2026-03-07 09:00:00+00:00,1.3652,1.3681,1.363,1.3653,388862.68
2026-03-07 10:00:00+00:00,1.3653,1.3684,1.365,1.3659,289212.7
2026-03-07 11:00:00+00:00,1.3659,1.3736,1.3653,1.3698,859305.37
2026-03-07 12:00:00+00:00,1.3698,1.3699,1.3622,1.364,467457.79
2026-03-07 13:00:00+00:00,1.364,1.3676,1.3617,1.3628,597058.43
2026-03-07 14:00:00+00:00,1.3628,1.367,1.3564,1.3637,1178703.81
2026-03-07 15:00:00+00:00,1.3637,1.3637,1.3541,1.3572,908439.48
2026-03-07 16:00:00+00:00,1.3572,1.3611,1.3558,1.361,584739.24
2026-03-07 17:00:00+00:00,1.361,1.3649,1.3604,1.3605,377958.04
2026-03-07 18:00:00+00:00,1.3605,1.3607,1.3515,1.3569,1002479.15
2026-03-07 19:00:00+00:00,1.3569,1.3569,1.3468,1.3502,1608871.44
2026-03-07 20:00:00+00:00,1.3502,1.3563,1.3502,1.3553,370575.28
2026-03-07 21:00:00+00:00,1.3553,1.3592,1.3546,1.3566,562243.5
2026-03-07 22:00:00+00:00,1.3566,1.3569,1.3504,1.3536,579425.13
2026-03-07 23:00:00+00:00,1.3536,1.3574,1.3528,1.3567,247010.36
2026-03-08 00:00:00+00:00,1.3567,1.3607,1.3541,1.355,498312.7
2026-03-08 01:00:00+00:00,1.355,1.3579,1.351,1.3571,660533.12
2026-03-08 02:00:00+00:00,1.3571,1.3574,1.3448,1.3475,978544.58
2026-03-08 03:00:00+00:00,1.3475,1.3514,1.3445,1.3485,1025357.58
2026-03-08 04:00:00+00:00,1.3485,1.3498,1.3414,1.3438,626442.89
2026-03-08 05:00:00+00:00,1.3438,1.3569,1.3438,1.3537,655975.07
2026-03-08 06:00:00+00:00,1.3537,1.3561,1.3498,1.3522,355282.83
2026-03-08 07:00:00+00:00,1.3522,1.3628,1.3517,1.3602,664275.73
2026-03-08 08:00:00+00:00,1.3602,1.362,1.3546,1.3591,517374.75
2026-03-08 09:00:00+00:00,1.3591,1.3665,1.356,1.3614,573079.17
2026-03-08 10:00:00+00:00,1.3614,1.3713,1.3612,1.368,637080.91
2026-03-08 11:00:00+00:00,1.368,1.368,1.3562,1.3576,444357.5
2026-03-08 12:00:00+00:00,1.3576,1.3592,1.3448,1.3517,1018657.36
2026-03-08 13:00:00+00:00,1.3517,1.3536,1.3411,1.3501,1838008.46
2026-03-08 14:00:00+00:00,1.3501,1.3531,1.3455,1.3497,801695.44
2026-03-08 15:00:00+00:00,1.3497,1.3498,1.3429,1.3457,1201975.28
2026-03-08 16:00:00+00:00,1.3457,1.3457,1.3378,1.3395,1228051.56
2026-03-08 17:00:00+00:00,1.3395,1.3461,1.3391,1.3439,454976.99
2026-03-08 18:00:00+00:00,1.3439,1.3483,1.3399,1.3454,1124199.86
2026-03-08 19:00:00+00:00,1.3454,1.3597,1.3431,1.3561,908848.27
2026-03-08 20:00:00+00:00,1.3561,1.3626,1.3521,1.3534,428204.95
2026-03-08 21:00:00+00:00,1.3534,1.3544,1.3442,1.3478,584646.65
2026-03-08 22:00:00+00:00,1.3478,1.3492,1.3218,1.3455,3611067.23
2026-03-08 23:00:00+00:00,1.3455,1.3501,1.3389,1.3403,997928.96
2026-03-09 00:00:00+00:00,1.3403,1.3604,1.3389,1.3493,1833107.61
2026-03-09 01:00:00+00:00,1.3493,1.3537,1.3414,1.3422,1003090.66
2026-03-09 02:00:00+00:00,1.3422,1.35,1.3377,1.346,850006.13
2026-03-09 03:00:00+00:00,1.346,1.3653,1.3452,1.3507,1935390.28
2026-03-09 04:00:00+00:00,1.3507,1.3558,1.344,1.344,268454.43
2026-03-09 05:00:00+00:00,1.344,1.3587,1.3422,1.3549,1216126.22
2026-03-09 06:00:00+00:00,1.3549,1.3587,1.3446,1.345,741914.47
2026-03-09 07:00:00+00:00,1.345,1.3454,1.333,1.3408,2523705.7
2026-03-09 08:00:00+00:00,1.3408,1.3484,1.3396,1.3463,997055.86
2026-03-09 09:00:00+00:00,1.3463,1.3633,1.3415,1.3551,1345623.55
2026-03-09 10:00:00+00:00,1.3551,1.3565,1.3457,1.3475,450667.52
2026-03-09 11:00:00+00:00,1.3475,1.3515,1.3417,1.3502,514655.11
2026-03-09 12:00:00+00:00,1.3502,1.358,1.3498,1.3548,760304.09
2026-03-09 13:00:00+00:00,1.3548,1.3728,1.3542,1.3681,2202062.11
2026-03-09 14:00:00+00:00,1.3681,1.3731,1.3591,1.3649,2649400.97
2026-03-09 15:00:00+00:00,1.3649,1.3676,1.3562,1.3604,1017576.57
2026-03-09 16:00:00+00:00,1.3604,1.3704,1.3587,1.3647,492823.82
2026-03-09 17:00:00+00:00,1.3647,1.3704,1.3595,1.3625,1226455.17
2026-03-09 18:00:00+00:00,1.3625,1.3685,1.3561,1.3616,716454.69
2026-03-09 19:00:00+00:00,1.3616,1.3839,1.3564,1.3733,4183992.33
2026-03-09 20:00:00+00:00,1.3733,1.38,1.3673,1.3733,1015679.51
2026-03-09 21:00:00+00:00,1.3733,1.3772,1.3699,1.3739,860281.13
2026-03-09 22:00:00+00:00,1.3739,1.3757,1.3627,1.3645,990844.59
2026-03-09 23:00:00+00:00,1.3645,1.3677,1.3606,1.3632,461521.74
2026-03-10 00:00:00+00:00,1.3632,1.3739,1.3609,1.37,893909.57
2026-03-10 01:00:00+00:00,1.37,1.3752,1.3663,1.3722,895849.85
2026-03-10 02:00:00+00:00,1.3722,1.3926,1.3701,1.3876,3109203.73
2026-03-10 03:00:00+00:00,1.3876,1.391,1.375,1.3752,2032871.34
2026-03-10 04:00:00+00:00,1.3752,1.3835,1.3732,1.3821,813318.42
2026-03-10 05:00:00+00:00,1.3821,1.3898,1.3811,1.3843,1249469.97
2026-03-10 06:00:00+00:00,1.3843,1.3844,1.378,1.3804,906873.44
2026-03-10 07:00:00+00:00,1.3804,1.3886,1.3764,1.3874,988777.21
2026-03-10 08:00:00+00:00,1.3874,1.4116,1.3874,1.4017,3745104.32
2026-03-10 09:00:00+00:00,1.4017,1.4193,1.4016,1.4165,2995523.92
2026-03-10 10:00:00+00:00,1.4165,1.4176,1.4044,1.4058,3058733.19
2026-03-10 11:00:00+00:00,1.4058,1.4058,1.389,1.391,2069763.99
2026-03-10 12:00:00+00:00,1.391,1.3919,1.3827,1.389,1519671.6
2026-03-10 13:00:00+00:00,1.389,1.4016,1.3814,1.3933,2294410.28
2026-03-10 14:00:00+00:00,1.3933,1.438,1.3817,1.4343,5362081.87
2026-03-10 15:00:00+00:00,1.4343,1.4427,1.4196,1.431,5179468.2
2026-03-10 16:00:00+00:00,1.431,1.4375,1.4233,1.4273,3219904.98
2026-03-10 17:00:00+00:00,1.4273,1.4305,1.409,1.4127,2207413.04
2026-03-10 18:00:00+00:00,1.4127,1.4133,1.3907,1.3936,3290470.4
2026-03-10 19:00:00+00:00,1.3936,1.3952,1.3798,1.3848,1870060.82
2026-03-10 20:00:00+00:00,1.3848,1.3948,1.3846,1.3898,993155.53
2026-03-10 21:00:00+00:00,1.3898,1.3948,1.3786,1.3837,857441.79
2026-03-10 22:00:00+00:00,1.3837,1.3889,1.3796,1.3841,591661.23
2026-03-10 23:00:00+00:00,1.3841,1.3881,1.3841,1.3866,432941.78
2026-03-11 00:00:00+00:00,1.3866,1.3923,1.3824,1.3883,1279947.33
2026-03-11 01:00:00+00:00,1.3883,1.3906,1.3843,1.3902,550421.39
2026-03-11 02:00:00+00:00,1.3902,1.3905,1.3784,1.3823,2333414.47
2026-03-11 03:00:00+00:00,1.3823,1.3852,1.3778,1.3789,767295.87
2026-03-11 04:00:00+00:00,1.3789,1.3895,1.3766,1.3876,789355.6
2026-03-11 05:00:00+00:00,1.3876,1.3909,1.3748,1.3765,1122420.27
2026-03-11 06:00:00+00:00,1.3765,1.3844,1.3761,1.3825,546240.61
2026-03-11 07:00:00+00:00,1.3825,1.3833,1.3738,1.3784,532681.72
2026-03-11 08:00:00+00:00,1.3784,1.3794,1.3725,1.376,683454.44
2026-03-11 09:00:00+00:00,1.376,1.381,1.373,1.3741,471360.14
2026-03-11 10:00:00+00:00,1.3741,1.3813,1.3727,1.3784,882087.91
2026-03-11 11:00:00+00:00,1.3784,1.3806,1.3721,1.3733,1332248.89
2026-03-11 12:00:00+00:00,1.3733,1.3873,1.3704,1.385,2001365.51
2026-03-11 13:00:00+00:00,1.385,1.411,1.383,1.3923,2635101.47
2026-03-11 14:00:00+00:00,1.3923,1.4035,1.3852,1.3918,2229889.92
2026-03-11 15:00:00+00:00,1.3918,1.3938,1.3729,1.3823,1866402.52
2026-03-11 16:00:00+00:00,1.3823,1.3903,1.3802,1.3871,1317673.12
2026-03-11 17:00:00+00:00,1.3871,1.4015,1.387,1.3975,1483895.91
2026-03-11 18:00:00+00:00,1.3975,1.4071,1.3959,1.4042,1367606.88
2026-03-11 19:00:00+00:00,1.4042,1.4046,1.3881,1.3898,1147275.72
2026-03-11 20:00:00+00:00,1.3898,1.3939,1.3869,1.3916,851222.0
2026-03-11 21:00:00+00:00,1.3916,1.3937,1.3887,1.3924,540764.5
2026-03-11 22:00:00+00:00,1.3924,1.3985,1.387,1.3905,846303.69
2026-03-11 23:00:00+00:00,1.3905,1.3923,1.3822,1.3846,441119.71
2026-03-12 00:00:00+00:00,1.3846,1.386,1.381,1.384,1182351.18
2026-03-12 01:00:00+00:00,1.384,1.384,1.3769,1.3787,831000.91
2026-03-12 02:00:00+00:00,1.3787,1.3811,1.3707,1.3723,1056228.36
2026-03-12 03:00:00+00:00,1.3723,1.3762,1.3697,1.3736,616301.97
2026-03-12 04:00:00+00:00,1.3736,1.3781,1.3694,1.3704,1142502.19
2026-03-12 05:00:00+00:00,1.3704,1.3727,1.3662,1.371,1311501.61
2026-03-12 06:00:00+00:00,1.371,1.3735,1.3673,1.3726,1044093.65
2026-03-12 07:00:00+00:00,1.3726,1.3782,1.3699,1.3767,1082167.5
2026-03-12 08:00:00+00:00,1.3767,1.3825,1.3741,1.3802,629525.06
2026-03-12 09:00:00+00:00,1.3802,1.3886,1.3756,1.3821,680123.82
2026-03-12 10:00:00+00:00,1.3821,1.3911,1.3784,1.39,1138886.19
2026-03-12 11:00:00+00:00,1.39,1.3933,1.3869,1.3878,1390172.98
2026-03-12 12:00:00+00:00,1.3878,1.3924,1.3856,1.3879,1320908.46
2026-03-12 13:00:00+00:00,1.3879,1.3922,1.3772,1.3822,1681404.65
2026-03-12 14:00:00+00:00,1.3822,1.3918,1.365,1.3692,3048978.98
2026-03-12 15:00:00+00:00,1.3692,1.3841,1.366,1.3793,1787598.92
2026-03-12 16:00:00+00:00,1.3793,1.3858,1.371,1.3819,1207277.27
2026-03-12 17:00:00+00:00,1.3819,1.3847,1.3773,1.38,512679.64
2026-03-12 18:00:00+00:00,1.38,1.381,1.3716,1.3719,537652.95
2026-03-12 19:00:00+00:00,1.3719,1.3823,1.3698,1.3788,1071185.28
2026-03-12 20:00:00+00:00,1.3788,1.3803,1.3714,1.3719,1081728.61
2026-03-12 21:00:00+00:00,1.3719,1.3758,1.3716,1.3742,1510018.4
2026-03-12 22:00:00+00:00,1.3742,1.3795,1.3723,1.3791,775641.75
2026-03-12 23:00:00+00:00,1.3791,1.3896,1.379,1.385,1552045.14
2026-03-13 00:00:00+00:00,1.385,1.4242,1.3833,1.4065,6920544.33
2026-03-13 01:00:00+00:00,1.4065,1.4165,1.4043,1.4136,3112910.61
2026-03-13 02:00:00+00:00,1.4136,1.4146,1.4001,1.4015,1711176.98
2026-03-13 03:00:00+00:00,1.4015,1.4146,1.4002,1.4122,1247456.99
2026-03-13 04:00:00+00:00,1.4122,1.414,1.4074,1.4114,1140282.37
2026-03-13 05:00:00+00:00,1.4114,1.427,1.4075,1.4234,2928165.96
2026-03-13 06:00:00+00:00,1.4234,1.4263,1.4122,1.4134,3155857.87
2026-03-13 07:00:00+00:00,1.4134,1.4206,1.4116,1.4153,1798557.8
2026-03-13 08:00:00+00:00,1.4153,1.4339,1.4128,1.4264,2992847.92
2026-03-13 09:00:00+00:00,1.4264,1.437,1.4262,1.4285,2414952.08
2026-03-13 10:00:00+00:00,1.4285,1.4387,1.4285,1.4338,1913134.79
2026-03-13 11:00:00+00:00,1.4338,1.4344,1.4194,1.4203,3073640.19
2026-03-13 12:00:00+00:00,1.4203,1.44,1.4199,1.4336,2500898.7
2026-03-13 13:00:00+00:00,1.4336,1.4491,1.4307,1.4437,4809716.0
2026-03-13 14:00:00+00:00,1.4437,1.4529,1.4213,1.4225,5707042.22
2026-03-13 15:00:00+00:00,1.4225,1.4289,1.4069,1.4089,3666942.18
2026-03-13 16:00:00+00:00,1.4089,1.4149,1.4003,1.4098,2482764.83
2026-03-13 17:00:00+00:00,1.4098,1.4126,1.392,1.3942,2156932.66
2026-03-13 18:00:00+00:00,1.3942,1.4014,1.39,1.3973,1055161.58
2026-03-13 19:00:00+00:00,1.3973,1.4025,1.3961,1.4013,1044711.08
2026-03-13 20:00:00+00:00,1.4013,1.4047,1.3981,1.4024,672099.32
2026-03-13 21:00:00+00:00,1.4024,1.406,1.3971,1.4006,1114312.22
2026-03-13 22:00:00+00:00,1.4006,1.4015,1.3903,1.3948,1274591.49
2026-03-13 23:00:00+00:00,1.3948,1.4002,1.3934,1.3989,964083.14
2026-03-14 00:00:00+00:00,1.3989,1.3997,1.3923,1.3943,572519.26
2026-03-14 01:00:00+00:00,1.3943,1.4012,1.3925,1.4001,751375.92
2026-03-14 02:00:00+00:00,1.4001,1.4024,1.3975,1.3983,721001.03
2026-03-14 03:00:00+00:00,1.3983,1.4034,1.397,1.4008,597850.93
2026-03-14 04:00:00+00:00,1.4008,1.4042,1.3962,1.3979,872687.07
2026-03-14 05:00:00+00:00,1.3979,1.3992,1.3939,1.3952,536826.64
2026-03-14 06:00:00+00:00,1.3952,1.3952,1.3844,1.3925,1479294.53
2026-03-14 07:00:00+00:00,1.3925,1.3977,1.3919,1.394,540760.61
2026-03-14 08:00:00+00:00,1.394,1.3969,1.3914,1.3934,833879.16
2026-03-14 09:00:00+00:00,1.3934,1.3971,1.3889,1.3899,618012.74
2026-03-14 10:00:00+00:00,1.3899,1.3907,1.3875,1.3894,650950.7
2026-03-14 11:00:00+00:00,1.3894,1.3929,1.389,1.3924,525948.59
2026-03-14 12:00:00+00:00,1.3924,1.3939,1.388,1.3895,1341820.4
2026-03-14 13:00:00+00:00,1.3895,1.3944,1.3882,1.3918,370457.37
2026-03-14 14:00:00+00:00,1.3918,1.3932,1.3875,1.389,546652.51
2026-03-14 15:00:00+00:00,1.389,1.3916,1.3882,1.3903,378245.79
2026-03-14 16:00:00+00:00,1.3903,1.393,1.3872,1.393,244651.79
2026-03-14 17:00:00+00:00,1.393,1.3935,1.3886,1.3897,518515.34
2026-03-14 18:00:00+00:00,1.3897,1.3928,1.3883,1.3913,287842.94
2026-03-14 19:00:00+00:00,1.3913,1.3914,1.3896,1.3902,134089.52
2026-03-14 20:00:00+00:00,1.3902,1.3939,1.3888,1.3934,362530.85
2026-03-14 21:00:00+00:00,1.3934,1.3968,1.3911,1.3954,556714.67
2026-03-14 22:00:00+00:00,1.3954,1.3979,1.3942,1.3967,432634.11
2026-03-14 23:00:00+00:00,1.3967,1.4085,1.3967,1.4062,850181.34
2026-03-15 00:00:00+00:00,1.4062,1.4093,1.4023,1.4053,588912.41
2026-03-15 01:00:00+00:00,1.4053,1.4079,1.4023,1.4051,276163.09
2026-03-15 02:00:00+00:00,1.4051,1.4196,1.405,1.4159,1642834.6
2026-03-15 03:00:00+00:00,1.4159,1.4202,1.4117,1.412,723207.54
2026-03-15 04:00:00+00:00,1.412,1.4183,1.412,1.417,698353.19
2026-03-15 05:00:00+00:00,1.417,1.4212,1.4141,1.4141,602164.05
2026-03-15 06:00:00+00:00,1.4141,1.4159,1.4056,1.4103,544620.84
2026-03-15 07:00:00+00:00,1.4103,1.412,1.4064,1.4077,281685.84
2026-03-15 08:00:00+00:00,1.4077,1.4134,1.4077,1.4131,305983.92
2026-03-15 09:00:00+00:00,1.4131,1.4186,1.4131,1.4148,425660.65
2026-03-15 10:00:00+00:00,1.4148,1.4178,1.4142,1.4163,206214.94
2026-03-15 11:00:00+00:00,1.4163,1.4206,1.4139,1.4197,750336.32
2026-03-15 12:00:00+00:00,1.4197,1.425,1.415,1.4237,1331795.49
2026-03-15 13:00:00+00:00,1.4237,1.43,1.4159,1.423,2628231.97
2026-03-15 14:00:00+00:00,1.423,1.4248,1.4129,1.4177,841513.45
2026-03-15 15:00:00+00:00,1.4177,1.4225,1.415,1.4157,388593.04
2026-03-15 16:00:00+00:00,1.4157,1.4182,1.4092,1.4127,519614.76
2026-03-15 17:00:00+00:00,1.4127,1.4239,1.412,1.4191,609398.95
2026-03-15 18:00:00+00:00,1.4191,1.4208,1.4091,1.4107,492012.42
2026-03-15 19:00:00+00:00,1.4107,1.4152,1.4098,1.4127,315453.51
2026-03-15 20:00:00+00:00,1.4127,1.4231,1.4106,1.4176,541702.08
2026-03-15 21:00:00+00:00,1.4176,1.4314,1.4149,1.4273,1192995.56
2026-03-15 22:00:00+00:00,1.4273,1.4645,1.4228,1.4542,6447999.61
2026-03-15 23:00:00+00:00,1.4542,1.4577,1.4393,1.4488,3122947.08
2026-03-16 00:00:00+00:00,1.4488,1.4579,1.4441,1.4467,2363269.24
2026-03-16 01:00:00+00:00,1.4467,1.4501,1.4381,1.447,1103317.04
2026-03-16 02:00:00+00:00,1.447,1.4492,1.436,1.4431,880712.86
2026-03-16 03:00:00+00:00,1.4431,1.4801,1.4402,1.4677,5878814.47
2026-03-16 04:00:00+00:00,1.4677,1.4864,1.4676,1.4801,3623771.93
2026-03-16 05:00:00+00:00,1.4801,1.4848,1.4743,1.4815,2190737.44
2026-03-16 06:00:00+00:00,1.4815,1.4816,1.4735,1.4768,1705901.94
2026-03-16 07:00:00+00:00,1.4768,1.4885,1.476,1.483,3552974.74
2026-03-16 08:00:00+00:00,1.483,1.4899,1.4646,1.4684,3081057.11
2026-03-16 09:00:00+00:00,1.4684,1.476,1.4664,1.4741,1676262.01
2026-03-16 10:00:00+00:00,1.4741,1.4763,1.4669,1.475,1146355.85
2026-03-16 11:00:00+00:00,1.475,1.4756,1.4668,1.4698,818843.37
2026-03-16 12:00:00+00:00,1.4698,1.4807,1.4696,1.4762,2197221.74
2026-03-16 13:00:00+00:00,1.4762,1.4925,1.4747,1.4824,2298876.25
2026-03-16 14:00:00+00:00,1.4824,1.5094,1.4716,1.5093,4333781.42
2026-03-16 15:00:00+00:00,1.5093,1.5169,1.4924,1.493,5029483.6
2026-03-16 16:00:00+00:00,1.493,1.5113,1.4918,1.5086,1890970.34
2026-03-16 17:00:00+00:00,1.5086,1.5194,1.5054,1.5185,2359398.16
2026-03-16 18:00:00+00:00,1.5185,1.5443,1.5164,1.5354,4436962.68
2026-03-16 19:00:00+00:00,1.5354,1.5426,1.521,1.53,2057129.69
2026-03-16 20:00:00+00:00,1.53,1.531,1.5236,1.5281,1011496.97
2026-03-16 21:00:00+00:00,1.5281,1.5406,1.5263,1.5281,1908422.23
2026-03-16 22:00:00+00:00,1.5281,1.5522,1.5281,1.5515,1716995.62
2026-03-16 23:00:00+00:00,1.5515,1.5518,1.5373,1.5428,1601118.87
2026-03-17 00:00:00+00:00,1.5428,1.5545,1.5344,1.5453,4113283.48
2026-03-17 01:00:00+00:00,1.5453,1.5779,1.5442,1.5707,7188431.88
2026-03-17 02:00:00+00:00,1.5707,1.6069,1.5606,1.5939,7087322.35
2026-03-17 03:00:00+00:00,1.5939,1.5953,1.5343,1.5443,5721062.95
2026-03-17 04:00:00+00:00,1.5443,1.5526,1.5237,1.5301,5285740.78
2026-03-17 05:00:00+00:00,1.5301,1.532,1.5106,1.5154,2155567.25
2026-03-17 06:00:00+00:00,1.5154,1.5231,1.5049,1.517,2261083.72
2026-03-17 07:00:00+00:00,1.517,1.5432,1.5166,1.5301,2680294.46
2026-03-17 08:00:00+00:00,1.5301,1.5331,1.5196,1.5209,1554618.84
2026-03-17 09:00:00+00:00,1.5209,1.5246,1.5088,1.5125,2546615.51
2026-03-17 10:00:00+00:00,1.5125,1.5126,1.5022,1.509,1662753.02
2026-03-17 11:00:00+00:00,1.509,1.5185,1.5074,1.5096,2484265.61
2026-03-17 12:00:00+00:00,1.5096,1.5148,1.5016,1.5049,2496385.35
2026-03-17 13:00:00+00:00,1.5049,1.5177,1.4954,1.5035,6766352.04
2026-03-17 14:00:00+00:00,1.5035,1.5135,1.4939,1.5124,2624947.94
2026-03-17 15:00:00+00:00,1.5124,1.5219,1.5029,1.5136,1970948.22
2026-03-17 16:00:00+00:00,1.5136,1.5422,1.5001,1.5186,8852176.94
2026-03-17 17:00:00+00:00,1.5186,1.5316,1.5172,1.5308,1695162.42
2026-03-17 18:00:00+00:00,1.5308,1.5382,1.5253,1.5363,1171636.24
2026-03-17 19:00:00+00:00,1.5363,1.5408,1.5301,1.5333,1098137.6
2026-03-17 20:00:00+00:00,1.5333,1.5357,1.5283,1.5329,518887.53
2026-03-17 21:00:00+00:00,1.5329,1.5358,1.527,1.5298,781419.58
2026-03-17 22:00:00+00:00,1.5298,1.5365,1.5205,1.5277,850988.13
2026-03-17 23:00:00+00:00,1.5277,1.5307,1.5175,1.5181,1025639.66
2026-03-18 00:00:00+00:00,1.5181,1.5213,1.509,1.5154,1647906.94
2026-03-18 01:00:00+00:00,1.5154,1.5232,1.514,1.5154,1632005.36
2026-03-18 02:00:00+00:00,1.5154,1.5311,1.5148,1.5264,1082870.18
2026-03-18 03:00:00+00:00,1.5264,1.5397,1.5257,1.5389,1137785.06
2026-03-18 04:00:00+00:00,1.5389,1.5412,1.5237,1.5267,1670335.27
2026-03-18 05:00:00+00:00,1.5267,1.5373,1.5217,1.5234,1071691.22
2026-03-18 06:00:00+00:00,1.5234,1.5307,1.5234,1.5247,488802.61
2026-03-18 07:00:00+00:00,1.5247,1.5247,1.5149,1.5199,783324.86
2026-03-18 08:00:00+00:00,1.5199,1.5253,1.5193,1.5224,611016.07
2026-03-18 09:00:00+00:00,1.5224,1.5275,1.5211,1.5237,435147.96
2026-03-18 10:00:00+00:00,1.5237,1.5247,1.5093,1.5112,1508802.18
2026-03-18 11:00:00+00:00,1.5112,1.5121,1.4839,1.4898,4203336.0
2026-03-18 12:00:00+00:00,1.4898,1.4908,1.4575,1.4641,3947824.54
2026-03-18 13:00:00+00:00,1.4641,1.474,1.455,1.4664,2511005.52
2026-03-18 14:00:00+00:00,1.4664,1.4683,1.4442,1.4458,2502049.11
2026-03-18 15:00:00+00:00,1.4458,1.4525,1.4385,1.4407,3229191.79
2026-03-18 16:00:00+00:00,1.4407,1.4473,1.436,1.4424,2197001.41
2026-03-18 17:00:00+00:00,1.4424,1.4591,1.44,1.4563,2393644.4
2026-03-18 18:00:00+00:00,1.4563,1.4668,1.4481,1.4525,3059438.51
2026-03-18 19:00:00+00:00,1.4525,1.4606,1.4485,1.4493,1317508.24
2026-03-18 20:00:00+00:00,1.4493,1.4621,1.4423,1.459,1209396.86
2026-03-18 21:00:00+00:00,1.459,1.4719,1.4584,1.4681,1242011.84
2026-03-18 22:00:00+00:00,1.4681,1.4681,1.4594,1.4627,976726.86
2026-03-18 23:00:00+00:00,1.4627,1.4661,1.458,1.4647,360830.24
2026-03-19 00:00:00+00:00,1.4647,1.465,1.4593,1.4609,526280.1
2026-03-19 01:00:00+00:00,1.4609,1.4672,1.4567,1.4617,538263.39
2026-03-19 02:00:00+00:00,1.4617,1.4642,1.4555,1.4575,346364.29
2026-03-19 03:00:00+00:00,1.4575,1.4785,1.4575,1.4743,1092727.25
2026-03-19 04:00:00+00:00,1.4743,1.4743,1.4637,1.4664,1196445.56
2026-03-19 05:00:00+00:00,1.4664,1.4676,1.4594,1.4671,665876.67
2026-03-19 06:00:00+00:00,1.4671,1.4825,1.4638,1.4688,2623578.1
2026-03-19 07:00:00+00:00,1.4688,1.4702,1.4505,1.4611,4202102.06
2026-03-19 08:00:00+00:00,1.4611,1.464,1.4519,1.4554,937935.19
2026-03-19 09:00:00+00:00,1.4554,1.4708,1.4554,1.4691,808973.1
2026-03-19 10:00:00+00:00,1.4691,1.4702,1.4622,1.4628,652040.96
2026-03-19 11:00:00+00:00,1.4628,1.4654,1.4562,1.4583,1416443.63
2026-03-19 12:00:00+00:00,1.4583,1.4583,1.4355,1.4371,2285739.7
2026-03-19 13:00:00+00:00,1.4371,1.454,1.4325,1.4519,2714316.21
2026-03-19 14:00:00+00:00,1.4519,1.4568,1.4389,1.4443,1120316.57
2026-03-19 15:00:00+00:00,1.4443,1.4499,1.4246,1.4317,2742013.45
2026-03-19 16:00:00+00:00,1.4317,1.4374,1.4242,1.4273,1515081.63
2026-03-19 17:00:00+00:00,1.4273,1.4394,1.4221,1.4388,787129.14
2026-03-19 18:00:00+00:00,1.4388,1.439,1.4308,1.4371,521966.38
2026-03-19 19:00:00+00:00,1.4371,1.4531,1.4363,1.4449,1878314.65
2026-03-19 20:00:00+00:00,1.4449,1.4542,1.4431,1.4499,530508.16
2026-03-19 21:00:00+00:00,1.4499,1.4561,1.4495,1.4548,685656.67
2026-03-19 22:00:00+00:00,1.4548,1.4557,1.4443,1.4494,586007.31
2026-03-19 23:00:00+00:00,1.4494,1.4538,1.4429,1.4476,493625.95
2026-03-20 00:00:00+00:00,1.4476,1.4533,1.4454,1.4501,414623.56
2026-03-20 01:00:00+00:00,1.4501,1.4607,1.4501,1.4566,820639.48
2026-03-20 02:00:00+00:00,1.4566,1.4573,1.4466,1.4524,492170.97
2026-03-20 03:00:00+00:00,1.4524,1.457,1.4502,1.4531,489668.83
2026-03-20 04:00:00+00:00,1.4531,1.4571,1.4475,1.4539,508613.01
2026-03-20 05:00:00+00:00,1.4539,1.4584,1.4501,1.4551,458470.19
2026-03-20 06:00:00+00:00,1.4551,1.4628,1.45,1.4501,1568929.27
2026-03-20 07:00:00+00:00,1.4501,1.4566,1.4434,1.4545,853168.05
2026-03-20 08:00:00+00:00,1.4545,1.4664,1.4538,1.4599,1112810.58
2026-03-20 09:00:00+00:00,1.4599,1.4599,1.4452,1.4481,1214585.16
2026-03-20 10:00:00+00:00,1.4481,1.4537,1.4441,1.4506,1328513.15
2026-03-20 11:00:00+00:00,1.4506,1.4548,1.4433,1.4491,1212294.73
2026-03-20 12:00:00+00:00,1.4491,1.4524,1.4417,1.4422,1577329.1
2026-03-20 13:00:00+00:00,1.4422,1.4489,1.4366,1.438,2071504.46
2026-03-20 14:00:00+00:00,1.438,1.4447,1.4335,1.4364,1723082.03
2026-03-20 15:00:00+00:00,1.4364,1.4419,1.4286,1.4376,1556538.79
2026-03-20 16:00:00+00:00,1.4376,1.443,1.4328,1.4375,1328439.16
2026-03-20 17:00:00+00:00,1.4375,1.4407,1.429,1.4392,760849.4
2026-03-20 18:00:00+00:00,1.4392,1.4397,1.4288,1.4311,460891.21
2026-03-20 19:00:00+00:00,1.4311,1.4374,1.425,1.4358,613945.91
2026-03-20 20:00:00+00:00,1.4358,1.4375,1.4292,1.4364,400061.25
2026-03-20 21:00:00+00:00,1.4364,1.4489,1.4339,1.4434,752659.68
2026-03-20 22:00:00+00:00,1.4434,1.4524,1.4434,1.448,558324.1
2026-03-20 23:00:00+00:00,1.448,1.4481,1.4401,1.445,195699.65
2026-03-21 00:00:00+00:00,1.445,1.4493,1.4429,1.4479,303511.26
2026-03-21 01:00:00+00:00,1.4479,1.4501,1.4426,1.4436,414565.11
2026-03-21 02:00:00+00:00,1.4436,1.4485,1.4426,1.4469,319122.81
2026-03-21 03:00:00+00:00,1.4469,1.4477,1.4449,1.446,326941.87
2026-03-21 04:00:00+00:00,1.446,1.4481,1.4444,1.4445,271355.84
2026-03-21 05:00:00+00:00,1.4445,1.451,1.4445,1.451,524705.2
2026-03-21 06:00:00+00:00,1.451,1.4532,1.4469,1.4485,879946.78
2026-03-21 07:00:00+00:00,1.4485,1.4497,1.4436,1.4437,337187.19
2026-03-21 08:00:00+00:00,1.4437,1.4457,1.4397,1.441,475284.81
2026-03-21 09:00:00+00:00,1.441,1.4429,1.4368,1.4403,463314.66
2026-03-21 10:00:00+00:00,1.4403,1.4408,1.438,1.4405,196333.86
2026-03-21 11:00:00+00:00,1.4405,1.4431,1.4394,1.4426,219666.8
2026-03-21 12:00:00+00:00,1.4426,1.4468,1.4405,1.4449,226636.31
2026-03-21 13:00:00+00:00,1.4449,1.4463,1.4355,1.44,869294.21
2026-03-21 14:00:00+00:00,1.44,1.445,1.4352,1.4366,538058.35
2026-03-21 15:00:00+00:00,1.4366,1.4402,1.4342,1.4382,306521.08
2026-03-21 16:00:00+00:00,1.4382,1.4385,1.434,1.4371,281996.76
2026-03-21 17:00:00+00:00,1.4371,1.4415,1.434,1.4398,368866.06
2026-03-21 18:00:00+00:00,1.4398,1.4418,1.4369,1.4376,234513.98
2026-03-21 19:00:00+00:00,1.4376,1.4385,1.436,1.4374,171346.16
2026-03-21 20:00:00+00:00,1.4374,1.4429,1.437,1.4414,153798.55
2026-03-21 21:00:00+00:00,1.4414,1.4421,1.4387,1.44,132612.88
2026-03-21 22:00:00+00:00,1.44,1.4415,1.4378,1.4395,143755.04
2026-03-21 23:00:00+00:00,1.4395,1.4395,1.4001,1.4088,3720144.95
2026-03-22 00:00:00+00:00,1.4088,1.4179,1.3942,1.4107,3454563.3
2026-03-22 01:00:00+00:00,1.4107,1.4162,1.4056,1.41,953232.53
2026-03-22 02:00:00+00:00,1.41,1.4208,1.4079,1.417,667817.58
2026-03-22 03:00:00+00:00,1.417,1.4264,1.4131,1.4172,587469.76
2026-03-22 04:00:00+00:00,1.4172,1.4205,1.4104,1.4176,781918.1
2026-03-22 05:00:00+00:00,1.4176,1.4176,1.4118,1.4118,293211.62
2026-03-22 06:00:00+00:00,1.4118,1.4131,1.4102,1.4108,424059.91
2026-03-22 07:00:00+00:00,1.4108,1.413,1.4034,1.4035,482798.13
2026-03-22 08:00:00+00:00,1.4035,1.4041,1.3932,1.3992,833661.3
2026-03-22 09:00:00+00:00,1.3992,1.4036,1.3953,1.3962,592202.62
2026-03-22 10:00:00+00:00,1.3962,1.397,1.3874,1.3887,1038209.09
2026-03-22 11:00:00+00:00,1.3887,1.3957,1.3856,1.3909,1085233.88
2026-03-22 12:00:00+00:00,1.3909,1.4019,1.3906,1.3996,572566.47
2026-03-22 13:00:00+00:00,1.3996,1.407,1.3961,1.3983,498334.49
2026-03-22 14:00:00+00:00,1.3983,1.4029,1.3948,1.3972,462671.36
2026-03-22 15:00:00+00:00,1.3972,1.4009,1.3915,1.3926,576135.84
2026-03-22 16:00:00+00:00,1.3926,1.3952,1.3905,1.3946,741328.67
2026-03-22 17:00:00+00:00,1.3946,1.3957,1.3915,1.393,372649.15
2026-03-22 18:00:00+00:00,1.393,1.393,1.3812,1.3883,815729.8
2026-03-22 19:00:00+00:00,1.3883,1.3883,1.381,1.3847,769679.39
2026-03-22 20:00:00+00:00,1.3847,1.3905,1.3847,1.3869,292836.42
2026-03-22 21:00:00+00:00,1.3869,1.3877,1.3716,1.3794,1316392.69
2026-03-22 22:00:00+00:00,1.3794,1.3929,1.3719,1.3911,1162633.13
2026-03-22 23:00:00+00:00,1.3911,1.3932,1.384,1.3849,1227626.19
2026-03-23 00:00:00+00:00,1.3849,1.3905,1.3745,1.3786,1144165.81
2026-03-23 01:00:00+00:00,1.3786,1.39,1.3755,1.3817,925578.72
2026-03-23 02:00:00+00:00,1.3817,1.3934,1.3817,1.3856,862244.57
2026-03-23 03:00:00+00:00,1.3856,1.3922,1.3787,1.3814,448040.13
2026-03-23 04:00:00+00:00,1.3814,1.3907,1.3788,1.3905,541847.51
2026-03-23 05:00:00+00:00,1.3905,1.3971,1.388,1.3911,1865837.81
2026-03-23 06:00:00+00:00,1.3911,1.3911,1.3687,1.3719,1195444.96
2026-03-23 07:00:00+00:00,1.3719,1.3759,1.3626,1.3728,1407237.37
2026-03-23 08:00:00+00:00,1.3728,1.3801,1.3674,1.3685,594197.23
2026-03-23 09:00:00+00:00,1.3685,1.3716,1.3618,1.3691,736117.5
2026-03-23 10:00:00+00:00,1.3691,1.3804,1.3684,1.3722,893274.88
2026-03-23 11:00:00+00:00,1.3722,1.4452,1.3722,1.4115,15697482.47
2026-03-23 12:00:00+00:00,1.4115,1.4273,1.4019,1.4253,3237592.16
2026-03-23 13:00:00+00:00,1.4253,1.4441,1.4215,1.4422,2532273.82
2026-03-23 14:00:00+00:00,1.4422,1.4567,1.4416,1.4553,3198609.78
2026-03-23 15:00:00+00:00,1.4553,1.466,1.4306,1.4313,3507820.37
2026-03-23 16:00:00+00:00,1.4313,1.4428,1.4275,1.4342,2486139.94
2026-03-23 17:00:00+00:00,1.4342,1.4466,1.4267,1.4443,1305686.19
2026-03-23 18:00:00+00:00,1.4443,1.4466,1.437,1.4419,639906.13
2026-03-23 19:00:00+00:00,1.4419,1.4456,1.4317,1.4347,677884.87
2026-03-23 20:00:00+00:00,1.4347,1.4399,1.4309,1.4382,651418.4
2026-03-23 21:00:00+00:00,1.4382,1.4402,1.4347,1.4358,689128.35
2026-03-23 22:00:00+00:00,1.4358,1.437,1.4257,1.4299,535538.5
2026-03-23 23:00:00+00:00,1.4299,1.4343,1.4238,1.4322,402183.21
2026-03-24 00:00:00+00:00,1.4322,1.4351,1.4164,1.4201,789691.69
2026-03-24 01:00:00+00:00,1.4201,1.4235,1.41,1.4137,650140.67
2026-03-24 02:00:00+00:00,1.4137,1.4168,1.4089,1.4094,986111.54
2026-03-24 03:00:00+00:00,1.4094,1.4161,1.4086,1.4146,368925.76
2026-03-24 04:00:00+00:00,1.4146,1.4168,1.4069,1.4087,433349.85
2026-03-24 05:00:00+00:00,1.4087,1.4156,1.4051,1.414,524380.56
2026-03-24 06:00:00+00:00,1.414,1.4172,1.4104,1.4159,634373.38
2026-03-24 07:00:00+00:00,1.4159,1.4324,1.4145,1.4314,1110202.64
2026-03-24 08:00:00+00:00,1.4314,1.4334,1.4149,1.4175,1151221.32
2026-03-24 09:00:00+00:00,1.4175,1.4241,1.4134,1.4233,658559.76
2026-03-24 10:00:00+00:00,1.4233,1.4235,1.4169,1.4218,731420.2
2026-03-24 11:00:00+00:00,1.4218,1.4261,1.4152,1.4233,1305385.46
2026-03-24 12:00:00+00:00,1.4233,1.4236,1.4145,1.4166,642844.42
2026-03-24 13:00:00+00:00,1.4166,1.418,1.4005,1.4026,2147217.13
2026-03-24 14:00:00+00:00,1.4026,1.409,1.3957,1.4022,2025434.14
2026-03-24 15:00:00+00:00,1.4022,1.4086,1.4005,1.401,954935.72
2026-03-24 16:00:00+00:00,1.401,1.4039,1.3894,1.391,1420574.01
2026-03-24 17:00:00+00:00,1.391,1.3939,1.3838,1.3882,1237231.79
2026-03-24 18:00:00+00:00,1.3882,1.3949,1.3872,1.3889,1454450.98
2026-03-24 19:00:00+00:00,1.3889,1.3937,1.3873,1.3879,944766.21
2026-03-24 20:00:00+00:00,1.3879,1.4128,1.3863,1.4099,1618698.94
2026-03-24 21:00:00+00:00,1.4099,1.4143,1.4051,1.413,786637.14
2026-03-24 22:00:00+00:00,1.413,1.4145,1.4081,1.4114,535907.96
2026-03-24 23:00:00+00:00,1.4114,1.418,1.4094,1.4159,582818.6
2026-03-25 00:00:00+00:00,1.4159,1.4248,1.412,1.4204,1209983.78
2026-03-25 01:00:00+00:00,1.4204,1.4223,1.4157,1.4168,655350.58
2026-03-25 02:00:00+00:00,1.4168,1.4172,1.4104,1.4105,1135594.12
2026-03-25 03:00:00+00:00,1.4105,1.4148,1.4071,1.4134,415859.87
2026-03-25 04:00:00+00:00,1.4134,1.4173,1.4112,1.4161,336129.4
2026-03-25 05:00:00+00:00,1.4161,1.4234,1.4151,1.4177,634667.11
2026-03-25 06:00:00+00:00,1.4177,1.4232,1.4162,1.4178,695788.08
2026-03-25 07:00:00+00:00,1.4178,1.4266,1.4172,1.4199,764277.11
2026-03-25 08:00:00+00:00,1.4199,1.4255,1.418,1.4196,1337327.07
2026-03-25 09:00:00+00:00,1.4196,1.4216,1.4128,1.4179,897944.93
2026-03-25 10:00:00+00:00,1.4179,1.4239,1.4169,1.4229,809779.33
2026-03-25 11:00:00+00:00,1.4229,1.4381,1.4227,1.429,2520515.52
2026-03-25 12:00:00+00:00,1.429,1.4323,1.4136,1.4224,1757293.24
2026-03-25 13:00:00+00:00,1.4224,1.4295,1.4185,1.4204,1044261.55
2026-03-25 14:00:00+00:00,1.4204,1.4224,1.4151,1.4153,1738699.08
2026-03-25 15:00:00+00:00,1.4153,1.4167,1.402,1.4073,2032687.71
2026-03-25 16:00:00+00:00,1.4073,1.421,1.4048,1.4156,1209509.6
2026-03-25 17:00:00+00:00,1.4156,1.4173,1.4097,1.4114,729773.6
2026-03-25 18:00:00+00:00,1.4114,1.4188,1.4099,1.4126,520795.32
2026-03-25 19:00:00+00:00,1.4126,1.4155,1.4089,1.4117,544594.81
2026-03-25 20:00:00+00:00,1.4117,1.4153,1.4098,1.4146,378500.28
2026-03-25 21:00:00+00:00,1.4146,1.4173,1.4121,1.4135,252485.48
2026-03-25 22:00:00+00:00,1.4135,1.4227,1.4125,1.418,477317.79
2026-03-25 23:00:00+00:00,1.418,1.4194,1.4128,1.4146,315405.13
2026-03-26 00:00:00+00:00,1.4146,1.4165,1.4113,1.4135,735998.96
2026-03-26 01:00:00+00:00,1.4135,1.4152,1.4103,1.4112,298783.6
2026-03-26 02:00:00+00:00,1.4112,1.4118,1.4,1.4038,503800.01
2026-03-26 03:00:00+00:00,1.4038,1.4038,1.3964,1.4018,487031.61
2026-03-26 04:00:00+00:00,1.4018,1.4057,1.3979,1.4027,381865.14
2026-03-26 05:00:00+00:00,1.4027,1.403,1.3882,1.3891,801565.33
2026-03-26 06:00:00+00:00,1.3891,1.3935,1.3852,1.3852,1553019.21
2026-03-26 07:00:00+00:00,1.3852,1.3877,1.3794,1.3857,1555140.37
2026-03-26 08:00:00+00:00,1.3857,1.3865,1.3803,1.3823,670951.06
2026-03-26 09:00:00+00:00,1.3823,1.3843,1.3685,1.373,1513120.14
2026-03-26 10:00:00+00:00,1.373,1.3773,1.3695,1.3735,1137938.94
2026-03-26 11:00:00+00:00,1.3735,1.3766,1.369,1.3709,1334372.93
2026-03-26 12:00:00+00:00,1.3709,1.3756,1.3701,1.3745,1070418.16
2026-03-26 13:00:00+00:00,1.3745,1.3827,1.3711,1.3785,1683858.5
2026-03-26 14:00:00+00:00,1.3785,1.3816,1.3651,1.3685,1678096.6
2026-03-26 15:00:00+00:00,1.3685,1.3686,1.3526,1.3605,3568265.62
2026-03-26 16:00:00+00:00,1.3605,1.3671,1.36,1.3608,1428335.32
2026-03-26 17:00:00+00:00,1.3608,1.3644,1.3514,1.354,1157454.6
2026-03-26 18:00:00+00:00,1.354,1.3556,1.3358,1.3473,4313203.57
2026-03-26 19:00:00+00:00,1.3473,1.3519,1.344,1.3443,1818563.72
2026-03-26 20:00:00+00:00,1.3443,1.3673,1.3442,1.3595,4290336.06
2026-03-26 21:00:00+00:00,1.3595,1.371,1.3581,1.367,989955.49
2026-03-26 22:00:00+00:00,1.367,1.3689,1.3582,1.3636,1190062.84
2026-03-26 23:00:00+00:00,1.3636,1.3652,1.3589,1.3609,415016.0
2026-03-27 00:00:00+00:00,1.3609,1.3638,1.3582,1.3617,441329.87
2026-03-27 01:00:00+00:00,1.3617,1.3699,1.3606,1.3692,644175.63
2026-03-27 02:00:00+00:00,1.3692,1.3726,1.367,1.3706,489383.02
2026-03-27 03:00:00+00:00,1.3706,1.3712,1.3638,1.3642,385670.37
2026-03-27 04:00:00+00:00,1.3642,1.3648,1.3562,1.3634,711422.43
2026-03-27 05:00:00+00:00,1.3634,1.3687,1.3607,1.3624,592443.98
2026-03-27 06:00:00+00:00,1.3624,1.3644,1.3595,1.3601,559524.79
2026-03-27 07:00:00+00:00,1.3601,1.3648,1.3576,1.3589,616348.33
2026-03-27 08:00:00+00:00,1.3589,1.3615,1.344,1.3506,1560026.03
2026-03-27 09:00:00+00:00,1.3506,1.3509,1.3399,1.3463,564535.73
2026-03-27 10:00:00+00:00,1.3463,1.3479,1.326,1.3331,3984742.06
2026-03-27 11:00:00+00:00,1.3331,1.3386,1.3295,1.335,1908839.09
2026-03-27 12:00:00+00:00,1.335,1.3351,1.3262,1.3324,3814539.64
2026-03-27 13:00:00+00:00,1.3324,1.3431,1.3276,1.3403,2667920.24
2026-03-27 14:00:00+00:00,1.3403,1.344,1.3277,1.3323,1797421.38
2026-03-27 15:00:00+00:00,1.3323,1.3458,1.3319,1.3358,3439302.72
2026-03-27 16:00:00+00:00,1.3358,1.337,1.3297,1.3306,2141842.6
2026-03-27 17:00:00+00:00,1.3306,1.3376,1.3231,1.3239,1278491.71
2026-03-27 18:00:00+00:00,1.3239,1.326,1.3182,1.3236,1149358.37
2026-03-27 19:00:00+00:00,1.3236,1.3293,1.3196,1.3251,873004.52
2026-03-27 20:00:00+00:00,1.3251,1.328,1.3221,1.3261,1160011.07
2026-03-27 21:00:00+00:00,1.3261,1.3327,1.3261,1.3287,601160.51
2026-03-27 22:00:00+00:00,1.3287,1.3289,1.3224,1.3245,542335.68
2026-03-27 23:00:00+00:00,1.3245,1.3263,1.3204,1.3257,717389.56
2026-03-28 00:00:00+00:00,1.3257,1.3296,1.3248,1.3265,382858.32
2026-03-28 01:00:00+00:00,1.3265,1.3279,1.3192,1.3243,416588.45
2026-03-28 02:00:00+00:00,1.3243,1.3275,1.3217,1.3239,354078.33
2026-03-28 03:00:00+00:00,1.3239,1.3301,1.3239,1.3274,957551.76
2026-03-28 04:00:00+00:00,1.3274,1.3307,1.326,1.3305,522125.02
2026-03-28 05:00:00+00:00,1.3305,1.3419,1.3284,1.3374,2133917.33
2026-03-28 06:00:00+00:00,1.3374,1.3397,1.3339,1.3358,671389.86
2026-03-28 07:00:00+00:00,1.3358,1.3411,1.3347,1.341,412694.57
2026-03-28 08:00:00+00:00,1.341,1.3427,1.3375,1.3378,532722.54
2026-03-28 09:00:00+00:00,1.3378,1.3385,1.336,1.3372,284287.09
2026-03-28 10:00:00+00:00,1.3372,1.3432,1.3349,1.3377,348884.94
2026-03-28 11:00:00+00:00,1.3377,1.342,1.3372,1.3402,254069.32
2026-03-28 12:00:00+00:00,1.3402,1.3416,1.336,1.3384,830164.9
2026-03-28 13:00:00+00:00,1.3384,1.3574,1.338,1.3505,1625389.0
2026-03-28 14:00:00+00:00,1.3505,1.3524,1.3463,1.3477,452769.99
2026-03-28 15:00:00+00:00,1.3477,1.3584,1.3465,1.3533,759044.12
2026-03-28 16:00:00+00:00,1.3533,1.3544,1.3497,1.35,328100.51
2026-03-28 17:00:00+00:00,1.35,1.3521,1.3444,1.3457,442460.44
2026-03-28 18:00:00+00:00,1.3457,1.3473,1.3445,1.346,248224.78
2026-03-28 19:00:00+00:00,1.346,1.3464,1.3421,1.3448,304518.78
2026-03-28 20:00:00+00:00,1.3448,1.348,1.3444,1.3465,297421.43
2026-03-28 21:00:00+00:00,1.3465,1.3466,1.3405,1.3414,291224.51
2026-03-28 22:00:00+00:00,1.3414,1.3438,1.3384,1.3414,295523.79
2026-03-28 23:00:00+00:00,1.3414,1.3415,1.3311,1.3333,439498.34
2026-03-29 00:00:00+00:00,1.3333,1.3356,1.3301,1.3328,322544.88
2026-03-29 01:00:00+00:00,1.3328,1.3373,1.3324,1.3358,316526.06
2026-03-29 02:00:00+00:00,1.3358,1.3388,1.3346,1.3367,204821.19
2026-03-29 03:00:00+00:00,1.3367,1.3417,1.3353,1.3384,274190.16
2026-03-29 04:00:00+00:00,1.3384,1.3385,1.3349,1.3361,186712.35
2026-03-29 05:00:00+00:00,1.3361,1.3361,1.3283,1.3336,1004282.82
2026-03-29 06:00:00+00:00,1.3336,1.3433,1.3336,1.3346,1069907.8
2026-03-29 07:00:00+00:00,1.3346,1.3368,1.3325,1.334,704737.36
2026-03-29 08:00:00+00:00,1.334,1.3393,1.3322,1.3373,336607.45
2026-03-29 09:00:00+00:00,1.3373,1.3378,1.334,1.3354,206699.26
2026-03-29 10:00:00+00:00,1.3354,1.3354,1.3311,1.3336,223878.56
2026-03-29 11:00:00+00:00,1.3336,1.3406,1.3333,1.3383,382639.08
2026-03-29 12:00:00+00:00,1.3383,1.3383,1.3336,1.3346,203296.96
2026-03-29 13:00:00+00:00,1.3346,1.335,1.3251,1.3265,844744.67
2026-03-29 14:00:00+00:00,1.3265,1.3324,1.324,1.3261,514168.5
2026-03-29 15:00:00+00:00,1.3261,1.3282,1.3214,1.3255,819613.4
2026-03-29 16:00:00+00:00,1.3255,1.3294,1.3242,1.325,327195.85
2026-03-29 17:00:00+00:00,1.325,1.3272,1.3192,1.3235,552781.41
2026-03-29 18:00:00+00:00,1.3235,1.3261,1.3217,1.3237,304684.47
2026-03-29 19:00:00+00:00,1.3237,1.3239,1.3166,1.3181,766676.32
2026-03-29 20:00:00+00:00,1.3181,1.3271,1.3178,1.3241,399353.4
2026-03-29 21:00:00+00:00,1.3241,1.3286,1.3237,1.3278,714747.0
2026-03-29 22:00:00+00:00,1.3278,1.3278,1.2953,1.319,3744159.94
2026-03-29 23:00:00+00:00,1.319,1.3325,1.3187,1.3277,1510182.4
2026-03-30 00:00:00+00:00,1.3277,1.3507,1.3247,1.3314,1861988.94
2026-03-30 01:00:00+00:00,1.3314,1.3423,1.3313,1.3402,749302.22
2026-03-30 02:00:00+00:00,1.3402,1.3553,1.3393,1.3486,1492251.81
2026-03-30 03:00:00+00:00,1.3486,1.3552,1.3456,1.3518,860445.29
2026-03-30 04:00:00+00:00,1.3518,1.3609,1.3507,1.3509,1591024.26
2026-03-30 05:00:00+00:00,1.3509,1.3576,1.3471,1.352,2236794.05
2026-03-30 06:00:00+00:00,1.352,1.357,1.3504,1.3507,715048.47
2026-03-30 07:00:00+00:00,1.3507,1.3592,1.3507,1.3582,1003864.18
2026-03-30 08:00:00+00:00,1.3582,1.3669,1.357,1.3611,1207951.97
2026-03-30 09:00:00+00:00,1.3611,1.3613,1.35,1.35,888262.81
2026-03-30 10:00:00+00:00,1.35,1.3501,1.3449,1.348,1365490.17
2026-03-30 11:00:00+00:00,1.348,1.3612,1.3478,1.35,2468581.87
2026-03-30 12:00:00+00:00,1.35,1.356,1.3498,1.3515,1171406.61
2026-03-30 13:00:00+00:00,1.3515,1.3564,1.3441,1.3459,1679581.79
2026-03-30 14:00:00+00:00,1.3459,1.3496,1.3353,1.3481,1934241.91
2026-03-30 15:00:00+00:00,1.3481,1.3505,1.3391,1.3455,1688843.85
2026-03-30 16:00:00+00:00,1.3455,1.3456,1.338,1.3421,1332653.87
2026-03-30 17:00:00+00:00,1.3421,1.3453,1.3327,1.3345,797544.5
2026-03-30 18:00:00+00:00,1.3345,1.336,1.3247,1.3257,729813.68
2026-03-30 19:00:00+00:00,1.3257,1.3264,1.3169,1.3234,1013332.03
2026-03-30 20:00:00+00:00,1.3234,1.3279,1.3216,1.3276,399022.13
2026-03-30 21:00:00+00:00,1.3276,1.3345,1.325,1.3308,625539.05
2026-03-30 22:00:00+00:00,1.3308,1.3333,1.3274,1.3291,236866.66
2026-03-30 23:00:00+00:00,1.3291,1.3291,1.3201,1.3239,706097.59
2026-03-31 00:00:00+00:00,1.3239,1.3293,1.3194,1.326,811303.05
2026-03-31 01:00:00+00:00,1.326,1.3481,1.3237,1.3394,1203723.8
2026-03-31 02:00:00+00:00,1.3394,1.3409,1.3357,1.3369,1098146.96
2026-03-31 03:00:00+00:00,1.3369,1.3369,1.3257,1.326,735967.04
2026-03-31 04:00:00+00:00,1.326,1.3289,1.3206,1.3242,1386558.56
2026-03-31 05:00:00+00:00,1.3242,1.3298,1.3202,1.3225,2031134.49
2026-03-31 06:00:00+00:00,1.3225,1.3287,1.3149,1.3239,2460464.88
2026-03-31 07:00:00+00:00,1.3239,1.3256,1.3143,1.3195,2546838.3
2026-03-31 08:00:00+00:00,1.3195,1.3236,1.31,1.3138,1485796.63
2026-03-31 09:00:00+00:00,1.3138,1.3167,1.3041,1.3072,2849375.13
2026-03-31 10:00:00+00:00,1.3072,1.3136,1.3069,1.3107,1851117.4
2026-03-31 11:00:00+00:00,1.3107,1.3178,1.3073,1.3148,2465435.05
2026-03-31 12:00:00+00:00,1.3148,1.3213,1.3137,1.3152,1499289.56
2026-03-31 13:00:00+00:00,1.3152,1.3281,1.3147,1.3261,1969976.81
2026-03-31 14:00:00+00:00,1.3261,1.3385,1.3112,1.3147,3001972.06
2026-03-31 15:00:00+00:00,1.3147,1.3285,1.3139,1.3149,1856381.81
2026-03-31 16:00:00+00:00,1.3149,1.3373,1.3143,1.3304,2985637.2
2026-03-31 17:00:00+00:00,1.3304,1.3459,1.3281,1.331,2546073.74
2026-03-31 18:00:00+00:00,1.331,1.3427,1.331,1.3405,604160.22
2026-03-31 19:00:00+00:00,1.3405,1.3464,1.3405,1.3449,1005741.65
2026-03-31 20:00:00+00:00,1.3449,1.3502,1.342,1.3447,794494.41
2026-03-31 21:00:00+00:00,1.3447,1.3451,1.3379,1.3409,450290.67
2026-03-31 22:00:00+00:00,1.3409,1.3418,1.3326,1.3362,596318.94
2026-03-31 23:00:00+00:00,1.3362,1.3422,1.3346,1.341,350907.38
2026-04-01 00:00:00+00:00,1.341,1.3456,1.3381,1.3451,1220446.12
2026-04-01 01:00:00+00:00,1.3451,1.3458,1.3341,1.3349,1351213.98
2026-04-01 02:00:00+00:00,1.3349,1.3377,1.3312,1.3343,1700449.88
2026-04-01 03:00:00+00:00,1.3343,1.3517,1.3343,1.3482,1686086.19
2026-04-01 04:00:00+00:00,1.3482,1.3492,1.3387,1.3392,1022046.03
2026-04-01 05:00:00+00:00,1.3392,1.3494,1.3361,1.3467,1833786.12
2026-04-01 06:00:00+00:00,1.3467,1.3637,1.3466,1.3626,2169354.78
2026-04-01 07:00:00+00:00,1.3626,1.3673,1.3562,1.3566,1269210.51
2026-04-01 08:00:00+00:00,1.3566,1.3588,1.3523,1.3529,1056040.33
2026-04-01 09:00:00+00:00,1.3529,1.3541,1.3492,1.3514,1269614.1
2026-04-01 10:00:00+00:00,1.3514,1.3553,1.349,1.3527,2189269.12
2026-04-01 11:00:00+00:00,1.3527,1.3555,1.3505,1.3542,1947036.27
2026-04-01 12:00:00+00:00,1.3542,1.3606,1.3492,1.3538,2414002.5
2026-04-01 13:00:00+00:00,1.3538,1.3574,1.3448,1.3465,1870811.82
2026-04-01 14:00:00+00:00,1.3465,1.358,1.3458,1.3559,1365967.34
2026-04-01 15:00:00+00:00,1.3559,1.3575,1.3503,1.3574,1399272.11
2026-04-01 16:00:00+00:00,1.3574,1.3625,1.3517,1.3585,2728997.81
2026-04-01 17:00:00+00:00,1.3585,1.3683,1.3509,1.3518,1183587.94
2026-04-01 18:00:00+00:00,1.3518,1.3525,1.3463,1.3475,599565.92
2026-04-01 19:00:00+00:00,1.3475,1.3539,1.3475,1.3503,492951.25
2026-04-01 20:00:00+00:00,1.3503,1.3522,1.3423,1.3482,865590.8
2026-04-01 21:00:00+00:00,1.3482,1.3568,1.3482,1.355,804555.69
2026-04-01 22:00:00+00:00,1.355,1.3556,1.347,1.3488,372622.01
2026-04-01 23:00:00+00:00,1.3488,1.3515,1.3467,1.3476,316500.27
2026-04-02 00:00:00+00:00,1.3476,1.3568,1.3469,1.3568,616167.11
2026-04-02 01:00:00+00:00,1.3568,1.3569,1.3223,1.3283,3573129.47
2026-04-02 02:00:00+00:00,1.3283,1.3299,1.3171,1.3181,2436774.84
2026-04-02 03:00:00+00:00,1.3181,1.3181,1.3066,1.3128,3163557.88
2026-04-02 04:00:00+00:00,1.3128,1.321,1.3046,1.3082,3766381.56
2026-04-02 05:00:00+00:00,1.3082,1.3159,1.3071,1.3152,1384400.74
2026-04-02 06:00:00+00:00,1.3152,1.3187,1.3123,1.3157,737539.17
2026-04-02 07:00:00+00:00,1.3157,1.3182,1.3129,1.3174,534480.23
2026-04-02 08:00:00+00:00,1.3174,1.3175,1.3112,1.3118,662778.03
2026-04-02 09:00:00+00:00,1.3118,1.313,1.3077,1.3119,799951.37
2026-04-02 10:00:00+00:00,1.3119,1.3121,1.3076,1.3084,617813.16
2026-04-02 11:00:00+00:00,1.3084,1.3092,1.2989,1.3001,1741478.06
2026-04-02 12:00:00+00:00,1.3001,1.3006,1.2902,1.2907,1862850.48
2026-04-02 13:00:00+00:00,1.2907,1.2936,1.2804,1.289,3186482.15
2026-04-02 14:00:00+00:00,1.289,1.3037,1.2825,1.3002,4091135.81
2026-04-02 15:00:00+00:00,1.3002,1.3021,1.291,1.2999,1985373.62
2026-04-02 16:00:00+00:00,1.2999,1.309,1.295,1.3043,1365966.84
2026-04-02 17:00:00+00:00,1.3043,1.3113,1.2981,1.2988,1060152.06
2026-04-02 18:00:00+00:00,1.2988,1.3089,1.2977,1.3068,606904.93
2026-04-02 19:00:00+00:00,1.3068,1.3098,1.3014,1.3077,499828.07
2026-04-02 20:00:00+00:00,1.3077,1.3225,1.3048,1.318,823609.65
2026-04-02 21:00:00+00:00,1.318,1.3194,1.3125,1.3156,355524.4
2026-04-02 22:00:00+00:00,1.3156,1.3187,1.3123,1.3177,446555.0
2026-04-02 23:00:00+00:00,1.3177,1.321,1.3155,1.3198,434781.12
2026-04-03 00:00:00+00:00,1.3198,1.3239,1.3144,1.3156,965928.92
2026-04-03 01:00:00+00:00,1.3156,1.3206,1.3127,1.3135,1178056.54
2026-04-03 02:00:00+00:00,1.3135,1.3171,1.3032,1.308,1368117.3
2026-04-03 03:00:00+00:00,1.308,1.322,1.3071,1.3217,1113222.11
2026-04-03 04:00:00+00:00,1.3217,1.3239,1.3144,1.3199,1236560.93
2026-04-03 05:00:00+00:00,1.3199,1.3258,1.316,1.3184,698918.93
2026-04-03 06:00:00+00:00,1.3184,1.3208,1.3154,1.3196,364642.99
2026-04-03 07:00:00+00:00,1.3196,1.3241,1.3169,1.3187,626069.77
2026-04-03 08:00:00+00:00,1.3187,1.3217,1.3168,1.3178,378411.3
2026-04-03 09:00:00+00:00,1.3178,1.3178,1.3111,1.3117,325398.79
2026-04-03 10:00:00+00:00,1.3117,1.3176,1.3096,1.3159,1232608.94
2026-04-03 11:00:00+00:00,1.3159,1.3243,1.315,1.3202,1146227.48
2026-04-03 12:00:00+00:00,1.3202,1.3354,1.3182,1.3199,2645734.29
2026-04-03 13:00:00+00:00,1.3199,1.3205,1.3146,1.3178,409200.83
2026-04-03 14:00:00+00:00,1.3178,1.3212,1.3151,1.3193,216622.55
2026-04-03 15:00:00+00:00,1.3193,1.3235,1.3183,1.3186,353300.17
2026-04-03 16:00:00+00:00,1.3186,1.3254,1.3185,1.3246,782559.93
2026-04-03 17:00:00+00:00,1.3246,1.3253,1.3192,1.3213,421880.85
2026-04-03 18:00:00+00:00,1.3213,1.3226,1.3176,1.318,262140.79
2026-04-03 19:00:00+00:00,1.318,1.3186,1.3137,1.3177,233127.16
2026-04-03 20:00:00+00:00,1.3177,1.3191,1.3164,1.3164,214965.88
2026-04-03 21:00:00+00:00,1.3164,1.3199,1.3134,1.3186,423704.8
2026-04-03 22:00:00+00:00,1.3186,1.3235,1.3158,1.3167,1140271.88
2026-04-03 23:00:00+00:00,1.3167,1.3189,1.3124,1.3184,891892.97
2026-04-04 00:00:00+00:00,1.3184,1.3191,1.3161,1.3162,205290.54
2026-04-04 01:00:00+00:00,1.3162,1.3177,1.3145,1.315,153483.56
2026-04-04 02:00:00+00:00,1.315,1.3151,1.3133,1.3146,147718.97
2026-04-04 03:00:00+00:00,1.3146,1.3168,1.3144,1.3158,174851.02
2026-04-04 04:00:00+00:00,1.3158,1.3184,1.3154,1.3163,130416.87
2026-04-04 05:00:00+00:00,1.3163,1.3185,1.3154,1.3172,466350.44
2026-04-04 06:00:00+00:00,1.3172,1.3206,1.3164,1.3197,369617.87
2026-04-04 07:00:00+00:00,1.3197,1.3201,1.3153,1.3161,412314.67
2026-04-04 08:00:00+00:00,1.3161,1.3166,1.3137,1.3139,295726.92
2026-04-04 09:00:00+00:00,1.3139,1.3144,1.3125,1.3126,288393.19
2026-04-04 10:00:00+00:00,1.3126,1.3148,1.3068,1.3141,1278847.74
2026-04-04 11:00:00+00:00,1.3141,1.3165,1.3105,1.3119,1168907.93
2026-04-04 12:00:00+00:00,1.3119,1.3119,1.3091,1.3104,408587.1
2026-04-04 13:00:00+00:00,1.3104,1.3117,1.3084,1.3094,777182.02
2026-04-04 14:00:00+00:00,1.3094,1.3126,1.3067,1.3126,584116.63
2026-04-04 15:00:00+00:00,1.3126,1.3169,1.3115,1.3127,521372.22
2026-04-04 16:00:00+00:00,1.3127,1.3159,1.3109,1.3125,242695.06
2026-04-04 17:00:00+00:00,1.3125,1.3162,1.312,1.3147,183763.48
2026-04-04 18:00:00+00:00,1.3147,1.3159,1.3136,1.3136,130883.84
2026-04-04 19:00:00+00:00,1.3136,1.3226,1.3134,1.3177,510723.79
2026-04-04 20:00:00+00:00,1.3177,1.3183,1.3156,1.3169,235041.07
2026-04-04 21:00:00+00:00,1.3169,1.3189,1.3144,1.317,312783.29
2026-04-04 22:00:00+00:00,1.317,1.3185,1.3162,1.3168,260076.79
2026-04-04 23:00:00+00:00,1.3168,1.3168,1.3137,1.3153,188743.46
2026-04-05 00:00:00+00:00,1.3153,1.3154,1.3116,1.3125,137130.11
2026-04-05 01:00:00+00:00,1.3125,1.3143,1.3112,1.313,214130.84
2026-04-05 02:00:00+00:00,1.313,1.3198,1.3104,1.3166,611654.27
2026-04-05 03:00:00+00:00,1.3166,1.3172,1.3132,1.3133,115178.88
2026-04-05 04:00:00+00:00,1.3133,1.3158,1.3094,1.3109,1163211.06
2026-04-05 05:00:00+00:00,1.3109,1.3123,1.2998,1.3006,1413952.55
2026-04-05 06:00:00+00:00,1.3006,1.3032,1.2958,1.3016,1267652.73
2026-04-05 07:00:00+00:00,1.3016,1.3046,1.2961,1.298,2052083.19
2026-04-05 08:00:00+00:00,1.298,1.3,1.2972,1.2998,479898.8
2026-04-05 09:00:00+00:00,1.2998,1.302,1.2992,1.3012,311476.17
2026-04-05 10:00:00+00:00,1.3012,1.3042,1.2983,1.299,180184.24
2026-04-05 11:00:00+00:00,1.299,1.3007,1.2979,1.2988,235853.02
2026-04-05 12:00:00+00:00,1.2988,1.2988,1.2782,1.2826,865433.8
2026-04-05 13:00:00+00:00,1.2826,1.2924,1.2803,1.2888,1800078.53
2026-04-05 14:00:00+00:00,1.2888,1.2907,1.2853,1.2863,380188.38
2026-04-05 15:00:00+00:00,1.2863,1.3055,1.2835,1.2963,1408682.87
2026-04-05 16:00:00+00:00,1.2963,1.302,1.2963,1.2979,489096.09
2026-04-05 17:00:00+00:00,1.2979,1.303,1.2966,1.3023,341596.34
2026-04-05 18:00:00+00:00,1.3023,1.3052,1.2986,1.3028,620714.14
2026-04-05 19:00:00+00:00,1.3028,1.3071,1.2993,1.3005,423042.3
2026-04-05 20:00:00+00:00,1.3005,1.3056,1.2996,1.3042,435504.36
2026-04-05 21:00:00+00:00,1.3042,1.3047,1.2983,1.3004,415599.19
2026-04-05 22:00:00+00:00,1.3004,1.313,1.2971,1.3121,987357.49
2026-04-05 23:00:00+00:00,1.3121,1.3321,1.3113,1.3263,2108457.35
2026-04-06 00:00:00+00:00,1.3263,1.3399,1.3263,1.3315,2640558.72
2026-04-06 01:00:00+00:00,1.3315,1.3335,1.3258,1.3293,1590538.3
2026-04-06 02:00:00+00:00,1.3293,1.349,1.3292,1.3402,2218277.86
2026-04-06 03:00:00+00:00,1.3402,1.3419,1.3363,1.3382,1022833.38
2026-04-06 04:00:00+00:00,1.3382,1.3421,1.3361,1.3396,887397.25
2026-04-06 05:00:00+00:00,1.3396,1.3405,1.3365,1.3402,284830.52
2026-04-06 06:00:00+00:00,1.3402,1.3468,1.3387,1.3413,1374411.13
2026-04-06 07:00:00+00:00,1.3413,1.3458,1.3376,1.3441,2598439.85
2026-04-06 08:00:00+00:00,1.3441,1.3464,1.3387,1.339,1257968.15
2026-04-06 09:00:00+00:00,1.339,1.3574,1.3378,1.3524,1747778.76
2026-04-06 10:00:00+00:00,1.3524,1.3568,1.3518,1.3532,703388.14
2026-04-06 11:00:00+00:00,1.3532,1.3532,1.3481,1.3498,1148309.08
2026-04-06 12:00:00+00:00,1.3498,1.3508,1.3422,1.3432,1077949.33
2026-04-06 13:00:00+00:00,1.3432,1.3479,1.3419,1.3471,999339.84
2026-04-06 14:00:00+00:00,1.3471,1.3533,1.3408,1.3479,1486488.18
2026-04-06 15:00:00+00:00,1.3479,1.3509,1.3444,1.3506,777022.02
2026-04-06 16:00:00+00:00,1.3506,1.3534,1.3424,1.3434,535399.8
2026-04-06 17:00:00+00:00,1.3434,1.3438,1.3349,1.3393,988628.54
2026-04-06 18:00:00+00:00,1.3393,1.3434,1.337,1.3411,623418.85
2026-04-06 19:00:00+00:00,1.3411,1.3437,1.3375,1.3416,615576.71
2026-04-06 20:00:00+00:00,1.3416,1.3437,1.3403,1.3413,207614.18
2026-04-06 21:00:00+00:00,1.3413,1.3413,1.3346,1.3355,636897.6
2026-04-06 22:00:00+00:00,1.3355,1.3355,1.3185,1.3185,938970.8
2026-04-06 23:00:00+00:00,1.3185,1.3228,1.3123,1.3211,990052.62
2026-04-07 00:00:00+00:00,1.3211,1.3257,1.3198,1.3213,461694.61
2026-04-07 01:00:00+00:00,1.3213,1.3245,1.3145,1.3146,464226.58
2026-04-07 02:00:00+00:00,1.3146,1.3195,1.3125,1.317,345803.36
2026-04-07 03:00:00+00:00,1.317,1.3183,1.3145,1.317,652171.98
2026-04-07 04:00:00+00:00,1.317,1.3204,1.3131,1.3182,527217.08
2026-04-07 05:00:00+00:00,1.3182,1.3189,1.3096,1.3114,1019026.37
2026-04-07 06:00:00+00:00,1.3114,1.3121,1.3055,1.3113,922499.6
2026-04-07 07:00:00+00:00,1.3113,1.3161,1.3108,1.3126,1129611.42
2026-04-07 08:00:00+00:00,1.3126,1.3231,1.3111,1.3193,2283023.45
2026-04-07 09:00:00+00:00,1.3193,1.3246,1.3178,1.3203,1244748.7
2026-04-07 10:00:00+00:00,1.3203,1.3215,1.3057,1.3071,1789317.19
2026-04-07 11:00:00+00:00,1.3071,1.3092,1.3033,1.3063,1019637.8
2026-04-07 12:00:00+00:00,1.3063,1.3131,1.3008,1.3086,1781851.34
2026-04-07 13:00:00+00:00,1.3086,1.3134,1.3046,1.3047,1104162.76
2026-04-07 14:00:00+00:00,1.3047,1.3051,1.2966,1.2966,1910206.69
2026-04-07 15:00:00+00:00,1.2966,1.3025,1.2948,1.2973,1448898.09
2026-04-07 16:00:00+00:00,1.2973,1.3032,1.2956,1.3005,842498.85
2026-04-07 17:00:00+00:00,1.3005,1.3149,1.2993,1.3085,600152.82
2026-04-07 18:00:00+00:00,1.3085,1.3097,1.3002,1.302,530079.46
2026-04-07 19:00:00+00:00,1.302,1.3165,1.3015,1.3142,1223268.2
2026-04-07 20:00:00+00:00,1.3142,1.322,1.3139,1.3181,972713.77
2026-04-07 21:00:00+00:00,1.3181,1.3403,1.3181,1.3381,1720054.55
2026-04-07 22:00:00+00:00,1.3381,1.3741,1.3362,1.3737,6022378.34
2026-04-07 23:00:00+00:00,1.3737,1.396,1.3672,1.3787,5713242.78
2026-04-08 00:00:00+00:00,1.3787,1.3837,1.3602,1.3666,2889971.26
2026-04-08 01:00:00+00:00,1.3666,1.3733,1.3637,1.3698,1086608.3
2026-04-08 02:00:00+00:00,1.3698,1.3759,1.3683,1.3743,1552173.14
2026-04-08 03:00:00+00:00,1.3743,1.3773,1.3687,1.3701,1448575.23
2026-04-08 04:00:00+00:00,1.3701,1.378,1.369,1.3761,1672884.1
2026-04-08 05:00:00+00:00,1.3761,1.3876,1.376,1.3847,1793301.62
2026-04-08 06:00:00+00:00,1.3847,1.3869,1.3797,1.3799,831490.61
2026-04-08 07:00:00+00:00,1.3799,1.3845,1.3775,1.3796,1803393.56
2026-04-08 08:00:00+00:00,1.3796,1.3838,1.3781,1.3812,1385581.55
2026-04-08 09:00:00+00:00,1.3812,1.3877,1.3779,1.381,1082773.06
2026-04-08 10:00:00+00:00,1.381,1.3848,1.3785,1.3835,1445664.79
2026-04-08 11:00:00+00:00,1.3835,1.386,1.3716,1.3779,1912467.41
2026-04-08 12:00:00+00:00,1.3779,1.3836,1.3744,1.3802,1553267.05
2026-04-08 13:00:00+00:00,1.3802,1.3898,1.3734,1.3743,1662015.98
2026-04-08 14:00:00+00:00,1.3743,1.3748,1.3455,1.3503,3146523.51
2026-04-08 15:00:00+00:00,1.3503,1.3568,1.3488,1.3548,1026546.56
2026-04-08 16:00:00+00:00,1.3548,1.3599,1.3523,1.3571,602250.42
2026-04-08 17:00:00+00:00,1.3571,1.3635,1.3545,1.3621,544437.16
2026-04-08 18:00:00+00:00,1.3621,1.3624,1.3472,1.3482,611232.93
2026-04-08 19:00:00+00:00,1.3482,1.352,1.3444,1.3519,676614.62
2026-04-08 20:00:00+00:00,1.3519,1.3537,1.3464,1.3485,323528.75
2026-04-08 21:00:00+00:00,1.3485,1.3573,1.3478,1.3529,489354.51
2026-04-08 22:00:00+00:00,1.3529,1.3534,1.3445,1.3448,618601.96
2026-04-08 23:00:00+00:00,1.3448,1.346,1.339,1.3429,1068669.42
2026-04-09 00:00:00+00:00,1.3429,1.3429,1.3343,1.3398,1137289.14
2026-04-09 01:00:00+00:00,1.3398,1.3407,1.3269,1.3344,2310703.04
2026-04-09 02:00:00+00:00,1.3344,1.3363,1.3317,1.3344,1864414.49
2026-04-09 03:00:00+00:00,1.3344,1.337,1.3298,1.3312,1865085.14
2026-04-09 04:00:00+00:00,1.3312,1.3327,1.3276,1.3317,1411628.43
2026-04-09 05:00:00+00:00,1.3317,1.3366,1.331,1.3332,1568435.97
2026-04-09 06:00:00+00:00,1.3332,1.3355,1.3263,1.333,1211443.51
2026-04-09 07:00:00+00:00,1.333,1.3348,1.3306,1.3321,563670.26
2026-04-09 08:00:00+00:00,1.3321,1.3368,1.3307,1.3351,644116.25
2026-04-09 09:00:00+00:00,1.3351,1.3392,1.3338,1.338,942181.62
2026-04-09 10:00:00+00:00,1.338,1.3386,1.3327,1.3328,1161072.7
2026-04-09 11:00:00+00:00,1.3328,1.3353,1.3255,1.3298,3945241.29
2026-04-09 12:00:00+00:00,1.3298,1.3328,1.3263,1.3312,906307.4
2026-04-09 13:00:00+00:00,1.3312,1.3329,1.3265,1.3296,1281330.99
2026-04-09 14:00:00+00:00,1.3296,1.3337,1.322,1.3326,1657020.47
2026-04-09 15:00:00+00:00,1.3326,1.3548,1.3299,1.352,2470701.12
2026-04-09 16:00:00+00:00,1.352,1.3595,1.3462,1.3522,1767290.24
2026-04-09 17:00:00+00:00,1.3522,1.3601,1.3517,1.3586,859192.66
2026-04-09 18:00:00+00:00,1.3586,1.3592,1.3505,1.3552,875125.88
2026-04-09 19:00:00+00:00,1.3552,1.3607,1.3519,1.3558,778003.52
2026-04-09 20:00:00+00:00,1.3558,1.3593,1.3535,1.3565,447901.21
2026-04-09 21:00:00+00:00,1.3565,1.3613,1.3509,1.3534,802273.75
2026-04-09 22:00:00+00:00,1.3534,1.3696,1.3517,1.3522,1690246.66
2026-04-09 23:00:00+00:00,1.3522,1.353,1.3419,1.3437,1006867.49
2026-04-10 00:00:00+00:00,1.3437,1.348,1.3408,1.3451,822978.61
2026-04-10 01:00:00+00:00,1.3451,1.3504,1.3403,1.3438,1266587.73
2026-04-10 02:00:00+00:00,1.3438,1.3469,1.3418,1.3435,258699.78
2026-04-10 03:00:00+00:00,1.3435,1.3459,1.3408,1.3413,597180.95
2026-04-10 04:00:00+00:00,1.3413,1.3489,1.3412,1.3463,555884.85
2026-04-10 05:00:00+00:00,1.3463,1.3487,1.3427,1.3436,266782.68
2026-04-10 06:00:00+00:00,1.3436,1.3468,1.3392,1.3422,350685.27
2026-04-10 07:00:00+00:00,1.3422,1.343,1.3356,1.3371,382520.88
2026-04-10 08:00:00+00:00,1.3371,1.3473,1.3351,1.3394,2181888.24
2026-04-10 09:00:00+00:00,1.3394,1.3428,1.3358,1.3387,1911845.4
2026-04-10 10:00:00+00:00,1.3387,1.3408,1.3358,1.3374,1547024.33
2026-04-10 11:00:00+00:00,1.3374,1.3438,1.337,1.3415,1166651.3
2026-04-10 12:00:00+00:00,1.3415,1.347,1.3398,1.3429,2446424.44
2026-04-10 13:00:00+00:00,1.3429,1.3454,1.3379,1.3444,943928.75
2026-04-10 14:00:00+00:00,1.3444,1.3579,1.3431,1.3578,1756004.21
2026-04-10 15:00:00+00:00,1.3578,1.3608,1.3459,1.3476,1847091.36
2026-04-10 16:00:00+00:00,1.3476,1.3536,1.3472,1.3512,1698998.14
2026-04-10 17:00:00+00:00,1.3512,1.3557,1.3486,1.3553,314689.92
2026-04-10 18:00:00+00:00,1.3553,1.36,1.353,1.3597,399194.53
2026-04-10 19:00:00+00:00,1.3597,1.3632,1.3582,1.3629,993450.4
2026-04-10 20:00:00+00:00,1.3629,1.3659,1.3597,1.3643,1140936.55
2026-04-10 21:00:00+00:00,1.3643,1.3644,1.3574,1.3603,382984.03
2026-04-10 22:00:00+00:00,1.3603,1.3611,1.3548,1.3562,365262.89
2026-04-10 23:00:00+00:00,1.3562,1.3568,1.3543,1.3559,202434.64
2026-04-11 00:00:00+00:00,1.3559,1.3564,1.3531,1.3543,325278.75
2026-04-11 01:00:00+00:00,1.3543,1.3543,1.3496,1.3529,347177.48
2026-04-11 02:00:00+00:00,1.3529,1.3573,1.3527,1.3548,328184.68
2026-04-11 03:00:00+00:00,1.3548,1.3571,1.3504,1.3506,309086.39
2026-04-11 04:00:00+00:00,1.3506,1.3522,1.3481,1.351,345918.4
2026-04-11 05:00:00+00:00,1.351,1.3513,1.3461,1.3477,282403.61
2026-04-11 06:00:00+00:00,1.3477,1.3477,1.344,1.3464,303831.78
2026-04-11 07:00:00+00:00,1.3464,1.3479,1.3457,1.3466,180532.7
2026-04-11 08:00:00+00:00,1.3466,1.3486,1.3448,1.3454,289987.5
2026-04-11 09:00:00+00:00,1.3454,1.3489,1.3423,1.3477,796148.87
2026-04-11 10:00:00+00:00,1.3477,1.348,1.3455,1.3471,282597.73
2026-04-11 11:00:00+00:00,1.3471,1.3499,1.3441,1.3456,1047947.3
2026-04-11 12:00:00+00:00,1.3456,1.3463,1.3418,1.3444,1484638.32
2026-04-11 13:00:00+00:00,1.3444,1.3452,1.3402,1.345,743189.42
2026-04-11 14:00:00+00:00,1.345,1.3491,1.3418,1.3425,1346527.46
2026-04-11 15:00:00+00:00,1.3425,1.3466,1.3394,1.3461,1511606.55
2026-04-11 16:00:00+00:00,1.3461,1.3588,1.3458,1.3546,672160.03
2026-04-11 17:00:00+00:00,1.3546,1.3569,1.3511,1.353,632247.91
2026-04-11 18:00:00+00:00,1.353,1.3671,1.3513,1.3641,1037048.78
2026-04-11 19:00:00+00:00,1.3641,1.3751,1.3631,1.371,1318341.62
2026-04-11 20:00:00+00:00,1.371,1.3727,1.3583,1.3616,886562.31
2026-04-11 21:00:00+00:00,1.3616,1.3656,1.3595,1.3624,563288.82
2026-04-11 22:00:00+00:00,1.3624,1.3699,1.3601,1.3616,871214.67
2026-04-11 23:00:00+00:00,1.3616,1.3616,1.3512,1.3544,519972.14
2026-04-12 00:00:00+00:00,1.3544,1.3547,1.3515,1.3535,346075.23
2026-04-12 01:00:00+00:00,1.3535,1.3559,1.3259,1.3295,2913680.0
2026-04-12 02:00:00+00:00,1.3295,1.3377,1.3254,1.3344,1055140.92
2026-04-12 03:00:00+00:00,1.3344,1.3363,1.3301,1.3304,785336.82
2026-04-12 04:00:00+00:00,1.3304,1.3309,1.3271,1.3281,645013.85
2026-04-12 05:00:00+00:00,1.3281,1.3311,1.327,1.3305,389339.29
2026-04-12 06:00:00+00:00,1.3305,1.3323,1.3286,1.3295,535972.03
2026-04-12 07:00:00+00:00,1.3295,1.331,1.3274,1.3298,493586.5
2026-04-12 08:00:00+00:00,1.3298,1.3319,1.328,1.3286,471546.48
2026-04-12 09:00:00+00:00,1.3286,1.332,1.3262,1.3303,828803.73
2026-04-12 10:00:00+00:00,1.3303,1.3329,1.3295,1.3306,215856.25
2026-04-12 11:00:00+00:00,1.3306,1.334,1.3299,1.333,828307.01
2026-04-12 12:00:00+00:00,1.333,1.3345,1.3276,1.3309,1158436.27
2026-04-12 13:00:00+00:00,1.3309,1.3328,1.3232,1.3235,2710325.99
2026-04-12 14:00:00+00:00,1.3235,1.3279,1.3216,1.3223,2904329.39
2026-04-12 15:00:00+00:00,1.3223,1.3252,1.3193,1.3238,784748.04
2026-04-12 16:00:00+00:00,1.3238,1.328,1.3233,1.3279,383877.21
2026-04-12 17:00:00+00:00,1.3279,1.3337,1.3271,1.3326,393213.37
2026-04-12 18:00:00+00:00,1.3326,1.334,1.33,1.3307,385622.15
2026-04-12 19:00:00+00:00,1.3307,1.3318,1.3297,1.3309,316490.18
2026-04-12 20:00:00+00:00,1.3309,1.3395,1.3295,1.3366,477294.34
2026-04-12 21:00:00+00:00,1.3366,1.3391,1.3337,1.3365,449668.13
2026-04-12 22:00:00+00:00,1.3365,1.3365,1.3231,1.328,1031576.89
2026-04-12 23:00:00+00:00,1.328,1.328,1.3225,1.3246,445677.96
2026-04-13 00:00:00+00:00,1.3246,1.3333,1.3232,1.3319,390280.49
2026-04-13 01:00:00+00:00,1.3319,1.333,1.3266,1.3321,242528.55
2026-04-13 02:00:00+00:00,1.3321,1.3332,1.3246,1.3255,380188.86
2026-04-13 03:00:00+00:00,1.3255,1.329,1.3244,1.3256,312872.42
2026-04-13 04:00:00+00:00,1.3256,1.3273,1.3196,1.323,938100.91
2026-04-13 05:00:00+00:00,1.323,1.3319,1.3219,1.3314,383255.33
2026-04-13 06:00:00+00:00,1.3314,1.3369,1.3311,1.3343,1730164.04
2026-04-13 07:00:00+00:00,1.3343,1.3353,1.3253,1.3255,429505.91
2026-04-13 08:00:00+00:00,1.3255,1.3286,1.3229,1.3255,759075.99
2026-04-13 09:00:00+00:00,1.3255,1.3305,1.3245,1.3267,1586550.16
2026-04-13 10:00:00+00:00,1.3267,1.3268,1.3237,1.3252,256144.49
2026-04-13 11:00:00+00:00,1.3252,1.328,1.3248,1.3257,358357.89
2026-04-13 12:00:00+00:00,1.3257,1.3337,1.3235,1.3321,701639.54
2026-04-13 13:00:00+00:00,1.3321,1.3414,1.3275,1.3394,1681615.81
2026-04-13 14:00:00+00:00,1.3394,1.3465,1.3318,1.3458,1056680.0
2026-04-13 15:00:00+00:00,1.3458,1.3461,1.3311,1.3345,714804.96
2026-04-13 16:00:00+00:00,1.3345,1.3423,1.3294,1.3396,874333.09
2026-04-13 17:00:00+00:00,1.3396,1.3456,1.3372,1.3379,421544.84
2026-04-13 18:00:00+00:00,1.3379,1.3406,1.3346,1.3404,339357.36
2026-04-13 19:00:00+00:00,1.3404,1.3556,1.3391,1.3533,1556740.38
2026-04-13 20:00:00+00:00,1.3533,1.3553,1.3469,1.3471,1106910.1
2026-04-13 21:00:00+00:00,1.3471,1.3535,1.3439,1.351,870692.3
2026-04-13 22:00:00+00:00,1.351,1.3772,1.3503,1.3749,4277753.73
2026-04-13 23:00:00+00:00,1.3749,1.3841,1.3709,1.3755,3094377.32
2026-04-14 00:00:00+00:00,1.3755,1.3773,1.3609,1.3623,1469066.51
2026-04-14 01:00:00+00:00,1.3623,1.3681,1.3596,1.3664,1345395.74
2026-04-14 02:00:00+00:00,1.3664,1.371,1.3647,1.3684,844153.45
2026-04-14 03:00:00+00:00,1.3684,1.3684,1.3655,1.3671,462546.4
2026-04-14 04:00:00+00:00,1.3671,1.3682,1.3605,1.3635,960705.08
2026-04-14 05:00:00+00:00,1.3635,1.3654,1.3615,1.3621,352820.35
2026-04-14 06:00:00+00:00,1.3621,1.3731,1.3621,1.3714,1531165.49
2026-04-14 07:00:00+00:00,1.3714,1.3774,1.3675,1.368,1560399.76
2026-04-14 08:00:00+00:00,1.368,1.3753,1.3663,1.3732,827217.88
2026-04-14 09:00:00+00:00,1.3732,1.3759,1.3711,1.3732,481496.34
2026-04-14 10:00:00+00:00,1.3732,1.3733,1.369,1.3701,415153.45
2026-04-14 11:00:00+00:00,1.3701,1.3744,1.3679,1.3691,605861.12
2026-04-14 12:00:00+00:00,1.3691,1.3713,1.3651,1.3674,836403.12
2026-04-14 13:00:00+00:00,1.3674,1.3934,1.3672,1.3927,3005129.0
2026-04-14 14:00:00+00:00,1.3927,1.3953,1.3719,1.3719,2443607.43
2026-04-14 15:00:00+00:00,1.3719,1.3794,1.3672,1.3743,1360250.23
2026-04-14 16:00:00+00:00,1.3743,1.3808,1.3662,1.3685,848593.47
2026-04-14 17:00:00+00:00,1.3685,1.374,1.3654,1.3689,528211.73
2026-04-14 18:00:00+00:00,1.3689,1.3704,1.3523,1.3546,1217595.16
2026-04-14 19:00:00+00:00,1.3546,1.3608,1.3525,1.3604,997884.78
2026-04-14 20:00:00+00:00,1.3604,1.3617,1.3553,1.3567,795251.03
2026-04-14 21:00:00+00:00,1.3567,1.3619,1.3559,1.36,660339.55
2026-04-14 22:00:00+00:00,1.36,1.3653,1.3555,1.3584,1582953.3
2026-04-14 23:00:00+00:00,1.3584,1.366,1.3571,1.3616,1393634.27
2026-04-15 00:00:00+00:00,1.3616,1.3667,1.3574,1.362,2932500.83
2026-04-15 01:00:00+00:00,1.362,1.3648,1.3591,1.3623,1791721.45
2026-04-15 02:00:00+00:00,1.3623,1.3641,1.3555,1.3573,762253.07
2026-04-15 03:00:00+00:00,1.3573,1.3584,1.3559,1.3577,250960.89
2026-04-15 04:00:00+00:00,1.3577,1.3607,1.3574,1.3594,353347.31
2026-04-15 05:00:00+00:00,1.3594,1.3618,1.3551,1.3588,336341.49
2026-04-15 06:00:00+00:00,1.3588,1.3589,1.3541,1.3557,384643.91
2026-04-15 07:00:00+00:00,1.3557,1.3567,1.35,1.3515,1992584.87
2026-04-15 08:00:00+00:00,1.3515,1.3571,1.3506,1.3556,643610.31
2026-04-15 09:00:00+00:00,1.3556,1.3561,1.3507,1.3523,1008911.01
2026-04-15 10:00:00+00:00,1.3523,1.3593,1.3516,1.3562,635273.34
2026-04-15 11:00:00+00:00,1.3562,1.365,1.3562,1.3634,860317.34
2026-04-15 12:00:00+00:00,1.3634,1.3698,1.361,1.3651,1114214.86
2026-04-15 13:00:00+00:00,1.3651,1.3681,1.3614,1.3673,1225081.91
2026-04-15 14:00:00+00:00,1.3673,1.3794,1.3641,1.3766,2687229.68
2026-04-15 15:00:00+00:00,1.3766,1.3836,1.3718,1.3734,3000520.05
2026-04-15 16:00:00+00:00,1.3734,1.3822,1.372,1.3783,2433609.3
2026-04-15 17:00:00+00:00,1.3783,1.3839,1.3759,1.3801,1225020.76
2026-04-15 18:00:00+00:00,1.3801,1.3873,1.3791,1.3868,1826284.64
2026-04-15 19:00:00+00:00,1.3868,1.4082,1.3844,1.3998,3662267.72
2026-04-15 20:00:00+00:00,1.3998,1.4005,1.3846,1.388,1269530.96
2026-04-15 21:00:00+00:00,1.388,1.3902,1.3806,1.3885,861403.17
2026-04-15 22:00:00+00:00,1.3885,1.4025,1.3884,1.3939,1108034.73
2026-04-15 23:00:00+00:00,1.3939,1.3939,1.3853,1.3919,1272419.1
2026-04-16 00:00:00+00:00,1.3919,1.3983,1.3866,1.3969,620744.31
2026-04-16 01:00:00+00:00,1.3969,1.4019,1.3901,1.4001,1229589.89
2026-04-16 02:00:00+00:00,1.4001,1.41,1.3965,1.4065,1327194.81
2026-04-16 03:00:00+00:00,1.4065,1.4154,1.4055,1.4062,1168748.75
2026-04-16 04:00:00+00:00,1.4062,1.4115,1.4021,1.4039,782522.77
2026-04-16 05:00:00+00:00,1.4039,1.4072,1.4006,1.4056,623671.73
2026-04-16 06:00:00+00:00,1.4056,1.4102,1.4042,1.4098,653737.05
2026-04-16 07:00:00+00:00,1.4098,1.4127,1.4041,1.4058,852411.26
2026-04-16 08:00:00+00:00,1.4058,1.4098,1.4026,1.4052,1356202.14
2026-04-16 09:00:00+00:00,1.4052,1.4229,1.4039,1.4171,3393569.86
2026-04-16 10:00:00+00:00,1.4171,1.4175,1.4079,1.4085,1199064.02
2026-04-16 11:00:00+00:00,1.4085,1.4095,1.4016,1.4095,1149749.31
2026-04-16 12:00:00+00:00,1.4095,1.4233,1.4092,1.414,2057606.74
2026-04-16 13:00:00+00:00,1.414,1.4344,1.3993,1.4072,3463858.28
2026-04-16 14:00:00+00:00,1.4072,1.4126,1.3928,1.4103,3593151.21
2026-04-16 15:00:00+00:00,1.4103,1.4325,1.4074,1.429,2610357.2
2026-04-16 16:00:00+00:00,1.429,1.4416,1.4157,1.4194,2514776.61
2026-04-16 17:00:00+00:00,1.4194,1.4297,1.4145,1.4272,1228763.1
2026-04-16 18:00:00+00:00,1.4272,1.4483,1.4242,1.4466,2129806.09
2026-04-16 19:00:00+00:00,1.4466,1.4662,1.4414,1.4645,4210805.18
2026-04-16 20:00:00+00:00,1.4645,1.4661,1.444,1.4523,2110677.61
2026-04-16 21:00:00+00:00,1.4523,1.4587,1.4456,1.4463,1243497.42
2026-04-16 22:00:00+00:00,1.4463,1.4535,1.4463,1.4514,798174.97
2026-04-16 23:00:00+00:00,1.4514,1.4577,1.448,1.4527,748455.56
2026-04-17 00:00:00+00:00,1.4527,1.4553,1.4402,1.4404,1227671.59
2026-04-17 01:00:00+00:00,1.4404,1.4422,1.4273,1.4301,1657174.78
2026-04-17 02:00:00+00:00,1.4301,1.4311,1.4224,1.4293,1603329.81
2026-04-17 03:00:00+00:00,1.4293,1.4402,1.4268,1.4306,2845733.14
2026-04-17 04:00:00+00:00,1.4306,1.4341,1.4265,1.4318,1200071.79
2026-04-17 05:00:00+00:00,1.4318,1.4368,1.4249,1.425,2789897.12
2026-04-17 06:00:00+00:00,1.425,1.4335,1.424,1.4323,860761.99
2026-04-17 07:00:00+00:00,1.4323,1.4395,1.4321,1.4371,1363790.12
2026-04-17 08:00:00+00:00,1.4371,1.4475,1.4353,1.4466,1680708.03
2026-04-17 09:00:00+00:00,1.4466,1.4591,1.4427,1.4516,2600576.72
2026-04-17 10:00:00+00:00,1.4516,1.4532,1.4325,1.437,1950515.36
2026-04-17 11:00:00+00:00,1.437,1.4484,1.4365,1.4472,982703.28
2026-04-17 12:00:00+00:00,1.4472,1.4608,1.4441,1.4587,2062937.78
2026-04-17 13:00:00+00:00,1.4587,1.4907,1.4556,1.4869,5117337.89
2026-04-17 14:00:00+00:00,1.4869,1.5097,1.4831,1.4985,4055835.85
2026-04-17 15:00:00+00:00,1.4985,1.5018,1.4762,1.4858,2902876.66
2026-04-17 16:00:00+00:00,1.4858,1.5003,1.4854,1.4973,2956764.93
2026-04-17 17:00:00+00:00,1.4973,1.4975,1.4771,1.4837,2079817.83
2026-04-17 18:00:00+00:00,1.4837,1.4842,1.4729,1.4774,1092533.75
2026-04-17 19:00:00+00:00,1.4774,1.4922,1.4765,1.4876,1473300.48
2026-04-17 20:00:00+00:00,1.4876,1.4897,1.4753,1.4816,857606.93
2026-04-17 21:00:00+00:00,1.4816,1.4869,1.4775,1.4791,774326.35
2026-04-17 22:00:00+00:00,1.4791,1.4882,1.477,1.4845,1460207.93
2026-04-17 23:00:00+00:00,1.4845,1.4845,1.4719,1.476,1001730.15
2026-04-18 00:00:00+00:00,1.476,1.48,1.4719,1.4759,616237.5
2026-04-18 01:00:00+00:00,1.4759,1.4822,1.4732,1.478,1323890.54
2026-04-18 02:00:00+00:00,1.478,1.478,1.4695,1.4753,609538.89
2026-04-18 03:00:00+00:00,1.4753,1.4754,1.467,1.4685,542098.81
2026-04-18 04:00:00+00:00,1.4685,1.4696,1.4626,1.4683,967748.46
2026-04-18 05:00:00+00:00,1.4683,1.4776,1.4679,1.4689,1017546.16
2026-04-18 06:00:00+00:00,1.4689,1.4731,1.4638,1.4707,949040.36
2026-04-18 07:00:00+00:00,1.4707,1.4756,1.4688,1.4739,518406.87
2026-04-18 08:00:00+00:00,1.4739,1.4753,1.4456,1.4533,3428884.82
2026-04-18 09:00:00+00:00,1.4533,1.4543,1.4462,1.4503,2183687.01
2026-04-18 10:00:00+00:00,1.4503,1.4505,1.4355,1.4396,1437856.75
2026-04-18 11:00:00+00:00,1.4396,1.4399,1.4234,1.4313,1595219.0
2026-04-18 12:00:00+00:00,1.4313,1.4379,1.4304,1.436,789290.72
2026-04-18 13:00:00+00:00,1.436,1.4385,1.4294,1.4371,733850.09
2026-04-18 14:00:00+00:00,1.4371,1.4384,1.4325,1.435,646794.25
2026-04-18 15:00:00+00:00,1.435,1.4397,1.4306,1.4357,972143.74
2026-04-18 16:00:00+00:00,1.4357,1.4394,1.4311,1.4336,707097.65
2026-04-18 17:00:00+00:00,1.4336,1.4337,1.4275,1.4318,749666.01
2026-04-18 18:00:00+00:00,1.4318,1.4344,1.4236,1.4255,968156.8
2026-04-18 19:00:00+00:00,1.4255,1.431,1.4249,1.427,552165.01
2026-04-18 20:00:00+00:00,1.427,1.4303,1.4238,1.4282,569985.84
2026-04-18 21:00:00+00:00,1.4282,1.438,1.4279,1.4359,486018.71
2026-04-18 22:00:00+00:00,1.4359,1.4361,1.43,1.4345,507277.3
2026-04-18 23:00:00+00:00,1.4345,1.4383,1.432,1.4323,386076.38
2026-04-19 00:00:00+00:00,1.4323,1.4362,1.4296,1.4329,342444.71
2026-04-19 01:00:00+00:00,1.4329,1.4386,1.4293,1.4319,602033.46
2026-04-19 02:00:00+00:00,1.4319,1.4351,1.424,1.4301,647021.31
2026-04-19 03:00:00+00:00,1.4301,1.4339,1.4265,1.4293,454902.17
2026-04-19 04:00:00+00:00,1.4293,1.4334,1.4236,1.4305,586704.78
2026-04-19 05:00:00+00:00,1.4305,1.4431,1.4294,1.4301,981720.57
2026-04-19 06:00:00+00:00,1.4301,1.431,1.4181,1.4285,1686310.53
2026-04-19 07:00:00+00:00,1.4285,1.4293,1.4148,1.42,2041897.96
2026-04-19 08:00:00+00:00,1.42,1.4291,1.4154,1.4245,1643480.02
2026-04-19 09:00:00+00:00,1.4245,1.4256,1.413,1.4213,1384747.87
2026-04-19 10:00:00+00:00,1.4213,1.4276,1.4159,1.4231,2181111.58
2026-04-19 11:00:00+00:00,1.4231,1.4312,1.4223,1.4295,576494.96
2026-04-19 12:00:00+00:00,1.4295,1.4332,1.4249,1.4313,718580.51
2026-04-19 13:00:00+00:00,1.4313,1.4479,1.431,1.4385,2240431.08
2026-04-19 14:00:00+00:00,1.4385,1.4427,1.4328,1.4379,3033681.8
2026-04-19 15:00:00+00:00,1.4379,1.4391,1.4204,1.4315,8366758.5
2026-04-19 16:00:00+00:00,1.4315,1.4326,1.4201,1.422,3878737.76
2026-04-19 17:00:00+00:00,1.422,1.4242,1.4118,1.4127,5615955.12
2026-04-19 18:00:00+00:00,1.4127,1.4181,1.4112,1.4154,4126599.27
2026-04-19 19:00:00+00:00,1.4154,1.4216,1.4154,1.4175,3643800.2
2026-04-19 20:00:00+00:00,1.4175,1.4175,1.4091,1.4104,5552200.1
2026-04-19 21:00:00+00:00,1.4104,1.4168,1.4089,1.4096,3726514.84
2026-04-19 22:00:00+00:00,1.4096,1.4096,1.3887,1.399,6165223.7
2026-04-19 23:00:00+00:00,1.399,1.399,1.3918,1.3939,2843888.48
2026-04-20 00:00:00+00:00,1.3939,1.4079,1.393,1.4054,4553113.61
2026-04-20 01:00:00+00:00,1.4054,1.4119,1.4047,1.4081,3977702.4
2026-04-20 02:00:00+00:00,1.4081,1.4086,1.4036,1.4081,2942152.92
2026-04-20 03:00:00+00:00,1.4081,1.4132,1.4076,1.411,3357959.6
2026-04-20 04:00:00+00:00,1.411,1.4115,1.4056,1.4095,2103564.67
2026-04-20 05:00:00+00:00,1.4095,1.4097,1.3955,1.3991,2419524.3
2026-04-20 06:00:00+00:00,1.3991,1.4152,1.3991,1.4139,1895823.74
2026-04-20 07:00:00+00:00,1.4139,1.4325,1.4106,1.4152,6220497.73
2026-04-20 08:00:00+00:00,1.4152,1.4176,1.406,1.4099,4517809.7
2026-04-20 09:00:00+00:00,1.4099,1.4208,1.4079,1.418,4013218.8
2026-04-20 10:00:00+00:00,1.418,1.4274,1.4129,1.414,3260787.67
2026-04-20 11:00:00+00:00,1.414,1.4186,1.4112,1.4152,2848335.51
2026-04-20 12:00:00+00:00,1.4152,1.4238,1.4129,1.422,2483236.85
2026-04-20 13:00:00+00:00,1.422,1.4278,1.4176,1.4246,4357526.54
2026-04-20 14:00:00+00:00,1.4246,1.4317,1.4143,1.4165,4658182.22
2026-04-20 15:00:00+00:00,1.4165,1.435,1.4091,1.433,3700740.73
2026-04-20 16:00:00+00:00,1.433,1.4338,1.4224,1.4237,2621568.78
2026-04-20 17:00:00+00:00,1.4237,1.4329,1.4229,1.4272,1929902.35
2026-04-20 18:00:00+00:00,1.4272,1.437,1.4272,1.4323,5351418.02
2026-04-20 19:00:00+00:00,1.4323,1.4336,1.4278,1.4303,3165812.28
2026-04-20 20:00:00+00:00,1.4303,1.4337,1.4245,1.4317,4819856.16
2026-04-20 21:00:00+00:00,1.4317,1.4326,1.4245,1.4301,3847763.41
2026-04-20 22:00:00+00:00,1.4301,1.4321,1.4252,1.426,2414702.18
2026-04-20 23:00:00+00:00,1.426,1.426,1.4209,1.4247,3020049.53
2026-04-21 00:00:00+00:00,1.4247,1.4295,1.4243,1.4274,1588754.17
2026-04-21 01:00:00+00:00,1.4274,1.4318,1.4246,1.4257,3001863.35
2026-04-21 02:00:00+00:00,1.4257,1.4265,1.4222,1.4222,1784187.95
2026-04-21 03:00:00+00:00,1.4222,1.4258,1.4195,1.4239,2725641.41
2026-04-21 04:00:00+00:00,1.4239,1.4286,1.4236,1.4279,2054022.18
2026-04-21 05:00:00+00:00,1.4279,1.4331,1.4279,1.4317,2640648.14
2026-04-21 06:00:00+00:00,1.4317,1.4411,1.4283,1.4371,3097931.5
2026-04-21 07:00:00+00:00,1.4371,1.4424,1.4324,1.4393,2615572.89
2026-04-21 08:00:00+00:00,1.4393,1.4496,1.4374,1.4427,1578188.43
2026-04-21 09:00:00+00:00,1.4427,1.4447,1.4376,1.4415,1213015.74
2026-04-21 10:00:00+00:00,1.4415,1.4469,1.4383,1.4445,1502211.69
2026-04-21 11:00:00+00:00,1.4445,1.4448,1.4376,1.4395,1872322.53
2026-04-21 12:00:00+00:00,1.4395,1.4408,1.4263,1.4324,1658127.93
2026-04-21 13:00:00+00:00,1.4324,1.4357,1.4289,1.433,1012020.84
2026-04-21 14:00:00+00:00,1.433,1.445,1.4303,1.4317,1045851.93
2026-04-21 15:00:00+00:00,1.4317,1.4335,1.4258,1.4323,1243872.9
2026-04-21 16:00:00+00:00,1.4323,1.436,1.4275,1.4286,988640.0
2026-04-21 17:00:00+00:00,1.4286,1.4309,1.4137,1.4243,1899500.64
2026-04-21 18:00:00+00:00,1.4243,1.4272,1.4201,1.427,1100242.41
2026-04-21 19:00:00+00:00,1.427,1.4318,1.4117,1.4138,1776444.34
2026-04-21 20:00:00+00:00,1.4138,1.4289,1.4124,1.4234,1535239.99
2026-04-21 21:00:00+00:00,1.4234,1.4249,1.4205,1.4226,424051.16
2026-04-21 22:00:00+00:00,1.4226,1.4236,1.4168,1.4222,425883.15
2026-04-21 23:00:00+00:00,1.4222,1.4341,1.4221,1.4334,659890.49
2026-04-22 00:00:00+00:00,1.4334,1.4343,1.4298,1.432,1774256.75
2026-04-22 01:00:00+00:00,1.432,1.4321,1.4268,1.4289,906597.03
2026-04-22 02:00:00+00:00,1.4289,1.449,1.4265,1.4484,3518934.93
2026-04-22 03:00:00+00:00,1.4484,1.4503,1.4406,1.443,1352685.4
2026-04-22 04:00:00+00:00,1.443,1.447,1.4414,1.4445,494309.9
2026-04-22 05:00:00+00:00,1.4445,1.4607,1.443,1.4544,2448715.49
2026-04-22 06:00:00+00:00,1.4544,1.4571,1.452,1.4567,1154900.85
2026-04-22 07:00:00+00:00,1.4567,1.4582,1.4513,1.4542,1797185.43
2026-04-22 08:00:00+00:00,1.4542,1.4554,1.45,1.4525,681924.41
2026-04-22 09:00:00+00:00,1.4525,1.4545,1.4497,1.4514,764505.83
2026-04-22 10:00:00+00:00,1.4514,1.4525,1.4486,1.4506,1234498.65
2026-04-22 11:00:00+00:00,1.4506,1.4547,1.449,1.4544,1293398.5
2026-04-22 12:00:00+00:00,1.4544,1.4554,1.4472,1.4507,1495976.18
2026-04-22 13:00:00+00:00,1.4507,1.4611,1.4478,1.4589,1772120.52
2026-04-22 14:00:00+00:00,1.4589,1.4632,1.4521,1.4576,1886043.97
2026-04-22 15:00:00+00:00,1.4576,1.4604,1.4517,1.4563,1342368.17
2026-04-22 16:00:00+00:00,1.4563,1.4589,1.446,1.447,1520935.69
2026-04-22 17:00:00+00:00,1.447,1.4521,1.4457,1.4492,1110872.19
2026-04-22 18:00:00+00:00,1.4492,1.4529,1.4478,1.4479,394111.44
2026-04-22 19:00:00+00:00,1.4479,1.4481,1.4374,1.4414,1039853.93
2026-04-22 20:00:00+00:00,1.4414,1.4429,1.434,1.437,1022560.07
2026-04-22 21:00:00+00:00,1.437,1.4417,1.437,1.4416,465105.75
2026-04-22 22:00:00+00:00,1.4416,1.4418,1.4354,1.438,616169.31
2026-04-22 23:00:00+00:00,1.438,1.4381,1.4289,1.4294,1546713.84
2026-04-23 00:00:00+00:00,1.4294,1.4314,1.4169,1.4291,2294543.38
2026-04-23 01:00:00+00:00,1.4291,1.4296,1.4209,1.4259,930377.11
2026-04-23 02:00:00+00:00,1.4259,1.426,1.4153,1.4191,1894465.52
2026-04-23 03:00:00+00:00,1.4191,1.4221,1.4115,1.4161,1370810.08
2026-04-23 04:00:00+00:00,1.4161,1.4193,1.4152,1.4178,816767.24
2026-04-23 05:00:00+00:00,1.4178,1.4205,1.4149,1.4195,987138.26
2026-04-23 06:00:00+00:00,1.4195,1.425,1.4195,1.4237,1007442.31
2026-04-23 07:00:00+00:00,1.4237,1.4239,1.4199,1.4208,1470367.08
2026-04-23 08:00:00+00:00,1.4208,1.4213,1.4152,1.4181,810685.06
2026-04-23 09:00:00+00:00,1.4181,1.4186,1.412,1.4148,1120908.23
2026-04-23 10:00:00+00:00,1.4148,1.4159,1.409,1.4106,1461394.62
2026-04-23 11:00:00+00:00,1.4106,1.4175,1.4106,1.4164,626867.0
2026-04-23 12:00:00+00:00,1.4164,1.4206,1.4148,1.4185,1234347.4
2026-04-23 13:00:00+00:00,1.4185,1.4197,1.4141,1.416,1393825.1
2026-04-23 14:00:00+00:00,1.416,1.43,1.4139,1.43,1289897.62
2026-04-23 15:00:00+00:00,1.43,1.4368,1.4255,1.4315,1266832.34
2026-04-23 16:00:00+00:00,1.4315,1.4332,1.4279,1.4299,1629896.3
2026-04-23 17:00:00+00:00,1.4299,1.4367,1.4211,1.435,3462343.75
2026-04-23 18:00:00+00:00,1.435,1.4408,1.4312,1.4312,1308093.37
2026-04-23 19:00:00+00:00,1.4312,1.4337,1.4268,1.4294,735301.91
2026-04-23 20:00:00+00:00,1.4294,1.4372,1.4278,1.4331,711552.96
2026-04-23 21:00:00+00:00,1.4331,1.4379,1.4308,1.4334,330005.97
2026-04-23 22:00:00+00:00,1.4334,1.4392,1.4332,1.4361,559519.21
2026-04-23 23:00:00+00:00,1.4361,1.4402,1.4323,1.4385,625095.26
2026-04-24 00:00:00+00:00,1.4385,1.4405,1.4377,1.4404,1016533.06
2026-04-24 01:00:00+00:00,1.4404,1.4447,1.4321,1.4442,952037.91
2026-04-24 02:00:00+00:00,1.4442,1.4454,1.4366,1.4374,673453.45
2026-04-24 03:00:00+00:00,1.4374,1.4388,1.4283,1.4306,943456.4
2026-04-24 04:00:00+00:00,1.4306,1.4308,1.4245,1.4289,937450.08
2026-04-24 05:00:00+00:00,1.4289,1.4336,1.4257,1.4327,497390.1
2026-04-24 06:00:00+00:00,1.4327,1.4332,1.4298,1.4299,665824.46
2026-04-24 07:00:00+00:00,1.4299,1.4327,1.4283,1.4324,494291.13
2026-04-24 08:00:00+00:00,1.4324,1.4362,1.4298,1.4314,596204.39
2026-04-24 09:00:00+00:00,1.4314,1.4317,1.4247,1.4256,1216402.23
2026-04-24 10:00:00+00:00,1.4256,1.4325,1.4235,1.4314,1557455.63
2026-04-24 11:00:00+00:00,1.4314,1.44,1.4313,1.4381,2198843.45
2026-04-24 12:00:00+00:00,1.4381,1.4408,1.4325,1.4344,1948309.49
2026-04-24 13:00:00+00:00,1.4344,1.4439,1.4334,1.4355,1830887.03
2026-04-24 14:00:00+00:00,1.4355,1.4391,1.4284,1.4338,2924376.76
2026-04-24 15:00:00+00:00,1.4338,1.448,1.4289,1.4477,1711158.6
2026-04-24 16:00:00+00:00,1.4477,1.4503,1.4376,1.4402,2663920.02
2026-04-24 17:00:00+00:00,1.4402,1.4426,1.4357,1.441,705587.1
2026-04-24 18:00:00+00:00,1.441,1.4417,1.4336,1.4387,347733.22
2026-04-24 19:00:00+00:00,1.4387,1.4422,1.4365,1.4389,352141.52
2026-04-24 20:00:00+00:00,1.4389,1.4418,1.4347,1.4403,358925.62
2026-04-24 21:00:00+00:00,1.4403,1.443,1.4367,1.4375,617481.83
2026-04-24 22:00:00+00:00,1.4375,1.4381,1.4295,1.4313,578803.91
2026-04-24 23:00:00+00:00,1.4313,1.4337,1.4313,1.4331,404815.03
2026-04-25 00:00:00+00:00,1.4331,1.4343,1.4316,1.4333,287196.19
2026-04-25 01:00:00+00:00,1.4333,1.437,1.4332,1.4359,371186.22
2026-04-25 02:00:00+00:00,1.4359,1.4375,1.4333,1.4336,415735.34
2026-04-25 03:00:00+00:00,1.4336,1.437,1.4329,1.4367,543527.81
2026-04-25 04:00:00+00:00,1.4367,1.4371,1.4336,1.434,171958.99
2026-04-25 05:00:00+00:00,1.434,1.434,1.4315,1.4324,222864.72
2026-04-25 06:00:00+00:00,1.4324,1.435,1.4311,1.4329,193618.24
2026-04-25 07:00:00+00:00,1.4329,1.4351,1.4311,1.4335,198569.77
2026-04-25 08:00:00+00:00,1.4335,1.4351,1.4324,1.4346,274560.91
2026-04-25 09:00:00+00:00,1.4346,1.4369,1.4332,1.4355,323120.31
2026-04-25 10:00:00+00:00,1.4355,1.4366,1.4348,1.4356,114464.71
2026-04-25 11:00:00+00:00,1.4356,1.4356,1.4296,1.4307,472091.09
2026-04-25 12:00:00+00:00,1.4307,1.4316,1.4284,1.4293,352028.31
2026-04-25 13:00:00+00:00,1.4293,1.4323,1.4287,1.431,180445.48
2026-04-25 14:00:00+00:00,1.431,1.4316,1.4291,1.4293,213387.07
2026-04-25 15:00:00+00:00,1.4293,1.4313,1.4245,1.4258,357043.3
2026-04-25 16:00:00+00:00,1.4258,1.428,1.4205,1.4243,461995.63
2026-04-25 17:00:00+00:00,1.4243,1.4249,1.4193,1.4202,454891.57
2026-04-25 18:00:00+00:00,1.4202,1.4228,1.4196,1.4213,290976.75
2026-04-25 19:00:00+00:00,1.4213,1.4215,1.4192,1.4205,263733.4
2026-04-25 20:00:00+00:00,1.4205,1.4224,1.4189,1.4222,230162.72
2026-04-25 21:00:00+00:00,1.4222,1.4236,1.422,1.4227,357101.62
2026-04-25 22:00:00+00:00,1.4227,1.4258,1.4223,1.4235,416741.23
2026-04-25 23:00:00+00:00,1.4235,1.4254,1.4225,1.4241,285331.91
2026-04-26 00:00:00+00:00,1.4241,1.4241,1.4201,1.4211,251068.12
2026-04-26 01:00:00+00:00,1.4211,1.4219,1.4187,1.4193,407400.21
2026-04-26 02:00:00+00:00,1.4193,1.4227,1.4193,1.4219,187538.19
2026-04-26 03:00:00+00:00,1.4219,1.424,1.4181,1.4187,392717.56
2026-04-26 04:00:00+00:00,1.4187,1.4238,1.4185,1.4222,689834.63
2026-04-26 05:00:00+00:00,1.4222,1.4295,1.4214,1.4256,671788.84
2026-04-26 06:00:00+00:00,1.4256,1.4284,1.4256,1.4275,259497.13
2026-04-26 07:00:00+00:00,1.4275,1.4292,1.4262,1.429,317723.61
2026-04-26 08:00:00+00:00,1.429,1.4295,1.4261,1.4265,368193.61
2026-04-26 09:00:00+00:00,1.4265,1.4286,1.4256,1.4284,281183.47
2026-04-26 10:00:00+00:00,1.4284,1.4289,1.4267,1.4275,249896.34
2026-04-26 11:00:00+00:00,1.4275,1.4318,1.4275,1.4306,374396.42
2026-04-26 12:00:00+00:00,1.4306,1.4321,1.4239,1.4251,642015.79
2026-04-26 13:00:00+00:00,1.4251,1.4258,1.4233,1.4246,431099.65
2026-04-26 14:00:00+00:00,1.4246,1.43,1.4236,1.4274,447973.35
2026-04-26 15:00:00+00:00,1.4274,1.4294,1.4264,1.4292,301159.1
2026-04-26 16:00:00+00:00,1.4292,1.4297,1.4251,1.4254,311293.61
2026-04-26 17:00:00+00:00,1.4254,1.4267,1.4225,1.4249,386414.46
2026-04-26 18:00:00+00:00,1.4249,1.4302,1.4231,1.4289,484475.2
2026-04-26 19:00:00+00:00,1.4289,1.4363,1.428,1.4303,854308.84
2026-04-26 20:00:00+00:00,1.4303,1.433,1.4274,1.4275,417684.11
2026-04-26 21:00:00+00:00,1.4275,1.4302,1.4203,1.4284,1308186.69
2026-04-26 22:00:00+00:00,1.4284,1.4357,1.4237,1.4272,1099551.93
2026-04-26 23:00:00+00:00,1.4272,1.4349,1.4252,1.4308,835643.83
2026-04-27 00:00:00+00:00,1.4308,1.4407,1.4254,1.4394,849338.29
2026-04-27 01:00:00+00:00,1.4394,1.4463,1.435,1.4446,1522598.77
2026-04-27 02:00:00+00:00,1.4446,1.4458,1.4401,1.4436,847548.6
2026-04-27 03:00:00+00:00,1.4436,1.4467,1.4417,1.4424,885096.48
2026-04-27 04:00:00+00:00,1.4424,1.4425,1.438,1.4402,474788.36
2026-04-27 05:00:00+00:00,1.4402,1.4406,1.4167,1.4195,2322332.54
2026-04-27 06:00:00+00:00,1.4195,1.4208,1.413,1.4182,802249.69
2026-04-27 07:00:00+00:00,1.4182,1.4189,1.4137,1.4146,814679.1
2026-04-27 08:00:00+00:00,1.4146,1.4181,1.413,1.4181,947284.33
2026-04-27 09:00:00+00:00,1.4181,1.4191,1.4153,1.4168,651288.38
2026-04-27 10:00:00+00:00,1.4168,1.417,1.4144,1.4153,607851.26
2026-04-27 11:00:00+00:00,1.4153,1.4153,1.4125,1.4137,687702.56
2026-04-27 12:00:00+00:00,1.4137,1.415,1.41,1.4107,802858.63
2026-04-27 13:00:00+00:00,1.4107,1.4124,1.3981,1.4019,2496950.25
2026-04-27 14:00:00+00:00,1.4019,1.4108,1.3988,1.4038,1780176.11
2026-04-27 15:00:00+00:00,1.4038,1.4043,1.3842,1.3881,2456437.87
2026-04-27 16:00:00+00:00,1.3881,1.3916,1.3847,1.3889,801174.92
2026-04-27 17:00:00+00:00,1.3889,1.3954,1.3889,1.3935,918561.83
2026-04-27 18:00:00+00:00,1.3935,1.3974,1.3927,1.3959,398552.39
2026-04-27 19:00:00+00:00,1.3959,1.3966,1.3871,1.3931,482502.77
2026-04-27 20:00:00+00:00,1.3931,1.3951,1.391,1.3928,312578.15
2026-04-27 21:00:00+00:00,1.3928,1.3937,1.3899,1.3899,439676.19
2026-04-27 22:00:00+00:00,1.3899,1.3972,1.3895,1.3969,556529.88
2026-04-27 23:00:00+00:00,1.3969,1.4023,1.3967,1.4008,510180.6
2026-04-28 00:00:00+00:00,1.4008,1.4009,1.3954,1.398,457272.9
2026-04-28 01:00:00+00:00,1.398,1.3992,1.3963,1.3976,314410.64
2026-04-28 02:00:00+00:00,1.3976,1.3992,1.3913,1.3935,451274.85
2026-04-28 03:00:00+00:00,1.3935,1.3938,1.3888,1.393,370427.45
2026-04-28 04:00:00+00:00,1.393,1.3945,1.3906,1.3928,330678.9
2026-04-28 05:00:00+00:00,1.3928,1.3973,1.3923,1.3935,914738.67
2026-04-28 06:00:00+00:00,1.3935,1.3971,1.3863,1.3889,732881.05
2026-04-28 07:00:00+00:00,1.3889,1.3935,1.385,1.393,679562.94
2026-04-28 08:00:00+00:00,1.393,1.3959,1.391,1.3924,419983.88
2026-04-28 09:00:00+00:00,1.3924,1.3926,1.3862,1.3872,808979.62
2026-04-28 10:00:00+00:00,1.3872,1.3897,1.3862,1.388,1227665.98
2026-04-28 11:00:00+00:00,1.388,1.3886,1.3793,1.3812,2228942.63
2026-04-28 12:00:00+00:00,1.3812,1.3845,1.3786,1.3828,1268461.25
2026-04-28 13:00:00+00:00,1.3828,1.3841,1.3747,1.3782,2122085.21
2026-04-28 14:00:00+00:00,1.3782,1.3782,1.3678,1.37,1817011.82
2026-04-28 15:00:00+00:00,1.37,1.376,1.3691,1.3753,1542849.47
2026-04-28 16:00:00+00:00,1.3753,1.3772,1.3703,1.3768,1376047.67
2026-04-28 17:00:00+00:00,1.3768,1.381,1.3742,1.3789,798523.83
2026-04-28 18:00:00+00:00,1.3789,1.3827,1.3787,1.3823,630475.55
2026-04-28 19:00:00+00:00,1.3823,1.3864,1.3778,1.3825,1307138.1
2026-04-28 20:00:00+00:00,1.3825,1.385,1.3816,1.3831,603804.86
2026-04-28 21:00:00+00:00,1.3831,1.3843,1.3788,1.3803,476352.64
2026-04-28 22:00:00+00:00,1.3803,1.3853,1.3788,1.3799,698432.57
2026-04-28 23:00:00+00:00,1.3799,1.3818,1.3787,1.3807,222945.96
2026-04-29 00:00:00+00:00,1.3807,1.3847,1.3783,1.3831,1455453.72
2026-04-29 01:00:00+00:00,1.3831,1.3837,1.377,1.3817,925210.8
2026-04-29 02:00:00+00:00,1.3817,1.3835,1.3791,1.3799,989385.77
2026-04-29 03:00:00+00:00,1.3799,1.39,1.3794,1.3892,1518490.38
2026-04-29 04:00:00+00:00,1.3892,1.3975,1.3876,1.3951,1285088.61
2026-04-29 05:00:00+00:00,1.3951,1.3974,1.3939,1.396,493075.31
2026-04-29 06:00:00+00:00,1.396,1.399,1.3906,1.3924,2285749.43
2026-04-29 07:00:00+00:00,1.3924,1.3959,1.3908,1.3923,888469.33
2026-04-29 08:00:00+00:00,1.3923,1.3932,1.3891,1.3916,479759.49
2026-04-29 09:00:00+00:00,1.3916,1.4064,1.3906,1.4037,1953600.43
2026-04-29 10:00:00+00:00,1.4037,1.4064,1.3968,1.3978,1793855.01
2026-04-29 11:00:00+00:00,1.3978,1.3978,1.3926,1.3945,1467123.14
2026-04-29 12:00:00+00:00,1.3945,1.3947,1.3794,1.3833,2688473.27
2026-04-29 13:00:00+00:00,1.3833,1.3841,1.3704,1.3757,2851197.16
2026-04-29 14:00:00+00:00,1.3757,1.3781,1.3701,1.3722,1787384.07
2026-04-29 15:00:00+00:00,1.3722,1.3729,1.3588,1.3618,2834317.77
2026-04-29 16:00:00+00:00,1.3618,1.3674,1.3586,1.3635,3112340.61
2026-04-29 17:00:00+00:00,1.3635,1.3687,1.3629,1.368,1060535.21
2026-04-29 18:00:00+00:00,1.368,1.3703,1.3457,1.3576,3784748.58
2026-04-29 19:00:00+00:00,1.3576,1.3586,1.3518,1.3534,669351.39
2026-04-29 20:00:00+00:00,1.3534,1.3654,1.3532,1.3627,1385408.14
2026-04-29 21:00:00+00:00,1.3627,1.3729,1.3619,1.369,881400.41
2026-04-29 22:00:00+00:00,1.369,1.371,1.3671,1.3699,465724.93
2026-04-29 23:00:00+00:00,1.3699,1.3712,1.3649,1.3692,655462.14
2026-04-30 00:00:00+00:00,1.3692,1.3847,1.3692,1.3831,1036085.42
2026-04-30 01:00:00+00:00,1.3831,1.3846,1.3776,1.3795,1044480.43
2026-04-30 02:00:00+00:00,1.3795,1.3818,1.3676,1.3731,1104271.22
2026-04-30 03:00:00+00:00,1.3731,1.3755,1.3711,1.3734,394916.23
2026-04-30 04:00:00+00:00,1.3734,1.3734,1.3609,1.3629,809326.04
2026-04-30 05:00:00+00:00,1.3629,1.3674,1.3589,1.3645,520629.57
2026-04-30 06:00:00+00:00,1.3645,1.3717,1.3609,1.369,1778403.6
2026-04-30 07:00:00+00:00,1.369,1.3754,1.3673,1.3746,615847.82
2026-04-30 08:00:00+00:00,1.3746,1.3765,1.3724,1.3728,450058.44
2026-04-30 09:00:00+00:00,1.3728,1.3798,1.3719,1.3734,526796.62
2026-04-30 10:00:00+00:00,1.3734,1.3747,1.3693,1.3702,1509118.01
2026-04-30 11:00:00+00:00,1.3702,1.3757,1.3664,1.3693,1793478.68
2026-04-30 12:00:00+00:00,1.3693,1.3757,1.3689,1.3696,1818828.49
2026-04-30 13:00:00+00:00,1.3696,1.3745,1.365,1.3697,1691355.78
2026-04-30 14:00:00+00:00,1.3697,1.3725,1.3626,1.3682,1501795.24
2026-04-30 15:00:00+00:00,1.3682,1.375,1.3651,1.3693,1640438.68
2026-04-30 16:00:00+00:00,1.3693,1.3695,1.3648,1.3659,1044885.86
2026-04-30 17:00:00+00:00,1.3659,1.3696,1.3627,1.3682,628076.81
2026-04-30 18:00:00+00:00,1.3682,1.372,1.3667,1.3701,544101.65
2026-04-30 19:00:00+00:00,1.3701,1.3745,1.3692,1.3705,294163.43
2026-04-30 20:00:00+00:00,1.3705,1.3715,1.3682,1.3699,266046.45
2026-04-30 21:00:00+00:00,1.3699,1.3724,1.366,1.366,378835.85
2026-04-30 22:00:00+00:00,1.366,1.3682,1.3646,1.3649,356004.8
2026-04-30 23:00:00+00:00,1.3649,1.3686,1.3647,1.3679,195245.66
2026-05-01 00:00:00+00:00,1.3679,1.3733,1.3648,1.369,1898441.1
2026-05-01 01:00:00+00:00,1.369,1.3749,1.3652,1.3712,2894208.22
2026-05-01 02:00:00+00:00,1.3712,1.3721,1.3685,1.3702,416769.77
2026-05-01 03:00:00+00:00,1.3702,1.3804,1.3689,1.3766,1032766.86
2026-05-01 04:00:00+00:00,1.3766,1.3788,1.3742,1.3758,644533.63
2026-05-01 05:00:00+00:00,1.3758,1.3785,1.3748,1.3767,365225.22
2026-05-01 06:00:00+00:00,1.3767,1.3789,1.3723,1.3734,407982.96
2026-05-01 07:00:00+00:00,1.3734,1.3758,1.3719,1.375,515530.02
2026-05-01 08:00:00+00:00,1.375,1.3809,1.3741,1.3785,938399.3
2026-05-01 09:00:00+00:00,1.3785,1.3788,1.3742,1.3756,294658.11
2026-05-01 10:00:00+00:00,1.3756,1.3769,1.372,1.3767,357650.5
2026-05-01 11:00:00+00:00,1.3767,1.3801,1.3756,1.378,203679.82
2026-05-01 12:00:00+00:00,1.378,1.3877,1.3774,1.3835,1170691.34
2026-05-01 13:00:00+00:00,1.3835,1.3996,1.3835,1.398,1437663.58
2026-05-01 14:00:00+00:00,1.398,1.4001,1.3896,1.3947,906828.52
2026-05-01 15:00:00+00:00,1.3947,1.3996,1.3911,1.3962,1000337.84
2026-05-01 16:00:00+00:00,1.3962,1.3988,1.3917,1.3917,705434.64
2026-05-01 17:00:00+00:00,1.3917,1.3953,1.3889,1.3948,528272.49
2026-05-01 18:00:00+00:00,1.3948,1.3955,1.3929,1.3938,204941.89
2026-05-01 19:00:00+00:00,1.3938,1.3961,1.3923,1.3938,378257.56
2026-05-01 20:00:00+00:00,1.3938,1.3948,1.3829,1.3846,646574.8
2026-05-01 21:00:00+00:00,1.3846,1.3891,1.3843,1.3888,271623.14
2026-05-01 22:00:00+00:00,1.3888,1.3901,1.3835,1.3835,424954.36
2026-05-01 23:00:00+00:00,1.3835,1.3857,1.3813,1.3857,900870.06
2026-05-02 00:00:00+00:00,1.3857,1.3906,1.3847,1.3867,1533248.01
2026-05-02 01:00:00+00:00,1.3867,1.3888,1.384,1.3847,344364.34
2026-05-02 02:00:00+00:00,1.3847,1.3883,1.3811,1.3857,1015068.24
2026-05-02 03:00:00+00:00,1.3857,1.3885,1.3841,1.386,231246.23
2026-05-02 04:00:00+00:00,1.386,1.3862,1.3828,1.3848,421571.86
2026-05-02 05:00:00+00:00,1.3848,1.3849,1.3826,1.3837,368137.84
2026-05-02 06:00:00+00:00,1.3837,1.3875,1.3837,1.3872,126533.82
2026-05-02 07:00:00+00:00,1.3872,1.3881,1.3853,1.3854,142443.47
2026-05-02 08:00:00+00:00,1.3854,1.386,1.384,1.3849,222885.03
2026-05-02 09:00:00+00:00,1.3849,1.3877,1.3839,1.3865,417013.21
2026-05-02 10:00:00+00:00,1.3865,1.3879,1.3862,1.3876,228928.72
2026-05-02 11:00:00+00:00,1.3876,1.391,1.3852,1.3859,484340.54
2026-05-02 12:00:00+00:00,1.3859,1.388,1.3849,1.387,402713.91
2026-05-02 13:00:00+00:00,1.387,1.3925,1.387,1.392,381718.35
2026-05-02 14:00:00+00:00,1.392,1.3933,1.3898,1.3919,284361.5
2026-05-02 15:00:00+00:00,1.3919,1.3942,1.3914,1.3932,210826.35
2026-05-02 16:00:00+00:00,1.3932,1.395,1.3911,1.393,321378.08
2026-05-02 17:00:00+00:00,1.393,1.3944,1.3914,1.3914,281128.79
2026-05-02 18:00:00+00:00,1.3914,1.3938,1.3895,1.3931,174061.54
2026-05-02 19:00:00+00:00,1.3931,1.395,1.393,1.3944,84095.93
2026-05-02 20:00:00+00:00,1.3944,1.3947,1.393,1.3931,167616.12
2026-05-02 21:00:00+00:00,1.3931,1.4003,1.3902,1.3934,1411060.34
2026-05-02 22:00:00+00:00,1.3934,1.4011,1.3919,1.3965,1396467.21
2026-05-02 23:00:00+00:00,1.3965,1.3968,1.391,1.3937,1759777.12
2026-05-03 00:00:00+00:00,1.3937,1.3947,1.3882,1.3892,338992.32
2026-05-03 01:00:00+00:00,1.3892,1.3893,1.3835,1.3839,302388.96
2026-05-03 02:00:00+00:00,1.3839,1.3848,1.3816,1.3834,203322.65
2026-05-03 03:00:00+00:00,1.3834,1.3844,1.382,1.3841,183778.1
2026-05-03 04:00:00+00:00,1.3841,1.3854,1.3822,1.3838,124054.76
2026-05-03 05:00:00+00:00,1.3838,1.3859,1.3837,1.3849,154688.53
2026-05-03 06:00:00+00:00,1.3849,1.3858,1.3823,1.3852,309523.44
2026-05-03 07:00:00+00:00,1.3852,1.3887,1.385,1.3862,263733.12
2026-05-03 08:00:00+00:00,1.3862,1.3883,1.3859,1.3879,242312.36
2026-05-03 09:00:00+00:00,1.3879,1.3908,1.3876,1.3893,154963.24
2026-05-03 10:00:00+00:00,1.3893,1.39,1.3879,1.3882,126482.46
2026-05-03 11:00:00+00:00,1.3882,1.3982,1.3871,1.3951,479143.82
2026-05-03 12:00:00+00:00,1.3951,1.3984,1.395,1.3963,378635.59
2026-05-03 13:00:00+00:00,1.3963,1.3988,1.3932,1.3951,236205.76
2026-05-03 14:00:00+00:00,1.3951,1.3974,1.393,1.3973,190518.67
2026-05-03 15:00:00+00:00,1.3973,1.3987,1.3943,1.3956,285578.97
2026-05-03 16:00:00+00:00,1.3956,1.3982,1.3941,1.3944,157680.5
2026-05-03 17:00:00+00:00,1.3944,1.3963,1.3918,1.3949,178862.19
2026-05-03 18:00:00+00:00,1.3949,1.3954,1.3935,1.3941,129830.08
2026-05-03 19:00:00+00:00,1.3941,1.3979,1.3937,1.3952,135981.07
2026-05-03 20:00:00+00:00,1.3952,1.3998,1.3925,1.393,410755.0
2026-05-03 21:00:00+00:00,1.393,1.3958,1.3892,1.3918,524456.16
2026-05-03 22:00:00+00:00,1.3918,1.4039,1.3918,1.3978,808010.86
2026-05-03 23:00:00+00:00,1.3978,1.4009,1.3867,1.3877,570589.56
2026-05-04 00:00:00+00:00,1.3877,1.3891,1.383,1.3881,456868.4
2026-05-04 01:00:00+00:00,1.3881,1.4075,1.3839,1.4047,2533302.96
2026-05-04 02:00:00+00:00,1.4047,1.4152,1.4009,1.4106,2414708.06
2026-05-04 03:00:00+00:00,1.4106,1.4149,1.408,1.4132,1762143.41
2026-05-04 04:00:00+00:00,1.4132,1.4209,1.4132,1.4165,1279607.15
2026-05-04 05:00:00+00:00,1.4165,1.4176,1.4109,1.4118,968824.09
2026-05-04 06:00:00+00:00,1.4118,1.4127,1.4021,1.4091,1434504.97
2026-05-04 07:00:00+00:00,1.4091,1.4143,1.408,1.4106,516573.17
2026-05-04 08:00:00+00:00,1.4106,1.4128,1.4073,1.4115,488506.67
2026-05-04 09:00:00+00:00,1.4115,1.4197,1.4109,1.4173,991858.08
2026-05-04 10:00:00+00:00,1.4173,1.4179,1.3857,1.3953,3271141.0
2026-05-04 11:00:00+00:00,1.3953,1.3978,1.3923,1.3939,898581.12
2026-05-04 12:00:00+00:00,1.3939,1.3966,1.3925,1.3933,667221.97
2026-05-04 13:00:00+00:00,1.3933,1.3997,1.3886,1.3933,1010561.25
2026-05-04 14:00:00+00:00,1.3933,1.4134,1.3889,1.408,2078310.04
2026-05-04 15:00:00+00:00,1.408,1.409,1.393,1.3988,2192321.75
2026-05-04 16:00:00+00:00,1.3988,1.4052,1.3938,1.4006,1337087.38
2026-05-04 17:00:00+00:00,1.4006,1.4122,1.4,1.4086,657860.25
2026-05-04 18:00:00+00:00,1.4086,1.4098,1.402,1.4039,367458.76
2026-05-04 19:00:00+00:00,1.4039,1.4043,1.3978,1.398,287411.74
2026-05-04 20:00:00+00:00,1.398,1.3982,1.3925,1.3933,324340.01
2026-05-04 21:00:00+00:00,1.3933,1.3989,1.3933,1.3974,283863.38
2026-05-04 22:00:00+00:00,1.3974,1.4012,1.3945,1.3955,296698.85
2026-05-04 23:00:00+00:00,1.3955,1.3955,1.3902,1.3917,377434.16
2026-05-05 00:00:00+00:00,1.3917,1.3959,1.3905,1.3958,255724.63
2026-05-05 01:00:00+00:00,1.3958,1.3983,1.3936,1.3971,299762.55
2026-05-05 02:00:00+00:00,1.3971,1.4047,1.3965,1.4005,711114.03
2026-05-05 03:00:00+00:00,1.4005,1.4098,1.3993,1.4057,557010.59
2026-05-05 04:00:00+00:00,1.4057,1.4068,1.4007,1.4019,564297.36
2026-05-05 05:00:00+00:00,1.4019,1.4068,1.4,1.4017,611052.57
2026-05-05 06:00:00+00:00,1.4017,1.4073,1.401,1.4072,461802.46
2026-05-05 07:00:00+00:00,1.4072,1.41,1.4022,1.407,1240065.67
2026-05-05 08:00:00+00:00,1.407,1.4095,1.4061,1.4068,731700.87
2026-05-05 09:00:00+00:00,1.4068,1.4071,1.4019,1.4035,365245.78
2026-05-05 10:00:00+00:00,1.4035,1.4076,1.4026,1.4066,672754.81
2026-05-05 11:00:00+00:00,1.4066,1.4087,1.402,1.4078,557275.19
2026-05-05 12:00:00+00:00,1.4078,1.414,1.4065,1.4129,840321.97
2026-05-05 13:00:00+00:00,1.4129,1.4202,1.4108,1.4135,1425383.58
2026-05-05 14:00:00+00:00,1.4135,1.4137,1.4048,1.411,1026816.96
2026-05-05 15:00:00+00:00,1.411,1.4159,1.4101,1.4117,443977.82
2026-05-05 16:00:00+00:00,1.4117,1.4149,1.4046,1.408,674399.8
2026-05-05 17:00:00+00:00,1.408,1.4097,1.405,1.4083,443339.0
2026-05-05 18:00:00+00:00,1.4083,1.4125,1.408,1.41,320154.55
2026-05-05 19:00:00+00:00,1.41,1.4135,1.4087,1.4129,327806.05
2026-05-05 20:00:00+00:00,1.4129,1.4179,1.4125,1.4168,512895.49
2026-05-05 21:00:00+00:00,1.4168,1.4224,1.413,1.4158,976890.36
2026-05-05 22:00:00+00:00,1.4158,1.4213,1.4099,1.4156,1312350.27
2026-05-05 23:00:00+00:00,1.4156,1.4179,1.4093,1.4128,337825.27
2026-05-06 00:00:00+00:00,1.4128,1.415,1.4072,1.411,1878307.34
2026-05-06 01:00:00+00:00,1.411,1.4195,1.4098,1.418,1677547.92
2026-05-06 02:00:00+00:00,1.418,1.4184,1.4103,1.4164,466399.66
2026-05-06 03:00:00+00:00,1.4164,1.4242,1.4162,1.4218,1007736.32
2026-05-06 04:00:00+00:00,1.4218,1.4247,1.4175,1.4198,1389823.82
2026-05-06 05:00:00+00:00,1.4198,1.4232,1.414,1.4225,1931769.45
2026-05-06 06:00:00+00:00,1.4225,1.4273,1.4209,1.4259,847729.26
2026-05-06 07:00:00+00:00,1.4259,1.4354,1.4244,1.4313,1717777.81
2026-05-06 08:00:00+00:00,1.4313,1.4434,1.4298,1.4429,1403068.78
2026-05-06 09:00:00+00:00,1.4429,1.4509,1.4386,1.4491,1937008.37
2026-05-06 10:00:00+00:00,1.4491,1.4539,1.4467,1.4511,1350582.02
2026-05-06 11:00:00+00:00,1.4511,1.457,1.4491,1.4509,1103117.81
2026-05-06 12:00:00+00:00,1.4509,1.4523,1.4446,1.4451,1400749.14
2026-05-06 13:00:00+00:00,1.4451,1.4451,1.418,1.4226,3751618.31
2026-05-06 14:00:00+00:00,1.4226,1.4295,1.4133,1.4233,2808654.2
2026-05-06 15:00:00+00:00,1.4233,1.4322,1.4215,1.4299,1144740.04
2026-05-06 16:00:00+00:00,1.4299,1.4344,1.4238,1.4291,1183791.08
2026-05-06 17:00:00+00:00,1.4291,1.4308,1.4242,1.4258,813848.11
2026-05-06 18:00:00+00:00,1.4258,1.427,1.4211,1.4227,639676.55
2026-05-06 19:00:00+00:00,1.4227,1.4287,1.4222,1.4277,1984452.99
2026-05-06 20:00:00+00:00,1.4277,1.4288,1.4213,1.4244,1003071.05
2026-05-06 21:00:00+00:00,1.4244,1.4283,1.4218,1.4264,963841.16
2026-05-06 22:00:00+00:00,1.4264,1.4268,1.4215,1.4221,896637.79
2026-05-06 23:00:00+00:00,1.4221,1.4251,1.4166,1.4248,733543.17
2026-05-07 00:00:00+00:00,1.4248,1.4256,1.4171,1.4179,729749.09
2026-05-07 01:00:00+00:00,1.4179,1.4195,1.4128,1.4155,874682.27
2026-05-07 02:00:00+00:00,1.4155,1.4163,1.4101,1.4119,1028474.51
2026-05-07 03:00:00+00:00,1.4119,1.4119,1.4028,1.4051,2669869.42
2026-05-07 04:00:00+00:00,1.4051,1.4097,1.404,1.4076,2027989.0
2026-05-07 05:00:00+00:00,1.4076,1.4143,1.4073,1.411,1834435.11
2026-05-07 06:00:00+00:00,1.411,1.4163,1.4048,1.4158,1248761.53
2026-05-07 07:00:00+00:00,1.4158,1.4214,1.4147,1.4199,865417.03
2026-05-07 08:00:00+00:00,1.4199,1.4211,1.4156,1.4161,617798.56
2026-05-07 09:00:00+00:00,1.4161,1.4162,1.4104,1.4115,1135899.12
2026-05-07 10:00:00+00:00,1.4115,1.4138,1.4065,1.4098,964882.43
2026-05-07 11:00:00+00:00,1.4098,1.4134,1.4086,1.4097,524631.85
2026-05-07 12:00:00+00:00,1.4097,1.4149,1.4092,1.4147,947697.15
2026-05-07 13:00:00+00:00,1.4147,1.4147,1.3966,1.4014,1662402.47
2026-05-07 14:00:00+00:00,1.4014,1.4038,1.3911,1.3931,3500336.41
2026-05-07 15:00:00+00:00,1.3931,1.3946,1.3831,1.3905,3957494.91
2026-05-07 16:00:00+00:00,1.3905,1.3924,1.3866,1.3886,2131167.54
2026-05-07 17:00:00+00:00,1.3886,1.3927,1.3838,1.3916,1993705.69
2026-05-07 18:00:00+00:00,1.3916,1.3961,1.3888,1.3922,1150314.21
2026-05-07 19:00:00+00:00,1.3922,1.3922,1.3854,1.3859,977988.52
2026-05-07 20:00:00+00:00,1.3859,1.3932,1.3818,1.3826,962698.39
2026-05-07 21:00:00+00:00,1.3826,1.3867,1.3802,1.3836,947597.04
2026-05-07 22:00:00+00:00,1.3836,1.3866,1.3802,1.3849,862045.93
2026-05-07 23:00:00+00:00,1.3849,1.3876,1.3842,1.3867,596477.35
2026-05-08 00:00:00+00:00,1.3867,1.3898,1.3842,1.3854,639066.25
2026-05-08 01:00:00+00:00,1.3854,1.3868,1.3824,1.3857,231764.15
2026-05-08 02:00:00+00:00,1.3857,1.386,1.3795,1.3834,767336.62
2026-05-08 03:00:00+00:00,1.3834,1.3874,1.3796,1.3853,516242.55
2026-05-08 04:00:00+00:00,1.3853,1.387,1.3837,1.3857,777088.93
2026-05-08 05:00:00+00:00,1.3857,1.3878,1.3832,1.3832,623511.2
2026-05-08 06:00:00+00:00,1.3832,1.3833,1.3777,1.3816,872871.91
2026-05-08 07:00:00+00:00,1.3816,1.3847,1.3788,1.3838,560889.44
2026-05-08 08:00:00+00:00,1.3838,1.3901,1.382,1.388,1224950.21
2026-05-08 09:00:00+00:00,1.388,1.3915,1.3857,1.3869,416138.48
2026-05-08 10:00:00+00:00,1.3869,1.3918,1.3848,1.3896,1389516.31
2026-05-08 11:00:00+00:00,1.3896,1.3924,1.3888,1.3911,2133084.36
2026-05-08 12:00:00+00:00,1.3911,1.3939,1.3863,1.3874,1291800.66
2026-05-08 13:00:00+00:00,1.3874,1.3884,1.3838,1.3867,1407847.71
2026-05-08 14:00:00+00:00,1.3867,1.3964,1.3867,1.3928,1472571.71
2026-05-08 15:00:00+00:00,1.3928,1.3981,1.3854,1.3973,1392383.27
2026-05-08 16:00:00+00:00,1.3973,1.3976,1.3927,1.3943,993862.18
2026-05-08 17:00:00+00:00,1.3943,1.4105,1.394,1.4082,1221411.12
2026-05-08 18:00:00+00:00,1.4082,1.4245,1.4082,1.4193,1792416.19
2026-05-08 19:00:00+00:00,1.4193,1.4271,1.4167,1.4191,1119031.95
2026-05-08 20:00:00+00:00,1.4191,1.4191,1.4112,1.4123,843841.86
2026-05-08 21:00:00+00:00,1.4123,1.4219,1.4123,1.4219,876117.41
2026-05-08 22:00:00+00:00,1.4219,1.4237,1.4179,1.4186,491698.45
2026-05-08 23:00:00+00:00,1.4186,1.419,1.4155,1.4181,263546.29
2026-05-09 00:00:00+00:00,1.4181,1.4252,1.418,1.4248,643771.29
2026-05-09 01:00:00+00:00,1.4248,1.4349,1.4245,1.4324,1042924.53
2026-05-09 02:00:00+00:00,1.4324,1.4341,1.4278,1.4311,478208.95
2026-05-09 03:00:00+00:00,1.4311,1.4344,1.4269,1.429,827734.4
2026-05-09 04:00:00+00:00,1.429,1.4344,1.4274,1.4282,634612.08
2026-05-09 05:00:00+00:00,1.4282,1.4313,1.4252,1.4265,1086051.63
2026-05-09 06:00:00+00:00,1.4265,1.4276,1.4227,1.4259,1263935.15
2026-05-09 07:00:00+00:00,1.4259,1.4277,1.4225,1.4237,1555567.03
2026-05-09 08:00:00+00:00,1.4237,1.4256,1.4231,1.4243,348234.34
2026-05-09 09:00:00+00:00,1.4243,1.4256,1.4184,1.4196,530594.43
2026-05-09 10:00:00+00:00,1.4196,1.4228,1.4175,1.4212,283815.61
2026-05-09 11:00:00+00:00,1.4212,1.423,1.4205,1.4221,174033.97
2026-05-09 12:00:00+00:00,1.4221,1.4227,1.4195,1.4205,616502.63
2026-05-09 13:00:00+00:00,1.4205,1.4206,1.4167,1.4199,288730.7
2026-05-09 14:00:00+00:00,1.4199,1.4212,1.4151,1.4154,350781.45
2026-05-09 15:00:00+00:00,1.4154,1.4161,1.412,1.4142,426037.38
2026-05-09 16:00:00+00:00,1.4142,1.4196,1.4112,1.4174,1201530.85
2026-05-09 17:00:00+00:00,1.4174,1.4246,1.4173,1.421,492240.44
2026-05-09 18:00:00+00:00,1.421,1.4249,1.4206,1.4222,381422.85
2026-05-09 19:00:00+00:00,1.4222,1.4241,1.4213,1.4238,222453.31
2026-05-09 20:00:00+00:00,1.4238,1.424,1.4205,1.4215,151460.4
2026-05-09 21:00:00+00:00,1.4215,1.4238,1.4211,1.4224,231546.06
2026-05-09 22:00:00+00:00,1.4224,1.4251,1.4212,1.4232,138545.31
2026-05-09 23:00:00+00:00,1.4232,1.4253,1.4187,1.4203,248343.92
2026-05-10 00:00:00+00:00,1.4203,1.4226,1.4157,1.4167,273639.54
2026-05-10 01:00:00+00:00,1.4167,1.4171,1.4118,1.4148,306395.54
2026-05-10 02:00:00+00:00,1.4148,1.4229,1.4132,1.4174,906941.33
2026-05-10 03:00:00+00:00,1.4174,1.4201,1.4144,1.4168,1108330.12
2026-05-10 04:00:00+00:00,1.4168,1.419,1.4153,1.4178,258293.97
2026-05-10 05:00:00+00:00,1.4178,1.42,1.4163,1.4178,197008.56
2026-05-10 06:00:00+00:00,1.4178,1.4189,1.4157,1.4183,289604.02
2026-05-10 07:00:00+00:00,1.4183,1.4215,1.4172,1.42,209557.21
2026-05-10 08:00:00+00:00,1.42,1.4274,1.4192,1.4269,378059.03
2026-05-10 09:00:00+00:00,1.4269,1.4287,1.4233,1.4282,534093.57
2026-05-10 10:00:00+00:00,1.4282,1.4307,1.4242,1.4272,890824.78
2026-05-10 11:00:00+00:00,1.4272,1.4274,1.4184,1.4231,790758.17
2026-05-10 12:00:00+00:00,1.4231,1.4241,1.421,1.424,214625.07
2026-05-10 13:00:00+00:00,1.424,1.4339,1.4232,1.4324,957616.23
2026-05-10 14:00:00+00:00,1.4324,1.4371,1.4292,1.435,826769.19
2026-05-10 15:00:00+00:00,1.435,1.445,1.4336,1.4442,846717.75
2026-05-10 16:00:00+00:00,1.4442,1.4788,1.4427,1.4721,6143954.31
2026-05-10 17:00:00+00:00,1.4721,1.5079,1.472,1.5044,3730084.38
2026-05-10 18:00:00+00:00,1.5044,1.5062,1.485,1.4863,3635198.73
2026-05-10 19:00:00+00:00,1.4863,1.4912,1.475,1.4867,2747390.17
2026-05-10 20:00:00+00:00,1.4867,1.4896,1.4372,1.4501,3635234.55
2026-05-10 21:00:00+00:00,1.4501,1.4639,1.4442,1.455,1620311.02
2026-05-10 22:00:00+00:00,1.455,1.4749,1.453,1.4736,1611086.0
2026-05-10 23:00:00+00:00,1.4736,1.477,1.4695,1.4734,1178469.83
2026-05-11 00:00:00+00:00,1.4734,1.4779,1.4523,1.458,1290175.19
2026-05-11 01:00:00+00:00,1.458,1.4686,1.4522,1.4608,802712.07
2026-05-11 02:00:00+00:00,1.4608,1.4624,1.4495,1.4538,656572.95
2026-05-11 03:00:00+00:00,1.4538,1.4542,1.4399,1.4487,1288224.15
2026-05-11 04:00:00+00:00,1.4487,1.4565,1.4452,1.4481,941542.97
2026-05-11 05:00:00+00:00,1.4481,1.4563,1.4479,1.4551,770808.55
2026-05-11 06:00:00+00:00,1.4551,1.4589,1.4506,1.4534,619211.18
2026-05-11 07:00:00+00:00,1.4534,1.4536,1.441,1.4494,3993643.43
2026-05-11 08:00:00+00:00,1.4494,1.4526,1.4418,1.4458,1337070.04
2026-05-11 09:00:00+00:00,1.4458,1.4542,1.4456,1.4513,563705.87
2026-05-11 10:00:00+00:00,1.4513,1.4544,1.4493,1.4508,1317072.77
2026-05-11 11:00:00+00:00,1.4508,1.4577,1.4475,1.4577,681320.79
2026-05-11 12:00:00+00:00,1.4577,1.4636,1.4541,1.4581,2309416.85
2026-05-11 13:00:00+00:00,1.4581,1.465,1.4525,1.4598,1361720.43
2026-05-11 14:00:00+00:00,1.4598,1.4726,1.453,1.4716,2840011.81
2026-05-11 15:00:00+00:00,1.4716,1.4885,1.467,1.4849,2569179.98
2026-05-11 16:00:00+00:00,1.4849,1.4875,1.4718,1.4742,1526716.03
2026-05-11 17:00:00+00:00,1.4742,1.4811,1.4665,1.4802,1310778.1
2026-05-11 18:00:00+00:00,1.4802,1.4814,1.4705,1.4706,607287.42
2026-05-11 19:00:00+00:00,1.4706,1.4808,1.4673,1.4796,1214389.54
2026-05-11 20:00:00+00:00,1.4796,1.4828,1.4725,1.4732,739057.13
2026-05-11 21:00:00+00:00,1.4732,1.475,1.4694,1.4699,349463.13
2026-05-11 22:00:00+00:00,1.4699,1.4772,1.4685,1.4752,403772.98
2026-05-11 23:00:00+00:00,1.4752,1.4803,1.4711,1.4774,485000.46
2026-05-12 00:00:00+00:00,1.4774,1.4853,1.4758,1.4798,772142.03
2026-05-12 01:00:00+00:00,1.4798,1.4819,1.4565,1.467,1165254.26
2026-05-12 02:00:00+00:00,1.467,1.4708,1.4606,1.4646,591886.21
2026-05-12 03:00:00+00:00,1.4646,1.4655,1.4586,1.4599,360937.62
2026-05-12 04:00:00+00:00,1.4599,1.4665,1.4573,1.4629,349629.07
2026-05-12 05:00:00+00:00,1.4629,1.469,1.4597,1.4621,838736.21
2026-05-12 06:00:00+00:00,1.4621,1.4671,1.4557,1.4584,972546.96
2026-05-12 07:00:00+00:00,1.4584,1.4653,1.4543,1.463,517360.48
2026-05-12 08:00:00+00:00,1.463,1.4711,1.4597,1.4653,952362.44
2026-05-12 09:00:00+00:00,1.4653,1.4653,1.4543,1.4556,1435784.39
2026-05-12 10:00:00+00:00,1.4556,1.4582,1.4473,1.4496,1362264.23
2026-05-12 11:00:00+00:00,1.4496,1.452,1.4438,1.4488,821741.3
2026-05-12 12:00:00+00:00,1.4488,1.4557,1.4464,1.4507,1263191.02
2026-05-12 13:00:00+00:00,1.4507,1.4526,1.4331,1.4346,1804351.24
2026-05-12 14:00:00+00:00,1.4346,1.4408,1.4249,1.4282,1821924.58
2026-05-12 15:00:00+00:00,1.4282,1.4312,1.4186,1.4239,1399149.92
2026-05-12 16:00:00+00:00,1.4239,1.4291,1.42,1.4223,931068.97
2026-05-12 17:00:00+00:00,1.4223,1.4351,1.4223,1.434,810375.84
2026-05-12 18:00:00+00:00,1.434,1.438,1.4317,1.4362,532913.17
2026-05-12 19:00:00+00:00,1.4362,1.4428,1.4362,1.4409,1078007.6
2026-05-12 20:00:00+00:00,1.4409,1.4428,1.4386,1.4408,912645.78
2026-05-12 21:00:00+00:00,1.4408,1.4413,1.4379,1.4407,1184343.6
2026-05-12 22:00:00+00:00,1.4407,1.444,1.4397,1.4398,553732.73
2026-05-12 23:00:00+00:00,1.4398,1.4408,1.434,1.437,570884.78
2026-05-13 00:00:00+00:00,1.437,1.4401,1.4349,1.4393,1035997.84
2026-05-13 01:00:00+00:00,1.4393,1.4516,1.439,1.4487,608435.41
2026-05-13 02:00:00+00:00,1.4487,1.4533,1.447,1.4481,611084.75
2026-05-13 03:00:00+00:00,1.4481,1.4529,1.4471,1.452,313684.15
2026-05-13 04:00:00+00:00,1.452,1.4635,1.45,1.4623,839077.58
2026-05-13 05:00:00+00:00,1.4623,1.4648,1.4543,1.4544,992740.34
2026-05-13 06:00:00+00:00,1.4544,1.4609,1.4527,1.4545,1372449.83
2026-05-13 07:00:00+00:00,1.4545,1.4644,1.4542,1.4622,494123.84
2026-05-13 08:00:00+00:00,1.4622,1.4657,1.4587,1.4631,979342.19
2026-05-13 09:00:00+00:00,1.4631,1.4695,1.4625,1.4687,542923.26
2026-05-13 10:00:00+00:00,1.4687,1.4695,1.4566,1.4583,440546.99
2026-05-13 11:00:00+00:00,1.4583,1.4599,1.4474,1.4487,1957591.2
2026-05-13 12:00:00+00:00,1.4487,1.4499,1.4259,1.4336,2617941.16
2026-05-13 13:00:00+00:00,1.4336,1.4392,1.4222,1.4272,1446475.36
2026-05-13 14:00:00+00:00,1.4272,1.431,1.4215,1.4288,1064843.92
2026-05-13 15:00:00+00:00,1.4288,1.4321,1.4115,1.4133,2611364.27
2026-05-13 16:00:00+00:00,1.4133,1.4246,1.4121,1.4232,1930469.31
2026-05-13 17:00:00+00:00,1.4232,1.4306,1.4232,1.4293,942083.76
2026-05-13 18:00:00+00:00,1.4293,1.4339,1.4265,1.4265,1034234.15
2026-05-13 19:00:00+00:00,1.4265,1.4269,1.4169,1.4189,1504312.73
2026-05-13 20:00:00+00:00,1.4189,1.4262,1.4189,1.4254,753255.86
2026-05-13 21:00:00+00:00,1.4254,1.4258,1.4174,1.4186,471557.21
2026-05-13 22:00:00+00:00,1.4186,1.4242,1.4157,1.4232,537180.12
2026-05-13 23:00:00+00:00,1.4232,1.4276,1.4211,1.4272,568804.66
2026-05-14 00:00:00+00:00,1.4272,1.4334,1.4266,1.4317,1399861.48
2026-05-14 01:00:00+00:00,1.4317,1.4349,1.4264,1.4325,875303.77
2026-05-14 02:00:00+00:00,1.4325,1.4341,1.4234,1.4261,341207.9
2026-05-14 03:00:00+00:00,1.4261,1.4303,1.4208,1.4225,492042.1
2026-05-14 04:00:00+00:00,1.4225,1.4318,1.4209,1.4303,710767.07
2026-05-14 05:00:00+00:00,1.4303,1.4397,1.4295,1.4359,582245.35
2026-05-14 06:00:00+00:00,1.4359,1.4368,1.4268,1.4346,815489.55
2026-05-14 07:00:00+00:00,1.4346,1.4367,1.4303,1.4325,800976.07
2026-05-14 08:00:00+00:00,1.4325,1.4368,1.4297,1.4348,487474.01
2026-05-14 09:00:00+00:00,1.4348,1.436,1.4274,1.4296,529455.92
2026-05-14 10:00:00+00:00,1.4296,1.4374,1.4281,1.4366,581039.63
2026-05-14 11:00:00+00:00,1.4366,1.4391,1.4319,1.4325,437287.97
2026-05-14 12:00:00+00:00,1.4325,1.4519,1.4313,1.4482,1072299.81
2026-05-14 13:00:00+00:00,1.4482,1.4599,1.4416,1.4425,2029485.02
2026-05-14 14:00:00+00:00,1.4425,1.4747,1.4391,1.4711,3825589.1
2026-05-14 15:00:00+00:00,1.4711,1.4744,1.4627,1.4726,2353823.09
2026-05-14 16:00:00+00:00,1.4726,1.481,1.4648,1.4802,2069468.54
2026-05-14 17:00:00+00:00,1.4802,1.5001,1.4722,1.4917,5390199.34
2026-05-14 18:00:00+00:00,1.4917,1.545,1.4863,1.5362,7970297.4
2026-05-14 19:00:00+00:00,1.5362,1.5498,1.5094,1.5164,6396901.02
2026-05-14 20:00:00+00:00,1.5164,1.5175,1.4973,1.5082,3239898.37
2026-05-14 21:00:00+00:00,1.5082,1.5113,1.4939,1.4978,2254424.68
2026-05-14 22:00:00+00:00,1.4978,1.5062,1.4938,1.5008,1401985.54
2026-05-14 23:00:00+00:00,1.5008,1.5008,1.4831,1.4851,916419.0
2026-05-15 00:00:00+00:00,1.4851,1.5,1.4849,1.4952,1210403.36
2026-05-15 01:00:00+00:00,1.4952,1.4997,1.4839,1.4843,1987250.5
2026-05-15 02:00:00+00:00,1.4843,1.4925,1.4762,1.4906,1432371.49
2026-05-15 03:00:00+00:00,1.4906,1.4924,1.4832,1.4891,909382.47
2026-05-15 04:00:00+00:00,1.4891,1.4904,1.4729,1.4734,1206595.85
2026-05-15 05:00:00+00:00,1.4734,1.4751,1.4533,1.4604,3263206.73
2026-05-15 06:00:00+00:00,1.4604,1.4732,1.4583,1.4688,1434513.51
2026-05-15 07:00:00+00:00,1.4688,1.4728,1.4656,1.4695,762179.89
2026-05-15 08:00:00+00:00,1.4695,1.4722,1.4612,1.4712,1394689.26
2026-05-15 09:00:00+00:00,1.4712,1.4731,1.4616,1.4648,1036498.03
2026-05-15 10:00:00+00:00,1.4648,1.4767,1.4636,1.4746,628718.9
2026-05-15 11:00:00+00:00,1.4746,1.4756,1.4666,1.4682,675264.24
2026-05-15 12:00:00+00:00,1.4682,1.4691,1.4586,1.4596,1569345.23
2026-05-15 13:00:00+00:00,1.4596,1.4596,1.4287,1.432,5179914.1
2026-05-15 14:00:00+00:00,1.432,1.441,1.4272,1.4394,2921788.69
2026-05-15 15:00:00+00:00,1.4394,1.4409,1.43,1.4351,1162463.37
2026-05-15 16:00:00+00:00,1.4351,1.4474,1.434,1.4467,2528502.07
2026-05-15 17:00:00+00:00,1.4467,1.4508,1.4458,1.4467,702712.6
2026-05-15 18:00:00+00:00,1.4467,1.4493,1.4397,1.4414,731171.89
2026-05-15 19:00:00+00:00,1.4414,1.4414,1.4322,1.4344,1383997.45
2026-05-15 20:00:00+00:00,1.4344,1.437,1.4317,1.4349,568660.08
2026-05-15 21:00:00+00:00,1.4349,1.437,1.43,1.4302,425543.6
2026-05-15 22:00:00+00:00,1.4302,1.4343,1.4298,1.4334,693872.8
2026-05-15 23:00:00+00:00,1.4334,1.4356,1.4324,1.4338,705099.44
2026-05-16 00:00:00+00:00,1.4338,1.4382,1.4322,1.4341,1066652.7
2026-05-16 01:00:00+00:00,1.4341,1.4384,1.4313,1.437,330650.57
2026-05-16 02:00:00+00:00,1.437,1.4393,1.435,1.4369,245577.92
2026-05-16 03:00:00+00:00,1.4369,1.4386,1.4336,1.4356,300047.46
2026-05-16 04:00:00+00:00,1.4356,1.4366,1.4175,1.4255,3865411.09
2026-05-16 05:00:00+00:00,1.4255,1.4297,1.4214,1.425,1597894.89
2026-05-16 06:00:00+00:00,1.425,1.4264,1.4136,1.42,2017239.41
2026-05-16 07:00:00+00:00,1.42,1.4201,1.4043,1.4167,2871188.49
2026-05-16 08:00:00+00:00,1.4167,1.4183,1.4145,1.415,335149.49
2026-05-16 09:00:00+00:00,1.415,1.4158,1.4018,1.4024,1607260.22
2026-05-16 10:00:00+00:00,1.4024,1.4091,1.3963,1.4073,2109607.91
2026-05-16 11:00:00+00:00,1.4073,1.4137,1.4068,1.411,502277.16
2026-05-16 12:00:00+00:00,1.411,1.4134,1.4081,1.4103,401684.94
2026-05-16 13:00:00+00:00,1.4103,1.4154,1.408,1.4117,793799.54
2026-05-16 14:00:00+00:00,1.4117,1.4132,1.4061,1.4095,1393993.49
2026-05-16 15:00:00+00:00,1.4095,1.4151,1.4094,1.4147,374600.67
2026-05-16 16:00:00+00:00,1.4147,1.4209,1.4135,1.4168,957881.98
2026-05-16 17:00:00+00:00,1.4168,1.4193,1.4154,1.4171,201230.73
2026-05-16 18:00:00+00:00,1.4171,1.418,1.414,1.4158,202715.09
2026-05-16 19:00:00+00:00,1.4158,1.4175,1.415,1.416,174106.74
2026-05-16 20:00:00+00:00,1.416,1.4213,1.4152,1.4158,1413518.44
2026-05-16 21:00:00+00:00,1.4158,1.4165,1.4137,1.4151,333496.07
2026-05-16 22:00:00+00:00,1.4151,1.4155,1.4121,1.4138,237866.64
2026-05-16 23:00:00+00:00,1.4138,1.4159,1.4133,1.4136,183270.63
2026-05-17 00:00:00+00:00,1.4136,1.4177,1.4092,1.4112,493964.11
2026-05-17 01:00:00+00:00,1.4112,1.4141,1.4038,1.4039,834031.34
2026-05-17 02:00:00+00:00,1.4039,1.4106,1.4024,1.4071,1157675.32
2026-05-17 03:00:00+00:00,1.4071,1.414,1.4068,1.4122,362017.55
2026-05-17 04:00:00+00:00,1.4122,1.4171,1.4118,1.4157,265689.3
2026-05-17 05:00:00+00:00,1.4157,1.4215,1.4154,1.4164,199609.0
2026-05-17 06:00:00+00:00,1.4164,1.4191,1.4157,1.4174,229776.94
2026-05-17 07:00:00+00:00,1.4174,1.4212,1.4166,1.4184,315823.88
2026-05-17 08:00:00+00:00,1.4184,1.4202,1.4144,1.4147,657513.19
2026-05-17 09:00:00+00:00,1.4147,1.4216,1.4138,1.4208,573216.17
2026-05-17 10:00:00+00:00,1.4208,1.4289,1.4208,1.4247,983963.1
2026-05-17 11:00:00+00:00,1.4247,1.4247,1.4205,1.4225,548487.05
2026-05-17 12:00:00+00:00,1.4225,1.4266,1.4222,1.4235,533250.56
2026-05-17 13:00:00+00:00,1.4235,1.4235,1.4168,1.4188,428171.13
2026-05-17 14:00:00+00:00,1.4188,1.419,1.4107,1.4134,396151.55
2026-05-17 15:00:00+00:00,1.4134,1.4149,1.4098,1.4131,457716.43
2026-05-17 16:00:00+00:00,1.4131,1.4161,1.4103,1.4121,917222.75
2026-05-17 17:00:00+00:00,1.4121,1.4129,1.4086,1.4112,486415.56
2026-05-17 18:00:00+00:00,1.4112,1.4143,1.4067,1.4143,474001.5
2026-05-17 19:00:00+00:00,1.4143,1.4243,1.4142,1.4226,649538.49
2026-05-17 20:00:00+00:00,1.4226,1.4236,1.4175,1.4195,376791.11
2026-05-17 21:00:00+00:00,1.4195,1.4264,1.4179,1.4232,457501.44
2026-05-17 22:00:00+00:00,1.4232,1.4232,1.4097,1.4121,972617.43
2026-05-17 23:00:00+00:00,1.4121,1.4143,1.37,1.4015,6461005.1
2026-05-18 00:00:00+00:00,1.4015,1.4017,1.3887,1.3968,2972276.86
2026-05-18 01:00:00+00:00,1.3968,1.3975,1.3852,1.3943,953223.04
2026-05-18 02:00:00+00:00,1.3943,1.4028,1.3907,1.3928,716358.12
2026-05-18 03:00:00+00:00,1.3928,1.4006,1.3901,1.3931,812754.95
2026-05-18 04:00:00+00:00,1.3931,1.3997,1.3873,1.3949,652262.98
2026-05-18 05:00:00+00:00,1.3949,1.3962,1.3874,1.3892,1248811.57
2026-05-18 06:00:00+00:00,1.3892,1.3922,1.3769,1.3883,2434684.24
2026-05-18 07:00:00+00:00,1.3883,1.3911,1.3804,1.3867,471512.25
2026-05-18 08:00:00+00:00,1.3867,1.3897,1.3823,1.3879,355234.04
2026-05-18 09:00:00+00:00,1.3879,1.3883,1.3826,1.3829,957138.05
2026-05-18 10:00:00+00:00,1.3829,1.3835,1.3771,1.3782,816306.31
2026-05-18 11:00:00+00:00,1.3782,1.3967,1.3763,1.3905,905822.45
2026-05-18 12:00:00+00:00,1.3905,1.4024,1.3904,1.3988,683137.37
2026-05-18 13:00:00+00:00,1.3988,1.399,1.3767,1.386,1608186.68
2026-05-18 14:00:00+00:00,1.386,1.386,1.3725,1.3774,1399417.85
2026-05-18 15:00:00+00:00,1.3774,1.3791,1.3688,1.3765,1950587.34
2026-05-18 16:00:00+00:00,1.3765,1.3811,1.3706,1.3788,1094613.7
2026-05-18 17:00:00+00:00,1.3788,1.3838,1.3771,1.3807,915228.97
2026-05-18 18:00:00+00:00,1.3807,1.381,1.3642,1.3681,1088025.48
2026-05-18 19:00:00+00:00,1.3681,1.3909,1.3673,1.3877,1308585.34
2026-05-18 20:00:00+00:00,1.3877,1.3922,1.3836,1.3848,403991.65
2026-05-18 21:00:00+00:00,1.3848,1.396,1.3823,1.3932,478601.08
2026-05-18 22:00:00+00:00,1.3932,1.3962,1.3887,1.3924,725114.9
2026-05-18 23:00:00+00:00,1.3924,1.3945,1.3889,1.3902,280494.42
2026-05-19 00:00:00+00:00,1.3902,1.3978,1.3893,1.3932,455201.48
2026-05-19 01:00:00+00:00,1.3932,1.3932,1.3845,1.3845,579138.71
2026-05-19 02:00:00+00:00,1.3845,1.3885,1.3777,1.3795,1009516.66
2026-05-19 03:00:00+00:00,1.3795,1.3849,1.3782,1.3837,392195.14
2026-05-19 04:00:00+00:00,1.3837,1.3875,1.3793,1.387,842297.58
2026-05-19 05:00:00+00:00,1.387,1.3885,1.3787,1.3833,1550323.14
2026-05-19 06:00:00+00:00,1.3833,1.3882,1.3822,1.3855,719142.54
2026-05-19 07:00:00+00:00,1.3855,1.3899,1.3834,1.3885,1475042.93
2026-05-19 08:00:00+00:00,1.3885,1.3889,1.3801,1.3827,778972.96
2026-05-19 09:00:00+00:00,1.3827,1.3847,1.3708,1.3747,1055566.69
2026-05-19 10:00:00+00:00,1.3747,1.3769,1.3684,1.3742,1067870.44
2026-05-19 11:00:00+00:00,1.3742,1.377,1.3695,1.3721,766247.53
2026-05-19 12:00:00+00:00,1.3721,1.3784,1.3705,1.3776,686962.5
2026-05-19 13:00:00+00:00,1.3776,1.382,1.3711,1.3767,1266816.52
2026-05-19 14:00:00+00:00,1.3767,1.3797,1.361,1.3666,1230141.54
2026-05-19 15:00:00+00:00,1.3666,1.373,1.3656,1.3673,516977.21
2026-05-19 16:00:00+00:00,1.3673,1.3736,1.3636,1.3726,747215.49
2026-05-19 17:00:00+00:00,1.3726,1.3744,1.3624,1.3641,739632.63
2026-05-19 18:00:00+00:00,1.3641,1.368,1.3615,1.3627,710434.87
2026-05-19 19:00:00+00:00,1.3627,1.3668,1.3565,1.3573,968370.59
2026-05-19 20:00:00+00:00,1.3573,1.3609,1.356,1.3587,709661.1
2026-05-19 21:00:00+00:00,1.3587,1.3633,1.3578,1.36,647940.91
2026-05-19 22:00:00+00:00,1.36,1.3601,1.3534,1.3582,707871.03
2026-05-19 23:00:00+00:00,1.3582,1.3658,1.3572,1.3618,313097.6
2026-05-20 00:00:00+00:00,1.3618,1.364,1.3521,1.3558,1278743.33
2026-05-20 01:00:00+00:00,1.3558,1.3585,1.3478,1.3552,1371689.38
2026-05-20 02:00:00+00:00,1.3552,1.3564,1.3507,1.3521,481745.04
2026-05-20 03:00:00+00:00,1.3521,1.3586,1.3499,1.3563,681613.11
2026-05-20 04:00:00+00:00,1.3563,1.3601,1.3536,1.3598,412647.96
2026-05-20 05:00:00+00:00,1.3598,1.3698,1.3598,1.3684,886702.64
2026-05-20 06:00:00+00:00,1.3684,1.3711,1.3667,1.3707,962310.51
2026-05-20 07:00:00+00:00,1.3707,1.3738,1.3676,1.3684,359287.42
2026-05-20 08:00:00+00:00,1.3684,1.3727,1.3658,1.3704,677180.04
2026-05-20 09:00:00+00:00,1.3704,1.3729,1.3688,1.3699,510341.36
2026-05-20 10:00:00+00:00,1.3699,1.3758,1.3697,1.3706,903583.91
2026-05-20 11:00:00+00:00,1.3706,1.3715,1.3643,1.3658,1044380.65
2026-05-20 12:00:00+00:00,1.3658,1.3758,1.3643,1.3733,672903.34
2026-05-20 13:00:00+00:00,1.3733,1.3743,1.3593,1.3638,1172899.28
2026-05-20 14:00:00+00:00,1.3638,1.3762,1.3583,1.3735,2710356.96
2026-05-20 15:00:00+00:00,1.3735,1.3806,1.3684,1.3745,2138479.45
2026-05-20 16:00:00+00:00,1.3745,1.3775,1.366,1.3749,1692778.6
2026-05-20 17:00:00+00:00,1.3749,1.3802,1.371,1.3754,1228353.69
2026-05-20 18:00:00+00:00,1.3754,1.376,1.3646,1.3674,1138660.85
2026-05-20 19:00:00+00:00,1.3674,1.3728,1.3655,1.3727,580125.6
2026-05-20 20:00:00+00:00,1.3727,1.3728,1.3642,1.3702,605498.82
2026-05-20 21:00:00+00:00,1.3702,1.3719,1.3669,1.3669,247961.37
2026-05-20 22:00:00+00:00,1.3669,1.3679,1.3603,1.3658,881614.19
2026-05-20 23:00:00+00:00,1.3658,1.3675,1.3627,1.3671,874509.36
2026-05-21 00:00:00+00:00,1.3671,1.3779,1.3664,1.3761,436592.7
2026-05-21 01:00:00+00:00,1.3761,1.3814,1.3757,1.3782,625516.73
2026-05-21 02:00:00+00:00,1.3782,1.386,1.3777,1.3814,779800.51
2026-05-21 03:00:00+00:00,1.3814,1.385,1.3803,1.3843,588005.92
2026-05-21 04:00:00+00:00,1.3843,1.3858,1.3815,1.3823,1391070.06
2026-05-21 05:00:00+00:00,1.3823,1.3839,1.3724,1.3749,629802.09
2026-05-21 06:00:00+00:00,1.3749,1.3767,1.3697,1.3713,573650.41
2026-05-21 07:00:00+00:00,1.3713,1.3773,1.3701,1.3761,428147.82
2026-05-21 08:00:00+00:00,1.3761,1.3859,1.3761,1.3805,1498523.49
2026-05-21 09:00:00+00:00,1.3805,1.3822,1.3743,1.3746,1632607.51
2026-05-21 10:00:00+00:00,1.3746,1.3751,1.3642,1.3664,2067545.99
2026-05-21 11:00:00+00:00,1.3664,1.3696,1.3637,1.3638,1180273.05
2026-05-21 12:00:00+00:00,1.3638,1.3668,1.3619,1.3649,1054447.28
2026-05-21 13:00:00+00:00,1.3649,1.3687,1.3549,1.3617,1798279.59
2026-05-21 14:00:00+00:00,1.3617,1.3639,1.3514,1.357,1380073.15
2026-05-21 15:00:00+00:00,1.357,1.3657,1.3558,1.3614,1216874.24
2026-05-21 16:00:00+00:00,1.3614,1.365,1.3572,1.3613,1214126.91
2026-05-21 17:00:00+00:00,1.3613,1.3863,1.3613,1.3812,2736218.21
2026-05-21 18:00:00+00:00,1.3812,1.3826,1.3667,1.3711,736909.15
2026-05-21 19:00:00+00:00,1.3711,1.3812,1.3709,1.3795,606697.32
2026-05-21 20:00:00+00:00,1.3795,1.3811,1.3763,1.3771,227418.62
2026-05-21 21:00:00+00:00,1.3771,1.3788,1.3756,1.3759,255621.38
2026-05-21 22:00:00+00:00,1.3759,1.3766,1.371,1.3727,340785.2
2026-05-21 23:00:00+00:00,1.3727,1.3756,1.3694,1.374,476142.66
2026-05-22 00:00:00+00:00,1.374,1.3745,1.3674,1.3682,387843.47
2026-05-22 01:00:00+00:00,1.3682,1.3719,1.365,1.371,386363.04
2026-05-22 02:00:00+00:00,1.371,1.375,1.3699,1.3732,1093657.93
2026-05-22 03:00:00+00:00,1.3732,1.3746,1.371,1.3722,278594.32
2026-05-22 04:00:00+00:00,1.3722,1.3762,1.3681,1.3703,580597.74
2026-05-22 05:00:00+00:00,1.3703,1.373,1.3676,1.3683,493725.98
2026-05-22 06:00:00+00:00,1.3683,1.3699,1.3605,1.3608,1168245.69
2026-05-22 07:00:00+00:00,1.3608,1.368,1.357,1.3651,1595235.67
2026-05-22 08:00:00+00:00,1.3651,1.3686,1.3607,1.3629,953729.19
2026-05-22 09:00:00+00:00,1.3629,1.3654,1.3592,1.3601,452896.25
2026-05-22 10:00:00+00:00,1.3601,1.3622,1.3574,1.3599,767607.11
2026-05-22 11:00:00+00:00,1.3599,1.3618,1.3552,1.3618,968111.92
2026-05-22 12:00:00+00:00,1.3618,1.3662,1.3605,1.3661,1867303.26
2026-05-22 13:00:00+00:00,1.3661,1.3705,1.3576,1.3626,2019093.92
2026-05-22 14:00:00+00:00,1.3626,1.3626,1.3501,1.3522,2771697.51
2026-05-22 15:00:00+00:00,1.3522,1.3578,1.3469,1.3533,1937923.52
2026-05-22 16:00:00+00:00,1.3533,1.3557,1.3503,1.3546,1284201.31
2026-05-22 17:00:00+00:00,1.3546,1.3595,1.3509,1.3534,1182950.45
2026-05-22 18:00:00+00:00,1.3534,1.3557,1.3348,1.3501,3135994.59
2026-05-22 19:00:00+00:00,1.3501,1.3524,1.3347,1.3386,2791067.91
2026-05-22 20:00:00+00:00,1.3386,1.343,1.3355,1.3421,910220.86
2026-05-22 21:00:00+00:00,1.3421,1.3438,1.3403,1.3426,285244.84
2026-05-22 22:00:00+00:00,1.3426,1.3439,1.3378,1.3405,372930.25
2026-05-22 23:00:00+00:00,1.3405,1.3428,1.3299,1.335,2571702.9
2026-05-23 00:00:00+00:00,1.335,1.3369,1.3269,1.3347,1813692.81
2026-05-23 01:00:00+00:00,1.3347,1.3391,1.3337,1.3376,480588.15
2026-05-23 02:00:00+00:00,1.3376,1.3405,1.3366,1.34,392780.9
2026-05-23 03:00:00+00:00,1.34,1.3423,1.3397,1.3411,330284.17
2026-05-23 04:00:00+00:00,1.3411,1.3411,1.3349,1.3361,291170.22
2026-05-23 05:00:00+00:00,1.3361,1.3364,1.3294,1.3314,921059.75
2026-05-23 06:00:00+00:00,1.3314,1.3355,1.3287,1.333,1060652.94
2026-05-23 07:00:00+00:00,1.333,1.3337,1.3013,1.3123,5850381.49
2026-05-23 08:00:00+00:00,1.3123,1.3186,1.307,1.3108,3110910.87
2026-05-23 09:00:00+00:00,1.3108,1.3181,1.3101,1.3172,1035666.39
2026-05-23 10:00:00+00:00,1.3172,1.3239,1.3171,1.3228,1220248.07
2026-05-23 11:00:00+00:00,1.3228,1.3265,1.3214,1.3246,478928.12
2026-05-23 12:00:00+00:00,1.3246,1.3273,1.3241,1.3264,374996.25
2026-05-23 13:00:00+00:00,1.3264,1.337,1.3264,1.3333,757181.31
2026-05-23 14:00:00+00:00,1.3333,1.3407,1.3316,1.3398,1965658.26
2026-05-23 15:00:00+00:00,1.3398,1.342,1.3354,1.3361,1524050.84
2026-05-23 16:00:00+00:00,1.3361,1.3393,1.3345,1.3378,982621.86
2026-05-23 17:00:00+00:00,1.3378,1.3393,1.3359,1.3386,238895.65
2026-05-23 18:00:00+00:00,1.3386,1.3509,1.3386,1.3454,744770.34
2026-05-23 19:00:00+00:00,1.3454,1.3474,1.343,1.347,276095.82
2026-05-23 20:00:00+00:00,1.347,1.3719,1.3452,1.3718,2291259.2
2026-05-23 21:00:00+00:00,1.3718,1.3762,1.3539,1.3598,1648659.08
2026-05-23 22:00:00+00:00,1.3598,1.3635,1.3529,1.3588,1088424.88
2026-05-23 23:00:00+00:00,1.3588,1.3615,1.3572,1.3583,433087.06
2026-05-24 00:00:00+00:00,1.3583,1.3636,1.3571,1.362,300814.47
2026-05-24 01:00:00+00:00,1.362,1.3633,1.3596,1.3606,278730.68
2026-05-24 02:00:00+00:00,1.3606,1.3625,1.3585,1.3611,211153.47
2026-05-24 03:00:00+00:00,1.3611,1.3632,1.3595,1.3607,202909.22
2026-05-24 04:00:00+00:00,1.3607,1.3618,1.3592,1.361,201880.0
2026-05-24 05:00:00+00:00,1.361,1.3611,1.355,1.3594,406869.03
2026-05-24 06:00:00+00:00,1.3594,1.3633,1.3572,1.3629,369884.08
2026-05-24 07:00:00+00:00,1.3629,1.3649,1.3588,1.3595,265082.31
2026-05-24 08:00:00+00:00,1.3595,1.3615,1.3577,1.361,410598.4
2026-05-24 09:00:00+00:00,1.361,1.3669,1.3606,1.3646,650469.16
2026-05-24 10:00:00+00:00,1.3646,1.3709,1.3628,1.3635,1183107.13
2026-05-24 11:00:00+00:00,1.3635,1.3719,1.3619,1.3655,2044944.57
2026-05-24 12:00:00+00:00,1.3655,1.3658,1.361,1.3628,735780.97
2026-05-24 13:00:00+00:00,1.3628,1.3638,1.3567,1.3589,411102.57
2026-05-24 14:00:00+00:00,1.3589,1.3597,1.3387,1.35,1426129.34
2026-05-24 15:00:00+00:00,1.35,1.3512,1.3482,1.3484,310309.56
2026-05-24 16:00:00+00:00,1.3484,1.3527,1.347,1.3509,271573.83
2026-05-24 17:00:00+00:00,1.3509,1.3545,1.3508,1.3532,202370.0
2026-05-24 18:00:00+00:00,1.3532,1.3534,1.3477,1.3486,429101.8
2026-05-24 19:00:00+00:00,1.3486,1.3505,1.3461,1.3492,341449.91
2026-05-24 20:00:00+00:00,1.3492,1.3496,1.343,1.3449,375663.77
2026-05-24 21:00:00+00:00,1.3449,1.3472,1.3324,1.3364,1436280.0
2026-05-24 22:00:00+00:00,1.3364,1.3512,1.3358,1.3476,884810.27
2026-05-24 23:00:00+00:00,1.3476,1.3539,1.3476,1.3506,440536.48
2026-05-25 00:00:00+00:00,1.3506,1.3556,1.3506,1.3517,604553.98
2026-05-25 01:00:00+00:00,1.3517,1.3551,1.3469,1.3473,347720.69
2026-05-25 02:00:00+00:00,1.3473,1.3584,1.3468,1.3472,1748018.66
2026-05-25 03:00:00+00:00,1.3472,1.3487,1.3435,1.3468,255964.85
2026-05-25 04:00:00+00:00,1.3468,1.3567,1.3452,1.3556,785120.21
2026-05-25 05:00:00+00:00,1.3556,1.361,1.3542,1.3584,1524856.65
2026-05-25 06:00:00+00:00,1.3584,1.3611,1.3543,1.3584,397063.81
2026-05-25 07:00:00+00:00,1.3584,1.361,1.3526,1.3589,1702937.42
2026-05-25 08:00:00+00:00,1.3589,1.3656,1.3566,1.3592,2641938.93
2026-05-25 09:00:00+00:00,1.3592,1.3634,1.3571,1.3611,1024527.16
2026-05-25 10:00:00+00:00,1.3611,1.3617,1.3592,1.3606,579342.62
2026-05-25 11:00:00+00:00,1.3606,1.3614,1.3572,1.3576,1246447.91
2026-05-25 12:00:00+00:00,1.3576,1.359,1.3564,1.3571,1906258.26
2026-05-25 13:00:00+00:00,1.3571,1.3587,1.3554,1.3581,1108140.93
2026-05-25 14:00:00+00:00,1.3581,1.3624,1.3575,1.3612,941808.48
2026-05-25 15:00:00+00:00,1.3612,1.3654,1.3575,1.3587,1278161.93
2026-05-25 16:00:00+00:00,1.3587,1.3638,1.3571,1.3628,791664.14
2026-05-25 17:00:00+00:00,1.3628,1.3639,1.3601,1.3612,457129.63
2026-05-25 18:00:00+00:00,1.3612,1.3633,1.3587,1.3588,204708.05
2026-05-25 19:00:00+00:00,1.3588,1.3588,1.3544,1.357,323756.35
2026-05-25 20:00:00+00:00,1.357,1.3595,1.3515,1.3544,389818.93
2026-05-25 21:00:00+00:00,1.3544,1.3567,1.3542,1.3547,346106.98
2026-05-25 22:00:00+00:00,1.3547,1.3558,1.3467,1.349,896966.71
2026-05-25 23:00:00+00:00,1.349,1.3522,1.3471,1.3501,465851.25
2026-05-26 00:00:00+00:00,1.3501,1.3514,1.3355,1.3423,753338.27
2026-05-26 01:00:00+00:00,1.3423,1.3447,1.3372,1.3397,1397968.92
2026-05-26 02:00:00+00:00,1.3397,1.3403,1.3358,1.3373,509988.33
2026-05-26 03:00:00+00:00,1.3373,1.3409,1.3341,1.3402,563086.09
2026-05-26 04:00:00+00:00,1.3402,1.3465,1.3398,1.3454,510334.94
2026-05-26 05:00:00+00:00,1.3454,1.3506,1.3445,1.3478,625109.73
2026-05-26 06:00:00+00:00,1.3478,1.3497,1.3447,1.3481,757907.61
2026-05-26 07:00:00+00:00,1.3481,1.3489,1.3394,1.3407,772305.66
2026-05-26 08:00:00+00:00,1.3407,1.3441,1.3397,1.3407,553830.9
2026-05-26 09:00:00+00:00,1.3407,1.3434,1.3395,1.3419,526526.15
2026-05-26 10:00:00+00:00,1.3419,1.3595,1.3401,1.357,1580112.11
2026-05-26 11:00:00+00:00,1.357,1.3578,1.3517,1.3521,966278.34
2026-05-26 12:00:00+00:00,1.3521,1.3558,1.3478,1.3551,1099913.39
2026-05-26 13:00:00+00:00,1.3551,1.3603,1.3483,1.3558,917153.99
2026-05-26 14:00:00+00:00,1.3558,1.3655,1.3478,1.3525,1423935.94
2026-05-26 15:00:00+00:00,1.3525,1.3537,1.3397,1.3449,2169248.56
2026-05-26 16:00:00+00:00,1.3449,1.3456,1.3378,1.3409,1659794.27
2026-05-26 17:00:00+00:00,1.3409,1.3434,1.3272,1.3333,2464983.93
2026-05-26 18:00:00+00:00,1.3333,1.3386,1.3288,1.3298,919197.95
2026-05-26 19:00:00+00:00,1.3298,1.3344,1.327,1.332,762522.8
2026-05-26 20:00:00+00:00,1.332,1.334,1.3309,1.3334,503312.3
2026-05-26 21:00:00+00:00,1.3334,1.3347,1.3282,1.3315,928367.53
2026-05-26 22:00:00+00:00,1.3315,1.3336,1.3287,1.3298,898294.85
2026-05-26 23:00:00+00:00,1.3298,1.3317,1.3288,1.3291,267064.32
2026-05-27 00:00:00+00:00,1.3291,1.3327,1.3289,1.3324,743471.17
2026-05-27 01:00:00+00:00,1.3324,1.333,1.3295,1.3306,806252.71
2026-05-27 02:00:00+00:00,1.3306,1.3312,1.3263,1.3312,520821.45
2026-05-27 03:00:00+00:00,1.3312,1.3331,1.3265,1.3277,416069.7
2026-05-27 04:00:00+00:00,1.3277,1.3312,1.3213,1.3308,835298.25
2026-05-27 05:00:00+00:00,1.3308,1.3327,1.3295,1.331,853510.65
2026-05-27 06:00:00+00:00,1.331,1.3369,1.3303,1.3359,535792.53
2026-05-27 07:00:00+00:00,1.3359,1.3368,1.3302,1.3319,627410.34
2026-05-27 08:00:00+00:00,1.3319,1.3376,1.3296,1.3354,1788594.9
2026-05-27 09:00:00+00:00,1.3354,1.3372,1.3279,1.3293,1866948.98
2026-05-27 10:00:00+00:00,1.3293,1.3346,1.3287,1.3301,1784605.32
2026-05-27 11:00:00+00:00,1.3301,1.3338,1.3289,1.3296,1116297.27
2026-05-27 12:00:00+00:00,1.3296,1.3406,1.3248,1.3318,2053679.17
2026-05-27 13:00:00+00:00,1.3318,1.3333,1.3186,1.3243,2072250.55
2026-05-27 14:00:00+00:00,1.3243,1.3308,1.319,1.3303,1754022.8
2026-05-27 15:00:00+00:00,1.3303,1.3436,1.33,1.3364,1306134.5
2026-05-27 16:00:00+00:00,1.3364,1.3389,1.3281,1.3324,468485.67
2026-05-27 17:00:00+00:00,1.3324,1.3326,1.3176,1.3207,1027564.7
2026-05-27 18:00:00+00:00,1.3207,1.3273,1.3177,1.3267,408235.33
2026-05-27 19:00:00+00:00,1.3267,1.3341,1.3267,1.3306,836050.93
2026-05-27 20:00:00+00:00,1.3306,1.3348,1.3276,1.331,413350.37
2026-05-27 21:00:00+00:00,1.331,1.3329,1.3115,1.3158,2655562.12
2026-05-27 22:00:00+00:00,1.3158,1.3208,1.31,1.3108,1555743.16
2026-05-27 23:00:00+00:00,1.3108,1.3124,1.3033,1.3076,1222212.5
2026-05-28 00:00:00+00:00,1.3076,1.3112,1.3061,1.3096,572551.88
2026-05-28 01:00:00+00:00,1.3096,1.3102,1.298,1.303,1469110.34
2026-05-28 02:00:00+00:00,1.303,1.3058,1.3004,1.3012,980832.37
2026-05-28 03:00:00+00:00,1.3012,1.3036,1.2752,1.279,6402450.3
2026-05-28 04:00:00+00:00,1.279,1.2844,1.2676,1.2844,3957512.61
2026-05-28 05:00:00+00:00,1.2844,1.2859,1.2778,1.2837,2437179.54
2026-05-28 06:00:00+00:00,1.2837,1.2895,1.2805,1.2872,1850799.54
2026-05-28 07:00:00+00:00,1.2872,1.2936,1.287,1.2934,870817.82
2026-05-28 08:00:00+00:00,1.2934,1.2938,1.287,1.2888,440315.93
2026-05-28 09:00:00+00:00,1.2888,1.2938,1.2874,1.2929,278396.82
2026-05-28 10:00:00+00:00,1.2929,1.2962,1.2885,1.2885,1348168.41
2026-05-28 11:00:00+00:00,1.2885,1.2906,1.2862,1.2877,911349.49
2026-05-28 12:00:00+00:00,1.2877,1.2949,1.2839,1.2948,1047149.98
2026-05-28 13:00:00+00:00,1.2948,1.2995,1.2896,1.2965,2712101.28
2026-05-28 14:00:00+00:00,1.2965,1.3106,1.286,1.3018,4245855.98
2026-05-28 15:00:00+00:00,1.3018,1.3153,1.2944,1.3125,1410539.38
2026-05-28 16:00:00+00:00,1.3125,1.3294,1.3069,1.3239,3231283.63
2026-05-28 17:00:00+00:00,1.3239,1.3299,1.3184,1.3261,1580365.65
2026-05-28 18:00:00+00:00,1.3261,1.3384,1.3254,1.3344,2279314.63
2026-05-28 19:00:00+00:00,1.3344,1.3345,1.3156,1.3161,718195.25
2026-05-28 20:00:00+00:00,1.3161,1.325,1.3109,1.3204,1280372.12
2026-05-28 21:00:00+00:00,1.3204,1.3236,1.3169,1.3202,406305.97
2026-05-28 22:00:00+00:00,1.3202,1.3219,1.3124,1.3144,402431.7
2026-05-28 23:00:00+00:00,1.3144,1.3185,1.3138,1.3156,252498.72
2026-05-29 00:00:00+00:00,1.3156,1.3203,1.3145,1.3151,315979.07
2026-05-29 01:00:00+00:00,1.3151,1.3174,1.3082,1.3104,560687.57
2026-05-29 02:00:00+00:00,1.3104,1.3116,1.3039,1.3042,540115.4
2026-05-29 03:00:00+00:00,1.3042,1.3148,1.3042,1.3122,446318.72
2026-05-29 04:00:00+00:00,1.3122,1.3129,1.304,1.3107,751040.08
2026-05-29 05:00:00+00:00,1.3107,1.3156,1.3088,1.3151,786053.36
2026-05-29 06:00:00+00:00,1.3151,1.3211,1.3143,1.3162,619683.69
2026-05-29 07:00:00+00:00,1.3162,1.3193,1.3101,1.3168,702654.21
2026-05-29 08:00:00+00:00,1.3168,1.3236,1.3164,1.3212,1075562.72
2026-05-29 09:00:00+00:00,1.3212,1.3275,1.3203,1.3236,1020972.05
2026-05-29 10:00:00+00:00,1.3236,1.3237,1.3173,1.3187,715492.85
2026-05-29 11:00:00+00:00,1.3187,1.3189,1.3072,1.3115,1669974.95
2026-05-29 12:00:00+00:00,1.3115,1.3122,1.3027,1.3046,1597032.87
2026-05-29 13:00:00+00:00,1.3046,1.3059,1.2977,1.3028,1892903.11
2026-05-29 14:00:00+00:00,1.3028,1.3087,1.2946,1.3079,3291897.28
2026-05-29 15:00:00+00:00,1.3079,1.3337,1.305,1.3227,3203214.33
2026-05-29 16:00:00+00:00,1.3227,1.3316,1.3165,1.3272,2370372.42
2026-05-29 17:00:00+00:00,1.3272,1.3331,1.3236,1.3254,1506253.3
2026-05-29 18:00:00+00:00,1.3254,1.3302,1.3156,1.3188,979548.52
2026-05-29 19:00:00+00:00,1.3188,1.3235,1.311,1.321,773044.79
2026-05-29 20:00:00+00:00,1.321,1.3254,1.3203,1.3227,291738.56
2026-05-29 21:00:00+00:00,1.3227,1.3268,1.3162,1.3162,595082.32
2026-05-29 22:00:00+00:00,1.3162,1.3212,1.3145,1.3208,366265.9
2026-05-29 23:00:00+00:00,1.3208,1.3313,1.3199,1.3298,535930.95
2026-05-30 00:00:00+00:00,1.3298,1.3501,1.3281,1.3486,1462352.1
2026-05-30 01:00:00+00:00,1.3486,1.3662,1.3442,1.3569,2875499.0
2026-05-30 02:00:00+00:00,1.3569,1.3641,1.3547,1.3599,1800254.62
2026-05-30 03:00:00+00:00,1.3599,1.3626,1.3502,1.3505,1214965.88
2026-05-30 04:00:00+00:00,1.3505,1.353,1.3372,1.3439,1371747.33
2026-05-30 05:00:00+00:00,1.3439,1.3509,1.3422,1.3489,1251176.47
2026-05-30 06:00:00+00:00,1.3489,1.3495,1.3432,1.3453,791921.97
2026-05-30 07:00:00+00:00,1.3453,1.346,1.3404,1.3428,305464.99
2026-05-30 08:00:00+00:00,1.3428,1.3429,1.3406,1.3409,588009.53
2026-05-30 09:00:00+00:00,1.3409,1.3458,1.34,1.3446,942953.71
2026-05-30 10:00:00+00:00,1.3446,1.3449,1.3413,1.3425,250776.15
2026-05-30 11:00:00+00:00,1.3425,1.3445,1.3371,1.3406,726833.65
2026-05-30 12:00:00+00:00,1.3406,1.3427,1.3379,1.3399,468032.33
2026-05-30 13:00:00+00:00,1.3399,1.3419,1.3376,1.3411,271679.83
2026-05-30 14:00:00+00:00,1.3411,1.3473,1.3397,1.343,395388.62
2026-05-30 15:00:00+00:00,1.343,1.3457,1.34,1.3424,334546.74
2026-05-30 16:00:00+00:00,1.3424,1.3486,1.3414,1.3481,476893.76
2026-05-30 17:00:00+00:00,1.3481,1.3532,1.3447,1.3527,714951.84
2026-05-30 18:00:00+00:00,1.3527,1.3541,1.3488,1.352,464441.96
2026-05-30 19:00:00+00:00,1.352,1.352,1.3457,1.3476,583826.45
2026-05-30 20:00:00+00:00,1.3476,1.35,1.3467,1.348,228873.85
2026-05-30 21:00:00+00:00,1.348,1.3521,1.347,1.3502,401695.73
2026-05-30 22:00:00+00:00,1.3502,1.3502,1.3379,1.3426,770036.64
2026-05-30 23:00:00+00:00,1.3426,1.3438,1.3385,1.341,256792.77
2026-05-31 00:00:00+00:00,1.341,1.3419,1.3381,1.3403,385157.85
2026-05-31 01:00:00+00:00,1.3403,1.3441,1.3403,1.3417,421789.38
2026-05-31 02:00:00+00:00,1.3417,1.346,1.3361,1.342,575122.36
2026-05-31 03:00:00+00:00,1.342,1.3456,1.3415,1.3448,253063.57
2026-05-31 04:00:00+00:00,1.3448,1.3466,1.343,1.346,201255.46
2026-05-31 05:00:00+00:00,1.346,1.3462,1.3427,1.3435,140528.37
2026-05-31 06:00:00+00:00,1.3435,1.3435,1.3401,1.3401,233478.81
2026-05-31 07:00:00+00:00,1.3401,1.3401,1.3331,1.3354,913359.15
2026-05-31 08:00:00+00:00,1.3354,1.3398,1.3354,1.3388,499057.23
2026-05-31 09:00:00+00:00,1.3388,1.3428,1.3367,1.3392,409857.83
2026-05-31 10:00:00+00:00,1.3392,1.3396,1.3342,1.3372,358891.81
2026-05-31 11:00:00+00:00,1.3372,1.3433,1.3371,1.3418,270369.84
2026-05-31 12:00:00+00:00,1.3418,1.3437,1.3388,1.3424,315067.3
2026-05-31 13:00:00+00:00,1.3424,1.3484,1.3416,1.3425,505636.25
2026-05-31 14:00:00+00:00,1.3425,1.3441,1.3279,1.3303,2478917.55
2026-05-31 15:00:00+00:00,1.3303,1.3349,1.329,1.3306,379150.33
2026-05-31 16:00:00+00:00,1.3306,1.3326,1.3217,1.3278,2288850.97
2026-05-31 17:00:00+00:00,1.3278,1.332,1.3275,1.3309,366067.78
2026-05-31 18:00:00+00:00,1.3309,1.3311,1.3261,1.3275,245501.66
2026-05-31 19:00:00+00:00,1.3275,1.3281,1.3208,1.3264,367113.84
2026-05-31 20:00:00+00:00,1.3264,1.3313,1.3263,1.3309,307809.78
2026-05-31 21:00:00+00:00,1.3309,1.335,1.3292,1.3346,416783.97
2026-05-31 22:00:00+00:00,1.3346,1.3401,1.3314,1.337,945239.2
2026-05-31 23:00:00+00:00,1.337,1.3425,1.3276,1.333,906090.48
2026-06-01 00:00:00+00:00,1.333,1.3412,1.3308,1.3378,809594.58
2026-06-01 01:00:00+00:00,1.3378,1.3389,1.3218,1.322,806789.44
2026-06-01 02:00:00+00:00,1.322,1.3347,1.3193,1.331,1134272.59
2026-06-01 03:00:00+00:00,1.331,1.3357,1.3296,1.3308,712430.35
2026-06-01 04:00:00+00:00,1.3308,1.3332,1.3173,1.3223,815409.28
2026-06-01 05:00:00+00:00,1.3223,1.3233,1.3156,1.3165,953034.32
2026-06-01 06:00:00+00:00,1.3165,1.317,1.3097,1.3141,1318490.76
2026-06-01 07:00:00+00:00,1.3141,1.3154,1.3031,1.3038,1288115.54
2026-06-01 08:00:00+00:00,1.3038,1.3077,1.2989,1.303,1186649.22
2026-06-01 09:00:00+00:00,1.303,1.3098,1.303,1.3046,669893.16
2026-06-01 10:00:00+00:00,1.3046,1.3078,1.3017,1.3058,548404.68
2026-06-01 11:00:00+00:00,1.3058,1.308,1.3011,1.3035,582559.16
2026-06-01 12:00:00+00:00,1.3035,1.3064,1.2962,1.3027,1070665.76
2026-06-01 13:00:00+00:00,1.3027,1.3033,1.2863,1.2906,4356753.45
2026-06-01 14:00:00+00:00,1.2906,1.293,1.2821,1.2861,2085269.75
2026-06-01 15:00:00+00:00,1.2861,1.2903,1.2799,1.2822,1899197.86
2026-06-01 16:00:00+00:00,1.2822,1.2941,1.2797,1.294,1303596.42
2026-06-01 17:00:00+00:00,1.294,1.3053,1.2934,1.3007,1950461.95
2026-06-01 18:00:00+00:00,1.3007,1.3032,1.2952,1.2963,494192.34
2026-06-01 19:00:00+00:00,1.2963,1.3013,1.2944,1.3001,331592.47
2026-06-01 20:00:00+00:00,1.3001,1.3006,1.2958,1.299,836614.21
2026-06-01 21:00:00+00:00,1.299,1.299,1.2913,1.2917,460190.09
2026-06-01 22:00:00+00:00,1.2917,1.3012,1.2866,1.3004,1049869.85
2026-06-01 23:00:00+00:00,1.3004,1.3016,1.2931,1.2972,680788.73
2026-06-02 00:00:00+00:00,1.2972,1.2972,1.2884,1.2891,528900.45
2026-06-02 01:00:00+00:00,1.2891,1.2907,1.2792,1.2797,1571173.29
2026-06-02 02:00:00+00:00,1.2797,1.2857,1.2683,1.2844,2004198.82
2026-06-02 03:00:00+00:00,1.2844,1.2891,1.2821,1.2881,775458.01
2026-06-02 04:00:00+00:00,1.2881,1.2897,1.2798,1.2802,1242709.05
2026-06-02 05:00:00+00:00,1.2802,1.2811,1.2665,1.2677,2317678.47
2026-06-02 06:00:00+00:00,1.2677,1.2724,1.2628,1.2658,2370722.99
2026-06-02 07:00:00+00:00,1.2658,1.272,1.2586,1.2682,1972247.16
2026-06-02 08:00:00+00:00,1.2682,1.2694,1.2623,1.2647,1130937.04
2026-06-02 09:00:00+00:00,1.2647,1.2652,1.2569,1.2598,1872037.32
2026-06-02 10:00:00+00:00,1.2598,1.2681,1.2575,1.2673,597384.96
2026-06-02 11:00:00+00:00,1.2673,1.2673,1.259,1.261,908611.32
2026-06-02 12:00:00+00:00,1.261,1.266,1.2586,1.2637,1212441.06
2026-06-02 13:00:00+00:00,1.2637,1.2687,1.2598,1.2618,1481426.83
2026-06-02 14:00:00+00:00,1.2618,1.262,1.2275,1.2351,10077505.77
2026-06-02 15:00:00+00:00,1.2351,1.2373,1.2168,1.2221,10889313.51
2026-06-02 16:00:00+00:00,1.2221,1.2437,1.2195,1.2327,3743319.88
2026-06-02 17:00:00+00:00,1.2327,1.2436,1.2316,1.2364,1627423.34
2026-06-02 18:00:00+00:00,1.2364,1.2405,1.2179,1.224,2336500.33
2026-06-02 19:00:00+00:00,1.224,1.2309,1.2061,1.2216,4899818.19
2026-06-02 20:00:00+00:00,1.2216,1.2277,1.2129,1.2232,1936171.81
2026-06-02 21:00:00+00:00,1.2232,1.2323,1.2197,1.2264,2328708.67
2026-06-02 22:00:00+00:00,1.2264,1.2264,1.1945,1.2009,4842533.84
2026-06-02 23:00:00+00:00,1.2009,1.2125,1.1971,1.2115,4699780.56
2026-06-03 00:00:00+00:00,1.2115,1.2255,1.2115,1.2243,2784190.53
2026-06-03 01:00:00+00:00,1.2243,1.2317,1.2183,1.2233,2553754.09
2026-06-03 02:00:00+00:00,1.2233,1.2244,1.2174,1.2207,1794613.77
2026-06-03 03:00:00+00:00,1.2207,1.2236,1.1897,1.1977,5742310.96
2026-06-03 04:00:00+00:00,1.1977,1.219,1.1976,1.2185,3641307.15
2026-06-03 05:00:00+00:00,1.2185,1.2348,1.2185,1.2325,3020846.9
2026-06-03 06:00:00+00:00,1.2325,1.2465,1.2317,1.2388,2642999.42
2026-06-03 07:00:00+00:00,1.2388,1.2492,1.2377,1.2431,1563941.96
2026-06-03 08:00:00+00:00,1.2431,1.2456,1.2387,1.2428,1684833.96
2026-06-03 09:00:00+00:00,1.2428,1.2453,1.2353,1.2383,2181235.86
2026-06-03 10:00:00+00:00,1.2383,1.245,1.2379,1.242,1027692.59
2026-06-03 11:00:00+00:00,1.242,1.245,1.2339,1.237,1328674.95
2026-06-03 12:00:00+00:00,1.237,1.2378,1.2309,1.2356,1681237.45
2026-06-03 13:00:00+00:00,1.2356,1.2381,1.2261,1.2309,2251242.74
2026-06-03 14:00:00+00:00,1.2309,1.234,1.2219,1.2309,2447393.78
2026-06-03 15:00:00+00:00,1.2309,1.232,1.221,1.2252,2257953.46
2026-06-03 16:00:00+00:00,1.2252,1.2286,1.2089,1.2228,3588294.35
2026-06-03 17:00:00+00:00,1.2228,1.2289,1.2135,1.2215,1657593.46
2026-06-03 18:00:00+00:00,1.2215,1.2248,1.2131,1.2186,1209084.91
2026-06-03 19:00:00+00:00,1.2186,1.2198,1.202,1.2041,2872458.68
2026-06-03 20:00:00+00:00,1.2041,1.2082,1.1864,1.1939,5211492.48
2026-06-03 21:00:00+00:00,1.1939,1.2205,1.1917,1.2183,2544587.6
2026-06-03 22:00:00+00:00,1.2183,1.2204,1.2042,1.2062,1629267.58
2026-06-03 23:00:00+00:00,1.2062,1.2074,1.1978,1.2012,1442417.29
2026-06-04 00:00:00+00:00,1.2012,1.208,1.1867,1.1935,5600374.29
2026-06-04 01:00:00+00:00,1.1935,1.1965,1.1562,1.1613,12263051.48
2026-06-04 02:00:00+00:00,1.1613,1.1872,1.1413,1.1816,11077330.69
2026-06-04 03:00:00+00:00,1.1816,1.2115,1.1815,1.2093,6808558.84
2026-06-04 04:00:00+00:00,1.2093,1.2133,1.2004,1.2018,4003110.52
2026-06-04 05:00:00+00:00,1.2018,1.2018,1.1842,1.188,3703278.58
2026-06-04 06:00:00+00:00,1.188,1.2003,1.1865,1.1892,2266967.57
2026-06-04 07:00:00+00:00,1.1892,1.1903,1.1675,1.168,4124758.45
2026-06-04 08:00:00+00:00,1.168,1.1724,1.1611,1.1678,3891559.34
2026-06-04 09:00:00+00:00,1.1678,1.1683,1.1451,1.1623,5588519.64
2026-06-04 10:00:00+00:00,1.1623,1.1626,1.1434,1.1484,5601901.88
2026-06-04 11:00:00+00:00,1.1484,1.1588,1.1416,1.1559,4584116.65
2026-06-04 12:00:00+00:00,1.1559,1.1825,1.1504,1.18,5999248.84
2026-06-04 13:00:00+00:00,1.18,1.1834,1.163,1.1795,5528649.1
2026-06-04 14:00:00+00:00,1.1795,1.183,1.168,1.173,3096413.17
2026-06-04 15:00:00+00:00,1.173,1.1827,1.166,1.1688,2664124.44
2026-06-04 16:00:00+00:00,1.1688,1.1737,1.1609,1.1702,2130527.19
2026-06-04 17:00:00+00:00,1.1702,1.1756,1.1597,1.1697,2783741.73
2026-06-04 18:00:00+00:00,1.1697,1.1833,1.1632,1.1795,2568059.21
2026-06-04 19:00:00+00:00,1.1795,1.1849,1.173,1.1752,1789618.44
2026-06-04 20:00:00+00:00,1.1752,1.1779,1.1667,1.176,1344220.7
2026-06-04 21:00:00+00:00,1.176,1.179,1.1561,1.1589,2068088.79
2026-06-04 22:00:00+00:00,1.1589,1.1703,1.1546,1.1695,3578006.92
2026-06-04 23:00:00+00:00,1.1695,1.1723,1.1585,1.1687,1603517.12
2026-06-05 00:00:00+00:00,1.1687,1.1749,1.1608,1.1615,2103753.02
2026-06-05 01:00:00+00:00,1.1615,1.162,1.1511,1.1579,3147541.84
2026-06-05 02:00:00+00:00,1.1579,1.1582,1.1349,1.1352,3761692.33
2026-06-05 03:00:00+00:00,1.1352,1.1478,1.133,1.1347,3817670.83
2026-06-05 04:00:00+00:00,1.1347,1.1491,1.1307,1.1477,7131142.26
2026-06-05 05:00:00+00:00,1.1477,1.149,1.1202,1.1206,6001270.41
2026-06-05 06:00:00+00:00,1.1206,1.1266,1.0917,1.1189,16623426.33
2026-06-05 07:00:00+00:00,1.1189,1.1385,1.105,1.1362,9067802.94
2026-06-05 08:00:00+00:00,1.1362,1.1364,1.1169,1.1194,3135619.81
2026-06-05 09:00:00+00:00,1.1194,1.1463,1.119,1.1403,6325934.3
2026-06-05 10:00:00+00:00,1.1403,1.147,1.1309,1.1364,3361913.77
2026-06-05 11:00:00+00:00,1.1364,1.1364,1.1184,1.1191,5083710.14
2026-06-05 12:00:00+00:00,1.1191,1.1261,1.1101,1.1198,6305921.24
2026-06-05 13:00:00+00:00,1.1198,1.1379,1.1014,1.1025,10119766.75
2026-06-05 14:00:00+00:00,1.1025,1.1185,1.0976,1.1069,11197675.8
2026-06-05 15:00:00+00:00,1.1069,1.1098,1.0924,1.1001,12609670.19
2026-06-05 16:00:00+00:00,1.1001,1.1238,1.0846,1.1205,16728111.8
2026-06-05 17:00:00+00:00,1.1205,1.1223,1.1002,1.109,5200853.58
2026-06-05 18:00:00+00:00,1.109,1.1138,1.0807,1.0836,7595923.94
2026-06-05 19:00:00+00:00,1.0836,1.1045,1.0695,1.0992,9316840.88
2026-06-05 20:00:00+00:00,1.0992,1.1184,1.0858,1.1156,5855268.02
2026-06-05 21:00:00+00:00,1.1156,1.1203,1.1114,1.1117,3229337.14
2026-06-05 22:00:00+00:00,1.1117,1.1117,1.0976,1.1059,3870036.22
2026-06-05 23:00:00+00:00,1.1059,1.1167,1.0873,1.0978,5401586.99
2026-06-06 00:00:00+00:00,1.0978,1.1132,1.0977,1.111,2715216.37
2026-06-06 01:00:00+00:00,1.111,1.1144,1.1002,1.1014,1756253.45
2026-06-06 02:00:00+00:00,1.1014,1.1033,1.0918,1.0962,2046635.61
2026-06-06 03:00:00+00:00,1.0962,1.0962,1.0839,1.0858,3264063.93
2026-06-06 04:00:00+00:00,1.0858,1.0907,1.0517,1.0579,9733909.36
2026-06-06 05:00:00+00:00,1.0579,1.0912,1.05,1.0896,8423452.22
2026-06-06 06:00:00+00:00,1.0896,1.101,1.0807,1.0828,7091809.34
2026-06-06 07:00:00+00:00,1.0828,1.0984,1.0814,1.0922,3959117.51
2026-06-06 08:00:00+00:00,1.0922,1.1042,1.0898,1.0989,2891211.45
2026-06-06 09:00:00+00:00,1.0989,1.1032,1.0882,1.0914,2492143.93
2026-06-06 10:00:00+00:00,1.0914,1.0916,1.0724,1.0804,4994277.34
2026-06-06 11:00:00+00:00,1.0804,1.0894,1.0796,1.0874,1869432.39
2026-06-06 12:00:00+00:00,1.0874,1.0987,1.0806,1.0956,3068286.49
2026-06-06 13:00:00+00:00,1.0956,1.1026,1.0919,1.0982,2339523.87
2026-06-06 14:00:00+00:00,1.0982,1.1099,1.0976,1.1033,3036847.34
2026-06-06 15:00:00+00:00,1.1033,1.104,1.0862,1.096,3999221.12
2026-06-06 16:00:00+00:00,1.096,1.1018,1.0875,1.0954,3761364.25
2026-06-06 17:00:00+00:00,1.0954,1.0978,1.08,1.0827,3826847.35
2026-06-06 18:00:00+00:00,1.0827,1.088,1.079,1.0848,2220572.88
2026-06-06 19:00:00+00:00,1.0848,1.0899,1.0806,1.0808,1421302.89
2026-06-06 20:00:00+00:00,1.0808,1.0859,1.0778,1.0847,1895445.07
2026-06-06 21:00:00+00:00,1.0847,1.0938,1.0847,1.0879,1591680.24
2026-06-06 22:00:00+00:00,1.0879,1.0897,1.0813,1.0862,1203962.04
2026-06-06 23:00:00+00:00,1.0862,1.0953,1.0859,1.0936,908641.35
2026-06-07 00:00:00+00:00,1.0936,1.0975,1.0891,1.0891,908359.74
2026-06-07 01:00:00+00:00,1.0891,1.1202,1.0885,1.1162,4024268.51
2026-06-07 02:00:00+00:00,1.1162,1.1238,1.1068,1.1192,2288861.57
2026-06-07 03:00:00+00:00,1.1192,1.1248,1.1149,1.1186,1753985.92
2026-06-07 04:00:00+00:00,1.1186,1.1223,1.1103,1.1214,1633544.58
2026-06-07 05:00:00+00:00,1.1214,1.1266,1.119,1.1199,2527813.39
2026-06-07 06:00:00+00:00,1.1199,1.1295,1.1161,1.1257,2403311.33
2026-06-07 07:00:00+00:00,1.1257,1.1374,1.1228,1.1371,2740574.44
2026-06-07 08:00:00+00:00,1.1371,1.1571,1.1303,1.1558,6475199.7
2026-06-07 09:00:00+00:00,1.1558,1.1703,1.1455,1.1465,7660052.08
2026-06-07 10:00:00+00:00,1.1465,1.1474,1.1326,1.1355,2477831.17
2026-06-07 11:00:00+00:00,1.1355,1.1409,1.1329,1.1401,1405835.03
2026-06-07 12:00:00+00:00,1.1401,1.1407,1.1181,1.1239,6175470.77
2026-06-07 13:00:00+00:00,1.1239,1.125,1.1206,1.1225,1499527.76
2026-06-07 14:00:00+00:00,1.1225,1.1373,1.1223,1.1333,2007838.98
2026-06-07 15:00:00+00:00,1.1333,1.137,1.1285,1.134,1275711.75
2026-06-07 16:00:00+00:00,1.134,1.1394,1.1304,1.138,1454564.75
2026-06-07 17:00:00+00:00,1.138,1.1461,1.1363,1.1444,2071243.82
2026-06-07 18:00:00+00:00,1.1444,1.1514,1.1408,1.1413,1914826.8
2026-06-07 19:00:00+00:00,1.1413,1.1415,1.1203,1.1249,6230956.79
2026-06-07 20:00:00+00:00,1.1249,1.1366,1.1218,1.1323,1857780.34
2026-06-07 21:00:00+00:00,1.1323,1.1342,1.1248,1.1302,1555922.04
2026-06-07 22:00:00+00:00,1.1302,1.1719,1.1281,1.1536,10565266.56
2026-06-07 23:00:00+00:00,1.1536,1.1607,1.1505,1.1556,3377322.33
2026-06-08 00:00:00+00:00,1.1556,1.1679,1.1487,1.1631,4873230.05
2026-06-08 01:00:00+00:00,1.1631,1.1657,1.1423,1.1574,4335537.18
2026-06-08 02:00:00+00:00,1.1574,1.162,1.1524,1.1565,3688081.08
2026-06-08 03:00:00+00:00,1.1565,1.1614,1.149,1.1518,2892406.71
2026-06-08 04:00:00+00:00,1.1518,1.1528,1.1393,1.1399,3561822.46
2026-06-08 05:00:00+00:00,1.1399,1.1435,1.1318,1.1365,3565780.51
2026-06-08 06:00:00+00:00,1.1365,1.1435,1.1362,1.141,1911315.7
2026-06-08 07:00:00+00:00,1.141,1.151,1.1378,1.1479,2227502.72
2026-06-08 08:00:00+00:00,1.1479,1.1479,1.1359,1.1397,1934843.85
2026-06-08 09:00:00+00:00,1.1397,1.1502,1.1397,1.1502,2241315.05
2026-06-08 10:00:00+00:00,1.1502,1.1528,1.1431,1.1451,2266617.56
2026-06-08 11:00:00+00:00,1.1451,1.1656,1.1432,1.1579,4127839.46
2026-06-08 12:00:00+00:00,1.1579,1.1704,1.1462,1.1698,5737240.31
2026-06-08 13:00:00+00:00,1.1698,1.1708,1.1558,1.1625,6304744.9
2026-06-08 14:00:00+00:00,1.1625,1.1754,1.1569,1.1729,3889090.19
2026-06-08 15:00:00+00:00,1.1729,1.1849,1.1691,1.171,3298467.53
2026-06-08 16:00:00+00:00,1.171,1.1774,1.1641,1.165,2882232.5
2026-06-08 17:00:00+00:00,1.165,1.1728,1.1579,1.1727,2572975.38
2026-06-08 18:00:00+00:00,1.1727,1.1799,1.1715,1.1746,1646785.95
2026-06-08 19:00:00+00:00,1.1746,1.1864,1.1735,1.1791,2423369.74
2026-06-08 20:00:00+00:00,1.1791,1.1817,1.1689,1.1774,2252569.57
2026-06-08 21:00:00+00:00,1.1774,1.1864,1.1774,1.1808,1765225.24
2026-06-08 22:00:00+00:00,1.1808,1.1808,1.1718,1.1777,1570111.38
2026-06-08 23:00:00+00:00,1.1777,1.1817,1.1664,1.1681,1184065.1
2026-06-09 00:00:00+00:00,1.1681,1.1714,1.1517,1.1527,4150787.1
2026-06-09 01:00:00+00:00,1.1527,1.1573,1.1495,1.1511,2863166.57
2026-06-09 02:00:00+00:00,1.1511,1.1547,1.1432,1.1526,1982480.41
2026-06-09 03:00:00+00:00,1.1526,1.1563,1.1507,1.1549,1641622.26
2026-06-09 04:00:00+00:00,1.1549,1.1729,1.1508,1.1665,6146794.03
2026-06-09 05:00:00+00:00,1.1665,1.1765,1.1623,1.1729,2039654.33
2026-06-09 06:00:00+00:00,1.1729,1.177,1.1711,1.1728,2661430.18
2026-06-09 07:00:00+00:00,1.1728,1.1765,1.1665,1.1713,2586655.28
2026-06-09 08:00:00+00:00,1.1713,1.1723,1.1646,1.1674,2040317.38
2026-06-09 09:00:00+00:00,1.1674,1.1703,1.1587,1.1597,2243000.34
2026-06-09 10:00:00+00:00,1.1597,1.1611,1.1551,1.1592,2737621.28
2026-06-09 11:00:00+00:00,1.1592,1.1595,1.1527,1.1556,1866624.73
2026-06-09 12:00:00+00:00,1.1556,1.1642,1.1548,1.1631,2290541.35
2026-06-09 13:00:00+00:00,1.1631,1.1668,1.1542,1.1577,3002764.61
2026-06-09 14:00:00+00:00,1.1577,1.1603,1.1309,1.1375,6310941.33
2026-06-09 15:00:00+00:00,1.1375,1.1424,1.1269,1.1277,3942111.18
2026-06-09 16:00:00+00:00,1.1277,1.1318,1.1188,1.128,3215846.8
2026-06-09 17:00:00+00:00,1.128,1.1472,1.128,1.1382,2834680.9
2026-06-09 18:00:00+00:00,1.1382,1.1462,1.1359,1.139,1258708.53
2026-06-09 19:00:00+00:00,1.139,1.1453,1.1361,1.1403,1940746.46
2026-06-09 20:00:00+00:00,1.1403,1.1461,1.1388,1.1439,1086307.94
2026-06-09 21:00:00+00:00,1.1439,1.1444,1.1349,1.137,994829.89
2026-06-09 22:00:00+00:00,1.137,1.1414,1.134,1.1355,855533.07
2026-06-09 23:00:00+00:00,1.1355,1.1394,1.1339,1.1375,933656.82
2026-06-10 00:00:00+00:00,1.1375,1.1412,1.1271,1.1375,2029708.1
2026-06-10 01:00:00+00:00,1.1375,1.1376,1.1276,1.1296,2008767.74
2026-06-10 02:00:00+00:00,1.1296,1.1312,1.1154,1.1174,3187705.77
2026-06-10 03:00:00+00:00,1.1174,1.124,1.1167,1.1192,1575566.49
2026-06-10 04:00:00+00:00,1.1192,1.1225,1.1134,1.1162,1358111.47
2026-06-10 05:00:00+00:00,1.1162,1.1177,1.1096,1.1121,2033625.7
2026-06-10 06:00:00+00:00,1.1121,1.1149,1.1067,1.1118,1743417.67
2026-06-10 07:00:00+00:00,1.1118,1.12,1.1118,1.1167,1377182.27
2026-06-10 08:00:00+00:00,1.1167,1.117,1.1056,1.1077,2566411.2
2026-06-10 09:00:00+00:00,1.1077,1.1106,1.1007,1.1099,2112998.43
2026-06-10 10:00:00+00:00,1.1099,1.1116,1.1055,1.1111,1319935.17
2026-06-10 11:00:00+00:00,1.1111,1.1115,1.1016,1.1043,4098777.0
2026-06-10 12:00:00+00:00,1.1043,1.1251,1.1018,1.1179,6558480.35
2026-06-10 13:00:00+00:00,1.1179,1.1378,1.116,1.1302,6622167.59
2026-06-10 14:00:00+00:00,1.1302,1.1306,1.1178,1.1246,5630204.89
2026-06-10 15:00:00+00:00,1.1246,1.1335,1.1184,1.1284,5656482.87
2026-06-10 16:00:00+00:00,1.1284,1.1303,1.108,1.1142,4659553.91
2026-06-10 17:00:00+00:00,1.1142,1.1186,1.1037,1.11,4128458.26
2026-06-10 18:00:00+00:00,1.11,1.1114,1.099,1.1072,3683629.9
2026-06-10 19:00:00+00:00,1.1072,1.1075,1.0956,1.0982,3691113.15
2026-06-10 20:00:00+00:00,1.0982,1.104,1.0941,1.0993,2477126.18
2026-06-10 21:00:00+00:00,1.0993,1.1,1.0882,1.0928,2140594.57
2026-06-10 22:00:00+00:00,1.0928,1.1,1.0903,1.0949,2882396.89
2026-06-10 23:00:00+00:00,1.0949,1.0996,1.0895,1.0971,2794840.51
2026-06-11 00:00:00+00:00,1.0971,1.1043,1.0965,1.102,2200117.47
2026-06-11 01:00:00+00:00,1.102,1.1201,1.102,1.1159,4086947.71
2026-06-11 02:00:00+00:00,1.1159,1.118,1.1051,1.1095,2126289.01
2026-06-11 03:00:00+00:00,1.1095,1.124,1.106,1.12,3055417.42
2026-06-11 04:00:00+00:00,1.12,1.1215,1.1148,1.1201,1733229.27
2026-06-11 05:00:00+00:00,1.1201,1.1201,1.1145,1.1147,961042.01
2026-06-11 06:00:00+00:00,1.1147,1.1211,1.1121,1.115,1534059.37
2026-06-11 07:00:00+00:00,1.115,1.1176,1.112,1.1153,790502.43
2026-06-11 08:00:00+00:00,1.1153,1.1239,1.1153,1.1212,1268343.36
2026-06-11 09:00:00+00:00,1.1212,1.122,1.1167,1.1173,1120589.95
2026-06-11 10:00:00+00:00,1.1173,1.1256,1.1148,1.1219,3907347.8
2026-06-11 11:00:00+00:00,1.1219,1.1259,1.1189,1.1225,2250372.99
2026-06-11 12:00:00+00:00,1.1225,1.1225,1.1086,1.114,4156284.87
2026-06-11 13:00:00+00:00,1.114,1.1205,1.1081,1.1168,3209952.46
2026-06-11 14:00:00+00:00,1.1168,1.1188,1.1107,1.113,2413387.84
2026-06-11 15:00:00+00:00,1.113,1.1183,1.1071,1.1129,3813616.17
2026-06-11 16:00:00+00:00,1.1129,1.1157,1.1062,1.108,2483105.43
2026-06-11 17:00:00+00:00,1.108,1.1436,1.1044,1.1396,7861065.77
2026-06-11 18:00:00+00:00,1.1396,1.1463,1.1341,1.1381,3954243.44
2026-06-11 19:00:00+00:00,1.1381,1.1502,1.1343,1.1433,4062722.63
2026-06-11 20:00:00+00:00,1.1433,1.1443,1.1323,1.1361,2664167.65
2026-06-11 21:00:00+00:00,1.1361,1.1435,1.1355,1.1414,1287309.0
2026-06-11 22:00:00+00:00,1.1414,1.1471,1.14,1.1434,2034223.14
2026-06-11 23:00:00+00:00,1.1434,1.1445,1.139,1.1428,1636986.29
2026-06-12 00:00:00+00:00,1.1428,1.1451,1.1391,1.1423,1455601.39
2026-06-12 01:00:00+00:00,1.1423,1.1423,1.1357,1.1398,1399487.98
2026-06-12 02:00:00+00:00,1.1398,1.1502,1.1398,1.146,1966822.76
2026-06-12 03:00:00+00:00,1.146,1.1482,1.1408,1.1441,2286883.83
2026-06-12 04:00:00+00:00,1.1441,1.1511,1.1422,1.1466,2467962.5
2026-06-12 05:00:00+00:00,1.1466,1.1468,1.139,1.1399,1967684.2
2026-06-12 06:00:00+00:00,1.1399,1.1416,1.1278,1.13,2438741.72
2026-06-12 07:00:00+00:00,1.13,1.1366,1.13,1.1335,1981334.47
2026-06-12 08:00:00+00:00,1.1335,1.145,1.1335,1.1426,1575954.75
2026-06-12 09:00:00+00:00,1.1426,1.1518,1.1394,1.1467,2337144.75
2026-06-12 10:00:00+00:00,1.1467,1.1489,1.1403,1.1435,2343519.06
2026-06-12 11:00:00+00:00,1.1435,1.1451,1.1407,1.1413,1630214.85
2026-06-12 12:00:00+00:00,1.1413,1.1423,1.1346,1.1358,1386889.49
2026-06-12 13:00:00+00:00,1.1358,1.1372,1.1257,1.1303,3702754.05
2026-06-12 14:00:00+00:00,1.1303,1.151,1.1289,1.1486,6807815.74
2026-06-12 15:00:00+00:00,1.1486,1.1576,1.1273,1.1287,6677829.83
2026-06-12 16:00:00+00:00,1.1287,1.1368,1.1261,1.1357,4646797.04
2026-06-12 17:00:00+00:00,1.1357,1.1392,1.1302,1.1323,1701399.41
2026-06-12 18:00:00+00:00,1.1323,1.1349,1.1277,1.1303,1813354.53
2026-06-12 19:00:00+00:00,1.1303,1.1368,1.13,1.1314,1664269.18
2026-06-12 20:00:00+00:00,1.1314,1.135,1.13,1.1329,1419975.85
2026-06-12 21:00:00+00:00,1.1329,1.1353,1.1297,1.1299,840471.98
2026-06-12 22:00:00+00:00,1.1299,1.1323,1.1284,1.131,898239.02
2026-06-12 23:00:00+00:00,1.131,1.1331,1.1286,1.1325,795299.61
2026-06-13 00:00:00+00:00,1.1325,1.1357,1.1315,1.1347,908188.82
2026-06-13 01:00:00+00:00,1.1347,1.1409,1.1346,1.1399,1165972.36
2026-06-13 02:00:00+00:00,1.1399,1.1399,1.1331,1.1345,406183.63
2026-06-13 03:00:00+00:00,1.1345,1.1368,1.1308,1.1337,440802.62
2026-06-13 04:00:00+00:00,1.1337,1.1367,1.133,1.1334,332334.12
2026-06-13 05:00:00+00:00,1.1334,1.134,1.1295,1.1323,660700.44
2026-06-13 06:00:00+00:00,1.1323,1.1385,1.1311,1.1373,746090.92
2026-06-13 07:00:00+00:00,1.1373,1.1448,1.1351,1.1416,2355665.4
2026-06-13 08:00:00+00:00,1.1416,1.147,1.1405,1.1433,1329750.44
2026-06-13 09:00:00+00:00,1.1433,1.1453,1.142,1.1431,555266.3
2026-06-13 10:00:00+00:00,1.1431,1.1464,1.1425,1.1447,655594.24
2026-06-13 11:00:00+00:00,1.1447,1.1497,1.1444,1.1486,646751.93
2026-06-13 12:00:00+00:00,1.1486,1.1561,1.1471,1.1541,921308.48
2026-06-13 13:00:00+00:00,1.1541,1.1548,1.1502,1.1514,1083622.36
2026-06-13 14:00:00+00:00,1.1514,1.1575,1.1513,1.1553,877913.32
2026-06-13 15:00:00+00:00,1.1553,1.1609,1.1525,1.1566,956174.84
2026-06-13 16:00:00+00:00,1.1566,1.1568,1.144,1.1472,1987987.19
2026-06-13 17:00:00+00:00,1.1472,1.1492,1.1428,1.1443,817320.38
2026-06-13 18:00:00+00:00,1.1443,1.1481,1.1438,1.1462,533992.63
2026-06-13 19:00:00+00:00,1.1462,1.1489,1.1446,1.1477,495706.72
2026-06-13 20:00:00+00:00,1.1477,1.1477,1.1452,1.1469,245301.4
2026-06-13 21:00:00+00:00,1.1469,1.1563,1.145,1.1527,1314802.66
2026-06-13 22:00:00+00:00,1.1527,1.1531,1.1494,1.1501,539673.0
2026-06-13 23:00:00+00:00,1.1501,1.1529,1.149,1.1506,343465.39
2026-06-14 00:00:00+00:00,1.1506,1.1509,1.1484,1.1493,474659.65
2026-06-14 01:00:00+00:00,1.1493,1.1565,1.1487,1.1519,635438.74
2026-06-14 02:00:00+00:00,1.1519,1.1556,1.1511,1.1519,520163.78
2026-06-14 03:00:00+00:00,1.1519,1.1544,1.1508,1.1537,672877.26
2026-06-14 04:00:00+00:00,1.1537,1.1542,1.1466,1.1482,489170.63
2026-06-14 05:00:00+00:00,1.1482,1.1505,1.1444,1.148,597816.56
2026-06-14 06:00:00+00:00,1.148,1.1533,1.1456,1.1464,942852.59
2026-06-14 07:00:00+00:00,1.1464,1.1466,1.1426,1.1462,985803.29
2026-06-14 08:00:00+00:00,1.1462,1.148,1.1444,1.1453,643202.64
2026-06-14 09:00:00+00:00,1.1453,1.1489,1.141,1.1484,830079.19
2026-06-14 10:00:00+00:00,1.1484,1.1488,1.143,1.143,474355.76
2026-06-14 11:00:00+00:00,1.143,1.1457,1.1417,1.144,417522.23
2026-06-14 12:00:00+00:00,1.144,1.1442,1.1372,1.1377,660193.05
2026-06-14 13:00:00+00:00,1.1377,1.1396,1.1334,1.135,887352.29
2026-06-14 14:00:00+00:00,1.135,1.1369,1.1268,1.1318,1129828.63
2026-06-14 15:00:00+00:00,1.1318,1.1359,1.1318,1.135,903887.18
2026-06-14 16:00:00+00:00,1.135,1.1391,1.1345,1.1367,1003878.36
2026-06-14 17:00:00+00:00,1.1367,1.1389,1.1325,1.1332,925957.98
2026-06-14 18:00:00+00:00,1.1332,1.1355,1.1306,1.1325,482424.38
2026-06-14 19:00:00+00:00,1.1325,1.1353,1.1307,1.1329,389738.21
2026-06-14 20:00:00+00:00,1.1329,1.14,1.1317,1.138,845183.11
2026-06-14 21:00:00+00:00,1.138,1.1759,1.138,1.1681,3512989.4
2026-06-14 22:00:00+00:00,1.1681,1.1777,1.1628,1.1737,3619905.97
2026-06-14 23:00:00+00:00,1.1737,1.1878,1.1687,1.186,3356464.19
2026-06-15 00:00:00+00:00,1.186,1.1886,1.181,1.1847,2247493.78
2026-06-15 01:00:00+00:00,1.1847,1.1919,1.1779,1.1826,2241994.77
2026-06-15 02:00:00+00:00,1.1826,1.1936,1.1804,1.1826,1696389.33
2026-06-15 03:00:00+00:00,1.1826,1.1912,1.1813,1.1871,1163418.57
2026-06-15 04:00:00+00:00,1.1871,1.1885,1.1826,1.1839,695970.58
2026-06-15 05:00:00+00:00,1.1839,1.1882,1.1811,1.1842,1664029.52
2026-06-15 06:00:00+00:00,1.1842,1.1871,1.1817,1.1828,839623.61
2026-06-15 07:00:00+00:00,1.1828,1.1869,1.1801,1.1813,942522.69
2026-06-15 08:00:00+00:00,1.1813,1.1836,1.1791,1.1811,750370.21
2026-06-15 09:00:00+00:00,1.1811,1.1874,1.179,1.1854,1424251.71
2026-06-15 10:00:00+00:00,1.1854,1.1998,1.1842,1.1995,2419247.97
2026-06-15 11:00:00+00:00,1.1995,1.2332,1.1957,1.2325,7177579.0
2026-06-15 12:00:00+00:00,1.2325,1.2486,1.2266,1.2391,4703516.53
2026-06-15 13:00:00+00:00,1.2391,1.2497,1.234,1.2398,4172727.79
2026-06-15 14:00:00+00:00,1.2398,1.2475,1.2344,1.2445,2077548.67
2026-06-15 15:00:00+00:00,1.2445,1.2705,1.2442,1.2688,4636914.89
2026-06-15 16:00:00+00:00,1.2688,1.2933,1.258,1.2799,5069139.5
2026-06-15 17:00:00+00:00,1.2799,1.2875,1.2693,1.282,2723594.03
2026-06-15 18:00:00+00:00,1.282,1.2887,1.2742,1.2816,1919630.23
2026-06-15 19:00:00+00:00,1.2816,1.2916,1.2667,1.2757,3065040.66
2026-06-15 20:00:00+00:00,1.2757,1.2785,1.2629,1.264,1352682.91
2026-06-15 21:00:00+00:00,1.264,1.2649,1.2487,1.25,1298289.64
2026-06-15 22:00:00+00:00,1.25,1.2554,1.2379,1.2401,2311152.42
2026-06-15 23:00:00+00:00,1.2401,1.2424,1.2329,1.2381,1287929.87
2026-06-16 00:00:00+00:00,1.2381,1.2431,1.233,1.2347,1191466.88
2026-06-16 01:00:00+00:00,1.2347,1.2384,1.2281,1.2286,752841.78
2026-06-16 02:00:00+00:00,1.2286,1.2291,1.2142,1.2177,1438002.62
2026-06-16 03:00:00+00:00,1.2177,1.2278,1.2164,1.2273,968724.73
2026-06-16 04:00:00+00:00,1.2273,1.2306,1.221,1.2226,815536.48
2026-06-16 05:00:00+00:00,1.2226,1.2276,1.2225,1.2255,595444.47
2026-06-16 06:00:00+00:00,1.2255,1.2369,1.2255,1.2358,1770805.92
2026-06-16 07:00:00+00:00,1.2358,1.2389,1.2303,1.2354,924758.39
2026-06-16 08:00:00+00:00,1.2354,1.2524,1.2332,1.2481,1439409.89
2026-06-16 09:00:00+00:00,1.2481,1.2481,1.237,1.239,763044.45
2026-06-16 10:00:00+00:00,1.239,1.2434,1.237,1.2398,904842.65
2026-06-16 11:00:00+00:00,1.2398,1.2425,1.2338,1.2384,803743.29
2026-06-16 12:00:00+00:00,1.2384,1.2559,1.237,1.2448,2310777.73
2026-06-16 13:00:00+00:00,1.2448,1.2459,1.2247,1.2258,2292520.32
2026-06-16 14:00:00+00:00,1.2258,1.2304,1.2053,1.2095,2135930.22
2026-06-16 15:00:00+00:00,1.2095,1.2176,1.2072,1.2099,935363.46
2026-06-16 16:00:00+00:00,1.2099,1.2145,1.2086,1.213,639015.1
2026-06-16 17:00:00+00:00,1.213,1.2223,1.2118,1.221,828521.14
2026-06-16 18:00:00+00:00,1.221,1.2311,1.2209,1.2267,806949.58
2026-06-16 19:00:00+00:00,1.2267,1.2267,1.2174,1.2206,1188476.78
2026-06-16 20:00:00+00:00,1.2206,1.2245,1.2165,1.223,576709.45
2026-06-16 21:00:00+00:00,1.223,1.2259,1.2161,1.2198,801535.3
2026-06-16 22:00:00+00:00,1.2198,1.2221,1.217,1.2218,300971.39
2026-06-16 23:00:00+00:00,1.2218,1.2239,1.2164,1.2175,253851.94
2026-06-17 00:00:00+00:00,1.2175,1.22,1.2137,1.2152,1143107.47
2026-06-17 01:00:00+00:00,1.2152,1.2226,1.2083,1.2215,1037017.64
2026-06-17 02:00:00+00:00,1.2215,1.2282,1.2157,1.2196,810754.54
2026-06-17 03:00:00+00:00,1.2196,1.2196,1.2129,1.2161,568042.46
2026-06-17 04:00:00+00:00,1.2161,1.2216,1.2144,1.2174,448846.8
2026-06-17 05:00:00+00:00,1.2174,1.2228,1.2144,1.2185,322355.46
2026-06-17 06:00:00+00:00,1.2185,1.2206,1.21,1.2119,584509.81
2026-06-17 07:00:00+00:00,1.2119,1.2159,1.2054,1.2097,859578.85
2026-06-17 08:00:00+00:00,1.2097,1.2109,1.1949,1.1962,1422099.21
2026-06-17 09:00:00+00:00,1.1962,1.1992,1.1944,1.1978,554257.76
2026-06-17 10:00:00+00:00,1.1978,1.1987,1.1945,1.1958,609159.3
2026-06-17 11:00:00+00:00,1.1958,1.1975,1.1881,1.1928,1362803.74
2026-06-17 12:00:00+00:00,1.1928,1.1984,1.1892,1.1977,943357.14
2026-06-17 13:00:00+00:00,1.1977,1.2072,1.1966,1.201,1049223.43
2026-06-17 14:00:00+00:00,1.201,1.2041,1.1889,1.1951,1244297.83
2026-06-17 15:00:00+00:00,1.1951,1.2135,1.1933,1.2135,714347.98
2026-06-17 16:00:00+00:00,1.2135,1.2249,1.2118,1.2127,864660.36
2026-06-17 17:00:00+00:00,1.2127,1.2194,1.2087,1.2183,449943.73
2026-06-17 18:00:00+00:00,1.2183,1.2199,1.1933,1.2091,2783772.96
2026-06-17 19:00:00+00:00,1.2091,1.2129,1.1772,1.1808,2748337.62
2026-06-17 20:00:00+00:00,1.1808,1.1911,1.1786,1.1898,732634.22
2026-06-17 21:00:00+00:00,1.1898,1.1907,1.1791,1.182,556566.71
2026-06-17 22:00:00+00:00,1.182,1.1887,1.1716,1.184,698095.88
2026-06-17 23:00:00+00:00,1.184,1.1887,1.1839,1.1866,439339.57
2026-06-18 00:00:00+00:00,1.1866,1.1913,1.1864,1.1872,440633.17
2026-06-18 01:00:00+00:00,1.1872,1.1921,1.1854,1.1887,500189.4
2026-06-18 02:00:00+00:00,1.1887,1.1911,1.1886,1.1896,260528.34
2026-06-18 03:00:00+00:00,1.1896,1.1898,1.1782,1.1789,682129.08
2026-06-18 04:00:00+00:00,1.1789,1.1792,1.1674,1.1694,980870.78
2026-06-18 05:00:00+00:00,1.1694,1.1694,1.1629,1.1678,1097009.95
2026-06-18 06:00:00+00:00,1.1678,1.1715,1.164,1.1711,607354.62
2026-06-18 07:00:00+00:00,1.1711,1.1814,1.1686,1.1789,494679.79
2026-06-18 08:00:00+00:00,1.1789,1.1816,1.1769,1.1782,595398.88
2026-06-18 09:00:00+00:00,1.1782,1.1823,1.1764,1.1789,787472.61
2026-06-18 10:00:00+00:00,1.1789,1.1789,1.1674,1.1692,1280884.54
2026-06-18 11:00:00+00:00,1.1692,1.1711,1.1615,1.1646,1323031.57
2026-06-18 12:00:00+00:00,1.1646,1.1708,1.1634,1.1689,1673822.51
2026-06-18 13:00:00+00:00,1.1689,1.1724,1.1553,1.1609,2029029.97
2026-06-18 14:00:00+00:00,1.1609,1.1701,1.1556,1.1601,906659.1
2026-06-18 15:00:00+00:00,1.1601,1.1606,1.133,1.138,2887807.4
2026-06-18 16:00:00+00:00,1.138,1.1483,1.1374,1.1474,1242451.42
2026-06-18 17:00:00+00:00,1.1474,1.1489,1.1379,1.1433,1068054.23
2026-06-18 18:00:00+00:00,1.1433,1.1468,1.1367,1.1384,1377670.08
2026-06-18 19:00:00+00:00,1.1384,1.1465,1.1336,1.1438,893265.58
2026-06-18 20:00:00+00:00,1.1438,1.1548,1.1438,1.1525,1798680.85
2026-06-18 21:00:00+00:00,1.1525,1.1525,1.1425,1.1449,493648.18
2026-06-18 22:00:00+00:00,1.1449,1.1484,1.1422,1.1473,528893.77
2026-06-18 23:00:00+00:00,1.1473,1.1478,1.143,1.1466,242229.37
2026-06-19 00:00:00+00:00,1.1466,1.1502,1.1435,1.1489,509442.21
2026-06-19 01:00:00+00:00,1.1489,1.1522,1.1448,1.1513,491079.69
2026-06-19 02:00:00+00:00,1.1513,1.1531,1.1453,1.1486,317160.82
2026-06-19 03:00:00+00:00,1.1486,1.1502,1.1366,1.1391,1568292.44
2026-06-19 04:00:00+00:00,1.1391,1.1404,1.1254,1.1274,1175392.6
2026-06-19 05:00:00+00:00,1.1274,1.1336,1.1273,1.1334,623302.08
2026-06-19 06:00:00+00:00,1.1334,1.1361,1.1283,1.134,416122.06
2026-06-19 07:00:00+00:00,1.134,1.134,1.1211,1.1255,1260398.79
2026-06-19 08:00:00+00:00,1.1255,1.1311,1.1245,1.1267,1078347.84
2026-06-19 09:00:00+00:00,1.1267,1.1282,1.1222,1.1247,548441.51
2026-06-19 10:00:00+00:00,1.1247,1.1271,1.1211,1.1253,717771.73
2026-06-19 11:00:00+00:00,1.1253,1.129,1.1223,1.1271,899190.77
2026-06-19 12:00:00+00:00,1.1271,1.1323,1.1193,1.1314,2002489.74
2026-06-19 13:00:00+00:00,1.1314,1.1439,1.1292,1.1403,1158392.65
2026-06-19 14:00:00+00:00,1.1403,1.1416,1.1343,1.1366,777946.93
2026-06-19 15:00:00+00:00,1.1366,1.1385,1.1328,1.1371,735043.02
2026-06-19 16:00:00+00:00,1.1371,1.1391,1.1292,1.1303,560337.19
2026-06-19 17:00:00+00:00,1.1303,1.1389,1.1289,1.1362,560428.04
2026-06-19 18:00:00+00:00,1.1362,1.1362,1.1296,1.1328,481319.77
2026-06-19 19:00:00+00:00,1.1328,1.134,1.1286,1.1316,344009.45
2026-06-19 20:00:00+00:00,1.1316,1.1353,1.1276,1.1347,353357.74
2026-06-19 21:00:00+00:00,1.1347,1.1347,1.129,1.13,186619.14
2026-06-19 22:00:00+00:00,1.13,1.1359,1.1296,1.1342,317081.78
2026-06-19 23:00:00+00:00,1.1342,1.1385,1.1325,1.1358,1072111.67
2026-06-20 00:00:00+00:00,1.1358,1.1427,1.1353,1.1373,760865.02
2026-06-20 01:00:00+00:00,1.1373,1.1422,1.1365,1.1418,315227.6
2026-06-20 02:00:00+00:00,1.1418,1.142,1.1363,1.1391,257264.78
2026-06-20 03:00:00+00:00,1.1391,1.1407,1.1374,1.1399,226985.47
2026-06-20 04:00:00+00:00,1.1399,1.1455,1.139,1.1442,554697.68
2026-06-20 05:00:00+00:00,1.1442,1.1545,1.1429,1.1478,1168662.94
2026-06-20 06:00:00+00:00,1.1478,1.1512,1.1474,1.1497,439296.84
2026-06-20 07:00:00+00:00,1.1497,1.1501,1.1453,1.1471,458589.06
2026-06-20 08:00:00+00:00,1.1471,1.1477,1.1444,1.1469,286048.84
2026-06-20 09:00:00+00:00,1.1469,1.153,1.1467,1.1522,402000.5
2026-06-20 10:00:00+00:00,1.1522,1.1522,1.1475,1.1494,257729.72
2026-06-20 11:00:00+00:00,1.1494,1.15,1.1465,1.1473,255664.17
2026-06-20 12:00:00+00:00,1.1473,1.1496,1.1451,1.1461,339050.79
2026-06-20 13:00:00+00:00,1.1461,1.1471,1.1384,1.1411,918712.68
2026-06-20 14:00:00+00:00,1.1411,1.1518,1.1342,1.1467,1603458.26
2026-06-20 15:00:00+00:00,1.1467,1.1559,1.1446,1.1509,1534389.45
2026-06-20 16:00:00+00:00,1.1509,1.1509,1.1446,1.1493,1342625.46
2026-06-20 17:00:00+00:00,1.1493,1.1493,1.1392,1.1437,528021.02
2026-06-20 18:00:00+00:00,1.1437,1.1464,1.1416,1.1422,376621.17
2026-06-20 19:00:00+00:00,1.1422,1.1446,1.14,1.1441,222793.43
2026-06-20 20:00:00+00:00,1.1441,1.1467,1.1439,1.1456,194046.94
2026-06-20 21:00:00+00:00,1.1456,1.15,1.145,1.1478,296402.67
2026-06-20 22:00:00+00:00,1.1478,1.1557,1.147,1.1527,446963.22
2026-06-20 23:00:00+00:00,1.1527,1.1539,1.1498,1.1499,224179.16
2026-06-21 00:00:00+00:00,1.1499,1.1506,1.1485,1.1494,263904.01
2026-06-21 01:00:00+00:00,1.1494,1.15,1.147,1.1498,124559.41
2026-06-21 02:00:00+00:00,1.1498,1.15,1.147,1.1472,223322.92
2026-06-21 03:00:00+00:00,1.1472,1.1515,1.1461,1.1493,293917.71
2026-06-21 04:00:00+00:00,1.1493,1.1521,1.1449,1.1454,246278.35
2026-06-21 05:00:00+00:00,1.1454,1.1462,1.1431,1.1445,376017.02
2026-06-21 06:00:00+00:00,1.1445,1.1476,1.1441,1.1472,410389.11
2026-06-21 07:00:00+00:00,1.1472,1.1505,1.1462,1.1474,577671.04
2026-06-21 08:00:00+00:00,1.1474,1.148,1.1415,1.1447,380979.26
2026-06-21 09:00:00+00:00,1.1447,1.1505,1.1442,1.1492,493438.8
2026-06-21 10:00:00+00:00,1.1492,1.1534,1.1482,1.1484,557859.55
2026-06-21 11:00:00+00:00,1.1484,1.1504,1.1418,1.1427,511475.09
2026-06-21 12:00:00+00:00,1.1427,1.145,1.1399,1.1445,539628.44
2026-06-21 13:00:00+00:00,1.1445,1.1469,1.1417,1.145,434624.06
2026-06-21 14:00:00+00:00,1.145,1.1474,1.142,1.1474,217482.4
2026-06-21 15:00:00+00:00,1.1474,1.1517,1.1471,1.1497,464470.0
2026-06-21 16:00:00+00:00,1.1497,1.1497,1.1423,1.145,359208.52
2026-06-21 17:00:00+00:00,1.145,1.1472,1.1413,1.1428,287659.17
2026-06-21 18:00:00+00:00,1.1428,1.1466,1.139,1.1453,462092.98
2026-06-21 19:00:00+00:00,1.1453,1.1482,1.1448,1.1456,360201.1
2026-06-21 20:00:00+00:00,1.1456,1.1473,1.1366,1.1395,600918.14
2026-06-21 21:00:00+00:00,1.1395,1.1399,1.1216,1.1349,3250286.59
2026-06-21 22:00:00+00:00,1.1349,1.1371,1.1274,1.1319,894555.18
2026-06-21 23:00:00+00:00,1.1319,1.1319,1.1236,1.1247,853737.96
2026-06-22 00:00:00+00:00,1.1247,1.1408,1.1247,1.1392,831989.84
2026-06-22 01:00:00+00:00,1.1392,1.1523,1.1342,1.1454,1636234.42
2026-06-22 02:00:00+00:00,1.1454,1.1461,1.1364,1.1364,467924.01
2026-06-22 03:00:00+00:00,1.1364,1.1384,1.1285,1.1299,725880.31
2026-06-22 04:00:00+00:00,1.1299,1.1345,1.1293,1.1344,315787.87
2026-06-22 05:00:00+00:00,1.1344,1.1387,1.134,1.1355,399685.21
2026-06-22 06:00:00+00:00,1.1355,1.1379,1.1295,1.131,450281.91
2026-06-22 07:00:00+00:00,1.131,1.1401,1.1302,1.1375,1803312.21
2026-06-22 08:00:00+00:00,1.1375,1.1382,1.1323,1.1353,433253.73
2026-06-22 09:00:00+00:00,1.1353,1.1377,1.133,1.1348,373246.28
2026-06-22 10:00:00+00:00,1.1348,1.1392,1.1346,1.1373,493607.15
2026-06-22 11:00:00+00:00,1.1373,1.1502,1.1365,1.1479,1297842.16
2026-06-22 12:00:00+00:00,1.1479,1.1591,1.1463,1.1577,1197817.74
2026-06-22 13:00:00+00:00,1.1577,1.1638,1.1524,1.1633,1651956.48
2026-06-22 14:00:00+00:00,1.1633,1.1638,1.1405,1.143,1967290.29
2026-06-22 15:00:00+00:00,1.143,1.148,1.1378,1.1397,1625192.79
2026-06-22 16:00:00+00:00,1.1397,1.1432,1.1354,1.1388,983948.14
2026-06-22 17:00:00+00:00,1.1388,1.1404,1.1329,1.1395,502354.81
2026-06-22 18:00:00+00:00,1.1395,1.144,1.1321,1.1331,752496.76
2026-06-22 19:00:00+00:00,1.1331,1.1352,1.1299,1.1344,1182139.54
2026-06-22 20:00:00+00:00,1.1344,1.1374,1.1296,1.1319,542514.14
2026-06-22 21:00:00+00:00,1.1319,1.1331,1.1256,1.1313,902581.12
2026-06-22 22:00:00+00:00,1.1313,1.1342,1.1216,1.1272,1442184.92
2026-06-22 23:00:00+00:00,1.1272,1.1307,1.1264,1.1296,306376.87
2026-06-23 00:00:00+00:00,1.1296,1.1321,1.1266,1.1317,452849.85
2026-06-23 01:00:00+00:00,1.1317,1.1339,1.1225,1.129,535939.99
2026-06-23 02:00:00+00:00,1.129,1.1304,1.1253,1.1296,282662.51
2026-06-23 03:00:00+00:00,1.1296,1.1297,1.1259,1.1273,338253.78
2026-06-23 04:00:00+00:00,1.1273,1.128,1.1166,1.1175,1172097.46
2026-06-23 05:00:00+00:00,1.1175,1.1193,1.1136,1.1157,967997.25
2026-06-23 06:00:00+00:00,1.1157,1.1162,1.1072,1.1131,2337871.48
2026-06-23 07:00:00+00:00,1.1131,1.1172,1.1127,1.1127,491958.17
2026-06-23 08:00:00+00:00,1.1127,1.1153,1.0945,1.1003,2420846.36
2026-06-23 09:00:00+00:00,1.1003,1.1054,1.1003,1.1036,532934.06
2026-06-23 10:00:00+00:00,1.1036,1.1075,1.1013,1.1043,437339.28
2026-06-23 11:00:00+00:00,1.1043,1.1104,1.1041,1.1093,875542.32
2026-06-23 12:00:00+00:00,1.1093,1.1095,1.0997,1.1013,651855.9
2026-06-23 13:00:00+00:00,1.1013,1.1062,1.0963,1.1024,1521084.77
2026-06-23 14:00:00+00:00,1.1024,1.1084,1.1005,1.1015,1199834.56
2026-06-23 15:00:00+00:00,1.1015,1.1015,1.092,1.0991,1339898.56
2026-06-23 16:00:00+00:00,1.0991,1.1042,1.0972,1.1014,709465.45
2026-06-23 17:00:00+00:00,1.1014,1.1048,1.0964,1.098,282878.66
2026-06-23 18:00:00+00:00,1.098,1.1015,1.0958,1.0985,339347.71
2026-06-23 19:00:00+00:00,1.0985,1.1049,1.0971,1.102,537221.06
2026-06-23 20:00:00+00:00,1.102,1.1054,1.102,1.1043,381623.97
2026-06-23 21:00:00+00:00,1.1043,1.1068,1.1034,1.1048,376289.3
2026-06-23 22:00:00+00:00,1.1048,1.1124,1.1045,1.109,959549.22
2026-06-23 23:00:00+00:00,1.109,1.1119,1.1058,1.1102,195447.13
2026-06-24 00:00:00+00:00,1.1102,1.1129,1.1088,1.1111,826610.12
2026-06-24 01:00:00+00:00,1.1111,1.1137,1.1073,1.1089,416829.23
2026-06-24 02:00:00+00:00,1.1089,1.1096,1.105,1.1055,601956.52
2026-06-24 03:00:00+00:00,1.1055,1.1061,1.0992,1.1039,527410.1
2026-06-24 04:00:00+00:00,1.1039,1.1042,1.0948,1.1018,633736.36
2026-06-24 05:00:00+00:00,1.1018,1.1067,1.1012,1.1053,318099.8
2026-06-24 06:00:00+00:00,1.1053,1.1068,1.1025,1.1025,220456.43
2026-06-24 07:00:00+00:00,1.1025,1.103,1.0973,1.0988,340949.14
2026-06-24 08:00:00+00:00,1.0988,1.1036,1.0978,1.1024,346516.3
2026-06-24 09:00:00+00:00,1.1024,1.1024,1.0972,1.0992,322255.49
2026-06-24 10:00:00+00:00,1.0992,1.0992,1.0842,1.0866,1989712.19
2026-06-24 11:00:00+00:00,1.0866,1.1025,1.082,1.0957,1212004.59
2026-06-24 12:00:00+00:00,1.0957,1.0957,1.0901,1.0902,1076932.52
2026-06-24 13:00:00+00:00,1.0902,1.0909,1.0752,1.076,2958737.79
2026-06-24 14:00:00+00:00,1.076,1.0824,1.0733,1.0755,1831725.6
2026-06-24 15:00:00+00:00,1.0755,1.0755,1.0565,1.0582,1994764.45
2026-06-24 16:00:00+00:00,1.0582,1.0675,1.0515,1.0568,2546815.35
2026-06-24 17:00:00+00:00,1.0568,1.061,1.0463,1.0512,2301078.87
2026-06-24 18:00:00+00:00,1.0512,1.0705,1.0494,1.0601,1410755.14
2026-06-24 19:00:00+00:00,1.0601,1.062,1.0528,1.0574,2223232.58
2026-06-24 20:00:00+00:00,1.0574,1.0782,1.0544,1.0745,2280791.97
2026-06-24 21:00:00+00:00,1.0745,1.0773,1.067,1.0766,978375.51
2026-06-24 22:00:00+00:00,1.0766,1.0808,1.0701,1.071,530508.46
2026-06-24 23:00:00+00:00,1.071,1.0765,1.0699,1.0736,559614.52
2026-06-25 00:00:00+00:00,1.0736,1.0772,1.0723,1.0741,729188.91
2026-06-25 01:00:00+00:00,1.0741,1.0779,1.0728,1.0754,620768.09
2026-06-25 02:00:00+00:00,1.0754,1.0772,1.0694,1.0715,527028.17
2026-06-25 03:00:00+00:00,1.0715,1.0736,1.0687,1.072,427947.95
2026-06-25 04:00:00+00:00,1.072,1.0822,1.07,1.0801,1038400.33
2026-06-25 05:00:00+00:00,1.0801,1.0883,1.0787,1.0845,1241715.8
2026-06-25 06:00:00+00:00,1.0845,1.0896,1.0836,1.0881,1513158.86
2026-06-25 07:00:00+00:00,1.0881,1.0884,1.0846,1.087,633811.44
2026-06-25 08:00:00+00:00,1.087,1.087,1.0823,1.0829,346753.3
2026-06-25 09:00:00+00:00,1.0829,1.0838,1.0802,1.0814,339750.08
2026-06-25 10:00:00+00:00,1.0814,1.082,1.0731,1.0738,867029.33
2026-06-25 11:00:00+00:00,1.0738,1.0744,1.068,1.0721,654525.13
2026-06-25 12:00:00+00:00,1.0721,1.0802,1.0672,1.0749,1389598.1
2026-06-25 13:00:00+00:00,1.0749,1.0765,1.012,1.0153,9046145.21
2026-06-25 14:00:00+00:00,1.0153,1.0491,1.0153,1.0334,10297870.91
2026-06-25 15:00:00+00:00,1.0334,1.0375,1.0234,1.0348,2873530.7
2026-06-25 16:00:00+00:00,1.0348,1.0446,1.0264,1.0306,2478764.9
2026-06-25 17:00:00+00:00,1.0306,1.0461,1.0293,1.0461,1718611.14
2026-06-25 18:00:00+00:00,1.0461,1.0477,1.0335,1.0346,2150970.79
2026-06-25 19:00:00+00:00,1.0346,1.0349,1.0281,1.0344,1673489.46
2026-06-25 20:00:00+00:00,1.0344,1.0401,1.0314,1.0333,815809.97
2026-06-25 21:00:00+00:00,1.0333,1.0437,1.0328,1.0437,741969.63
2026-06-25 22:00:00+00:00,1.0437,1.0442,1.0386,1.0409,573821.14
2026-06-25 23:00:00+00:00,1.0409,1.0487,1.0374,1.0432,1064736.15
2026-06-26 00:00:00+00:00,1.0432,1.0463,1.0407,1.0412,625644.68
2026-06-26 01:00:00+00:00,1.0412,1.0425,1.0288,1.032,820567.98
2026-06-26 02:00:00+00:00,1.032,1.0323,1.0118,1.0146,3071018.04
2026-06-26 03:00:00+00:00,1.0146,1.0359,1.0091,1.0344,2434870.79
2026-06-26 04:00:00+00:00,1.0344,1.0355,1.0271,1.0281,826794.26
2026-06-26 05:00:00+00:00,1.0281,1.0354,1.0269,1.0334,626132.44
2026-06-26 06:00:00+00:00,1.0334,1.0459,1.0297,1.0445,1844757.74
2026-06-26 07:00:00+00:00,1.0445,1.0529,1.0442,1.0497,1572971.39
2026-06-26 08:00:00+00:00,1.0497,1.0509,1.0375,1.0394,1031215.85
2026-06-26 09:00:00+00:00,1.0394,1.0397,1.0288,1.0318,1589301.46
2026-06-26 10:00:00+00:00,1.0318,1.0341,1.0259,1.0274,694120.4
2026-06-26 11:00:00+00:00,1.0274,1.0313,1.0198,1.0226,1125672.38
2026-06-26 12:00:00+00:00,1.0226,1.0339,1.0165,1.0196,1821225.74
2026-06-26 13:00:00+00:00,1.0196,1.0394,1.0111,1.039,3748910.91
2026-06-26 14:00:00+00:00,1.039,1.0483,1.0349,1.037,5619833.32
2026-06-26 15:00:00+00:00,1.037,1.0493,1.0349,1.0451,3255958.89
2026-06-26 16:00:00+00:00,1.0451,1.0539,1.0395,1.0447,2096649.2
2026-06-26 17:00:00+00:00,1.0447,1.0511,1.0443,1.0476,875326.78
2026-06-26 18:00:00+00:00,1.0476,1.0501,1.0396,1.0408,626200.13
2026-06-26 19:00:00+00:00,1.0408,1.0538,1.0393,1.0478,1635752.04
2026-06-26 20:00:00+00:00,1.0478,1.056,1.0433,1.0445,1163632.2
2026-06-26 21:00:00+00:00,1.0445,1.0476,1.0408,1.0425,320717.68
2026-06-26 22:00:00+00:00,1.0425,1.0484,1.0383,1.0483,454599.68
2026-06-26 23:00:00+00:00,1.0483,1.0499,1.0458,1.0488,243054.32
2026-06-27 00:00:00+00:00,1.0488,1.0523,1.0441,1.0479,366629.51
2026-06-27 01:00:00+00:00,1.0479,1.0526,1.046,1.0522,358125.81
2026-06-27 02:00:00+00:00,1.0522,1.067,1.0512,1.0621,1130207.3
2026-06-27 03:00:00+00:00,1.0621,1.0628,1.0568,1.0592,578403.27
2026-06-27 04:00:00+00:00,1.0592,1.0641,1.059,1.0597,381107.93
2026-06-27 05:00:00+00:00,1.0597,1.0608,1.0531,1.058,391968.23
2026-06-27 06:00:00+00:00,1.058,1.0615,1.0541,1.0596,594206.51
2026-06-27 07:00:00+00:00,1.0596,1.0628,1.0579,1.0602,350329.64
2026-06-27 08:00:00+00:00,1.0602,1.0603,1.0554,1.0572,336754.67
2026-06-27 09:00:00+00:00,1.0572,1.0585,1.0543,1.0584,254465.11
2026-06-27 10:00:00+00:00,1.0584,1.0597,1.0568,1.0593,157168.87
2026-06-27 11:00:00+00:00,1.0593,1.0605,1.0547,1.0593,245403.71
2026-06-27 12:00:00+00:00,1.0593,1.0617,1.0577,1.0609,359634.0
2026-06-27 13:00:00+00:00,1.0609,1.0651,1.0601,1.0647,545801.22
2026-06-27 14:00:00+00:00,1.0647,1.0689,1.0631,1.0686,539742.6
2026-06-27 15:00:00+00:00,1.0686,1.0759,1.0682,1.0753,1165628.02
2026-06-27 16:00:00+00:00,1.0753,1.0772,1.0695,1.0701,1169453.04
2026-06-27 17:00:00+00:00,1.0701,1.0708,1.0604,1.0606,811109.23
2026-06-27 18:00:00+00:00,1.0606,1.0609,1.0561,1.0587,517587.77
2026-06-27 19:00:00+00:00,1.0587,1.06,1.0526,1.0545,839239.51
2026-06-27 20:00:00+00:00,1.0545,1.0569,1.0542,1.0551,239133.52
2026-06-27 21:00:00+00:00,1.0551,1.0579,1.0509,1.0531,451409.44
2026-06-27 22:00:00+00:00,1.0531,1.054,1.0453,1.0538,1197368.58
2026-06-27 23:00:00+00:00,1.0538,1.0555,1.0471,1.0475,471535.71
2026-06-28 00:00:00+00:00,1.0475,1.0512,1.047,1.05,367314.66
2026-06-28 01:00:00+00:00,1.05,1.0514,1.046,1.0512,301992.74
2026-06-28 02:00:00+00:00,1.0512,1.0532,1.0455,1.0466,517307.15
2026-06-28 03:00:00+00:00,1.0466,1.0507,1.0466,1.0498,339412.09
2026-06-28 04:00:00+00:00,1.0498,1.0506,1.0463,1.0484,283725.68
2026-06-28 05:00:00+00:00,1.0484,1.0485,1.0427,1.0476,466793.67
2026-06-28 06:00:00+00:00,1.0476,1.0486,1.0421,1.0452,326545.82
2026-06-28 07:00:00+00:00,1.0452,1.0514,1.0447,1.051,766908.13
2026-06-28 08:00:00+00:00,1.051,1.0589,1.0504,1.0547,899231.97
2026-06-28 09:00:00+00:00,1.0547,1.0555,1.049,1.0502,214847.1
2026-06-28 10:00:00+00:00,1.0502,1.0514,1.0461,1.0487,204890.73
2026-06-28 11:00:00+00:00,1.0487,1.0538,1.047,1.0527,227240.94
2026-06-28 12:00:00+00:00,1.0527,1.0562,1.0493,1.0519,325294.79
2026-06-28 13:00:00+00:00,1.0519,1.0526,1.0463,1.0495,259326.03
2026-06-28 14:00:00+00:00,1.0495,1.0574,1.0487,1.0525,809845.86
2026-06-28 15:00:00+00:00,1.0525,1.0576,1.05,1.0525,510837.44
2026-06-28 16:00:00+00:00,1.0525,1.0535,1.0442,1.0473,524086.41
2026-06-28 17:00:00+00:00,1.0473,1.0498,1.0413,1.0475,370037.78
2026-06-28 18:00:00+00:00,1.0475,1.0487,1.0434,1.0468,147915.69
2026-06-28 19:00:00+00:00,1.0468,1.0493,1.0394,1.0446,516139.79
2026-06-28 20:00:00+00:00,1.0446,1.0502,1.0438,1.0469,325862.3
2026-06-28 21:00:00+00:00,1.0469,1.0469,1.0384,1.0408,381400.73
2026-06-28 22:00:00+00:00,1.0408,1.0521,1.0331,1.038,1139455.55
2026-06-28 23:00:00+00:00,1.038,1.0522,1.037,1.0485,582513.62
2026-06-29 00:00:00+00:00,1.0485,1.0493,1.0338,1.0476,917179.72
2026-06-29 01:00:00+00:00,1.0476,1.0485,1.0394,1.0436,421378.13
2026-06-29 02:00:00+00:00,1.0436,1.0484,1.032,1.0465,698863.91
2026-06-29 03:00:00+00:00,1.0465,1.0559,1.0464,1.0508,819257.97
2026-06-29 04:00:00+00:00,1.0508,1.0509,1.0421,1.0433,339212.75
2026-06-29 05:00:00+00:00,1.0433,1.0487,1.0363,1.0487,489288.64
2026-06-29 06:00:00+00:00,1.0487,1.0549,1.0476,1.0495,572498.56
2026-06-29 07:00:00+00:00,1.0495,1.0524,1.0458,1.0492,287398.5
2026-06-29 08:00:00+00:00,1.0492,1.051,1.0421,1.0442,482546.95
2026-06-29 09:00:00+00:00,1.0442,1.0506,1.0434,1.0493,450516.38
2026-06-29 10:00:00+00:00,1.0493,1.0555,1.0493,1.0522,1151353.75
2026-06-29 11:00:00+00:00,1.0522,1.0612,1.0481,1.0538,1245007.5
2026-06-29 12:00:00+00:00,1.0538,1.0662,1.0485,1.0554,1641933.86
2026-06-29 13:00:00+00:00,1.0554,1.0625,1.0446,1.0504,1491998.04
2026-06-29 14:00:00+00:00,1.0504,1.0512,1.0402,1.0494,1399750.46
2026-06-29 15:00:00+00:00,1.0494,1.052,1.0411,1.0493,1191591.15
2026-06-29 16:00:00+00:00,1.0493,1.0533,1.0427,1.0509,2268752.4
2026-06-29 17:00:00+00:00,1.0509,1.0691,1.0506,1.0656,2414545.74
2026-06-29 18:00:00+00:00,1.0656,1.0694,1.0629,1.0649,491139.99
2026-06-29 19:00:00+00:00,1.0649,1.0766,1.0638,1.0752,904229.8
2026-06-29 20:00:00+00:00,1.0752,1.0754,1.063,1.064,482958.56
2026-06-29 21:00:00+00:00,1.064,1.0664,1.0601,1.0648,445281.93
2026-06-29 22:00:00+00:00,1.0648,1.0656,1.0594,1.0595,327663.57
2026-06-29 23:00:00+00:00,1.0595,1.06,1.0556,1.0592,255634.31
2026-06-30 00:00:00+00:00,1.0592,1.0592,1.0487,1.0487,682742.55
2026-06-30 01:00:00+00:00,1.0487,1.052,1.0474,1.0502,436541.1
2026-06-30 02:00:00+00:00,1.0502,1.0524,1.0463,1.0505,670671.29
2026-06-30 03:00:00+00:00,1.0505,1.0526,1.044,1.0457,766876.13
2026-06-30 04:00:00+00:00,1.0457,1.0481,1.0429,1.0464,553630.52
2026-06-30 05:00:00+00:00,1.0464,1.0495,1.0453,1.0495,301952.82
2026-06-30 06:00:00+00:00,1.0495,1.0511,1.0476,1.0496,248436.66
2026-06-30 07:00:00+00:00,1.0496,1.0504,1.0466,1.0474,454093.75
2026-06-30 08:00:00+00:00,1.0474,1.0482,1.0412,1.0448,1001961.85
2026-06-30 09:00:00+00:00,1.0448,1.0461,1.0423,1.044,281045.84
2026-06-30 10:00:00+00:00,1.044,1.0444,1.0416,1.042,315202.28
2026-06-30 11:00:00+00:00,1.042,1.0436,1.0371,1.0389,667194.34
2026-06-30 12:00:00+00:00,1.0389,1.0389,1.0277,1.0277,1147688.68
2026-06-30 13:00:00+00:00,1.0277,1.036,1.0276,1.0354,1088370.95
2026-06-30 14:00:00+00:00,1.0354,1.0451,1.033,1.0345,1216934.28
2026-06-30 15:00:00+00:00,1.0345,1.0413,1.0296,1.0341,1103532.05
2026-06-30 16:00:00+00:00,1.0341,1.0446,1.0325,1.0415,1825704.54
2026-06-30 17:00:00+00:00,1.0415,1.0445,1.0381,1.0388,1238329.14
2026-06-30 18:00:00+00:00,1.0388,1.0479,1.0379,1.0435,800550.42
2026-06-30 19:00:00+00:00,1.0435,1.0498,1.0388,1.0451,1032888.1
2026-06-30 20:00:00+00:00,1.0451,1.0468,1.0412,1.0419,521120.28
2026-06-30 21:00:00+00:00,1.0419,1.0429,1.0388,1.0416,641212.83
2026-06-30 22:00:00+00:00,1.0416,1.0444,1.039,1.0406,549950.52
2026-06-30 23:00:00+00:00,1.0406,1.0409,1.0384,1.0401,400272.76
2026-07-01 00:00:00+00:00,1.0401,1.0414,1.0353,1.0373,950247.47
2026-07-01 01:00:00+00:00,1.0373,1.0433,1.0221,1.0416,2232131.62
2026-07-01 02:00:00+00:00,1.0416,1.0478,1.0383,1.0461,1204996.11
2026-07-01 03:00:00+00:00,1.0461,1.0532,1.0426,1.051,1122333.29
2026-07-01 04:00:00+00:00,1.051,1.0542,1.0487,1.0515,486628.17
2026-07-01 05:00:00+00:00,1.0515,1.0533,1.0485,1.0509,492711.81
2026-07-01 06:00:00+00:00,1.0509,1.051,1.0394,1.0422,986199.32
2026-07-01 07:00:00+00:00,1.0422,1.0441,1.0394,1.0439,615742.99
2026-07-01 08:00:00+00:00,1.0439,1.0477,1.0382,1.0477,952769.11
2026-07-01 09:00:00+00:00,1.0477,1.0492,1.0445,1.0462,769343.26
2026-07-01 10:00:00+00:00,1.0462,1.0466,1.0395,1.0402,487137.14
2026-07-01 11:00:00+00:00,1.0402,1.0427,1.0366,1.0386,609181.57
2026-07-01 12:00:00+00:00,1.0386,1.0399,1.0344,1.0371,1423355.21
2026-07-01 13:00:00+00:00,1.0371,1.0495,1.0366,1.0489,2030054.81
2026-07-01 14:00:00+00:00,1.0489,1.0605,1.0469,1.0518,1304971.34
2026-07-01 15:00:00+00:00,1.0518,1.0654,1.0517,1.0606,1231538.78
2026-07-01 16:00:00+00:00,1.0606,1.0647,1.0557,1.0571,703397.06
2026-07-01 17:00:00+00:00,1.0571,1.0629,1.0548,1.0621,490821.79
2026-07-01 18:00:00+00:00,1.0621,1.0644,1.0582,1.0603,435520.87
2026-07-01 19:00:00+00:00,1.0603,1.0656,1.0591,1.0615,950644.88
2026-07-01 20:00:00+00:00,1.0615,1.0616,1.056,1.0583,391236.67
2026-07-01 21:00:00+00:00,1.0583,1.0692,1.058,1.0664,813445.13
2026-07-01 22:00:00+00:00,1.0664,1.0738,1.0602,1.0614,887927.07
2026-07-01 23:00:00+00:00,1.0614,1.0614,1.0522,1.0529,766056.54
2026-07-02 00:00:00+00:00,1.0529,1.0531,1.045,1.0472,917418.32
2026-07-02 01:00:00+00:00,1.0472,1.06,1.0468,1.0574,586027.51
2026-07-02 02:00:00+00:00,1.0574,1.0613,1.055,1.0598,364716.19
2026-07-02 03:00:00+00:00,1.0598,1.0703,1.0564,1.0678,1205676.55
2026-07-02 04:00:00+00:00,1.0678,1.068,1.0616,1.0645,606112.57
2026-07-02 05:00:00+00:00,1.0645,1.0664,1.0587,1.0598,358347.54
2026-07-02 06:00:00+00:00,1.0598,1.0619,1.0558,1.0566,329718.6
2026-07-02 07:00:00+00:00,1.0566,1.06,1.0558,1.0585,280061.82
2026-07-02 08:00:00+00:00,1.0585,1.0648,1.0585,1.0642,309710.75
2026-07-02 09:00:00+00:00,1.0642,1.0815,1.0623,1.0736,1272816.94
2026-07-02 10:00:00+00:00,1.0736,1.0823,1.0727,1.0814,640488.42
2026-07-02 11:00:00+00:00,1.0814,1.0859,1.0773,1.0842,845191.15
2026-07-02 12:00:00+00:00,1.0842,1.0971,1.0834,1.0928,1425208.83
2026-07-02 13:00:00+00:00,1.0928,1.1125,1.092,1.1042,1737928.47
2026-07-02 14:00:00+00:00,1.1042,1.1077,1.0882,1.092,1155563.68
2026-07-02 15:00:00+00:00,1.092,1.0965,1.0864,1.0932,916650.24
2026-07-02 16:00:00+00:00,1.0932,1.0963,1.0867,1.091,823930.99
2026-07-02 17:00:00+00:00,1.091,1.0942,1.0882,1.0885,331385.79
2026-07-02 18:00:00+00:00,1.0885,1.0917,1.0875,1.0893,225562.23
2026-07-02 19:00:00+00:00,1.0893,1.0897,1.0835,1.0854,689403.46
2026-07-02 20:00:00+00:00,1.0854,1.0857,1.0814,1.0833,330055.09
2026-07-02 21:00:00+00:00,1.0833,1.0844,1.0793,1.0816,287508.95
2026-07-02 22:00:00+00:00,1.0816,1.0848,1.0788,1.084,737886.9
2026-07-02 23:00:00+00:00,1.084,1.0882,1.0822,1.0882,220306.71
2026-07-03 00:00:00+00:00,1.0882,1.0885,1.0827,1.0845,344484.8
2026-07-03 01:00:00+00:00,1.0845,1.0958,1.0836,1.094,538677.52
2026-07-03 02:00:00+00:00,1.094,1.0952,1.0872,1.0914,288724.39
2026-07-03 03:00:00+00:00,1.0914,1.0928,1.0866,1.0906,270600.61
2026-07-03 04:00:00+00:00,1.0906,1.0941,1.0887,1.0927,243900.48
2026-07-03 05:00:00+00:00,1.0927,1.1016,1.0914,1.1,293952.87
2026-07-03 06:00:00+00:00,1.1,1.1068,1.0994,1.101,314188.37
2026-07-03 07:00:00+00:00,1.101,1.1051,1.0978,1.1027,386570.11
2026-07-03 08:00:00+00:00,1.1027,1.1074,1.0992,1.1003,522494.65
2026-07-03 09:00:00+00:00,1.1003,1.1044,1.0985,1.1011,804634.31
2026-07-03 10:00:00+00:00,1.1011,1.1129,1.0993,1.1091,1310441.44
2026-07-03 11:00:00+00:00,1.1091,1.1124,1.1067,1.1101,995714.16
2026-07-03 12:00:00+00:00,1.1101,1.114,1.1034,1.1077,1302568.02
2026-07-03 13:00:00+00:00,1.1077,1.1154,1.1077,1.1112,821790.41
2026-07-03 14:00:00+00:00,1.1112,1.1139,1.1057,1.1121,1424882.0
2026-07-03 15:00:00+00:00,1.1121,1.124,1.1121,1.12,1776750.32
2026-07-03 16:00:00+00:00,1.12,1.1217,1.114,1.1152,1748476.05
2026-07-03 17:00:00+00:00,1.1152,1.1244,1.1146,1.1233,583334.66
2026-07-03 18:00:00+00:00,1.1233,1.1296,1.1205,1.1271,1035675.15
2026-07-03 19:00:00+00:00,1.1271,1.1452,1.1263,1.1319,2053976.65
2026-07-03 20:00:00+00:00,1.1319,1.1442,1.1278,1.1395,1786841.94
2026-07-03 21:00:00+00:00,1.1395,1.1415,1.1275,1.1333,575727.82
2026-07-03 22:00:00+00:00,1.1333,1.1355,1.1276,1.1305,219497.74
2026-07-03 23:00:00+00:00,1.1305,1.138,1.1289,1.1349,430560.68
2026-07-04 00:00:00+00:00,1.1349,1.1434,1.1337,1.1416,420437.11
2026-07-04 01:00:00+00:00,1.1416,1.1416,1.1314,1.1332,705441.64
2026-07-04 02:00:00+00:00,1.1332,1.139,1.1321,1.1355,280214.56
2026-07-04 03:00:00+00:00,1.1355,1.1413,1.1323,1.138,458504.56
2026-07-04 04:00:00+00:00,1.138,1.1497,1.1366,1.148,877779.9
2026-07-04 05:00:00+00:00,1.148,1.148,1.1377,1.1392,485601.61
2026-07-04 06:00:00+00:00,1.1392,1.1469,1.1339,1.1377,406030.3
2026-07-04 07:00:00+00:00,1.1377,1.1432,1.1332,1.1397,492787.36
2026-07-04 08:00:00+00:00,1.1397,1.1491,1.1396,1.1419,781500.83
2026-07-04 09:00:00+00:00,1.1419,1.1443,1.1352,1.1373,761146.6
2026-07-04 10:00:00+00:00,1.1373,1.1426,1.1357,1.142,557650.3
2026-07-04 11:00:00+00:00,1.142,1.1445,1.1384,1.1405,429728.64
2026-07-04 12:00:00+00:00,1.1405,1.1547,1.1403,1.148,869695.93
2026-07-04 13:00:00+00:00,1.148,1.1613,1.1477,1.153,1211833.62
2026-07-04 14:00:00+00:00,1.153,1.1745,1.1528,1.1729,2024734.61
2026-07-04 15:00:00+00:00,1.1729,1.1808,1.1674,1.1725,1586898.08
2026-07-04 16:00:00+00:00,1.1725,1.1773,1.1638,1.1742,597558.81
2026-07-04 17:00:00+00:00,1.1742,1.1842,1.1681,1.1811,795233.58
2026-07-04 18:00:00+00:00,1.1811,1.1826,1.1737,1.1751,328144.58
2026-07-04 19:00:00+00:00,1.1751,1.1784,1.1668,1.1684,529858.87
2026-07-04 20:00:00+00:00,1.1684,1.1699,1.1595,1.1628,374854.03
2026-07-04 21:00:00+00:00,1.1628,1.1683,1.1617,1.1663,226512.59
2026-07-04 22:00:00+00:00,1.1663,1.1669,1.1604,1.1623,286859.72
2026-07-04 23:00:00+00:00,1.1623,1.1624,1.1542,1.1574,756522.41
2026-07-05 00:00:00+00:00,1.1574,1.1575,1.1472,1.1496,1467020.07
2026-07-05 01:00:00+00:00,1.1496,1.1511,1.1427,1.1454,1220276.32
2026-07-05 02:00:00+00:00,1.1454,1.1455,1.1338,1.1374,1089663.39
2026-07-05 03:00:00+00:00,1.1374,1.141,1.1358,1.1384,335816.8
2026-07-05 04:00:00+00:00,1.1384,1.1424,1.1368,1.1382,351985.36
2026-07-05 05:00:00+00:00,1.1382,1.1382,1.1333,1.1367,207571.52
2026-07-05 06:00:00+00:00,1.1367,1.1396,1.1342,1.1384,170793.95
2026-07-05 07:00:00+00:00,1.1384,1.1412,1.1355,1.1402,299809.81
2026-07-05 08:00:00+00:00,1.1402,1.1415,1.1373,1.1387,437937.26
2026-07-05 09:00:00+00:00,1.1387,1.1395,1.1263,1.1279,741000.99
2026-07-05 10:00:00+00:00,1.1279,1.1308,1.125,1.1294,555520.61
2026-07-05 11:00:00+00:00,1.1294,1.1332,1.128,1.132,473374.6
2026-07-05 12:00:00+00:00,1.132,1.1367,1.1288,1.1356,321878.33
2026-07-05 13:00:00+00:00,1.1356,1.1369,1.1308,1.1354,204263.65
2026-07-05 14:00:00+00:00,1.1354,1.1379,1.1336,1.1371,204965.5
2026-07-05 15:00:00+00:00,1.1371,1.1414,1.1348,1.1368,374928.91
2026-07-05 16:00:00+00:00,1.1368,1.1391,1.1341,1.1351,349968.77
2026-07-05 17:00:00+00:00,1.1351,1.1389,1.1321,1.1346,247249.46
2026-07-05 18:00:00+00:00,1.1346,1.1403,1.1346,1.1362,275632.05
2026-07-05 19:00:00+00:00,1.1362,1.1381,1.1339,1.1352,382435.84
2026-07-05 20:00:00+00:00,1.1352,1.1382,1.1347,1.1373,138477.47
2026-07-05 21:00:00+00:00,1.1373,1.1483,1.1351,1.1446,422407.81
2026-07-05 22:00:00+00:00,1.1446,1.1624,1.1426,1.158,1402729.28
2026-07-05 23:00:00+00:00,1.158,1.1697,1.1555,1.1574,654435.86
2026-07-06 00:00:00+00:00,1.1574,1.1589,1.1459,1.156,561912.99
2026-07-06 01:00:00+00:00,1.156,1.1616,1.1524,1.1527,595074.84
2026-07-06 02:00:00+00:00,1.1527,1.1544,1.1463,1.1493,546992.5
2026-07-06 03:00:00+00:00,1.1493,1.1505,1.1416,1.1473,412450.87
2026-07-06 04:00:00+00:00,1.1473,1.149,1.1445,1.1461,156766.35
2026-07-06 05:00:00+00:00,1.1461,1.1461,1.1367,1.141,496317.96
2026-07-06 06:00:00+00:00,1.141,1.1415,1.1367,1.1381,254002.64
2026-07-06 07:00:00+00:00,1.1381,1.147,1.1365,1.1461,274545.85
2026-07-06 08:00:00+00:00,1.1461,1.1513,1.1399,1.1425,557053.39
2026-07-06 09:00:00+00:00,1.1425,1.1427,1.1342,1.1362,319122.53
2026-07-06 10:00:00+00:00,1.1362,1.1447,1.1361,1.1425,302689.44
2026-07-06 11:00:00+00:00,1.1425,1.1445,1.1348,1.1354,478306.15
2026-07-06 12:00:00+00:00,1.1354,1.1355,1.114,1.1152,2036478.22
2026-07-06 13:00:00+00:00,1.1152,1.1228,1.1095,1.1159,1664539.35
2026-07-06 14:00:00+00:00,1.1159,1.127,1.1138,1.1236,900059.16
2026-07-06 15:00:00+00:00,1.1236,1.1452,1.1236,1.1447,1233800.36
2026-07-06 16:00:00+00:00,1.1447,1.1544,1.1397,1.1533,1179502.11
2026-07-06 17:00:00+00:00,1.1533,1.1592,1.1461,1.1469,1021983.58
2026-07-06 18:00:00+00:00,1.1469,1.1504,1.1413,1.1484,865434.56
2026-07-06 19:00:00+00:00,1.1484,1.1528,1.1452,1.149,690170.53
2026-07-06 20:00:00+00:00,1.149,1.1492,1.1422,1.1439,466532.81
2026-07-06 21:00:00+00:00,1.1439,1.1648,1.1436,1.1537,2190078.92
2026-07-06 22:00:00+00:00,1.1537,1.1548,1.1468,1.1479,300531.41
2026-07-06 23:00:00+00:00,1.1479,1.1503,1.144,1.1451,213337.34
2026-07-07 00:00:00+00:00,1.1451,1.1514,1.1447,1.1488,389405.41
2026-07-07 01:00:00+00:00,1.1488,1.1488,1.1396,1.1412,376159.05
2026-07-07 02:00:00+00:00,1.1412,1.1422,1.1299,1.131,563647.76
2026-07-07 03:00:00+00:00,1.131,1.1338,1.1275,1.1292,465752.24
2026-07-07 04:00:00+00:00,1.1292,1.1294,1.1234,1.1254,320123.65
2026-07-07 05:00:00+00:00,1.1254,1.1294,1.1212,1.1275,238033.44
2026-07-07 06:00:00+00:00,1.1275,1.1332,1.1249,1.1325,354327.91
2026-07-07 07:00:00+00:00,1.1325,1.135,1.1268,1.1268,342439.95
2026-07-07 08:00:00+00:00,1.1268,1.128,1.1243,1.1251,313865.9
2026-07-07 09:00:00+00:00,1.1251,1.1275,1.1242,1.1273,284462.14
2026-07-07 10:00:00+00:00,1.1273,1.1302,1.1222,1.1238,772928.11
2026-07-07 11:00:00+00:00,1.1238,1.1257,1.1202,1.1251,421886.67
2026-07-07 12:00:00+00:00,1.1251,1.1323,1.1248,1.1267,424547.11
2026-07-07 13:00:00+00:00,1.1267,1.1276,1.1192,1.1209,553523.3
2026-07-07 14:00:00+00:00,1.1209,1.126,1.1084,1.1252,1330097.17
2026-07-07 15:00:00+00:00,1.1252,1.1327,1.1207,1.1305,758847.06
2026-07-07 16:00:00+00:00,1.1305,1.1352,1.1251,1.1295,451014.37
2026-07-07 17:00:00+00:00,1.1295,1.1326,1.1265,1.1326,283650.06
2026-07-07 18:00:00+00:00,1.1326,1.1326,1.1194,1.1196,487256.1
2026-07-07 19:00:00+00:00,1.1196,1.1257,1.1136,1.1229,549856.33
2026-07-07 20:00:00+00:00,1.1229,1.1232,1.1173,1.1186,500911.5
2026-07-07 21:00:00+00:00,1.1186,1.1216,1.1121,1.1138,629389.82
2026-07-07 22:00:00+00:00,1.1138,1.1171,1.1071,1.1157,487076.72
2026-07-07 23:00:00+00:00,1.1157,1.1192,1.1114,1.112,449787.19
2026-07-08 00:00:00+00:00,1.112,1.1164,1.1101,1.1139,572525.97
2026-07-08 01:00:00+00:00,1.1139,1.1156,1.0979,1.0993,1126207.61
2026-07-08 02:00:00+00:00,1.0993,1.1018,1.0906,1.1,1309566.49
2026-07-08 03:00:00+00:00,1.1,1.1042,1.0943,1.0954,654262.35
2026-07-08 04:00:00+00:00,1.0954,1.0973,1.0918,1.0949,364900.83
2026-07-08 05:00:00+00:00,1.0949,1.096,1.0894,1.0912,244479.47
2026-07-08 06:00:00+00:00,1.0912,1.0927,1.0866,1.0914,373634.36
2026-07-08 07:00:00+00:00,1.0914,1.0952,1.0884,1.0942,238095.98
2026-07-08 08:00:00+00:00,1.0942,1.0953,1.0754,1.0803,1204032.39
2026-07-08 09:00:00+00:00,1.0803,1.0823,1.0761,1.0792,956468.89
2026-07-08 10:00:00+00:00,1.0792,1.084,1.0769,1.0838,1052123.44
2026-07-08 11:00:00+00:00,1.0838,1.0891,1.0804,1.0868,956961.13
2026-07-08 12:00:00+00:00,1.0868,1.0886,1.0822,1.0822,789234.12
2026-07-08 13:00:00+00:00,1.0822,1.0876,1.0779,1.0815,1998133.2
2026-07-08 14:00:00+00:00,1.0815,1.0846,1.0745,1.0781,927896.47
2026-07-08 15:00:00+00:00,1.0781,1.0786,1.0696,1.074,665441.31
2026-07-08 16:00:00+00:00,1.074,1.0843,1.0733,1.0843,615111.92
2026-07-08 17:00:00+00:00,1.0843,1.0953,1.0839,1.0863,592930.44
2026-07-08 18:00:00+00:00,1.0863,1.0909,1.0832,1.0878,393384.97
2026-07-08 19:00:00+00:00,1.0878,1.0959,1.085,1.0912,517374.93
2026-07-08 20:00:00+00:00,1.0912,1.0928,1.0876,1.0888,501673.34
2026-07-08 21:00:00+00:00,1.0888,1.0914,1.0841,1.0911,306350.11
2026-07-08 22:00:00+00:00,1.0911,1.0932,1.0896,1.093,208080.77
2026-07-08 23:00:00+00:00,1.093,1.093,1.0878,1.0909,411649.83
2026-07-09 00:00:00+00:00,1.0909,1.0917,1.0873,1.0881,358149.73
2026-07-09 01:00:00+00:00,1.0881,1.0991,1.0829,1.0835,428421.99
2026-07-09 02:00:00+00:00,1.0835,1.0902,1.0826,1.0846,224095.59
2026-07-09 03:00:00+00:00,1.0846,1.0896,1.0829,1.0878,280890.5
2026-07-09 04:00:00+00:00,1.0878,1.0948,1.0851,1.0944,361096.89
2026-07-09 05:00:00+00:00,1.0944,1.1002,1.0916,1.0994,446084.58
2026-07-09 06:00:00+00:00,1.0994,1.1026,1.0969,1.1002,384131.77
2026-07-09 07:00:00+00:00,1.1002,1.1029,1.0951,1.0983,568634.2
2026-07-09 08:00:00+00:00,1.0983,1.0993,1.095,1.0959,902708.78
2026-07-09 09:00:00+00:00,1.0959,1.0959,1.0917,1.0944,288574.92
2026-07-09 10:00:00+00:00,1.0944,1.0967,1.0903,1.0921,375049.07
2026-07-09 11:00:00+00:00,1.0921,1.0941,1.0907,1.0935,429648.37
2026-07-09 12:00:00+00:00,1.0935,1.0971,1.0909,1.0941,904335.79
2026-07-09 13:00:00+00:00,1.0941,1.1017,1.0931,1.0992,489445.42
2026-07-09 14:00:00+00:00,1.0992,1.1009,1.0911,1.094,718231.33
2026-07-09 15:00:00+00:00,1.094,1.097,1.0894,1.09,579450.42
2026-07-09 16:00:00+00:00,1.09,1.0922,1.0866,1.0889,629797.34
2026-07-09 17:00:00+00:00,1.0889,1.0983,1.0889,1.0964,446336.16
2026-07-09 18:00:00+00:00,1.0964,1.1005,1.0933,1.095,815276.42
2026-07-09 19:00:00+00:00,1.095,1.0986,1.0922,1.0976,372310.12
2026-07-09 20:00:00+00:00,1.0976,1.0999,1.0957,1.0976,222196.28
2026-07-09 21:00:00+00:00,1.0976,1.0986,1.0971,1.0979,233730.73
2026-07-09 22:00:00+00:00,1.0979,1.0987,1.0958,1.0963,263944.71
2026-07-09 23:00:00+00:00,1.0963,1.0965,1.0926,1.0933,282362.73
2026-07-10 00:00:00+00:00,1.0933,1.0936,1.0891,1.092,429447.5
2026-07-10 01:00:00+00:00,1.092,1.109,1.0904,1.1046,1427274.06
2026-07-10 02:00:00+00:00,1.1046,1.1099,1.1022,1.1077,669981.63
2026-07-10 03:00:00+00:00,1.1077,1.1093,1.1038,1.1071,425837.0
2026-07-10 04:00:00+00:00,1.1071,1.1123,1.1062,1.1096,619530.61
2026-07-10 05:00:00+00:00,1.1096,1.1107,1.1075,1.1097,280140.56
2026-07-10 06:00:00+00:00,1.1097,1.1106,1.105,1.1058,494598.74
2026-07-10 07:00:00+00:00,1.1058,1.1079,1.1037,1.1058,343269.79
2026-07-10 08:00:00+00:00,1.1058,1.1156,1.1048,1.1125,772495.29
2026-07-10 09:00:00+00:00,1.1125,1.1184,1.1101,1.1157,677909.99
2026-07-10 10:00:00+00:00,1.1157,1.1178,1.1129,1.1139,936362.59
2026-07-10 11:00:00+00:00,1.1139,1.1155,1.109,1.1125,993498.97
2026-07-10 12:00:00+00:00,1.1125,1.1152,1.1072,1.1075,1163197.52
2026-07-10 13:00:00+00:00,1.1075,1.1129,1.1064,1.1102,1030931.44
2026-07-10 14:00:00+00:00,1.1102,1.1104,1.0963,1.1011,1871305.62
2026-07-10 15:00:00+00:00,1.1011,1.1059,1.1004,1.1036,708017.07
2026-07-10 16:00:00+00:00,1.1036,1.1061,1.0995,1.1052,648123.25
2026-07-10 17:00:00+00:00,1.1052,1.1061,1.1009,1.101,607611.74
2026-07-10 18:00:00+00:00,1.101,1.105,1.0974,1.0996,470357.53
2026-07-10 19:00:00+00:00,1.0996,1.1069,1.0984,1.1054,488362.77
2026-07-10 20:00:00+00:00,1.1054,1.1065,1.1033,1.1042,290695.22
2026-07-10 21:00:00+00:00,1.1042,1.1069,1.1028,1.1049,246371.52
2026-07-10 22:00:00+00:00,1.1049,1.1065,1.1039,1.1058,174255.95
2026-07-10 23:00:00+00:00,1.1058,1.1059,1.1031,1.105,246497.07
2026-07-11 00:00:00+00:00,1.105,1.1059,1.102,1.1054,219838.49
2026-07-11 01:00:00+00:00,1.1054,1.1084,1.103,1.1031,293709.04
2026-07-11 02:00:00+00:00,1.1031,1.1069,1.1027,1.1064,292925.12
2026-07-11 03:00:00+00:00,1.1064,1.1097,1.1058,1.1077,186740.91
2026-07-11 04:00:00+00:00,1.1077,1.1079,1.104,1.1047,251646.73
2026-07-11 05:00:00+00:00,1.1047,1.1076,1.1038,1.1066,201902.02
2026-07-11 06:00:00+00:00,1.1066,1.1094,1.1053,1.1075,317220.62
2026-07-11 07:00:00+00:00,1.1075,1.1093,1.1072,1.1075,285933.66
2026-07-11 08:00:00+00:00,1.1075,1.1087,1.1058,1.1085,371107.89
2026-07-11 09:00:00+00:00,1.1085,1.1108,1.1064,1.1064,245306.77
2026-07-11 10:00:00+00:00,1.1064,1.1092,1.106,1.1088,222499.1
2026-07-11 11:00:00+00:00,1.1088,1.1101,1.1079,1.1084,238339.67
2026-07-11 12:00:00+00:00,1.1084,1.1093,1.1075,1.1087,170488.16
2026-07-11 13:00:00+00:00,1.1087,1.1119,1.1081,1.1087,222788.6
2026-07-11 14:00:00+00:00,1.1087,1.1156,1.1087,1.1139,544831.97
2026-07-11 15:00:00+00:00,1.1139,1.1182,1.1097,1.1133,760036.82
2026-07-11 16:00:00+00:00,1.1133,1.1163,1.111,1.1128,203628.41
2026-07-11 17:00:00+00:00,1.1128,1.1171,1.1115,1.1149,137263.38
2026-07-11 18:00:00+00:00,1.1149,1.1184,1.1139,1.1171,140212.93
2026-07-11 19:00:00+00:00,1.1171,1.1195,1.1143,1.1156,280432.17
2026-07-11 20:00:00+00:00,1.1156,1.1163,1.1142,1.1145,85566.7
2026-07-11 21:00:00+00:00,1.1145,1.1168,1.1141,1.1152,219207.4
2026-07-11 22:00:00+00:00,1.1152,1.1152,1.108,1.1091,353958.89
2026-07-11 23:00:00+00:00,1.1091,1.1096,1.0967,1.097,507067.14
2026-07-12 00:00:00+00:00,1.097,1.0988,1.0895,1.0932,857909.23
2026-07-12 01:00:00+00:00,1.0932,1.0989,1.0926,1.0989,295444.79
2026-07-12 02:00:00+00:00,1.0989,1.0989,1.0949,1.0961,152170.89
2026-07-12 03:00:00+00:00,1.0961,1.0997,1.0955,1.0997,210295.25
2026-07-12 04:00:00+00:00,1.0997,1.1001,1.0945,1.0956,206036.5
2026-07-12 05:00:00+00:00,1.0956,1.0964,1.0938,1.0945,165850.18
2026-07-12 06:00:00+00:00,1.0945,1.0945,1.0868,1.0915,403971.29
2026-07-12 07:00:00+00:00,1.0915,1.0935,1.0904,1.0914,133853.86
2026-07-12 08:00:00+00:00,1.0914,1.0948,1.0911,1.0937,144374.74
2026-07-12 09:00:00+00:00,1.0937,1.0969,1.0906,1.0948,646506.93
2026-07-12 10:00:00+00:00,1.0948,1.0961,1.0937,1.0949,143853.81
2026-07-12 11:00:00+00:00,1.0949,1.0985,1.0929,1.0964,181939.39
2026-07-12 12:00:00+00:00,1.0964,1.1,1.0959,1.099,288487.45
2026-07-12 13:00:00+00:00,1.099,1.1012,1.0974,1.0982,164265.5
2026-07-12 14:00:00+00:00,1.0982,1.1042,1.0964,1.1018,926119.96
2026-07-12 15:00:00+00:00,1.1018,1.1034,1.0999,1.1021,236971.92
2026-07-12 16:00:00+00:00,1.1021,1.1039,1.1,1.1019,260552.51
2026-07-12 17:00:00+00:00,1.1019,1.1025,1.0974,1.0986,148287.7
2026-07-12 18:00:00+00:00,1.0986,1.1014,1.0973,1.1008,182648.55
2026-07-12 19:00:00+00:00,1.1008,1.1017,1.0984,1.1004,77085.04
2026-07-12 20:00:00+00:00,1.1004,1.1011,1.099,1.0993,113630.8
2026-07-12 21:00:00+00:00,1.0993,1.1011,1.0937,1.0943,283219.06
2026-07-12 22:00:00+00:00,1.0943,1.0943,1.0811,1.0863,731412.0
2026-07-12 23:00:00+00:00,1.0863,1.0875,1.0837,1.0858,298211.01
2026-07-13 00:00:00+00:00,1.0858,1.1027,1.0837,1.0931,1119473.56
2026-07-13 01:00:00+00:00,1.0931,1.0939,1.0799,1.0808,803634.23
2026-07-13 02:00:00+00:00,1.0808,1.0835,1.0766,1.0798,577635.73
2026-07-13 03:00:00+00:00,1.0798,1.0798,1.0674,1.0723,931732.01
2026-07-13 04:00:00+00:00,1.0723,1.0757,1.0706,1.0725,324855.18
2026-07-13 05:00:00+00:00,1.0725,1.0789,1.0701,1.0761,377036.17
2026-07-13 06:00:00+00:00,1.0761,1.078,1.0749,1.0779,311237.34
2026-07-13 07:00:00+00:00,1.0779,1.0816,1.0765,1.08,553873.87
2026-07-13 08:00:00+00:00,1.08,1.0831,1.0786,1.0799,440202.3
2026-07-13 09:00:00+00:00,1.0799,1.0811,1.0786,1.0786,433834.42
2026-07-13 10:00:00+00:00,1.0786,1.0795,1.076,1.0773,285011.13
2026-07-13 11:00:00+00:00,1.0773,1.0812,1.0772,1.0774,391491.32
2026-07-13 12:00:00+00:00,1.0774,1.0784,1.0709,1.0736,817743.0
2026-07-13 13:00:00+00:00,1.0736,1.0737,1.0658,1.0691,668790.74
2026-07-13 14:00:00+00:00,1.0691,1.0782,1.0671,1.0775,907567.82
2026-07-13 15:00:00+00:00,1.0775,1.0804,1.0723,1.0727,349428.38
2026-07-13 16:00:00+00:00,1.0727,1.0745,1.0665,1.0688,275439.99
2026-07-13 17:00:00+00:00,1.0688,1.0708,1.0591,1.0591,562855.17
2026-07-13 18:00:00+00:00,1.0591,1.063,1.057,1.0614,497768.36
2026-07-13 19:00:00+00:00,1.0614,1.0709,1.0607,1.0675,1279885.17
2026-07-13 20:00:00+00:00,1.0675,1.0683,1.0592,1.0626,594320.26
2026-07-13 21:00:00+00:00,1.0626,1.0626,1.0535,1.0595,540048.66
2026-07-13 22:00:00+00:00,1.0595,1.0631,1.0586,1.0587,369622.67
2026-07-13 23:00:00+00:00,1.0587,1.0674,1.0576,1.0674,683414.57
2026-07-14 00:00:00+00:00,1.0674,1.0704,1.0646,1.0692,648710.31
2026-07-14 01:00:00+00:00,1.0692,1.0709,1.0652,1.0653,240995.06
2026-07-14 02:00:00+00:00,1.0653,1.0675,1.0626,1.0658,206418.7
2026-07-14 03:00:00+00:00,1.0658,1.0674,1.0612,1.0662,219681.21
2026-07-14 04:00:00+00:00,1.0662,1.0691,1.0644,1.0683,344762.1
2026-07-14 05:00:00+00:00,1.0683,1.0732,1.0677,1.0714,324075.45
2026-07-14 06:00:00+00:00,1.0714,1.0717,1.0693,1.0699,174440.13
2026-07-14 07:00:00+00:00,1.0699,1.0717,1.0675,1.0688,266190.55
2026-07-14 08:00:00+00:00,1.0688,1.0714,1.0678,1.0688,532159.67
2026-07-14 09:00:00+00:00,1.0688,1.0704,1.0675,1.0682,209951.53
2026-07-14 10:00:00+00:00,1.0682,1.0723,1.0677,1.0712,354923.22
2026-07-14 11:00:00+00:00,1.0712,1.0729,1.0693,1.0724,344387.88
2026-07-14 12:00:00+00:00,1.0724,1.0912,1.0703,1.0892,2141100.68
2026-07-14 13:00:00+00:00,1.0892,1.1051,1.0854,1.099,1758142.54
2026-07-14 14:00:00+00:00,1.099,1.1049,1.0951,1.1031,1113465.0
2026-07-14 15:00:00+00:00,1.1031,1.1107,1.101,1.1046,1671507.55
2026-07-14 16:00:00+00:00,1.1046,1.1087,1.1028,1.1049,879153.04
2026-07-14 17:00:00+00:00,1.1049,1.1051,1.0983,1.1043,589611.12
2026-07-14 18:00:00+00:00,1.1043,1.1134,1.1033,1.1125,677923.23
2026-07-14 19:00:00+00:00,1.1125,1.121,1.1111,1.1151,1459996.28
2026-07-14 20:00:00+00:00,1.1151,1.1158,1.1097,1.1105,364878.8
2026-07-14 21:00:00+00:00,1.1105,1.1114,1.107,1.1081,311879.08
2026-07-14 22:00:00+00:00,1.1081,1.114,1.1052,1.1102,620540.59
2026-07-14 23:00:00+00:00,1.1102,1.1128,1.109,1.1118,356331.75
2026-07-15 00:00:00+00:00,1.1118,1.1123,1.1068,1.1083,664493.79
2026-07-15 01:00:00+00:00,1.1083,1.1085,1.1023,1.1032,394577.5
2026-07-15 02:00:00+00:00,1.1032,1.1041,1.099,1.0994,220873.7
2026-07-15 03:00:00+00:00,1.0994,1.1051,1.0994,1.104,486298.61
2026-07-15 04:00:00+00:00,1.104,1.1066,1.1014,1.1031,278997.89
2026-07-15 05:00:00+00:00,1.1031,1.1071,1.0997,1.1067,158153.83
2026-07-15 06:00:00+00:00,1.1067,1.1137,1.1058,1.1073,623972.34
2026-07-15 07:00:00+00:00,1.1073,1.108,1.1018,1.1037,282710.54
2026-07-15 08:00:00+00:00,1.1037,1.1089,1.103,1.1079,494625.56
2026-07-15 09:00:00+00:00,1.1079,1.1125,1.1076,1.1088,452518.41
2026-07-15 10:00:00+00:00,1.1088,1.1106,1.1062,1.1085,685038.03
2026-07-15 11:00:00+00:00,1.1085,1.1093,1.1069,1.1084,579676.44
2026-07-15 12:00:00+00:00,1.1084,1.1217,1.1053,1.1212,1256810.51
2026-07-15 13:00:00+00:00,1.1212,1.1293,1.1177,1.1218,1224257.24
2026-07-15 14:00:00+00:00,1.1218,1.1303,1.1184,1.1259,1002047.33
2026-07-15 15:00:00+00:00,1.1259,1.1286,1.1207,1.1263,800788.86
2026-07-15 16:00:00+00:00,1.1263,1.1271,1.1081,1.1139,1597554.3
2026-07-15 17:00:00+00:00,1.1139,1.1197,1.1113,1.1176,910458.44
2026-07-15 18:00:00+00:00,1.1176,1.1216,1.1119,1.1126,594141.08
2026-07-15 19:00:00+00:00,1.1126,1.1151,1.1091,1.11,443645.01
2026-07-15 20:00:00+00:00,1.11,1.1141,1.1087,1.1114,234487.89
2026-07-15 21:00:00+00:00,1.1114,1.1161,1.1107,1.1156,694669.43
2026-07-15 22:00:00+00:00,1.1156,1.119,1.115,1.1163,1556397.4
2026-07-15 23:00:00+00:00,1.1163,1.1172,1.1122,1.1134,649328.42
2026-07-16 00:00:00+00:00,1.1134,1.1165,1.1087,1.1107,275382.42
2026-07-16 01:00:00+00:00,1.1107,1.1149,1.1062,1.114,278926.17
2026-07-16 02:00:00+00:00,1.114,1.1173,1.112,1.1171,192693.36
2026-07-16 03:00:00+00:00,1.1171,1.1179,1.112,1.1128,515075.77
2026-07-16 04:00:00+00:00,1.1128,1.1141,1.111,1.1141,314060.82
2026-07-16 05:00:00+00:00,1.1141,1.1181,1.1133,1.1161,277368.05
2026-07-16 06:00:00+00:00,1.1161,1.1181,1.1123,1.1141,489252.22
2026-07-16 07:00:00+00:00,1.1141,1.1154,1.1036,1.1063,727437.72
2026-07-16 08:00:00+00:00,1.1063,1.1102,1.0994,1.1069,1156446.72
2026-07-16 09:00:00+00:00,1.1069,1.1081,1.105,1.1051,337023.06
2026-07-16 10:00:00+00:00,1.1051,1.1095,1.1045,1.1087,399196.96
2026-07-16 11:00:00+00:00,1.1087,1.1091,1.1054,1.1087,667872.05
2026-07-16 12:00:00+00:00,1.1087,1.1107,1.1001,1.1015,939768.89
2026-07-16 13:00:00+00:00,1.1015,1.1123,1.1014,1.11,921830.06
2026-07-16 14:00:00+00:00,1.11,1.1164,1.1085,1.1117,825677.31
2026-07-16 15:00:00+00:00,1.1117,1.1183,1.1062,1.1146,701475.19
2026-07-16 16:00:00+00:00,1.1146,1.115,1.1077,1.1093,600859.56
2026-07-16 17:00:00+00:00,1.1093,1.1093,1.0884,1.0945,2049627.53
2026-07-16 18:00:00+00:00,1.0945,1.0959,1.0882,1.0933,592574.42
2026-07-16 19:00:00+00:00,1.0933,1.0992,1.0929,1.0972,633778.65
2026-07-16 20:00:00+00:00,1.0972,1.0982,1.0952,1.0976,165270.7
2026-07-16 21:00:00+00:00,1.0976,1.0989,1.0952,1.0978,290822.12
2026-07-16 22:00:00+00:00,1.0978,1.099,1.0896,1.0902,422080.93
2026-07-16 23:00:00+00:00,1.0902,1.0912,1.0854,1.087,446352.12
2026-07-17 00:00:00+00:00,1.087,1.092,1.0832,1.0919,446121.15
2026-07-17 01:00:00+00:00,1.0919,1.0958,1.0859,1.0878,314233.73
2026-07-17 02:00:00+00:00,1.0878,1.0911,1.086,1.0881,282760.95
2026-07-17 03:00:00+00:00,1.0881,1.095,1.0881,1.0922,299456.32
2026-07-17 04:00:00+00:00,1.0922,1.0925,1.0876,1.0904,284125.77
2026-07-17 05:00:00+00:00,1.0904,1.0905,1.0794,1.0806,509086.26
2026-07-17 06:00:00+00:00,1.0806,1.0877,1.0794,1.0871,331431.62
2026-07-17 07:00:00+00:00,1.0871,1.0872,1.0826,1.0841,352919.3
2026-07-17 08:00:00+00:00,1.0841,1.0861,1.0795,1.0847,547839.93
2026-07-17 09:00:00+00:00,1.0847,1.0883,1.0845,1.085,485534.18
2026-07-17 10:00:00+00:00,1.085,1.0881,1.085,1.0864,991072.56
2026-07-17 11:00:00+00:00,1.0864,1.087,1.0837,1.0846,838339.61
2026-07-17 12:00:00+00:00,1.0846,1.0847,1.0779,1.0781,1027366.01
2026-07-17 13:00:00+00:00,1.0781,1.0805,1.0697,1.0803,1563298.41
2026-07-17 14:00:00+00:00,1.0803,1.0865,1.0803,1.0825,1284261.93
2026-07-17 15:00:00+00:00,1.0825,1.0834,1.0741,1.0832,1273904.93
2026-07-17 16:00:00+00:00,1.0832,1.0899,1.0813,1.0863,1202600.08
2026-07-17 17:00:00+00:00,1.0863,1.0958,1.0863,1.0915,691303.32
2026-07-17 18:00:00+00:00,1.0915,1.0941,1.0878,1.0923,422560.64
2026-07-17 19:00:00+00:00,1.0923,1.0933,1.0858,1.0911,458378.41
2026-07-17 20:00:00+00:00,1.0911,1.0912,1.0867,1.0885,256682.6
2026-07-17 21:00:00+00:00,1.0885,1.0912,1.0881,1.0885,338560.64
2026-07-17 22:00:00+00:00,1.0885,1.0889,1.087,1.0883,242565.73
2026-07-17 23:00:00+00:00,1.0883,1.0904,1.0868,1.0888,104748.75
2026-07-18 00:00:00+00:00,1.0888,1.0912,1.0876,1.0881,234355.72
2026-07-18 01:00:00+00:00,1.0881,1.09,1.0869,1.0883,176628.34
2026-07-18 02:00:00+00:00,1.0883,1.0914,1.088,1.0899,183388.42
2026-07-18 03:00:00+00:00,1.0899,1.0913,1.0889,1.09,182303.32
2026-07-18 04:00:00+00:00,1.09,1.0902,1.0876,1.0878,192372.95
2026-07-18 05:00:00+00:00,1.0878,1.0894,1.0867,1.0879,246010.41
2026-07-18 06:00:00+00:00,1.0879,1.0898,1.0864,1.089,236571.47
2026-07-18 07:00:00+00:00,1.089,1.0906,1.0877,1.0888,156654.57
2026-07-18 08:00:00+00:00,1.0888,1.0916,1.0875,1.0891,460622.27
2026-07-18 09:00:00+00:00,1.0891,1.0896,1.084,1.0863,453905.42
2026-07-18 10:00:00+00:00,1.0863,1.088,1.0861,1.087,179505.27
2026-07-18 11:00:00+00:00,1.087,1.0894,1.0863,1.0886,137886.15
2026-07-18 12:00:00+00:00,1.0886,1.091,1.0859,1.0892,174098.15
2026-07-18 13:00:00+00:00,1.0892,1.0892,1.0834,1.0858,215897.56
2026-07-18 14:00:00+00:00,1.0858,1.0893,1.085,1.0887,185567.52
2026-07-18 15:00:00+00:00,1.0887,1.0895,1.0858,1.0862,231142.78
2026-07-18 16:00:00+00:00,1.0862,1.0904,1.0862,1.0897,339502.04
2026-07-18 17:00:00+00:00,1.0897,1.0943,1.0876,1.0934,318134.81
2026-07-18 18:00:00+00:00,1.0934,1.0959,1.09,1.0908,386658.55
2026-07-18 19:00:00+00:00,1.0908,1.0939,1.0906,1.0933,224607.07
2026-07-18 20:00:00+00:00,1.0933,1.0967,1.0926,1.0933,191442.65
2026-07-18 21:00:00+00:00,1.0933,1.0981,1.092,1.0938,428864.93
2026-07-18 22:00:00+00:00,1.0938,1.0956,1.0917,1.0933,331428.88
2026-07-18 23:00:00+00:00,1.0933,1.094,1.0917,1.0927,123867.16
2026-07-19 00:00:00+00:00,1.0927,1.0944,1.092,1.0944,120964.2
2026-07-19 01:00:00+00:00,1.0944,1.0947,1.0928,1.094,118128.06
2026-07-19 02:00:00+00:00,1.094,1.0999,1.094,1.0971,306510.81
2026-07-19 03:00:00+00:00,1.0971,1.0977,1.0929,1.0949,189917.44
2026-07-19 04:00:00+00:00,1.0949,1.0983,1.0934,1.0965,181613.94
2026-07-19 05:00:00+00:00,1.0965,1.0977,1.0955,1.0967,210279.67
2026-07-19 06:00:00+00:00,1.0967,1.0983,1.0954,1.0962,286046.74
2026-07-19 07:00:00+00:00,1.0962,1.0976,1.0949,1.0954,172125.91
2026-07-19 08:00:00+00:00,1.0954,1.0983,1.095,1.0981,176547.49
2026-07-19 09:00:00+00:00,1.0981,1.0992,1.0947,1.0954,190626.17
2026-07-19 10:00:00+00:00,1.0954,1.0997,1.094,1.0978,349739.86
2026-07-19 11:00:00+00:00,1.0978,1.0996,1.0963,1.097,226494.06
2026-07-19 12:00:00+00:00,1.097,1.0971,1.091,1.0955,318659.82
2026-07-19 13:00:00+00:00,1.0955,1.0959,1.0923,1.0943,152826.69
2026-07-19 14:00:00+00:00,1.0943,1.1017,1.0926,1.0988,460797.18
2026-07-19 15:00:00+00:00,1.0988,1.0993,1.0971,1.0978,271738.51
2026-07-19 16:00:00+00:00,1.0978,1.0984,1.0942,1.0942,224794.07
2026-07-19 17:00:00+00:00,1.0942,1.0965,1.089,1.0943,354597.1
2026-07-19 18:00:00+00:00,1.0943,1.0945,1.0897,1.0924,256645.92
2026-07-19 19:00:00+00:00,1.0924,1.0948,1.0916,1.0947,163758.27
2026-07-19 20:00:00+00:00,1.0947,1.098,1.0947,1.0968,145404.76
2026-07-19 21:00:00+00:00,1.0968,1.0973,1.0918,1.0931,308037.76
2026-07-19 22:00:00+00:00,1.0931,1.1018,1.0922,1.0977,564156.98
2026-07-19 23:00:00+00:00,1.0977,1.0984,1.0936,1.0976,239426.99
2026-07-20 00:00:00+00:00,1.0976,1.1061,1.092,1.0963,858940.86
2026-07-20 01:00:00+00:00,1.0963,1.1084,1.0948,1.0967,641328.76
2026-07-20 02:00:00+00:00,1.0967,1.1037,1.0962,1.101,373362.6
2026-07-20 03:00:00+00:00,1.101,1.1021,1.097,1.1001,581278.96
2026-07-20 04:00:00+00:00,1.1001,1.1005,1.0951,1.096,310168.6
2026-07-20 05:00:00+00:00,1.096,1.0961,1.0863,1.088,582588.9
2026-07-20 06:00:00+00:00,1.088,1.0895,1.0831,1.0853,579234.78
2026-07-20 07:00:00+00:00,1.0853,1.0909,1.0831,1.0901,379323.69
2026-07-20 08:00:00+00:00,1.0901,1.0919,1.0863,1.0882,1639600.18
2026-07-20 09:00:00+00:00,1.0882,1.0931,1.0871,1.0901,304818.67
2026-07-20 10:00:00+00:00,1.0901,1.0956,1.0898,1.0929,418368.13
2026-07-20 11:00:00+00:00,1.0929,1.1071,1.0922,1.1061,977489.24
2026-07-20 12:00:00+00:00,1.1061,1.1061,1.0981,1.0998,718599.86
2026-07-20 13:00:00+00:00,1.0998,1.1014,1.0895,1.091,799110.93
2026-07-20 14:00:00+00:00,1.091,1.0951,1.0864,1.0933,546432.01
2026-07-20 15:00:00+00:00,1.0933,1.1141,1.0933,1.1129,1234292.74
2026-07-20 16:00:00+00:00,1.1129,1.1151,1.1103,1.1143,951021.78
2026-07-20 17:00:00+00:00,1.1143,1.1173,1.1108,1.1154,713261.07
2026-07-20 18:00:00+00:00,1.1154,1.1209,1.1138,1.1145,1230152.76
2026-07-20 19:00:00+00:00,1.1145,1.1186,1.1115,1.1169,1039762.32
2026-07-20 20:00:00+00:00,1.1169,1.1171,1.1129,1.115,504633.73
2026-07-20 21:00:00+00:00,1.115,1.1187,1.1148,1.1153,379131.16
2026-07-20 22:00:00+00:00,1.1153,1.1154,1.1084,1.11,442723.07
2026-07-20 23:00:00+00:00,1.11,1.1145,1.1096,1.1124,101703.64
2026-07-21 00:00:00+00:00,1.1124,1.1178,1.1112,1.1164,325671.95
2026-07-21 01:00:00+00:00,1.1164,1.1205,1.1137,1.114,286238.44
2026-07-21 02:00:00+00:00,1.114,1.1215,1.1121,1.1192,244235.39
2026-07-21 03:00:00+00:00,1.1192,1.1263,1.1192,1.1244,995760.22
2026-07-21 04:00:00+00:00,1.1244,1.1286,1.1215,1.1267,590472.07
2026-07-21 05:00:00+00:00,1.1267,1.1385,1.1257,1.1313,2010285.75
2026-07-21 06:00:00+00:00,1.1313,1.1371,1.1291,1.1343,383584.26
2026-07-21 07:00:00+00:00,1.1343,1.1367,1.1316,1.1363,556743.97
2026-07-21 08:00:00+00:00,1.1363,1.1379,1.133,1.1333,675038.89
2026-07-21 09:00:00+00:00,1.1333,1.1367,1.1311,1.1349,439692.0
2026-07-21 10:00:00+00:00,1.1349,1.1357,1.1301,1.1316,575857.05
2026-07-21 11:00:00+00:00,1.1316,1.1372,1.1298,1.1365,511526.12
2026-07-21 12:00:00+00:00,1.1365,1.1419,1.1345,1.1419,1481973.94
2026-07-21 13:00:00+00:00,1.1419,1.1453,1.1385,1.1408,696131.48
2026-07-21 14:00:00+00:00,1.1408,1.1518,1.1396,1.1486,1317709.93
2026-07-21 15:00:00+00:00,1.1486,1.1568,1.145,1.1551,1114096.61
2026-07-21 16:00:00+00:00,1.1551,1.1583,1.1486,1.1509,925409.3
2026-07-21 17:00:00+00:00,1.1509,1.1617,1.1484,1.1578,1379611.92
2026-07-21 18:00:00+00:00,1.1578,1.1642,1.1532,1.1581,1277402.81
2026-07-21 19:00:00+00:00,1.1581,1.1646,1.1532,1.1571,1241923.66
2026-07-21 20:00:00+00:00,1.1571,1.1576,1.1486,1.149,1352803.88
2026-07-21 21:00:00+00:00,1.149,1.149,1.1453,1.1469,800727.83
2026-07-21 22:00:00+00:00,1.1469,1.1469,1.1398,1.1421,732572.2
2026-07-21 23:00:00+00:00,1.1421,1.144,1.1384,1.1438,438968.04
2026-07-22 00:00:00+00:00,1.1438,1.1478,1.1423,1.1458,747982.14
2026-07-22 01:00:00+00:00,1.1458,1.1465,1.1424,1.1443,413539.01
2026-07-22 02:00:00+00:00,1.1443,1.1464,1.1409,1.1414,1237466.83
2026-07-22 03:00:00+00:00,1.1414,1.1419,1.1385,1.1392,682828.29
2026-07-22 04:00:00+00:00,1.1392,1.1424,1.1385,1.1422,530694.83
2026-07-22 05:00:00+00:00,1.1422,1.1423,1.1332,1.1336,1310174.65
2026-07-22 06:00:00+00:00,1.1336,1.1345,1.1297,1.1322,493301.79
2026-07-22 07:00:00+00:00,1.1322,1.1339,1.129,1.1309,611830.43
2026-07-22 08:00:00+00:00,1.1309,1.136,1.1309,1.1349,570384.65
2026-07-22 09:00:00+00:00,1.1349,1.1367,1.1326,1.1351,361144.01
2026-07-22 10:00:00+00:00,1.1351,1.1396,1.1344,1.139,374077.91
2026-07-22 11:00:00+00:00,1.139,1.1405,1.1373,1.1389,414908.64
2026-07-22 12:00:00+00:00,1.1389,1.1389,1.1337,1.1369,598029.94
2026-07-22 13:00:00+00:00,1.1369,1.1443,1.1351,1.1429,830713.45
2026-07-22 14:00:00+00:00,1.1429,1.1498,1.1365,1.1423,873639.64
2026-07-22 15:00:00+00:00,1.1423,1.1561,1.1423,1.1515,940898.49
2026-07-22 16:00:00+00:00,1.1515,1.1574,1.1469,1.1535,588434.65
2026-07-22 17:00:00+00:00,1.1535,1.1536,1.1442,1.1479,1086776.05
2026-07-22 18:00:00+00:00,1.1479,1.1485,1.1389,1.1418,503990.72
2026-07-22 19:00:00+00:00,1.1418,1.1432,1.1362,1.1374,616121.91
2026-07-22 20:00:00+00:00,1.1374,1.1393,1.1341,1.1382,439365.79
2026-07-22 21:00:00+00:00,1.1382,1.1425,1.138,1.1425,340278.67
2026-07-22 22:00:00+00:00,1.1425,1.1429,1.1386,1.1424,524823.65
2026-07-22 23:00:00+00:00,1.1424,1.1428,1.1361,1.1421,392199.49
2026-07-23 00:00:00+00:00,1.1421,1.1449,1.14,1.141,381863.61
2026-07-23 01:00:00+00:00,1.141,1.1427,1.138,1.1397,328424.26
2026-07-23 02:00:00+00:00,1.1397,1.1397,1.134,1.138,483888.59
2026-07-23 03:00:00+00:00,1.138,1.1383,1.1332,1.1336,479480.94
2026-07-23 04:00:00+00:00,1.1336,1.1375,1.1326,1.1359,561317.26
2026-07-23 05:00:00+00:00,1.1359,1.1378,1.1334,1.1343,608284.07
2026-07-23 06:00:00+00:00,1.1343,1.1369,1.1333,1.1366,182054.78
2026-07-23 07:00:00+00:00,1.1366,1.1366,1.1299,1.1337,463577.04
2026-07-23 08:00:00+00:00,1.1337,1.1368,1.1326,1.1359,319152.15
2026-07-23 09:00:00+00:00,1.1359,1.1371,1.1327,1.1327,323041.13
2026-07-23 10:00:00+00:00,1.1327,1.1364,1.1317,1.1348,280882.37
2026-07-23 11:00:00+00:00,1.1348,1.1362,1.1316,1.1326,331496.17
2026-07-23 12:00:00+00:00,1.1326,1.1336,1.1193,1.1219,1309897.84
2026-07-23 13:00:00+00:00,1.1219,1.1219,1.1112,1.1117,1252596.26
2026-07-23 14:00:00+00:00,1.1117,1.1159,1.1086,1.11,877824.15
2026-07-23 15:00:00+00:00,1.11,1.1145,1.1038,1.1127,970572.54
2026-07-23 16:00:00+00:00,1.1127,1.1128,1.1077,1.1086,622765.95
2026-07-23 17:00:00+00:00,1.1086,1.1102,1.1001,1.1031,701105.32
2026-07-23 18:00:00+00:00,1.1031,1.1065,1.1025,1.1054,573560.94
2026-07-23 19:00:00+00:00,1.1054,1.107,1.1025,1.1043,723703.17
2026-07-23 20:00:00+00:00,1.1043,1.113,1.1043,1.1129,648353.91
2026-07-23 21:00:00+00:00,1.1129,1.114,1.1092,1.1104,516153.93
2026-07-23 22:00:00+00:00,1.1104,1.1131,1.1077,1.1121,379582.26
2026-07-23 23:00:00+00:00,1.1121,1.1125,1.1066,1.1077,433949.81
2026-07-24 00:00:00+00:00,1.1077,1.1086,1.1038,1.1076,414536.1
2026-07-24 01:00:00+00:00,1.1076,1.1108,1.107,1.1092,246840.55
2026-07-24 02:00:00+00:00,1.1092,1.1098,1.1049,1.1064,262587.31
2026-07-24 03:00:00+00:00,1.1064,1.1122,1.1059,1.111,238493.53
2026-07-24 04:00:00+00:00,1.111,1.1113,1.1062,1.107,290584.08
2026-07-24 05:00:00+00:00,1.107,1.1104,1.1061,1.11,230708.16
2026-07-24 06:00:00+00:00,1.11,1.115,1.1096,1.1137,278849.28
2026-07-24 07:00:00+00:00,1.1137,1.1214,1.1108,1.114,842291.99
2026-07-24 08:00:00+00:00,1.114,1.1149,1.1114,1.1118,205839.91
2026-07-24 09:00:00+00:00,1.1118,1.1125,1.108,1.1084,665763.69
2026-07-24 10:00:00+00:00,1.1084,1.1087,1.1048,1.1072,745915.71
2026-07-24 11:00:00+00:00,1.1072,1.1075,1.1008,1.1038,1667522.01
2026-07-24 12:00:00+00:00,1.1038,1.1051,1.0996,1.0997,854585.5
2026-07-24 13:00:00+00:00,1.0997,1.1001,1.089,1.0927,1507517.85
2026-07-24 14:00:00+00:00,1.0927,1.0936,1.0867,1.0928,1230194.15
2026-07-24 15:00:00+00:00,1.0928,1.0944,1.0885,1.0911,829401.81
2026-07-24 16:00:00+00:00,1.0911,1.092,1.0853,1.0865,805790.46
2026-07-24 17:00:00+00:00,1.0865,1.0908,1.0855,1.089,678726.24
2026-07-24 18:00:00+00:00,1.089,1.089,1.0849,1.0872,642376.15
2026-07-24 19:00:00+00:00,1.0872,1.0903,1.0852,1.0889,544998.91
2026-07-24 20:00:00+00:00,1.0889,1.0918,1.0889,1.0906,581495.19
2026-07-24 21:00:00+00:00,1.0906,1.0914,1.0883,1.0888,497269.37
2026-07-24 22:00:00+00:00,1.0888,1.0928,1.0885,1.0919,579447.1
2026-07-24 23:00:00+00:00,1.0919,1.0932,1.0908,1.0917,286389.11
2026-07-25 00:00:00+00:00,1.0917,1.0938,1.0914,1.0936,712346.58
2026-07-25 01:00:00+00:00,1.0936,1.0949,1.0924,1.0936,355251.46
2026-07-25 02:00:00+00:00,1.0936,1.0946,1.0917,1.0935,268387.54
2026-07-25 03:00:00+00:00,1.0935,1.0942,1.0915,1.0916,176523.12
2026-07-25 04:00:00+00:00,1.0916,1.0942,1.0913,1.0934,214282.08
2026-07-25 05:00:00+00:00,1.0934,1.0939,1.0901,1.0913,168489.52
2026-07-25 06:00:00+00:00,1.0913,1.0923,1.0872,1.0896,355417.57
2026-07-25 07:00:00+00:00,1.0896,1.0897,1.0871,1.0879,155248.31
2026-07-25 08:00:00+00:00,1.0879,1.0887,1.0855,1.0867,518722.44
2026-07-25 09:00:00+00:00,1.0867,1.0896,1.086,1.0884,264122.81
2026-07-25 10:00:00+00:00,1.0884,1.0907,1.0884,1.0907,302549.51
2026-07-25 11:00:00+00:00,1.0907,1.0913,1.0891,1.0897,458146.14
2026-07-25 12:00:00+00:00,1.0897,1.0908,1.089,1.0908,617636.72
2026-07-25 13:00:00+00:00,1.0908,1.0932,1.0895,1.091,1475970.01
2026-07-25 14:00:00+00:00,1.091,1.0936,1.0903,1.0933,602938.41
2026-07-25 15:00:00+00:00,1.0933,1.1003,1.0932,1.0984,544744.85
2026-07-25 16:00:00+00:00,1.0984,1.1032,1.0974,1.1027,431144.9
2026-07-25 17:00:00+00:00,1.1027,1.1079,1.1011,1.1034,659911.06
2026-07-25 18:00:00+00:00,1.1034,1.106,1.1018,1.1028,332427.58
2026-07-25 19:00:00+00:00,1.1028,1.1034,1.0992,1.1004,183039.53
2026-07-25 20:00:00+00:00,1.1004,1.1009,1.0983,1.0984,100796.62
2026-07-25 21:00:00+00:00,1.0984,1.1006,1.0973,1.0993,276408.44
2026-07-25 22:00:00+00:00,1.0993,1.1011,1.0985,1.1006,242251.93
2026-07-25 23:00:00+00:00,1.1006,1.1009,1.0976,1.0977,120289.0
2026-07-26 00:00:00+00:00,1.0977,1.1002,1.0972,1.0998,264281.72
2026-07-26 01:00:00+00:00,1.0998,1.1007,1.0991,1.0996,107854.06
2026-07-26 02:00:00+00:00,1.0996,1.1009,1.0987,1.1005,111835.05
2026-07-26 03:00:00+00:00,1.1005,1.1021,1.0995,1.1014,202389.02
2026-07-26 04:00:00+00:00,1.1014,1.1044,1.0995,1.102,334777.65
2026-07-26 05:00:00+00:00,1.102,1.102,1.0986,1.0993,312769.45
2026-07-26 06:00:00+00:00,1.0993,1.1006,1.0956,1.1003,194494.29
2026-07-26 07:00:00+00:00,1.1003,1.1018,1.0981,1.099,370794.76
2026-07-26 08:00:00+00:00,1.099,1.0997,1.0986,1.0996,230939.92
2026-07-26 09:00:00+00:00,1.0996,1.1013,1.0992,1.0998,153750.9
2026-07-26 10:00:00+00:00,1.0998,1.1017,1.099,1.1007,273532.68
2026-07-26 11:00:00+00:00,1.1007,1.1012,1.1,1.1006,134920.78
2026-07-26 12:00:00+00:00,1.1006,1.103,1.0985,1.0987,272731.06
2026-07-26 13:00:00+00:00,1.0987,1.0987,1.0964,1.0977,192395.05
2026-07-26 14:00:00+00:00,1.0977,1.1013,1.0962,1.0999,353607.13
2026-07-26 15:00:00+00:00,1.0999,1.1051,1.0992,1.1045,335520.69
2026-07-26 16:00:00+00:00,1.1045,1.1069,1.102,1.1031,293909.56
2026-07-26 17:00:00+00:00,1.1031,1.1032,1.101,1.1018,93693.75
2026-07-26 18:00:00+00:00,1.1018,1.103,1.1008,1.103,112390.97
2026-07-26 19:00:00+00:00,1.103,1.1033,1.1013,1.1023,194128.02
2026-07-26 20:00:00+00:00,1.1023,1.1026,1.1009,1.1009,102802.52
2026-07-26 21:00:00+00:00,1.1009,1.1055,1.1003,1.1038,259739.24
2026-07-26 22:00:00+00:00,1.1038,1.114,1.1038,1.1128,855900.7
2026-07-26 23:00:00+00:00,1.1128,1.1165,1.1103,1.113,455475.6
2026-07-27 00:00:00+00:00,1.113,1.1134,1.108,1.1088,214501.51
2026-07-27 01:00:00+00:00,1.1088,1.1103,1.1025,1.1079,363497.54
2026-07-27 02:00:00+00:00,1.1079,1.1086,1.1053,1.1058,144463.73
2026-07-27 03:00:00+00:00,1.1058,1.1082,1.1042,1.1078,231150.14
2026-07-27 04:00:00+00:00,1.1078,1.11,1.1059,1.1065,210290.69
2026-07-27 05:00:00+00:00,1.1065,1.1107,1.1061,1.1103,219865.19
2026-07-27 06:00:00+00:00,1.1103,1.1151,1.1101,1.1109,455645.56
2026-07-27 07:00:00+00:00,1.1109,1.1116,1.1068,1.1078,1031486.0
2026-07-27 08:00:00+00:00,1.1078,1.1084,1.1057,1.1069,1227540.1
2026-07-27 09:00:00+00:00,1.1069,1.1094,1.1043,1.1081,554389.4
2026-07-27 10:00:00+00:00,1.1081,1.1094,1.1072,1.1079,258639.22
2026-07-27 11:00:00+00:00,1.1079,1.1101,1.1042,1.1054,523553.8
2026-07-27 12:00:00+00:00,1.1054,1.1074,1.0993,1.1052,612535.38
2026-07-27 13:00:00+00:00,1.1052,1.1141,1.1025,1.1076,599579.74
2026-07-27 14:00:00+00:00,1.1076,1.1084,1.0854,1.0905,1050451.11
2026-07-27 15:00:00+00:00,1.0905,1.092,1.0861,1.0863,396780.27
2026-07-27 16:00:00+00:00,1.0863,1.0954,1.0859,1.0937,674124.58
2026-07-27 17:00:00+00:00,1.0937,1.096,1.0909,1.094,463238.9
2026-07-27 18:00:00+00:00,1.094,1.0947,1.0867,1.0902,581913.86
2026-07-27 19:00:00+00:00,1.0902,1.0954,1.0884,1.0922,419229.75
2026-07-27 20:00:00+00:00,1.0922,1.0937,1.089,1.0911,293045.16
2026-07-27 21:00:00+00:00,1.0911,1.0916,1.0863,1.0866,238116.88
2026-07-27 22:00:00+00:00,1.0866,1.0866,1.0661,1.0668,2603797.56
2026-07-27 23:00:00+00:00,1.0668,1.0687,1.0628,1.0661,1292281.57
2026-07-28 00:00:00+00:00,1.0661,1.0662,1.0584,1.059,878436.13
2026-07-28 01:00:00+00:00,1.059,1.0622,1.0546,1.0578,891723.87
2026-07-28 02:00:00+00:00,1.0578,1.0595,1.0557,1.0573,1059117.57
2026-07-28 03:00:00+00:00,1.0573,1.0603,1.0568,1.0584,470714.66
2026-07-28 04:00:00+00:00,1.0584,1.0585,1.0558,1.0565,528002.93
2026-07-28 05:00:00+00:00,1.0565,1.061,1.0565,1.058,539701.75
2026-07-28 06:00:00+00:00,1.058,1.0603,1.0559,1.0598,790302.33
2026-07-28 07:00:00+00:00,1.0598,1.0603,1.0543,1.0559,903382.61
2026-07-28 08:00:00+00:00,1.0559,1.0573,1.0543,1.0566,965935.33
2026-07-28 09:00:00+00:00,1.0566,1.0599,1.0553,1.0565,337135.48
2026-07-28 10:00:00+00:00,1.0565,1.0573,1.0533,1.0555,643080.52
2026-07-28 11:00:00+00:00,1.0555,1.0558,1.0487,1.0492,1490408.42
2026-07-28 12:00:00+00:00,1.0492,1.0544,1.0485,1.054,654261.25
2026-07-28 13:00:00+00:00,1.054,1.0559,1.0448,1.0508,1161480.83
2026-07-28 14:00:00+00:00,1.0508,1.0555,1.0466,1.0541,695755.71
2026-07-28 15:00:00+00:00,1.0541,1.0674,1.0522,1.0651,1449337.93
2026-07-28 16:00:00+00:00,1.0651,1.0667,1.0621,1.0639,372474.91
2026-07-28 17:00:00+00:00,1.0639,1.0639,1.0553,1.058,600398.96
2026-07-28 18:00:00+00:00,1.058,1.0603,1.0555,1.058,221596.94
2026-07-28 19:00:00+00:00,1.058,1.0631,1.0573,1.0615,509390.15
2026-07-28 20:00:00+00:00,1.0615,1.0636,1.0602,1.0635,371068.97
2026-07-28 21:00:00+00:00,1.0635,1.0693,1.0633,1.0688,832797.42
2026-07-28 22:00:00+00:00,1.0688,1.0704,1.063,1.0631,574651.84
2026-07-28 23:00:00+00:00,1.0631,1.0697,1.0592,1.0689,827162.05
2026-07-29 00:00:00+00:00,1.0689,1.0802,1.0689,1.079,1216071.37
2026-07-29 01:00:00+00:00,1.079,1.0808,1.0715,1.0716,600689.21
2026-07-29 02:00:00+00:00,1.0716,1.0823,1.0701,1.0789,918208.85
2026-07-29 03:00:00+00:00,1.0789,1.0809,1.071,1.0713,513299.03
2026-07-29 04:00:00+00:00,1.0713,1.0807,1.068,1.0804,1584452.99
2026-07-29 05:00:00+00:00,1.0804,1.0911,1.0804,1.0857,908121.66
2026-07-29 06:00:00+00:00,1.0857,1.0896,1.0828,1.0876,481883.0
2026-07-29 07:00:00+00:00,1.0876,1.0904,1.0862,1.0902,388324.69
2026-07-29 08:00:00+00:00,1.0902,1.0912,1.0852,1.0871,798376.34
2026-07-29 09:00:00+00:00,1.0871,1.0937,1.0871,1.0886,512104.09
2026-07-29 10:00:00+00:00,1.0886,1.09,1.0865,1.0875,1038274.61
2026-07-29 11:00:00+00:00,1.0875,1.0892,1.0841,1.0843,1388739.97
2026-07-29 12:00:00+00:00,1.0843,1.0843,1.0752,1.078,1197659.74
2026-07-29 13:00:00+00:00,1.078,1.0784,1.0708,1.0756,1434013.11
2026-07-29 14:00:00+00:00,1.0756,1.0764,1.0692,1.0723,1233022.94
2026-07-29 15:00:00+00:00,1.0723,1.0736,1.0668,1.0682,1038280.32
2026-07-29 16:00:00+00:00,1.0682,1.0725,1.0662,1.07,1347173.88
2026-07-29 17:00:00+00:00,1.07,1.0804,1.0699,1.0804,625152.56
2026-07-29 18:00:00+00:00,1.0804,1.0913,1.0763,1.0869,2715605.05
2026-07-29 19:00:00+00:00,1.0869,1.0899,1.0681,1.0697,1492731.98
2026-07-29 20:00:00+00:00,1.0697,1.0709,1.0623,1.0661,1204893.85
2026-07-29 21:00:00+00:00,1.0661,1.0789,1.0639,1.0748,1021917.37
2026-07-29 22:00:00+00:00,1.0748,1.0795,1.0738,1.0746,996037.21
2026-07-29 23:00:00+00:00,1.0746,1.0756,1.071,1.0738,514474.78
2026-07-30 00:00:00+00:00,1.0738,1.0771,1.0688,1.0707,582946.08
2026-07-30 01:00:00+00:00,1.0707,1.0811,1.0701,1.0784,890395.73
2026-07-30 02:00:00+00:00,1.0784,1.0805,1.0755,1.0755,336694.03
2026-07-30 03:00:00+00:00,1.0755,1.0782,1.0747,1.0754,307150.66
2026-07-30 04:00:00+00:00,1.0754,1.0763,1.0732,1.0745,302167.87
2026-07-30 05:00:00+00:00,1.0745,1.078,1.0727,1.0763,479259.78
2026-07-30 06:00:00+00:00,1.0763,1.0777,1.0727,1.0737,675339.92
2026-07-30 07:00:00+00:00,1.0737,1.0799,1.0735,1.0767,725711.02
2026-07-30 08:00:00+00:00,1.0767,1.0806,1.0751,1.0785,249389.19
2026-07-30 09:00:00+00:00,1.0785,1.0828,1.0785,1.0807,402767.74
2026-07-30 10:00:00+00:00,1.0807,1.0827,1.0778,1.079,419228.28
2026-07-30 11:00:00+00:00,1.079,1.0848,1.0787,1.0838,558414.57
2026-07-30 12:00:00+00:00,1.0838,1.0857,1.0817,1.0834,1140064.91
2026-07-30 13:00:00+00:00,1.0834,1.0892,1.0795,1.0854,1086617.46
2026-07-30 14:00:00+00:00,1.0854,1.0905,1.0817,1.0874,609652.4
2026-07-30 15:00:00+00:00,1.0874,1.0949,1.0857,1.0923,798127.16
2026-07-30 16:00:00+00:00,1.0923,1.0938,1.0886,1.0902,534616.8
2026-07-30 17:00:00+00:00,1.0902,1.093,1.0873,1.0912,250137.09
2026-07-30 18:00:00+00:00,1.0912,1.0926,1.085,1.0855,215940.31
2026-07-30 19:00:00+00:00,1.0855,1.0913,1.085,1.09,329614.78
2026-07-30 20:00:00+00:00,1.09,1.0925,1.0853,1.0857,470102.46
2026-07-30 21:00:00+00:00,1.0857,1.087,1.0841,1.0846,171259.96
2026-07-30 22:00:00+00:00,1.0846,1.0891,1.0837,1.0859,199401.53
2026-07-30 23:00:00+00:00,1.0859,1.0897,1.0824,1.0828,538313.88
2026-07-31 00:00:00+00:00,1.0828,1.0851,1.0811,1.0819,466321.67
2026-07-31 01:00:00+00:00,1.0819,1.0899,1.0792,1.0806,866458.38
2026-07-31 02:00:00+00:00,1.0806,1.0825,1.079,1.0806,265246.73
2026-07-31 03:00:00+00:00,1.0806,1.0828,1.078,1.0815,305015.12
2026-07-31 04:00:00+00:00,1.0815,1.0828,1.0808,1.0817,279533.93
2026-07-31 05:00:00+00:00,1.0817,1.0832,1.0791,1.0804,146422.93
2026-07-31 06:00:00+00:00,1.0804,1.0841,1.0796,1.0804,312540.21
2026-07-31 07:00:00+00:00,1.0804,1.0804,1.0739,1.0796,417999.44
2026-07-31 08:00:00+00:00,1.0796,1.0803,1.0757,1.0772,354368.07
2026-07-31 09:00:00+00:00,1.0772,1.0775,1.0712,1.0718,708131.66
2026-07-31 10:00:00+00:00,1.0718,1.0748,1.0708,1.0735,730214.05
2026-07-31 11:00:00+00:00,1.0735,1.0758,1.071,1.0724,958865.5
2026-07-31 12:00:00+00:00,1.0724,1.0728,1.0701,1.0723,524146.36
2026-07-31 13:00:00+00:00,1.0723,1.074,1.0659,1.0664,1909695.55
2026-07-31 14:00:00+00:00,1.0664,1.0678,1.0574,1.0632,2218466.48
2026-07-31 15:00:00+00:00,1.0632,1.0653,1.0584,1.0605,1041276.35
2026-07-31 16:00:00+00:00,1.0605,1.0638,1.0601,1.0636,882857.54
2026-07-31 17:00:00+00:00,1.0636,1.071,1.0634,1.0697,693370.98
2026-07-31 18:00:00+00:00,1.0697,1.0706,1.0636,1.0655,345270.18
2026-07-31 19:00:00+00:00,1.0655,1.0663,1.061,1.0619,359950.83
2026-07-31 20:00:00+00:00,1.0619,1.0649,1.0616,1.0618,355950.5
2026-07-31 21:00:00+00:00,1.0618,1.0651,1.0592,1.0607,418664.51
2026-07-31 22:00:00+00:00,1.0607,1.0642,1.0595,1.062,200132.22
2026-07-31 23:00:00+00:00,1.062,1.0635,1.061,1.0617,137014.33
2026-08-01 00:00:00+00:00,1.0617,1.0637,1.0617,1.0629,253654.61
2026-08-01 01:00:00+00:00,1.0629,1.0652,1.0629,1.065,185048.98
2026-08-01 02:00:00+00:00,1.065,1.0666,1.065,1.0657,202331.87
2026-08-01 03:00:00+00:00,1.0657,1.0665,1.0644,1.066,119802.35
2026-08-01 04:00:00+00:00,1.066,1.0672,1.0656,1.067,105915.77
2026-08-01 05:00:00+00:00,1.067,1.067,1.0626,1.0639,145531.85
2026-08-01 06:00:00+00:00,1.0639,1.0653,1.0632,1.0641,169245.53
2026-08-01 07:00:00+00:00,1.0641,1.0642,1.0616,1.0621,283597.11
2026-08-01 08:00:00+00:00,1.0621,1.0629,1.0615,1.0627,119149.78
2026-08-01 09:00:00+00:00,1.0627,1.0634,1.0614,1.0614,161255.47
2026-08-01 10:00:00+00:00,1.0614,1.0637,1.0601,1.0627,339744.01
2026-08-01 11:00:00+00:00,1.0627,1.0638,1.0617,1.0638,542348.89
2026-08-01 12:00:00+00:00,1.0638,1.0647,1.0632,1.0644,216956.02
2026-08-01 13:00:00+00:00,1.0644,1.0649,1.0631,1.0634,194701.46
2026-08-01 14:00:00+00:00,1.0634,1.0662,1.0634,1.0662,167553.58
2026-08-01 15:00:00+00:00,1.0662,1.0662,1.0628,1.0628,201786.82
2026-08-01 16:00:00+00:00,1.0628,1.0644,1.0596,1.0611,294557.6
2026-08-01 17:00:00+00:00,1.0611,1.062,1.0573,1.0591,280627.13
2026-08-01 18:00:00+00:00,1.0591,1.0598,1.0476,1.0533,1187392.6
2026-08-01 19:00:00+00:00,1.0533,1.0545,1.0516,1.0525,230219.87
2026-08-01 20:00:00+00:00,1.0525,1.0562,1.0518,1.0557,284493.56
2026-08-01 21:00:00+00:00,1.0557,1.0608,1.0555,1.0603,575491.54
2026-08-01 22:00:00+00:00,1.0603,1.0621,1.0598,1.0608,182618.67
2026-08-01 23:00:00+00:00,1.0608,1.0619,1.0594,1.0605,242644.12
2026-08-02 00:00:00+00:00,1.0605,1.0627,1.0605,1.0623,203643.47
2026-08-02 01:00:00+00:00,1.0623,1.0685,1.0623,1.0664,736170.47
2026-08-02 02:00:00+00:00,1.0664,1.0763,1.0663,1.0762,567817.43
2026-08-02 03:00:00+00:00,1.0762,1.0802,1.0749,1.0773,290437.16
2026-08-02 04:00:00+00:00,1.0773,1.084,1.0771,1.0822,356680.53
2026-08-02 05:00:00+00:00,1.0822,1.0844,1.0807,1.0831,348377.91
2026-08-02 06:00:00+00:00,1.0831,1.0857,1.0815,1.0826,230493.56
2026-08-02 07:00:00+00:00,1.0826,1.0851,1.0821,1.0837,299931.78
2026-08-02 08:00:00+00:00,1.0837,1.0844,1.079,1.0802,483580.94
2026-08-02 09:00:00+00:00,1.0802,1.0839,1.0767,1.0831,707188.33
2026-08-02 10:00:00+00:00,1.0831,1.0831,1.0797,1.081,240585.53
2026-08-02 11:00:00+00:00,1.081,1.0827,1.0787,1.0797,461303.71
2026-08-02 12:00:00+00:00,1.0797,1.0817,1.0776,1.0778,356418.22
2026-08-02 13:00:00+00:00,1.0778,1.0815,1.0775,1.0811,495576.17
2026-08-02 14:00:00+00:00,1.0811,1.0833,1.0801,1.0818,203427.27
2026-08-02 15:00:00+00:00,1.0818,1.0829,1.08,1.0802,131926.95
2026-08-02 16:00:00+00:00,1.0802,1.082,1.0777,1.0811,248374.43
2026-08-02 17:00:00+00:00,1.0811,1.0834,1.0805,1.0822,91020.17
2026-08-02 18:00:00+00:00,1.0822,1.0873,1.081,1.0815,365973.76
2026-08-02 19:00:00+00:00,1.0815,1.0827,1.0801,1.0821,121677.16
2026-08-02 20:00:00+00:00,1.0821,1.0823,1.0804,1.0816,123437.03
2026-08-02 21:00:00+00:00,1.0816,1.0899,1.0816,1.087,520130.44
2026-08-02 22:00:00+00:00,1.087,1.0933,1.0856,1.0856,534583.59
2026-08-02 23:00:00+00:00,1.0856,1.0871,1.0829,1.087,267689.45
2026-08-03 00:00:00+00:00,1.087,1.0879,1.0803,1.0813,294222.9
2026-08-03 01:00:00+00:00,1.0813,1.0816,1.0749,1.0755,299819.07
2026-08-03 02:00:00+00:00,1.0755,1.0773,1.0733,1.0742,175038.48
2026-08-03 03:00:00+00:00,1.0742,1.0744,1.0685,1.0713,228286.44
2026-08-03 04:00:00+00:00,1.0713,1.0736,1.0702,1.0706,274521.17
2026-08-03 05:00:00+00:00,1.0706,1.0731,1.0702,1.0725,260899.24
2026-08-03 06:00:00+00:00,1.0725,1.0732,1.0681,1.0685,428311.84
2026-08-03 07:00:00+00:00,1.0685,1.07,1.0667,1.0683,327925.26
2026-08-03 08:00:00+00:00,1.0683,1.0688,1.063,1.0675,834962.02
2026-08-03 09:00:00+00:00,1.0675,1.072,1.0667,1.0716,317811.23
2026-08-03 10:00:00+00:00,1.0716,1.0722,1.0683,1.0701,233075.57
2026-08-03 11:00:00+00:00,1.0701,1.0703,1.0638,1.0644,539064.44
2026-08-03 12:00:00+00:00,1.0644,1.0664,1.064,1.0659,599248.65
2026-08-03 13:00:00+00:00,1.0659,1.0764,1.0655,1.0762,681040.04
2026-08-03 14:00:00+00:00,1.0762,1.0836,1.073,1.083,836430.59
2026-08-03 15:00:00+00:00,1.083,1.0873,1.0784,1.0838,645499.94
2026-08-03 16:00:00+00:00,1.0838,1.0852,1.0792,1.082,384551.06
2026-08-03 17:00:00+00:00,1.082,1.0849,1.0802,1.0814,349526.63
2026-08-03 18:00:00+00:00,1.0814,1.0845,1.0808,1.0823,214276.69
2026-08-03 19:00:00+00:00,1.0823,1.0831,1.0793,1.08,296519.68
2026-08-03 20:00:00+00:00,1.08,1.084,1.0793,1.084,149234.21
2026-08-03 21:00:00+00:00,1.084,1.0844,1.0801,1.0806,276313.25
2026-08-03 22:00:00+00:00,1.0806,1.0806,1.0745,1.0762,321496.48
2026-08-03 23:00:00+00:00,1.0762,1.0762,1.0735,1.0761,125473.97
2026-08-04 00:00:00+00:00,1.0761,1.0768,1.0702,1.0706,564920.77
2026-08-04 01:00:00+00:00,1.0706,1.0793,1.0702,1.0783,546214.17
2026-08-04 02:00:00+00:00,1.0783,1.0806,1.0752,1.078,252975.13
2026-08-04 03:00:00+00:00,1.078,1.0788,1.0743,1.0778,205097.16
2026-08-04 04:00:00+00:00,1.0778,1.082,1.0764,1.0799,291321.96
2026-08-04 05:00:00+00:00,1.0799,1.0808,1.0763,1.0766,291746.34
2026-08-04 06:00:00+00:00,1.0766,1.0773,1.0729,1.0741,501299.38
2026-08-04 07:00:00+00:00,1.0741,1.0796,1.0713,1.0789,714994.51
2026-08-04 08:00:00+00:00,1.0789,1.0799,1.0741,1.0751,427229.38
2026-08-04 09:00:00+00:00,1.0751,1.0751,1.0725,1.0731,240726.82
2026-08-04 10:00:00+00:00,1.0731,1.0771,1.0702,1.0753,660222.6
2026-08-04 11:00:00+00:00,1.0753,1.0795,1.0742,1.0793,345223.72
2026-08-04 12:00:00+00:00,1.0793,1.0795,1.0757,1.0768,496261.32
2026-08-04 13:00:00+00:00,1.0768,1.079,1.0715,1.0721,817090.91
2026-08-04 14:00:00+00:00,1.0721,1.0776,1.071,1.0761,2872471.84
2026-08-04 15:00:00+00:00,1.0761,1.0805,1.0725,1.0776,507826.48
2026-08-04 16:00:00+00:00,1.0776,1.0776,1.0735,1.0744,467509.33
2026-08-04 17:00:00+00:00,1.0744,1.0782,1.0729,1.0739,431627.6
2026-08-04 18:00:00+00:00,1.0739,1.08,1.0737,1.0773,266397.89
2026-08-04 19:00:00+00:00,1.0773,1.0828,1.0762,1.0802,779855.54
2026-08-04 20:00:00+00:00,1.0802,1.0803,1.0744,1.078,415349.83
2026-08-04 21:00:00+00:00,1.078,1.0784,1.0762,1.0764,170824.9
2026-08-04 22:00:00+00:00,1.0764,1.0774,1.0745,1.0761,216498.75
2026-08-04 23:00:00+00:00,1.0761,1.079,1.0737,1.0739,423821.14
2026-08-05 00:00:00+00:00,1.0739,1.0743,1.0694,1.0702,458174.82
2026-08-05 01:00:00+00:00,1.0702,1.0736,1.0684,1.0732,229087.19
2026-08-05 02:00:00+00:00,1.0732,1.0769,1.0727,1.074,456359.8
2026-08-05 03:00:00+00:00,1.074,1.0749,1.0661,1.0678,802932.84
2026-08-05 04:00:00+00:00,1.0678,1.0679,1.0665,1.0673,318950.39
2026-08-05 05:00:00+00:00,1.0673,1.0729,1.0669,1.0698,309141.38
2026-08-05 06:00:00+00:00,1.0698,1.0708,1.0683,1.0688,197859.26
2026-08-05 07:00:00+00:00,1.0688,1.0692,1.0639,1.0672,489728.59
2026-08-05 08:00:00+00:00,1.0672,1.0679,1.0651,1.0656,426252.82
2026-08-05 09:00:00+00:00,1.0656,1.0669,1.0648,1.0648,487320.86
2026-08-05 10:00:00+00:00,1.0648,1.0648,1.0612,1.0617,1170916.21
2026-08-05 11:00:00+00:00,1.0617,1.0626,1.06,1.0609,852261.26
2026-08-05 12:00:00+00:00,1.0609,1.0688,1.0604,1.0638,1185269.79
2026-08-05 13:00:00+00:00,1.0638,1.0641,1.0549,1.0618,1199045.23
2026-08-05 14:00:00+00:00,1.0618,1.0657,1.0598,1.0652,691045.99
2026-08-05 15:00:00+00:00,1.0652,1.067,1.0606,1.0607,619011.01
2026-08-05 16:00:00+00:00,1.0607,1.0692,1.0606,1.0673,670190.65
2026-08-05 17:00:00+00:00,1.0673,1.0719,1.0668,1.0705,437283.48
2026-08-05 18:00:00+00:00,1.0705,1.0732,1.0686,1.0695,397615.22
2026-08-05 19:00:00+00:00,1.0695,1.0722,1.0687,1.0701,512505.81
2026-08-05 20:00:00+00:00,1.0701,1.0726,1.0677,1.0697,456700.33
2026-08-05 21:00:00+00:00,1.0697,1.0697,1.0641,1.0652,439060.62
2026-08-05 22:00:00+00:00,1.0652,1.0656,1.0623,1.0623,403714.09
2026-08-05 23:00:00+00:00,1.0623,1.0634,1.0606,1.0621,610437.41
2026-08-06 00:00:00+00:00,1.0621,1.0635,1.0613,1.0629,159077.73
2026-08-06 01:00:00+00:00,1.0629,1.0629,1.0534,1.0541,487436.51
2026-08-06 02:00:00+00:00,1.0541,1.0549,1.0421,1.0472,2422598.48
2026-08-06 03:00:00+00:00,1.0472,1.0476,1.0415,1.0434,753075.34
2026-08-06 04:00:00+00:00,1.0434,1.0483,1.0395,1.048,820759.07
2026-08-06 05:00:00+00:00,1.048,1.0522,1.048,1.052,1112486.58
2026-08-06 06:00:00+00:00,1.052,1.0526,1.0498,1.0518,670622.51
2026-08-06 07:00:00+00:00,1.0518,1.052,1.0484,1.0494,361456.34
2026-08-06 08:00:00+00:00,1.0494,1.0582,1.0483,1.056,755751.94
2026-08-06 09:00:00+00:00,1.056,1.057,1.0415,1.0452,2246127.48
2026-08-06 10:00:00+00:00,1.0452,1.0474,1.0424,1.0474,888879.72
2026-08-06 11:00:00+00:00,1.0474,1.0516,1.0456,1.0504,791288.03
2026-08-06 12:00:00+00:00,1.0504,1.0504,1.046,1.0466,531971.05
2026-08-06 13:00:00+00:00,1.0466,1.0474,1.0426,1.0457,1014158.52
2026-08-06 14:00:00+00:00,1.0457,1.0481,1.0423,1.0475,1268722.64
2026-08-06 15:00:00+00:00,1.0475,1.0541,1.0475,1.0491,1368143.11
2026-08-06 16:00:00+00:00,1.0491,1.0498,1.0432,1.0459,922284.54
2026-08-06 17:00:00+00:00,1.0459,1.0491,1.0403,1.0415,701914.23
2026-08-06 18:00:00+00:00,1.0415,1.043,1.0343,1.0359,1054085.48
2026-08-06 19:00:00+00:00,1.0359,1.0385,1.0327,1.0349,1364800.65
2026-08-06 20:00:00+00:00,1.0349,1.0374,1.0327,1.0333,823329.68
2026-08-06 21:00:00+00:00,1.0333,1.0365,1.033,1.036,924589.03
2026-08-06 22:00:00+00:00,1.036,1.0375,1.035,1.0373,360107.01
2026-08-06 23:00:00+00:00,1.0373,1.0373,1.0293,1.035,512552.89
2026-08-07 00:00:00+00:00,1.035,1.0368,1.0314,1.0363,531009.48
2026-08-07 01:00:00+00:00,1.0363,1.0392,1.0354,1.0378,556237.38
2026-08-07 02:00:00+00:00,1.0378,1.038,1.0277,1.0307,853806.57
2026-08-07 03:00:00+00:00,1.0307,1.0311,1.0195,1.0211,1510893.63
2026-08-07 04:00:00+00:00,1.0211,1.0236,1.0181,1.0205,976216.79
2026-08-07 05:00:00+00:00,1.0205,1.0227,1.0147,1.0213,1423678.22
2026-08-07 06:00:00+00:00,1.0213,1.0288,1.0207,1.0261,1172037.15
2026-08-07 07:00:00+00:00,1.0261,1.0291,1.0249,1.0285,653387.63
2026-08-07 08:00:00+00:00,1.0285,1.0319,1.0271,1.0311,1102965.46
2026-08-07 09:00:00+00:00,1.0311,1.0374,1.0311,1.0359,3546498.92
2026-08-07 10:00:00+00:00,1.0359,1.0374,1.0343,1.0345,1154043.02
2026-08-07 11:00:00+00:00,1.0345,1.0368,1.0324,1.034,1850885.06
2026-08-07 12:00:00+00:00,1.034,1.0431,1.0338,1.0379,2842040.27
2026-08-07 13:00:00+00:00,1.0379,1.0414,1.0356,1.0363,1090827.96
2026-08-07 14:00:00+00:00,1.0363,1.0364,1.0257,1.027,1621564.74
2026-08-07 15:00:00+00:00,1.027,1.0303,1.0263,1.0277,849451.51
2026-08-07 16:00:00+00:00,1.0277,1.0305,1.0158,1.0158,1585421.75
2026-08-07 17:00:00+00:00,1.0158,1.0189,1.0129,1.0167,1186868.89
2026-08-07 18:00:00+00:00,1.0167,1.0217,1.0143,1.0183,678297.0
2026-08-07 19:00:00+00:00,1.0183,1.0256,1.0183,1.0235,592549.66
2026-08-07 20:00:00+00:00,1.0235,1.0264,1.0234,1.0255,221428.95
2026-08-07 21:00:00+00:00,1.0255,1.0277,1.0222,1.0231,639159.27
2026-08-07 22:00:00+00:00,1.0231,1.0237,1.0188,1.0204,341505.23
2026-08-07 23:00:00+00:00,1.0204,1.0237,1.0204,1.021,352397.26
2026-08-08 00:00:00+00:00,1.021,1.0256,1.0202,1.025,551186.09
2026-08-08 01:00:00+00:00,1.025,1.0314,1.025,1.03,585871.13
2026-08-08 02:00:00+00:00,1.03,1.0317,1.0296,1.0307,484208.9
2026-08-08 03:00:00+00:00,1.0307,1.0387,1.0307,1.0372,539020.35
2026-08-08 04:00:00+00:00,1.0372,1.0393,1.0342,1.035,317796.02
2026-08-08 05:00:00+00:00,1.035,1.0356,1.0321,1.033,375278.88
2026-08-08 06:00:00+00:00,1.033,1.0359,1.033,1.0348,199771.19
2026-08-08 07:00:00+00:00,1.0348,1.0351,1.0331,1.0347,200185.14
2026-08-08 08:00:00+00:00,1.0347,1.0362,1.0337,1.0361,317747.99
2026-08-08 09:00:00+00:00,1.0361,1.038,1.0353,1.036,446586.56
2026-08-08 10:00:00+00:00,1.036,1.0403,1.0357,1.0392,476628.64
2026-08-08 11:00:00+00:00,1.0392,1.0404,1.0368,1.038,184665.02
2026-08-08 12:00:00+00:00,1.038,1.0433,1.0374,1.0412,322086.76
2026-08-08 13:00:00+00:00,1.0412,1.0431,1.0404,1.0416,270755.73
2026-08-08 14:00:00+00:00,1.0416,1.0458,1.0416,1.0447,385016.74
2026-08-08 15:00:00+00:00,1.0447,1.0468,1.0426,1.0453,423900.89
2026-08-08 16:00:00+00:00,1.0453,1.0487,1.0453,1.0475,547013.55
2026-08-08 17:00:00+00:00,1.0475,1.0477,1.0456,1.046,205830.13
2026-08-08 18:00:00+00:00,1.046,1.046,1.0419,1.0423,401183.03
2026-08-08 19:00:00+00:00,1.0423,1.0437,1.0405,1.0426,267774.21
2026-08-08 20:00:00+00:00,1.0426,1.0437,1.0423,1.0426,86086.57
2026-08-08 21:00:00+00:00,1.0426,1.0438,1.0425,1.043,172460.79
2026-08-08 22:00:00+00:00,1.043,1.0435,1.0389,1.0389,148896.34
2026-08-08 23:00:00+00:00,1.0389,1.0397,1.0374,1.0395,122323.66
2026-08-09 00:00:00+00:00,1.0395,1.0407,1.0379,1.0397,181454.15
2026-08-09 01:00:00+00:00,1.0397,1.0408,1.0355,1.0362,407081.27
2026-08-09 02:00:00+00:00,1.0362,1.0369,1.0344,1.0353,213241.3
2026-08-09 03:00:00+00:00,1.0353,1.0381,1.0344,1.0372,217522.75
2026-08-09 04:00:00+00:00,1.0372,1.0391,1.037,1.0376,111342.6
2026-08-09 05:00:00+00:00,1.0376,1.0385,1.0346,1.0366,265035.78
2026-08-09 06:00:00+00:00,1.0366,1.0414,1.0363,1.0413,368636.56
2026-08-09 07:00:00+00:00,1.0413,1.0414,1.0366,1.0373,258418.84
2026-08-09 08:00:00+00:00,1.0373,1.0392,1.0313,1.0339,579128.16
2026-08-09 09:00:00+00:00,1.0339,1.0359,1.0327,1.0359,198300.17
2026-08-09 10:00:00+00:00,1.0359,1.0381,1.0359,1.0368,181656.78
2026-08-09 11:00:00+00:00,1.0368,1.0372,1.0355,1.037,108278.82
2026-08-09 12:00:00+00:00,1.037,1.0377,1.0354,1.0372,161215.27
2026-08-09 13:00:00+00:00,1.0372,1.0408,1.0371,1.0388,188138.89
2026-08-09 14:00:00+00:00,1.0388,1.043,1.0385,1.0425,290758.22
2026-08-09 15:00:00+00:00,1.0425,1.0441,1.0415,1.0434,202514.74
2026-08-09 16:00:00+00:00,1.0434,1.0457,1.042,1.0441,318749.01
2026-08-09 17:00:00+00:00,1.0441,1.0444,1.0415,1.0415,192462.63
2026-08-09 18:00:00+00:00,1.0415,1.0425,1.0396,1.0403,409646.71
2026-08-09 19:00:00+00:00,1.0403,1.0422,1.04,1.042,129411.27
2026-08-09 20:00:00+00:00,1.042,1.0424,1.0399,1.0421,246444.99
2026-08-09 21:00:00+00:00,1.0421,1.0452,1.0415,1.0429,319571.64
2026-08-09 22:00:00+00:00,1.0429,1.0479,1.0355,1.0373,512818.42
2026-08-09 23:00:00+00:00,1.0373,1.0385,1.0283,1.0301,473826.28
2026-08-10 00:00:00+00:00,1.0301,1.0377,1.0279,1.0313,915791.13
2026-08-10 01:00:00+00:00,1.0313,1.0412,1.0285,1.0376,990001.35
2026-08-10 02:00:00+00:00,1.0376,1.0384,1.0287,1.0347,647500.39
2026-08-10 03:00:00+00:00,1.0347,1.0364,1.0285,1.0314,527193.27
2026-08-10 04:00:00+00:00,1.0314,1.0344,1.0292,1.0317,194196.64
2026-08-10 05:00:00+00:00,1.0317,1.0365,1.0313,1.0353,289763.9
2026-08-10 06:00:00+00:00,1.0353,1.0386,1.0351,1.0385,235179.69
2026-08-10 07:00:00+00:00,1.0385,1.0402,1.0367,1.0375,335486.5
2026-08-10 08:00:00+00:00,1.0375,1.0387,1.0315,1.034,583173.85
2026-08-10 09:00:00+00:00,1.034,1.0348,1.0302,1.0307,384021.87
2026-08-10 10:00:00+00:00,1.0307,1.0328,1.0303,1.0324,374631.98
2026-08-10 11:00:00+00:00,1.0324,1.0345,1.0312,1.0345,352523.3
2026-08-10 12:00:00+00:00,1.0345,1.0358,1.0283,1.0289,673627.69
2026-08-10 13:00:00+00:00,1.0289,1.0297,1.0234,1.0261,862524.81
2026-08-10 14:00:00+00:00,1.0261,1.0325,1.0259,1.027,568892.65
2026-08-10 15:00:00+00:00,1.027,1.0271,1.0211,1.0233,837918.5
2026-08-10 16:00:00+00:00,1.0233,1.0257,1.017,1.0187,1366638.32
2026-08-10 17:00:00+00:00,1.0187,1.0223,1.0177,1.0201,376519.17
2026-08-10 18:00:00+00:00,1.0201,1.0208,1.0161,1.0178,320725.05
2026-08-10 19:00:00+00:00,1.0178,1.0236,1.0175,1.0206,437278.61
2026-08-10 20:00:00+00:00,1.0206,1.0213,1.0192,1.0198,249863.79
2026-08-10 21:00:00+00:00,1.0198,1.0217,1.0166,1.0172,1006382.68
2026-08-10 22:00:00+00:00,1.0172,1.0176,1.0056,1.0116,1380486.24
2026-08-10 23:00:00+00:00,1.0116,1.0134,1.0106,1.0122,536477.96
2026-08-11 00:00:00+00:00,1.0122,1.0134,1.01,1.0129,415033.37
2026-08-11 01:00:00+00:00,1.0129,1.0163,1.0112,1.0158,308742.09
2026-08-11 02:00:00+00:00,1.0158,1.0165,1.0131,1.0132,191840.14
2026-08-11 03:00:00+00:00,1.0132,1.015,1.0131,1.0146,248052.99
2026-08-11 04:00:00+00:00,1.0146,1.0153,1.0131,1.0132,310994.09
2026-08-11 05:00:00+00:00,1.0132,1.0139,1.0101,1.0101,260328.22
2026-08-11 06:00:00+00:00,1.0101,1.0118,1.0022,1.0065,986599.82
2026-08-11 07:00:00+00:00,1.0065,1.0075,1.0032,1.0049,760990.6
2026-08-11 08:00:00+00:00,1.0049,1.0067,1.0025,1.0061,363009.95
2026-08-11 09:00:00+00:00,1.0061,1.0077,1.0046,1.0072,383904.0
2026-08-11 10:00:00+00:00,1.0072,1.0073,1.0019,1.0057,623899.32
2026-08-11 11:00:00+00:00,1.0057,1.01,1.0055,1.0083,559506.96
2026-08-11 12:00:00+00:00,1.0083,1.0095,1.0043,1.0044,684682.04
2026-08-11 13:00:00+00:00,1.0044,1.01,1.0031,1.0087,805565.67
2026-08-11 14:00:00+00:00,1.0087,1.0111,0.9916,0.9945,2969291.67
2026-08-11 15:00:00+00:00,0.9945,1.008,0.9938,1.004,2178863.49
2026-08-11 16:00:00+00:00,1.004,1.0109,1.0024,1.0098,1175215.13
2026-08-11 17:00:00+00:00,1.0098,1.0162,1.0093,1.0144,1111884.86
2026-08-11 18:00:00+00:00,1.0144,1.019,1.0086,1.0131,787983.45
2026-08-11 19:00:00+00:00,1.0131,1.016,1.0094,1.0154,745537.55
2026-08-11 20:00:00+00:00,1.0154,1.0246,1.0154,1.0176,787852.16
2026-08-11 21:00:00+00:00,1.0176,1.0267,1.0174,1.0244,1169909.94
2026-08-11 22:00:00+00:00,1.0244,1.026,1.0205,1.0215,527515.59
2026-08-11 23:00:00+00:00,1.0215,1.0237,1.019,1.0229,590365.41
2026-08-12 00:00:00+00:00,1.0229,1.0232,1.0212,1.0222,897438.04
2026-08-12 01:00:00+00:00,1.0222,1.0247,1.0222,1.0229,802245.09
2026-08-12 02:00:00+00:00,1.0229,1.0253,1.0195,1.0212,700596.58
2026-08-12 03:00:00+00:00,1.0212,1.022,1.0195,1.0201,316422.14
2026-08-12 04:00:00+00:00,1.0201,1.0216,1.0193,1.0204,371777.96
2026-08-12 05:00:00+00:00,1.0204,1.0232,1.0192,1.0218,277655.26
2026-08-12 06:00:00+00:00,1.0218,1.0218,1.018,1.0199,616834.43
2026-08-12 07:00:00+00:00,1.0199,1.0223,1.0182,1.0206,410402.42
2026-08-12 08:00:00+00:00,1.0206,1.0212,1.0171,1.0173,451318.56
2026-08-12 09:00:00+00:00,1.0173,1.0257,1.017,1.0242,864593.25
2026-08-12 10:00:00+00:00,1.0242,1.0257,1.0209,1.0215,662895.7
2026-08-12 11:00:00+00:00,1.0215,1.0225,1.0203,1.0225,491683.9
2026-08-12 12:00:00+00:00,1.0225,1.0264,1.0158,1.0174,1932972.13
2026-08-12 13:00:00+00:00,1.0174,1.0186,1.0135,1.015,671543.3
2026-08-12 14:00:00+00:00,1.015,1.0163,1.0082,1.0089,1262091.54
2026-08-12 15:00:00+00:00,1.0089,1.0127,1.0081,1.0127,559626.74
2026-08-12 16:00:00+00:00,1.0127,1.0131,1.0083,1.0088,593343.93
2026-08-12 17:00:00+00:00,1.0088,1.0111,1.0066,1.0103,394915.31
2026-08-12 18:00:00+00:00,1.0103,1.0125,1.0091,1.0091,273852.48
2026-08-12 19:00:00+00:00,1.0091,1.0098,1.0068,1.0074,955454.77
2026-08-12 20:00:00+00:00,1.0074,1.0108,1.007,1.0094,229931.33
2026-08-12 21:00:00+00:00,1.0094,1.0105,1.0029,1.0047,1213024.32
2026-08-12 22:00:00+00:00,1.0047,1.0077,1.003,1.0044,364406.89
2026-08-12 23:00:00+00:00,1.0044,1.0061,1.0009,1.0058,790741.5
2026-08-13 00:00:00+00:00,1.0058,1.0077,1.0029,1.0044,422163.24
2026-08-13 01:00:00+00:00,1.0044,1.0059,1.002,1.0047,328924.53
2026-08-13 02:00:00+00:00,1.0047,1.0073,1.0027,1.0071,480641.93
2026-08-13 03:00:00+00:00,1.0071,1.0128,1.007,1.0109,879986.7
2026-08-13 04:00:00+00:00,1.0109,1.0123,1.0104,1.0108,440450.02
2026-08-13 05:00:00+00:00,1.0108,1.0155,1.0095,1.0137,736118.58
2026-08-13 06:00:00+00:00,1.0137,1.0151,1.0119,1.0147,263092.67
2026-08-13 07:00:00+00:00,1.0147,1.0154,1.0133,1.0133,435026.18
2026-08-13 08:00:00+00:00,1.0133,1.0136,1.0117,1.0127,611119.92
2026-08-13 09:00:00+00:00,1.0127,1.0131,1.0096,1.0125,1262178.69
2026-08-13 10:00:00+00:00,1.0125,1.0129,1.0062,1.0079,1025411.89
2026-08-13 11:00:00+00:00,1.0079,1.0085,1.0031,1.004,1074791.88
2026-08-13 12:00:00+00:00,1.004,1.0079,1.0034,1.0059,704055.07
2026-08-13 13:00:00+00:00,1.0059,1.0096,1.0055,1.0064,635714.15
2026-08-13 14:00:00+00:00,1.0064,1.0106,1.0042,1.0099,839992.08
2026-08-13 15:00:00+00:00,1.0099,1.0116,1.0031,1.0031,701505.44
2026-08-13 16:00:00+00:00,1.0031,1.0075,0.9982,1.0049,1214384.57
2026-08-13 17:00:00+00:00,1.0049,1.0084,1.0045,1.0067,317216.18
2026-08-13 18:00:00+00:00,1.0067,1.0105,1.0046,1.009,403557.4
2026-08-13 19:00:00+00:00,1.009,1.0105,1.008,1.0101,1151486.79
2026-08-13 20:00:00+00:00,1.0101,1.0116,1.009,1.009,333188.21
2026-08-13 21:00:00+00:00,1.009,1.0103,1.0078,1.0084,390219.72
2026-08-13 22:00:00+00:00,1.0084,1.0121,1.0083,1.0092,223377.38
2026-08-13 23:00:00+00:00,1.0092,1.0096,1.0082,1.0095,166004.84
2026-08-14 00:00:00+00:00,1.0095,1.0122,1.0092,1.0121,162321.65
2026-08-14 01:00:00+00:00,1.0121,1.013,1.0105,1.0113,271962.19
2026-08-14 02:00:00+00:00,1.0113,1.014,1.0113,1.0115,213676.77
2026-08-14 03:00:00+00:00,1.0115,1.012,1.0094,1.0096,185809.09
2026-08-14 04:00:00+00:00,1.0096,1.0128,1.0091,1.0091,149664.26
2026-08-14 05:00:00+00:00,1.0091,1.0099,1.0081,1.0096,508730.0
2026-08-14 06:00:00+00:00,1.0096,1.0097,1.0054,1.0054,779038.85
2026-08-14 07:00:00+00:00,1.0054,1.0056,1.0035,1.0046,776081.33
2026-08-14 08:00:00+00:00,1.0046,1.0073,1.0042,1.0071,723136.51
2026-08-14 09:00:00+00:00,1.0071,1.0072,1.0014,1.0039,1393092.06
2026-08-14 10:00:00+00:00,1.0039,1.0043,1.0024,1.0026,875945.7
2026-08-14 11:00:00+00:00,1.0026,1.0042,1.0014,1.0025,678669.25
2026-08-14 12:00:00+00:00,1.0025,1.0033,0.9998,1.0012,973783.21
2026-08-14 13:00:00+00:00,1.0012,1.0055,1.0006,1.0027,805717.68
2026-08-14 14:00:00+00:00,1.0027,1.0049,1.0008,1.0015,1021566.5
2026-08-14 15:00:00+00:00,1.0015,1.0095,1.001,1.0067,1890000.26
2026-08-14 16:00:00+00:00,1.0067,1.0075,1.0012,1.0023,1752234.09
2026-08-14 17:00:00+00:00,1.0023,1.0048,0.9992,1.0011,687775.14
2026-08-14 18:00:00+00:00,1.0011,1.0034,0.9985,0.9998,819374.51
2026-08-14 19:00:00+00:00,0.9998,1.0009,0.9986,0.9991,779199.15
2026-08-14 20:00:00+00:00,0.9991,0.9999,0.9969,0.9989,556775.65
2026-08-14 21:00:00+00:00,0.9989,1.0001,0.9959,0.9984,592326.12
2026-08-14 22:00:00+00:00,0.9984,0.999,0.9874,0.9929,1540966.7
2026-08-14 23:00:00+00:00,0.9929,0.9994,0.9925,0.9994,313562.45
2026-08-15 00:00:00+00:00,0.9994,1.0013,0.9983,1.0007,418544.52
2026-08-15 01:00:00+00:00,1.0007,1.0019,0.9998,1.0016,219800.29
2026-08-15 02:00:00+00:00,1.0016,1.0063,1.0016,1.0057,575848.33
2026-08-15 03:00:00+00:00,1.0057,1.0081,1.0039,1.0046,490667.57
2026-08-15 04:00:00+00:00,1.0046,1.0065,1.0042,1.005,223851.36
2026-08-15 05:00:00+00:00,1.005,1.0064,1.0024,1.0045,417683.97
2026-08-15 06:00:00+00:00,1.0045,1.0063,1.0034,1.0055,157130.13
2026-08-15 07:00:00+00:00,1.0055,1.0058,1.0026,1.0028,167998.84
2026-08-15 08:00:00+00:00,1.0028,1.0037,1.0009,1.0014,272026.13
2026-08-15 09:00:00+00:00,1.0014,1.003,1.0008,1.0027,529273.15
2026-08-15 10:00:00+00:00,1.0027,1.0034,1.0018,1.0029,236166.94
2026-08-15 11:00:00+00:00,1.0029,1.0039,1.002,1.0023,125131.83
2026-08-15 12:00:00+00:00,1.0023,1.0026,1.0009,1.0026,127867.89
2026-08-15 13:00:00+00:00,1.0026,1.0028,1.0014,1.0016,270439.89
2026-08-15 14:00:00+00:00,1.0016,1.0024,0.9997,1.0019,229272.64
2026-08-15 15:00:00+00:00,1.0019,1.0025,1.0013,1.0023,286365.48
2026-08-15 16:00:00+00:00,1.0023,1.0031,1.0013,1.0026,159911.61
2026-08-15 17:00:00+00:00,1.0026,1.0035,1.0021,1.0024,145918.32
2026-08-15 18:00:00+00:00,1.0024,1.0027,1.0003,1.0023,151960.38
2026-08-15 19:00:00+00:00,1.0023,1.0041,1.0021,1.004,134471.91
2026-08-15 20:00:00+00:00,1.004,1.0043,1.0031,1.0038,124973.58
2026-08-15 21:00:00+00:00,1.0038,1.0052,1.0036,1.0043,160674.14
2026-08-15 22:00:00+00:00,1.0043,1.0066,1.0041,1.0043,150708.51
2026-08-15 23:00:00+00:00,1.0043,1.0044,1.0012,1.0025,230149.36
2026-08-16 00:00:00+00:00,1.0025,1.0027,1.0013,1.0016,190007.55
2026-08-16 01:00:00+00:00,1.0016,1.0021,0.9999,1.0012,118085.06
2026-08-16 02:00:00+00:00,1.0012,1.0033,1.0,1.0023,245668.22
2026-08-16 03:00:00+00:00,1.0023,1.003,1.0018,1.002,84585.24
2026-08-16 04:00:00+00:00,1.002,1.0022,1.0007,1.0009,101507.48
2026-08-16 05:00:00+00:00,1.0009,1.0014,0.9994,1.0003,544539.56
2026-08-16 06:00:00+00:00,1.0003,1.0018,0.9994,1.0003,332862.61
2026-08-16 07:00:00+00:00,1.0003,1.0027,1.0002,1.0024,162533.57
2026-08-16 08:00:00+00:00,1.0024,1.0024,1.0015,1.0016,98926.37
2026-08-16 09:00:00+00:00,1.0016,1.0028,1.0,1.0004,283138.08
2026-08-16 10:00:00+00:00,1.0004,1.0005,0.9973,1.0001,307979.23
2026-08-16 11:00:00+00:00,1.0001,1.0009,0.9992,0.9999,173332.09
2026-08-16 12:00:00+00:00,0.9999,1.001,0.9992,1.0,178676.57
2026-08-16 13:00:00+00:00,1.0,1.0008,1.0,1.0002,122960.1
2026-08-16 14:00:00+00:00,1.0002,1.0015,1.0,1.0012,303814.21
2026-08-16 15:00:00+00:00,1.0012,1.0025,1.0011,1.0021,289341.33
2026-08-16 16:00:00+00:00,1.0021,1.0039,1.0014,1.0028,146609.82
2026-08-16 17:00:00+00:00,1.0028,1.003,1.0009,1.0009,310632.66
2026-08-16 18:00:00+00:00,1.0009,1.0009,0.9979,0.9993,358852.72
2026-08-16 19:00:00+00:00,0.9993,1.0024,0.9992,1.0009,182129.66
2026-08-16 20:00:00+00:00,1.0009,1.0018,0.9985,0.9994,337304.66
2026-08-16 21:00:00+00:00,0.9994,1.0004,0.99,0.9957,1113489.59
2026-08-16 22:00:00+00:00,0.9957,0.9971,0.9916,0.994,474543.1
2026-08-16 23:00:00+00:00,0.994,0.9949,0.9915,0.9935,287484.71
2026-08-17 00:00:00+00:00,0.9935,0.9941,0.988,0.9935,881034.12
2026-08-17 01:00:00+00:00,0.9935,1.0013,0.9931,0.9986,972642.92
2026-08-17 02:00:00+00:00,0.9986,1.0047,0.9977,1.0023,756295.25
2026-08-17 03:00:00+00:00,1.0023,1.0033,1.0009,1.0026,407183.28
2026-08-17 04:00:00+00:00,1.0026,1.0038,1.0015,1.0019,355841.12
2026-08-17 05:00:00+00:00,1.0019,1.0041,1.0011,1.0012,433673.72
2026-08-17 06:00:00+00:00,1.0012,1.0073,1.0009,1.006,655455.7
2026-08-17 07:00:00+00:00,1.006,1.0065,1.0027,1.0029,594168.02
2026-08-17 08:00:00+00:00,1.0029,1.0032,0.9973,0.998,1505080.41
2026-08-17 09:00:00+00:00,0.998,0.9991,0.9964,0.9968,1792878.77
2026-08-17 10:00:00+00:00,0.9968,1.0023,0.9962,1.002,1028586.98
2026-08-17 11:00:00+00:00,1.002,1.0024,1.0,1.0004,507483.09
2026-08-17 12:00:00+00:00,1.0004,1.0016,0.997,0.998,834865.02
2026-08-17 13:00:00+00:00,0.998,1.0039,0.997,1.0007,885583.09
2026-08-17 14:00:00+00:00,1.0007,1.0049,0.9982,1.0046,636284.95
2026-08-17 15:00:00+00:00,1.0046,1.0086,1.0022,1.0066,1118714.21
2026-08-17 16:00:00+00:00,1.0066,1.007,1.0031,1.0031,316983.94
2026-08-17 17:00:00+00:00,1.0031,1.0051,1.0002,1.0015,516883.64
2026-08-17 18:00:00+00:00,1.0015,1.0033,1.0007,1.0015,540020.47
2026-08-17 19:00:00+00:00,1.0015,1.0017,0.9993,1.0013,535451.86
2026-08-17 20:00:00+00:00,1.0013,1.005,0.9997,1.0038,439614.14
2026-08-17 21:00:00+00:00,1.0038,1.0042,1.002,1.002,402788.37
2026-08-17 22:00:00+00:00,1.002,1.003,1.0002,1.0005,202315.63
2026-08-17 23:00:00+00:00,1.0005,1.0047,1.0002,1.0031,256925.81
2026-08-18 00:00:00+00:00,1.0031,1.0047,1.0006,1.0028,498842.58
2026-08-18 01:00:00+00:00,1.0028,1.003,0.9951,0.9965,467506.59
2026-08-18 02:00:00+00:00,0.9965,0.9973,0.9889,0.9907,1083508.78
2026-08-18 03:00:00+00:00,0.9907,0.9922,0.9892,0.9911,786979.31
2026-08-18 04:00:00+00:00,0.9911,0.9959,0.99,0.995,768666.17
2026-08-18 05:00:00+00:00,0.995,0.9972,0.993,0.9953,989405.87
2026-08-18 06:00:00+00:00,0.9953,1.0006,0.9941,0.9982,388600.36
2026-08-18 07:00:00+00:00,0.9982,0.9989,0.9951,0.9965,442530.66
2026-08-18 08:00:00+00:00,0.9965,0.9982,0.9923,0.997,392235.42
2026-08-18 09:00:00+00:00,0.997,0.9973,0.9946,0.9959,261964.46
2026-08-18 10:00:00+00:00,0.9959,0.9964,0.9949,0.9962,420450.42
2026-08-18 11:00:00+00:00,0.9962,1.002,0.996,0.9985,916702.87
2026-08-18 12:00:00+00:00,0.9985,0.9991,0.9975,0.9977,457476.35
2026-08-18 13:00:00+00:00,0.9977,0.9992,0.9957,0.9982,751032.04
2026-08-18 14:00:00+00:00,0.9982,1.0064,0.9967,1.0011,1560205.14
2026-08-18 15:00:00+00:00,1.0011,1.0048,1.0004,1.0038,494486.52
2026-08-18 16:00:00+00:00,1.0038,1.0044,1.0006,1.0024,376760.12
2026-08-18 17:00:00+00:00,1.0024,1.0024,1.0006,1.0012,128434.72
